{
    "data": {
        "trains": [
            {
                "trip_number": "DHUMKETU EXPRESS (770)",
                "departure_date_time": "29 Nov, 12:07 am",
                "departure_full_date": "2024-11-29",
                "departure_date_time_jd": "Fri, 29 Nov 2024, 12:07 AM",
                "arrival_date_time": "29 Nov, 05:00 am",
                "travel_time": "04h 53m",
                "origin_city_name": "abdulpur",
                "destination_city_name": "dhaka",
                "seat_types": [
                    {
                        "key": 7,
                        "type": "S_CHAIR",
                        "trip_id": 8368684,
                        "trip_route_id": 51220367,
                        "route_id": 19565,
                        "fare": "405.00",
                        "vat_percent": 0,
                        "vat_amount": 0,
                        "seat_counts": {
                            "online": 0,
                            "offline": 0,
                            "is_divided": true
                        }
                    },
                    {
                        "key": 3,
                        "type": "SNIGDHA",
                        "trip_id": 8368685,
                        "trip_route_id": 51220390,
                        "route_id": 19565,
                        "fare": "670.00",
                        "vat_percent": 15,
                        "vat_amount": 101,
                        "seat_counts": {
                            "online": 2,
                            "offline": 2,
                            "is_divided": true
                        }
                    },
                    {
                        "key": 1,
                        "type": "AC_B",
                        "trip_id": 8368686,
                        "trip_route_id": 51220411,
                        "route_id": 19565,
                        "fare": "1205.00",
                        "vat_percent": 15,
                        "vat_amount": 181,
                        "seat_counts": {
                            "online": 0,
                            "offline": 0,
                            "is_divided": true
                        }
                    }
                ],
                "train_model": "770",
                "is_open_for_all": true,
                "is_eid_trip": 0,
                "boarding_points": [
                    {
                        "trip_point_id": 106958542,
                        "location_id": 2708,
                        "location_name": "Abdulpur Station",
                        "location_time": "12:07 AM"
                    }
                ],
                "is_international": 0,
                "is_from_city_international": false
            },
            {
                "trip_number": "SILKCITY EXPRESS (754)",
                "departure_date_time": "29 Nov, 08:22 am",
                "departure_full_date": "2024-11-29",
                "departure_date_time_jd": "Fri, 29 Nov 2024, 08:22 AM",
                "arrival_date_time": "29 Nov, 01:20 pm",
                "travel_time": "04h 58m",
                "origin_city_name": "abdulpur",
                "destination_city_name": "dhaka",
                "seat_types": [
                    {
                        "key": 2,
                        "type": "AC_S",
                        "trip_id": 8369051,
                        "trip_route_id": 51232202,
                        "route_id": 19565,
                        "fare": "805.00",
                        "vat_percent": 15,
                        "vat_amount": 121,
                        "seat_counts": {
                            "online": 2,
                            "offline": 2,
                            "is_divided": true
                        }
                    },
                    {
                        "key": 3,
                        "type": "SNIGDHA",
                        "trip_id": 8369052,
                        "trip_route_id": 51232243,
                        "route_id": 19565,
                        "fare": "670.00",
                        "vat_percent": 15,
                        "vat_amount": 101,
                        "seat_counts": {
                            "online": 4,
                            "offline": 3,
                            "is_divided": true
                        }
                    },
                    {
                        "key": 7,
                        "type": "S_CHAIR",
                        "trip_id": 8369053,
                        "trip_route_id": 51232284,
                        "route_id": 19565,
                        "fare": "405.00",
                        "vat_percent": 0,
                        "vat_amount": 0,
                        "seat_counts": {
                            "online": 0,
                            "offline": 0,
                            "is_divided": true
                        }
                    }
                ],
                "train_model": "754",
                "is_open_for_all": true,
                "is_eid_trip": 0,
                "boarding_points": [
                    {
                        "trip_point_id": 106965641,
                        "location_id": 2708,
                        "location_name": "Abdulpur Station",
                        "location_time": "08:22 AM"
                    }
                ],
                "is_international": 0,
                "is_from_city_international": false
            },
            {
                "trip_number": "PADMA EXPRESS (760)",
                "departure_date_time": "29 Nov, 04:48 pm",
                "departure_full_date": "2024-11-29",
                "departure_date_time_jd": "Fri, 29 Nov 2024, 04:48 PM",
                "arrival_date_time": "29 Nov, 09:25 pm",
                "travel_time": "04h 37m",
                "origin_city_name": "abdulpur",
                "destination_city_name": "dhaka",
                "seat_types": [
                    {
                        "key": 3,
                        "type": "SNIGDHA",
                        "trip_id": 8369046,
                        "trip_route_id": 51231977,
                        "route_id": 19565,
                        "fare": "670.00",
                        "vat_percent": 15,
                        "vat_amount": 101,
                        "seat_counts": {
                            "online": 0,
                            "offline": 0,
                            "is_divided": true
                        }
                    },
                    {
                        "key": 7,
                        "type": "S_CHAIR",
                        "trip_id": 8369047,
                        "trip_route_id": 51232016,
                        "route_id": 19565,
                        "fare": "405.00",
                        "vat_percent": 0,
                        "vat_amount": 0,
                        "seat_counts": {
                            "online": 0,
                            "offline": 0,
                            "is_divided": true
                        }
                    },
                    {
                        "key": 2,
                        "type": "AC_S",
                        "trip_id": 8369114,
                        "trip_route_id": 51236854,
                        "route_id": 19565,
                        "fare": "805.00",
                        "vat_percent": 15,
                        "vat_amount": 121,
                        "seat_counts": {
                            "online": 0,
                            "offline": 0,
                            "is_divided": true
                        }
                    }
                ],
                "train_model": "760",
                "is_open_for_all": true,
                "is_eid_trip": 0,
                "boarding_points": [
                    {
                        "trip_point_id": 106965518,
                        "location_id": 2708,
                        "location_name": "Abdulpur Station",
                        "location_time": "04:48 PM"
                    }
                ],
                "is_international": 0,
                "is_from_city_international": false
            }
        ],
        "selected_seat_class": "S_CHAIR"
    },
    "extra": {
        "hash": "88E00379AB924FAF93ACD45CF0B3C41E"
    }
}