{
    "data": {
        "trains": [
            {
                "trip_number": "TITUMIR EXPRESS (733)",
                "departure_date_time": "29 Nov, 07:20 am",
                "departure_full_date": "2024-11-29",
                "departure_date_time_jd": "Fri, 29 Nov 2024, 07:20 AM",
                "arrival_date_time": "29 Nov, 01:00 pm",
                "travel_time": "05h 40m",
                "origin_city_name": "abdulpur",
                "destination_city_name": "chilahati",
                "seat_types": [
                    {
                        "key": 7,
                        "type": "S_CHAIR",
                        "trip_id": 8369124,
                        "trip_route_id": 51237445,
                        "route_id": 20172,
                        "fare": "265.00",
                        "vat_percent": 0,
                        "vat_amount": 0,
                        "seat_counts": {
                            "online": 3,
                            "offline": 3,
                            "is_divided": true
                        }
                    }
                ],
                "train_model": "733",
                "is_open_for_all": true,
                "is_eid_trip": 0,
                "boarding_points": [
                    {
                        "trip_point_id": 106967987,
                        "location_id": 2708,
                        "location_name": "Abdulpur Station",
                        "location_time": "07:20 AM"
                    }
                ],
                "is_international": 0,
                "is_from_city_international": false
            },
            {
                "trip_number": "BARENDRA EXPRESS (731)",
                "departure_date_time": "29 Nov, 04:04 pm",
                "departure_full_date": "2024-11-29",
                "departure_date_time_jd": "Fri, 29 Nov 2024, 04:04 PM",
                "arrival_date_time": "29 Nov, 09:35 pm",
                "travel_time": "05h 31m",
                "origin_city_name": "abdulpur",
                "destination_city_name": "chilahati",
                "seat_types": [
                    {
                        "key": 7,
                        "type": "S_CHAIR",
                        "trip_id": 8369070,
                        "trip_route_id": 51233224,
                        "route_id": 20172,
                        "fare": "265.00",
                        "vat_percent": 0,
                        "vat_amount": 0,
                        "seat_counts": {
                            "online": 10,
                            "offline": 10,
                            "is_divided": true
                        }
                    }
                ],
                "train_model": "731",
                "is_open_for_all": true,
                "is_eid_trip": 0,
                "boarding_points": [
                    {
                        "trip_point_id": 106966104,
                        "location_id": 2708,
                        "location_name": "Abdulpur Station",
                        "location_time": "04:04 PM"
                    }
                ],
                "is_international": 0,
                "is_from_city_international": false
            }
        ],
        "selected_seat_class": "S_CHAIR"
    },
    "extra": {
        "hash": "88E00379AB924FAF93ACD45CF0B3C41E"
    }
}