{
    "data": {
        "trains": [
            {
                "trip_number": "TITUMIR EXPRESS (733)",
                "departure_date_time": "29 Nov, 07:20 am",
                "departure_full_date": "2024-11-29",
                "departure_date_time_jd": "Fri, 29 Nov 2024, 07:20 AM",
                "arrival_date_time": "29 Nov, 08:05 am",
                "travel_time": "00h 45m",
                "origin_city_name": "abdulpur",
                "destination_city_name": "madhnagar",
                "seat_types": [
                    {
                        "key": 7,
                        "type": "S_CHAIR",
                        "trip_id": 8369124,
                        "trip_route_id": 51237453,
                        "route_id": 20160,
                        "fare": "50.00",
                        "vat_percent": 0,
                        "vat_amount": 0,
                        "seat_counts": {
                            "online": 5,
                            "offline": 5,
                            "is_divided": true
                        }
                    }
                ],
                "train_model": "733",
                "is_open_for_all": true,
                "is_eid_trip": 0,
                "boarding_points": [
                    {
                        "trip_point_id": 106967987,
                        "location_id": 2708,
                        "location_name": "Abdulpur Station",
                        "location_time": "07:20 AM"
                    }
                ],
                "is_international": 0,
                "is_from_city_international": false
            }
        ],
        "selected_seat_class": "S_CHAIR"
    },
    "extra": {
        "hash": "88E00379AB924FAF93ACD45CF0B3C41E"
    }
}