{
    "data": {
        "trains": [
            {
                "trip_number": "DRUTOJAN EXPRESS (757)",
                "departure_date_time": "29 Nov, 12:57 am",
                "departure_full_date": "2024-11-29",
                "departure_date_time_jd": "Fri, 29 Nov 2024, 12:57 AM",
                "arrival_date_time": "29 Nov, 03:25 am",
                "travel_time": "02h 28m",
                "origin_city_name": "ahsanganj",
                "destination_city_name": "parbatipur",
                "seat_types": [
                    {
                        "key": 3,
                        "type": "SNIGDHA",
                        "trip_id": 8368753,
                        "trip_route_id": 51224006,
                        "route_id": 19598,
                        "fare": "235.00",
                        "vat_percent": 15,
                        "vat_amount": 36,
                        "seat_counts": {
                            "online": 0,
                            "offline": 0,
                            "is_divided": true
                        }
                    },
                    {
                        "key": 7,
                        "type": "S_CHAIR",
                        "trip_id": 8368760,
                        "trip_route_id": 51224513,
                        "route_id": 19598,
                        "fare": "140.00",
                        "vat_percent": 0,
                        "vat_amount": 0,
                        "seat_counts": {
                            "online": 5,
                            "offline": 4,
                            "is_divided": true
                        }
                    }
                ],
                "train_model": "757",
                "is_open_for_all": true,
                "is_eid_trip": 0,
                "boarding_points": [
                    {
                        "trip_point_id": 106960439,
                        "location_id": 2707,
                        "location_name": "Ahsanganj Station",
                        "location_time": "12:57 AM"
                    }
                ],
                "is_international": 0,
                "is_from_city_international": false
            },
            {
                "trip_number": "TITUMIR EXPRESS (733)",
                "departure_date_time": "29 Nov, 08:19 am",
                "departure_full_date": "2024-11-29",
                "departure_date_time_jd": "Fri, 29 Nov 2024, 08:19 AM",
                "arrival_date_time": "29 Nov, 11:10 am",
                "travel_time": "02h 51m",
                "origin_city_name": "ahsanganj",
                "destination_city_name": "parbatipur",
                "seat_types": [
                    {
                        "key": 7,
                        "type": "S_CHAIR",
                        "trip_id": 8369124,
                        "trip_route_id": 51237435,
                        "route_id": 20201,
                        "fare": "140.00",
                        "vat_percent": 0,
                        "vat_amount": 0,
                        "seat_counts": {
                            "online": 5,
                            "offline": 5,
                            "is_divided": true
                        }
                    }
                ],
                "train_model": "733",
                "is_open_for_all": true,
                "is_eid_trip": 0,
                "boarding_points": [
                    {
                        "trip_point_id": 106967986,
                        "location_id": 2707,
                        "location_name": "Ahsanganj Station",
                        "location_time": "08:19 AM"
                    }
                ],
                "is_international": 0,
                "is_from_city_international": false
            },
            {
                "trip_number": "NILSAGAR EXPRESS (765)",
                "departure_date_time": "29 Nov, 11:43 am",
                "departure_full_date": "2024-11-29",
                "departure_date_time_jd": "Fri, 29 Nov 2024, 11:43 AM",
                "arrival_date_time": "29 Nov, 02:15 pm",
                "travel_time": "02h 32m",
                "origin_city_name": "ahsanganj",
                "destination_city_name": "parbatipur",
                "seat_types": [
                    {
                        "key": 2,
                        "type": "AC_S",
                        "trip_id": 8369080,
                        "trip_route_id": 51233888,
                        "route_id": 19783,
                        "fare": "280.00",
                        "vat_percent": 15,
                        "vat_amount": 42,
                        "seat_counts": {
                            "online": 0,
                            "offline": 0,
                            "is_divided": true
                        }
                    },
                    {
                        "key": 3,
                        "type": "SNIGDHA",
                        "trip_id": 8369081,
                        "trip_route_id": 51233956,
                        "route_id": 19783,
                        "fare": "235.00",
                        "vat_percent": 15,
                        "vat_amount": 36,
                        "seat_counts": {
                            "online": 2,
                            "offline": 1,
                            "is_divided": true
                        }
                    },
                    {
                        "key": 7,
                        "type": "S_CHAIR",
                        "trip_id": 8369082,
                        "trip_route_id": 51234033,
                        "route_id": 19783,
                        "fare": "140.00",
                        "vat_percent": 0,
                        "vat_amount": 0,
                        "seat_counts": {
                            "online": 3,
                            "offline": 2,
                            "is_divided": true
                        }
                    }
                ],
                "train_model": "765",
                "is_open_for_all": true,
                "is_eid_trip": 0,
                "boarding_points": [
                    {
                        "trip_point_id": 106966470,
                        "location_id": 2707,
                        "location_name": "Ahsanganj Station",
                        "location_time": "11:43 AM"
                    }
                ],
                "is_international": 0,
                "is_from_city_international": false
            },
            {
                "trip_number": "RUPSHA EXPRESS (727)",
                "departure_date_time": "29 Nov, 12:57 pm",
                "departure_full_date": "2024-11-29",
                "departure_date_time_jd": "Fri, 29 Nov 2024, 12:57 PM",
                "arrival_date_time": "29 Nov, 03:05 pm",
                "travel_time": "02h 08m",
                "origin_city_name": "ahsanganj",
                "destination_city_name": "parbatipur",
                "seat_types": [
                    {
                        "key": 2,
                        "type": "AC_S",
                        "trip_id": 8369093,
                        "trip_route_id": 51234810,
                        "route_id": 21317,
                        "fare": "280.00",
                        "vat_percent": 15,
                        "vat_amount": 42,
                        "seat_counts": {
                            "online": 0,
                            "offline": 0,
                            "is_divided": true
                        }
                    },
                    {
                        "key": 3,
                        "type": "SNIGDHA",
                        "trip_id": 8369104,
                        "trip_route_id": 51235845,
                        "route_id": 21317,
                        "fare": "235.00",
                        "vat_percent": 15,
                        "vat_amount": 36,
                        "seat_counts": {
                            "online": 0,
                            "offline": 0,
                            "is_divided": true
                        }
                    },
                    {
                        "key": 7,
                        "type": "S_CHAIR",
                        "trip_id": 8369105,
                        "trip_route_id": 51235998,
                        "route_id": 21317,
                        "fare": "140.00",
                        "vat_percent": 0,
                        "vat_amount": 0,
                        "seat_counts": {
                            "online": 3,
                            "offline": 2,
                            "is_divided": true
                        }
                    }
                ],
                "train_model": "727",
                "is_open_for_all": true,
                "is_eid_trip": 0,
                "boarding_points": [
                    {
                        "trip_point_id": 106966883,
                        "location_id": 2707,
                        "location_name": "Ahsanganj Station",
                        "location_time": "12:57 PM"
                    }
                ],
                "is_international": 0,
                "is_from_city_international": false
            },
            {
                "trip_number": "BARENDRA EXPRESS (731)",
                "departure_date_time": "29 Nov, 04:46 pm",
                "departure_full_date": "2024-11-29",
                "departure_date_time_jd": "Fri, 29 Nov 2024, 04:46 PM",
                "arrival_date_time": "29 Nov, 07:25 pm",
                "travel_time": "02h 39m",
                "origin_city_name": "ahsanganj",
                "destination_city_name": "parbatipur",
                "seat_types": [
                    {
                        "key": 7,
                        "type": "S_CHAIR",
                        "trip_id": 8369070,
                        "trip_route_id": 51233218,
                        "route_id": 20201,
                        "fare": "140.00",
                        "vat_percent": 0,
                        "vat_amount": 0,
                        "seat_counts": {
                            "online": 5,
                            "offline": 5,
                            "is_divided": true
                        }
                    }
                ],
                "train_model": "731",
                "is_open_for_all": true,
                "is_eid_trip": 0,
                "boarding_points": [
                    {
                        "trip_point_id": 106966103,
                        "location_id": 2707,
                        "location_name": "Ahsanganj Station",
                        "location_time": "04:46 PM"
                    }
                ],
                "is_international": 0,
                "is_from_city_international": false
            }
        ],
        "selected_seat_class": "S_CHAIR"
    },
    "extra": {
        "hash": "88E00379AB924FAF93ACD45CF0B3C41E"
    }
}