{
    "data": {
        "trains": [
            {
                "trip_number": "MOHANAGAR EXPRESS (721)",
                "departure_date_time": "29 Nov, 04:08 pm",
                "departure_full_date": "2024-11-29",
                "departure_date_time_jd": "Fri, 29 Nov 2024, 04:08 PM",
                "arrival_date_time": "29 Nov, 05:28 pm",
                "travel_time": "01h 20m",
                "origin_city_name": "akhaura",
                "destination_city_name": "narsingdi",
                "seat_types": [
                    {
                        "key": 3,
                        "type": "SNIGDHA",
                        "trip_id": 8369144,
                        "trip_route_id": 51238166,
                        "route_id": 22502,
                        "fare": "170.00",
                        "vat_percent": 15,
                        "vat_amount": 26,
                        "seat_counts": {
                            "online": 0,
                            "offline": 0,
                            "is_divided": true
                        }
                    },
                    {
                        "key": 2,
                        "type": "AC_S",
                        "trip_id": 8369190,
                        "trip_route_id": 51239492,
                        "route_id": 22502,
                        "fare": "205.00",
                        "vat_percent": 15,
                        "vat_amount": 31,
                        "seat_counts": {
                            "online": 0,
                            "offline": 0,
                            "is_divided": true
                        }
                    },
                    {
                        "key": 7,
                        "type": "S_CHAIR",
                        "trip_id": 8369270,
                        "trip_route_id": 51241405,
                        "route_id": 22502,
                        "fare": "105.00",
                        "vat_percent": 0,
                        "vat_amount": 0,
                        "seat_counts": {
                            "online": 0,
                            "offline": 0,
                            "is_divided": true
                        }
                    }
                ],
                "train_model": "721",
                "is_open_for_all": true,
                "is_eid_trip": 0,
                "boarding_points": [
                    {
                        "trip_point_id": 106968396,
                        "location_id": 2828,
                        "location_name": "Akhaura Station",
                        "location_time": "04:08 PM"
                    }
                ],
                "is_international": 0,
                "is_from_city_international": false
            }
        ],
        "selected_seat_class": "S_CHAIR"
    },
    "extra": {
        "hash": "88E00379AB924FAF93ACD45CF0B3C41E"
    }
}