{
    "data": {
        "trains": [
            {
                "trip_number": "BIJOY EXPRESS (786)",
                "departure_date_time": "29 Nov, 01:30 am",
                "departure_full_date": "2024-11-29",
                "departure_date_time_jd": "Fri, 29 Nov 2024, 01:30 AM",
                "arrival_date_time": "29 Nov, 05:00 am",
                "travel_time": "03h 30m",
                "origin_city_name": "akhaura",
                "destination_city_name": "chattogram",
                "seat_types": [
                    {
                        "key": 3,
                        "type": "SNIGDHA",
                        "trip_id": 8368893,
                        "trip_route_id": 51228790,
                        "route_id": 23118,
                        "fare": "400.00",
                        "vat_percent": 15,
                        "vat_amount": 60,
                        "seat_counts": {
                            "online": 0,
                            "offline": 0,
                            "is_divided": true
                        }
                    },
                    {
                        "key": 1,
                        "type": "AC_B",
                        "trip_id": 8368927,
                        "trip_route_id": 51229520,
                        "route_id": 23118,
                        "fare": "720.00",
                        "vat_percent": 15,
                        "vat_amount": 108,
                        "seat_counts": {
                            "online": 0,
                            "offline": 0,
                            "is_divided": true
                        }
                    },
                    {
                        "key": 7,
                        "type": "S_CHAIR",
                        "trip_id": 8368938,
                        "trip_route_id": 51229930,
                        "route_id": 23118,
                        "fare": "240.00",
                        "vat_percent": 0,
                        "vat_amount": 0,
                        "seat_counts": {
                            "online": 0,
                            "offline": 0,
                            "is_divided": true
                        }
                    }
                ],
                "train_model": "786",
                "is_open_for_all": true,
                "is_eid_trip": 0,
                "boarding_points": [
                    {
                        "trip_point_id": 106963348,
                        "location_id": 2828,
                        "location_name": "Akhaura Station",
                        "location_time": "01:30 AM"
                    }
                ],
                "is_international": 0,
                "is_from_city_international": false
            },
            {
                "trip_number": "TURNA (742)",
                "departure_date_time": "29 Nov, 01:50 am",
                "departure_full_date": "2024-11-29",
                "departure_date_time_jd": "Fri, 29 Nov 2024, 01:50 AM",
                "arrival_date_time": "29 Nov, 05:15 am",
                "travel_time": "03h 25m",
                "origin_city_name": "akhaura",
                "destination_city_name": "chattogram",
                "seat_types": [
                    {
                        "key": 3,
                        "type": "SNIGDHA",
                        "trip_id": 8368807,
                        "trip_route_id": 51226656,
                        "route_id": 22838,
                        "fare": "400.00",
                        "vat_percent": 15,
                        "vat_amount": 60,
                        "seat_counts": {
                            "online": 0,
                            "offline": 0,
                            "is_divided": true
                        }
                    },
                    {
                        "key": 1,
                        "type": "AC_B",
                        "trip_id": 8368873,
                        "trip_route_id": 51228360,
                        "route_id": 22838,
                        "fare": "720.00",
                        "vat_percent": 15,
                        "vat_amount": 108,
                        "seat_counts": {
                            "online": 0,
                            "offline": 0,
                            "is_divided": true
                        }
                    },
                    {
                        "key": 4,
                        "type": "F_BERTH",
                        "trip_id": 8368874,
                        "trip_route_id": 51228374,
                        "route_id": 22838,
                        "fare": "480.00",
                        "vat_percent": 15,
                        "vat_amount": 72,
                        "seat_counts": {
                            "online": 0,
                            "offline": 0,
                            "is_divided": true
                        }
                    },
                    {
                        "key": 7,
                        "type": "S_CHAIR",
                        "trip_id": 8368875,
                        "trip_route_id": 51228389,
                        "route_id": 22838,
                        "fare": "240.00",
                        "vat_percent": 0,
                        "vat_amount": 0,
                        "seat_counts": {
                            "online": 0,
                            "offline": 0,
                            "is_divided": true
                        }
                    }
                ],
                "train_model": "742",
                "is_open_for_all": true,
                "is_eid_trip": 0,
                "boarding_points": [
                    {
                        "trip_point_id": 106961824,
                        "location_id": 2828,
                        "location_name": "Akhaura Station",
                        "location_time": "01:50 AM"
                    }
                ],
                "is_international": 0,
                "is_from_city_international": false
            },
            {
                "trip_number": "UDAYAN EXPRESS (724)",
                "departure_date_time": "29 Nov, 02:30 am",
                "departure_full_date": "2024-11-29",
                "departure_date_time_jd": "Fri, 29 Nov 2024, 02:30 AM",
                "arrival_date_time": "29 Nov, 05:50 am",
                "travel_time": "03h 20m",
                "origin_city_name": "akhaura",
                "destination_city_name": "chattogram",
                "seat_types": [
                    {
                        "key": 3,
                        "type": "SNIGDHA",
                        "trip_id": 8368802,
                        "trip_route_id": 51226546,
                        "route_id": 22601,
                        "fare": "400.00",
                        "vat_percent": 15,
                        "vat_amount": 60,
                        "seat_counts": {
                            "online": 0,
                            "offline": 0,
                            "is_divided": true
                        }
                    },
                    {
                        "key": 7,
                        "type": "S_CHAIR",
                        "trip_id": 8368851,
                        "trip_route_id": 51227939,
                        "route_id": 22601,
                        "fare": "240.00",
                        "vat_percent": 0,
                        "vat_amount": 0,
                        "seat_counts": {
                            "online": 0,
                            "offline": 0,
                            "is_divided": true
                        }
                    },
                    {
                        "key": 1,
                        "type": "AC_B",
                        "trip_id": 8368852,
                        "trip_route_id": 51227962,
                        "route_id": 22601,
                        "fare": "720.00",
                        "vat_percent": 15,
                        "vat_amount": 108,
                        "seat_counts": {
                            "online": 0,
                            "offline": 0,
                            "is_divided": true
                        }
                    }
                ],
                "train_model": "724",
                "is_open_for_all": true,
                "is_eid_trip": 0,
                "boarding_points": [
                    {
                        "trip_point_id": 106961749,
                        "location_id": 2828,
                        "location_name": "Akhaura Station",
                        "location_time": "02:30 AM"
                    }
                ],
                "is_international": 0,
                "is_from_city_international": false
            },
            {
                "trip_number": "MAHANAGAR PROVATI (704)",
                "departure_date_time": "29 Nov, 10:08 am",
                "departure_full_date": "2024-11-29",
                "departure_date_time_jd": "Fri, 29 Nov 2024, 10:08 AM",
                "arrival_date_time": "29 Nov, 01:35 pm",
                "travel_time": "03h 27m",
                "origin_city_name": "akhaura",
                "destination_city_name": "chattogram",
                "seat_types": [
                    {
                        "key": 3,
                        "type": "SNIGDHA",
                        "trip_id": 8369131,
                        "trip_route_id": 51237733,
                        "route_id": 22058,
                        "fare": "400.00",
                        "vat_percent": 15,
                        "vat_amount": 60,
                        "seat_counts": {
                            "online": 0,
                            "offline": 0,
                            "is_divided": true
                        }
                    },
                    {
                        "key": 2,
                        "type": "AC_S",
                        "trip_id": 8369162,
                        "trip_route_id": 51238550,
                        "route_id": 22058,
                        "fare": "480.00",
                        "vat_percent": 15,
                        "vat_amount": 72,
                        "seat_counts": {
                            "online": 0,
                            "offline": 0,
                            "is_divided": true
                        }
                    },
                    {
                        "key": 5,
                        "type": "F_SEAT",
                        "trip_id": 8369163,
                        "trip_route_id": 51238575,
                        "route_id": 22058,
                        "fare": "320.00",
                        "vat_percent": 15,
                        "vat_amount": 48,
                        "seat_counts": {
                            "online": 0,
                            "offline": 0,
                            "is_divided": true
                        }
                    },
                    {
                        "key": 7,
                        "type": "S_CHAIR",
                        "trip_id": 8369164,
                        "trip_route_id": 51238600,
                        "route_id": 22058,
                        "fare": "240.00",
                        "vat_percent": 0,
                        "vat_amount": 0,
                        "seat_counts": {
                            "online": 0,
                            "offline": 0,
                            "is_divided": true
                        }
                    }
                ],
                "train_model": "704",
                "is_open_for_all": true,
                "is_eid_trip": 0,
                "boarding_points": [
                    {
                        "trip_point_id": 106968138,
                        "location_id": 2828,
                        "location_name": "Akhaura Station",
                        "location_time": "10:08 AM"
                    }
                ],
                "is_international": 0,
                "is_from_city_international": false
            },
            {
                "trip_number": "PAHARIKA EXPRESS (720)",
                "departure_date_time": "29 Nov, 03:25 pm",
                "departure_full_date": "2024-11-29",
                "departure_date_time_jd": "Fri, 29 Nov 2024, 03:25 PM",
                "arrival_date_time": "29 Nov, 06:55 pm",
                "travel_time": "03h 30m",
                "origin_city_name": "akhaura",
                "destination_city_name": "chattogram",
                "seat_types": [
                    {
                        "key": 3,
                        "type": "SNIGDHA",
                        "trip_id": 8369143,
                        "trip_route_id": 51238116,
                        "route_id": 22462,
                        "fare": "400.00",
                        "vat_percent": 15,
                        "vat_amount": 60,
                        "seat_counts": {
                            "online": 0,
                            "offline": 0,
                            "is_divided": true
                        }
                    },
                    {
                        "key": 7,
                        "type": "S_CHAIR",
                        "trip_id": 8369188,
                        "trip_route_id": 51239395,
                        "route_id": 22462,
                        "fare": "240.00",
                        "vat_percent": 0,
                        "vat_amount": 0,
                        "seat_counts": {
                            "online": 0,
                            "offline": 0,
                            "is_divided": true
                        }
                    },
                    {
                        "key": 2,
                        "type": "AC_S",
                        "trip_id": 8369189,
                        "trip_route_id": 51239443,
                        "route_id": 22462,
                        "fare": "480.00",
                        "vat_percent": 15,
                        "vat_amount": 72,
                        "seat_counts": {
                            "online": 0,
                            "offline": 0,
                            "is_divided": true
                        }
                    }
                ],
                "train_model": "720",
                "is_open_for_all": true,
                "is_eid_trip": 0,
                "boarding_points": [
                    {
                        "trip_point_id": 106968380,
                        "location_id": 2828,
                        "location_name": "Akhaura Station",
                        "location_time": "03:25 PM"
                    }
                ],
                "is_international": 0,
                "is_from_city_international": false
            },
            {
                "trip_number": "MOHANAGAR EXPRESS (722)",
                "departure_date_time": "29 Nov, 11:58 pm",
                "departure_full_date": "2024-11-29",
                "departure_date_time_jd": "Fri, 29 Nov 2024, 11:58 PM",
                "arrival_date_time": "30 Nov, 03:30 am",
                "travel_time": "03h 32m",
                "origin_city_name": "akhaura",
                "destination_city_name": "chattogram",
                "seat_types": [
                    {
                        "key": 3,
                        "type": "SNIGDHA",
                        "trip_id": 8369145,
                        "trip_route_id": 51238196,
                        "route_id": 22533,
                        "fare": "400.00",
                        "vat_percent": 15,
                        "vat_amount": 60,
                        "seat_counts": {
                            "online": 1,
                            "offline": 1,
                            "is_divided": true
                        }
                    },
                    {
                        "key": 1,
                        "type": "AC_B",
                        "trip_id": 8369191,
                        "trip_route_id": 51239519,
                        "route_id": 22533,
                        "fare": "720.00",
                        "vat_percent": 15,
                        "vat_amount": 108,
                        "seat_counts": {
                            "online": 0,
                            "offline": 0,
                            "is_divided": true
                        }
                    },
                    {
                        "key": 7,
                        "type": "S_CHAIR",
                        "trip_id": 8369192,
                        "trip_route_id": 51239547,
                        "route_id": 22533,
                        "fare": "240.00",
                        "vat_percent": 0,
                        "vat_amount": 0,
                        "seat_counts": {
                            "online": 0,
                            "offline": 0,
                            "is_divided": true
                        }
                    }
                ],
                "train_model": "722",
                "is_open_for_all": true,
                "is_eid_trip": 0,
                "boarding_points": [
                    {
                        "trip_point_id": 106968420,
                        "location_id": 2828,
                        "location_name": "Akhaura Station",
                        "location_time": "11:58 PM"
                    }
                ],
                "is_international": 0,
                "is_from_city_international": false
            }
        ],
        "selected_seat_class": "S_CHAIR"
    },
    "extra": {
        "hash": "88E00379AB924FAF93ACD45CF0B3C41E"
    }
}