{
    "data": {
        "trains": [
            {
                "trip_number": "RUPSHA EXPRESS (728)",
                "departure_date_time": "29 Nov, 11:40 am",
                "departure_full_date": "2024-11-29",
                "departure_date_time_jd": "Fri, 29 Nov 2024, 11:40 AM",
                "arrival_date_time": "29 Nov, 05:07 pm",
                "travel_time": "05h 27m",
                "origin_city_name": "akkelpur",
                "destination_city_name": "jashore",
                "seat_types": [
                    {
                        "key": 2,
                        "type": "AC_S",
                        "trip_id": 8369096,
                        "trip_route_id": 51235193,
                        "route_id": 20105,
                        "fare": "680.00",
                        "vat_percent": 15,
                        "vat_amount": 102,
                        "seat_counts": {
                            "online": 0,
                            "offline": 0,
                            "is_divided": true
                        }
                    },
                    {
                        "key": 3,
                        "type": "SNIGDHA",
                        "trip_id": 8369106,
                        "trip_route_id": 51236152,
                        "route_id": 20105,
                        "fare": "565.00",
                        "vat_percent": 15,
                        "vat_amount": 85,
                        "seat_counts": {
                            "online": 0,
                            "offline": 0,
                            "is_divided": true
                        }
                    },
                    {
                        "key": 7,
                        "type": "S_CHAIR",
                        "trip_id": 8369107,
                        "trip_route_id": 51236322,
                        "route_id": 20105,
                        "fare": "340.00",
                        "vat_percent": 0,
                        "vat_amount": 0,
                        "seat_counts": {
                            "online": 5,
                            "offline": 5,
                            "is_divided": true
                        }
                    }
                ],
                "train_model": "728",
                "is_open_for_all": true,
                "is_eid_trip": 0,
                "boarding_points": [
                    {
                        "trip_point_id": 106967016,
                        "location_id": 2758,
                        "location_name": "Akkelpur Station",
                        "location_time": "11:40 AM"
                    }
                ],
                "is_international": 0,
                "is_from_city_international": false
            },
            {
                "trip_number": "SIMANTA EXPRESS (748)",
                "departure_date_time": "29 Nov, 09:48 pm",
                "departure_full_date": "2024-11-29",
                "departure_date_time_jd": "Fri, 29 Nov 2024, 09:48 PM",
                "arrival_date_time": "30 Nov, 02:55 am",
                "travel_time": "05h 07m",
                "origin_city_name": "akkelpur",
                "destination_city_name": "jashore",
                "seat_types": [
                    {
                        "key": 7,
                        "type": "S_CHAIR",
                        "trip_id": 8369068,
                        "trip_route_id": 51233103,
                        "route_id": 20105,
                        "fare": "340.00",
                        "vat_percent": 0,
                        "vat_amount": 0,
                        "seat_counts": {
                            "online": 2,
                            "offline": 1,
                            "is_divided": true
                        }
                    },
                    {
                        "key": 1,
                        "type": "AC_B",
                        "trip_id": 8369094,
                        "trip_route_id": 51234924,
                        "route_id": 20105,
                        "fare": "1015.00",
                        "vat_percent": 15,
                        "vat_amount": 153,
                        "seat_counts": {
                            "online": 0,
                            "offline": 0,
                            "is_divided": true
                        }
                    },
                    {
                        "key": 3,
                        "type": "SNIGDHA",
                        "trip_id": 8369095,
                        "trip_route_id": 51235040,
                        "route_id": 20105,
                        "fare": "565.00",
                        "vat_percent": 15,
                        "vat_amount": 85,
                        "seat_counts": {
                            "online": 0,
                            "offline": 0,
                            "is_divided": true
                        }
                    }
                ],
                "train_model": "748",
                "is_open_for_all": true,
                "is_eid_trip": 0,
                "boarding_points": [
                    {
                        "trip_point_id": 106966043,
                        "location_id": 2758,
                        "location_name": "Akkelpur Station",
                        "location_time": "09:48 PM"
                    }
                ],
                "is_international": 0,
                "is_from_city_international": false
            }
        ],
        "selected_seat_class": "S_CHAIR"
    },
    "extra": {
        "hash": "88E00379AB924FAF93ACD45CF0B3C41E"
    }
}