{
    "data": {
        "trains": [
            {
                "trip_number": "RUPSHA EXPRESS (728)",
                "departure_date_time": "29 Nov, 11:40 am",
                "departure_full_date": "2024-11-29",
                "departure_date_time_jd": "Fri, 29 Nov 2024, 11:40 AM",
                "arrival_date_time": "29 Nov, 03:20 pm",
                "travel_time": "03h 40m",
                "origin_city_name": "akkelpur",
                "destination_city_name": "chuadanga",
                "seat_types": [
                    {
                        "key": 2,
                        "type": "AC_S",
                        "trip_id": 8369096,
                        "trip_route_id": 51235196,
                        "route_id": 21347,
                        "fare": "485.00",
                        "vat_percent": 15,
                        "vat_amount": 73,
                        "seat_counts": {
                            "online": 0,
                            "offline": 0,
                            "is_divided": true
                        }
                    },
                    {
                        "key": 3,
                        "type": "SNIGDHA",
                        "trip_id": 8369106,
                        "trip_route_id": 51236155,
                        "route_id": 21347,
                        "fare": "405.00",
                        "vat_percent": 15,
                        "vat_amount": 61,
                        "seat_counts": {
                            "online": 0,
                            "offline": 0,
                            "is_divided": true
                        }
                    },
                    {
                        "key": 7,
                        "type": "S_CHAIR",
                        "trip_id": 8369107,
                        "trip_route_id": 51236325,
                        "route_id": 21347,
                        "fare": "245.00",
                        "vat_percent": 0,
                        "vat_amount": 0,
                        "seat_counts": {
                            "online": 0,
                            "offline": 0,
                            "is_divided": true
                        }
                    }
                ],
                "train_model": "728",
                "is_open_for_all": true,
                "is_eid_trip": 0,
                "boarding_points": [
                    {
                        "trip_point_id": 106967016,
                        "location_id": 2758,
                        "location_name": "Akkelpur Station",
                        "location_time": "11:40 AM"
                    }
                ],
                "is_international": 0,
                "is_from_city_international": false
            }
        ],
        "selected_seat_class": "S_CHAIR"
    },
    "extra": {
        "hash": "88E00379AB924FAF93ACD45CF0B3C41E"
    }
}