{
    "data": {
        "trains": [
            {
                "trip_number": "RUPSHA EXPRESS (727)",
                "departure_date_time": "29 Nov, 10:24 am",
                "departure_full_date": "2024-11-29",
                "departure_date_time_jd": "Fri, 29 Nov 2024, 10:24 AM",
                "arrival_date_time": "29 Nov, 01:20 pm",
                "travel_time": "02h 56m",
                "origin_city_name": "alamdanga",
                "destination_city_name": "santahar",
                "seat_types": [
                    {
                        "key": 2,
                        "type": "AC_S",
                        "trip_id": 8369093,
                        "trip_route_id": 51234806,
                        "route_id": 21304,
                        "fare": "405.00",
                        "vat_percent": 15,
                        "vat_amount": 61,
                        "seat_counts": {
                            "online": 0,
                            "offline": 0,
                            "is_divided": true
                        }
                    },
                    {
                        "key": 3,
                        "type": "SNIGDHA",
                        "trip_id": 8369104,
                        "trip_route_id": 51235841,
                        "route_id": 21304,
                        "fare": "335.00",
                        "vat_percent": 15,
                        "vat_amount": 51,
                        "seat_counts": {
                            "online": 0,
                            "offline": 0,
                            "is_divided": true
                        }
                    },
                    {
                        "key": 7,
                        "type": "S_CHAIR",
                        "trip_id": 8369105,
                        "trip_route_id": 51235994,
                        "route_id": 21304,
                        "fare": "205.00",
                        "vat_percent": 0,
                        "vat_amount": 0,
                        "seat_counts": {
                            "online": 0,
                            "offline": 0,
                            "is_divided": true
                        }
                    }
                ],
                "train_model": "727",
                "is_open_for_all": true,
                "is_eid_trip": 0,
                "boarding_points": [
                    {
                        "trip_point_id": 106966876,
                        "location_id": 2788,
                        "location_name": "Alamdanga Station",
                        "location_time": "10:24 AM"
                    }
                ],
                "is_international": 0,
                "is_from_city_international": false
            }
        ],
        "selected_seat_class": "S_CHAIR"
    },
    "extra": {
        "hash": "88E00379AB924FAF93ACD45CF0B3C41E"
    }
}