{
    "data": {
        "trains": [
            {
                "trip_number": "CHITRA EXPRESS (764)",
                "departure_date_time": "29 Nov, 01:37 am",
                "departure_full_date": "2024-11-29",
                "departure_date_time_jd": "Fri, 29 Nov 2024, 01:37 AM",
                "arrival_date_time": "29 Nov, 03:03 am",
                "travel_time": "01h 26m",
                "origin_city_name": "alamdanga",
                "destination_city_name": "mubarakganj",
                "seat_types": [
                    {
                        "key": 3,
                        "type": "SNIGDHA",
                        "trip_id": 8368736,
                        "trip_route_id": 51223142,
                        "route_id": 26498,
                        "fare": "140.00",
                        "vat_percent": 15,
                        "vat_amount": 21,
                        "seat_counts": {
                            "online": 2,
                            "offline": 1,
                            "is_divided": true
                        }
                    },
                    {
                        "key": 7,
                        "type": "S_CHAIR",
                        "trip_id": 8368759,
                        "trip_route_id": 51224395,
                        "route_id": 26498,
                        "fare": "85.00",
                        "vat_percent": 0,
                        "vat_amount": 0,
                        "seat_counts": {
                            "online": 3,
                            "offline": 2,
                            "is_divided": true
                        }
                    }
                ],
                "train_model": "764",
                "is_open_for_all": true,
                "is_eid_trip": 0,
                "boarding_points": [
                    {
                        "trip_point_id": 106960010,
                        "location_id": 2788,
                        "location_name": "Alamdanga Station",
                        "location_time": "01:37 AM"
                    }
                ],
                "is_international": 0,
                "is_from_city_international": false
            },
            {
                "trip_number": "SAGARDARI EXPRESS (762)",
                "departure_date_time": "29 Nov, 08:31 am",
                "departure_full_date": "2024-11-29",
                "departure_date_time_jd": "Fri, 29 Nov 2024, 08:31 AM",
                "arrival_date_time": "29 Nov, 10:05 am",
                "travel_time": "01h 34m",
                "origin_city_name": "alamdanga",
                "destination_city_name": "mubarakganj",
                "seat_types": [
                    {
                        "key": 7,
                        "type": "S_CHAIR",
                        "trip_id": 8369113,
                        "trip_route_id": 51236800,
                        "route_id": 21501,
                        "fare": "85.00",
                        "vat_percent": 0,
                        "vat_amount": 0,
                        "seat_counts": {
                            "online": 0,
                            "offline": 0,
                            "is_divided": true
                        }
                    }
                ],
                "train_model": "762",
                "is_open_for_all": true,
                "is_eid_trip": 0,
                "boarding_points": [
                    {
                        "trip_point_id": 106967704,
                        "location_id": 2788,
                        "location_name": "Alamdanga Station",
                        "location_time": "08:31 AM"
                    }
                ],
                "is_international": 0,
                "is_from_city_international": false
            }
        ],
        "selected_seat_class": "S_CHAIR"
    },
    "extra": {
        "hash": "88E00379AB924FAF93ACD45CF0B3C41E"
    }
}