{
    "data": {
        "trains": [
            {
                "trip_number": "DOLONCHAPA EXPRESS (768)",
                "departure_date_time": "29 Nov, 06:00 am",
                "departure_full_date": "2024-11-29",
                "departure_date_time_jd": "Fri, 29 Nov 2024, 06:00 AM",
                "arrival_date_time": "29 Nov, 06:51 am",
                "travel_time": "00h 51m",
                "origin_city_name": "b sirajul islam",
                "destination_city_name": "thakurgaon_road",
                "seat_types": [
                    {
                        "key": 7,
                        "type": "S_CHAIR",
                        "trip_id": 8369101,
                        "trip_route_id": 51235559,
                        "route_id": 23606,
                        "fare": "50.00",
                        "vat_percent": 0,
                        "vat_amount": 0,
                        "seat_counts": {
                            "online": 15,
                            "offline": 15,
                            "is_divided": true
                        }
                    },
                    {
                        "key": 8,
                        "type": "SHOVAN",
                        "trip_id": 8369282,
                        "trip_route_id": 51241899,
                        "route_id": 23606,
                        "fare": "45.00",
                        "vat_percent": 0,
                        "vat_amount": 0,
                        "seat_counts": {
                            "online": 15,
                            "offline": 15,
                            "is_divided": true
                        }
                    },
                    {
                        "key": 5,
                        "type": "F_SEAT",
                        "trip_id": 8369284,
                        "trip_route_id": 51241943,
                        "route_id": 23606,
                        "fare": "90.00",
                        "vat_percent": 15,
                        "vat_amount": 14,
                        "seat_counts": {
                            "online": 5,
                            "offline": 4,
                            "is_divided": true
                        }
                    }
                ],
                "train_model": "768",
                "is_open_for_all": true,
                "is_eid_trip": 0,
                "boarding_points": [
                    {
                        "trip_point_id": 106967215,
                        "location_id": 2730,
                        "location_name": "B Sirajul Islam Station",
                        "location_time": "06:00 AM"
                    }
                ],
                "is_international": 0,
                "is_from_city_international": false
            },
            {
                "trip_number": "DRUTOJAN EXPRESS (758)",
                "departure_date_time": "29 Nov, 07:20 am",
                "departure_full_date": "2024-11-29",
                "departure_date_time_jd": "Fri, 29 Nov 2024, 07:20 AM",
                "arrival_date_time": "29 Nov, 08:01 am",
                "travel_time": "00h 41m",
                "origin_city_name": "b sirajul islam",
                "destination_city_name": "thakurgaon_road",
                "seat_types": [
                    {
                        "key": 3,
                        "type": "SNIGDHA",
                        "trip_id": 8369099,
                        "trip_route_id": 51235424,
                        "route_id": 19395,
                        "fare": "100.00",
                        "vat_percent": 15,
                        "vat_amount": 15,
                        "seat_counts": {
                            "online": 14,
                            "offline": 14,
                            "is_divided": true
                        }
                    },
                    {
                        "key": 7,
                        "type": "S_CHAIR",
                        "trip_id": 8369110,
                        "trip_route_id": 51236619,
                        "route_id": 19395,
                        "fare": "50.00",
                        "vat_percent": 0,
                        "vat_amount": 0,
                        "seat_counts": {
                            "online": 125,
                            "offline": 125,
                            "is_divided": true
                        }
                    },
                    {
                        "key": 2,
                        "type": "AC_S",
                        "trip_id": 8369111,
                        "trip_route_id": 51236680,
                        "route_id": 19395,
                        "fare": "110.00",
                        "vat_percent": 15,
                        "vat_amount": 17,
                        "seat_counts": {
                            "online": 4,
                            "offline": 4,
                            "is_divided": true
                        }
                    }
                ],
                "train_model": "758",
                "is_open_for_all": true,
                "is_eid_trip": 0,
                "boarding_points": [
                    {
                        "trip_point_id": 106967142,
                        "location_id": 2730,
                        "location_name": "B Sirajul Islam Station",
                        "location_time": "07:20 AM"
                    }
                ],
                "is_international": 0,
                "is_from_city_international": false
            },
            {
                "trip_number": "BANGLABANDHA EXPRESS (804)",
                "departure_date_time": "29 Nov, 09:00 am",
                "departure_full_date": "2024-11-29",
                "departure_date_time_jd": "Fri, 29 Nov 2024, 09:00 AM",
                "arrival_date_time": "29 Nov, 09:46 am",
                "travel_time": "00h 46m",
                "origin_city_name": "b sirajul islam",
                "destination_city_name": "thakurgaon_road",
                "seat_types": [
                    {
                        "key": 2,
                        "type": "AC_S",
                        "trip_id": 8369087,
                        "trip_route_id": 51234405,
                        "route_id": 20938,
                        "fare": "110.00",
                        "vat_percent": 15,
                        "vat_amount": 17,
                        "seat_counts": {
                            "online": 4,
                            "offline": 4,
                            "is_divided": true
                        }
                    },
                    {
                        "key": 7,
                        "type": "S_CHAIR",
                        "trip_id": 8369088,
                        "trip_route_id": 51234496,
                        "route_id": 20938,
                        "fare": "50.00",
                        "vat_percent": 0,
                        "vat_amount": 0,
                        "seat_counts": {
                            "online": 110,
                            "offline": 109,
                            "is_divided": true
                        }
                    }
                ],
                "train_model": "804",
                "is_open_for_all": true,
                "is_eid_trip": 0,
                "boarding_points": [
                    {
                        "trip_point_id": 106966706,
                        "location_id": 2730,
                        "location_name": "B Sirajul Islam Station",
                        "location_time": "09:00 AM"
                    }
                ],
                "is_international": 0,
                "is_from_city_international": false
            },
            {
                "trip_number": "PANCHAGARH EXPRESS (794)",
                "departure_date_time": "29 Nov, 12:20 pm",
                "departure_full_date": "2024-11-29",
                "departure_date_time_jd": "Fri, 29 Nov 2024, 12:20 PM",
                "arrival_date_time": "29 Nov, 12:58 pm",
                "travel_time": "00h 38m",
                "origin_city_name": "b sirajul islam",
                "destination_city_name": "thakurgaon_road",
                "seat_types": [
                    {
                        "key": 2,
                        "type": "AC_S",
                        "trip_id": 8369056,
                        "trip_route_id": 51232389,
                        "route_id": 19395,
                        "fare": "110.00",
                        "vat_percent": 15,
                        "vat_amount": 17,
                        "seat_counts": {
                            "online": 8,
                            "offline": 8,
                            "is_divided": true
                        }
                    },
                    {
                        "key": 7,
                        "type": "S_CHAIR",
                        "trip_id": 8369057,
                        "trip_route_id": 51232425,
                        "route_id": 19395,
                        "fare": "50.00",
                        "vat_percent": 0,
                        "vat_amount": 0,
                        "seat_counts": {
                            "online": 222,
                            "offline": 222,
                            "is_divided": true
                        }
                    },
                    {
                        "key": 3,
                        "type": "SNIGDHA",
                        "trip_id": 8369058,
                        "trip_route_id": 51232449,
                        "route_id": 19395,
                        "fare": "100.00",
                        "vat_percent": 15,
                        "vat_amount": 15,
                        "seat_counts": {
                            "online": 20,
                            "offline": 20,
                            "is_divided": true
                        }
                    }
                ],
                "train_model": "794",
                "is_open_for_all": true,
                "is_eid_trip": 0,
                "boarding_points": [
                    {
                        "trip_point_id": 106965747,
                        "location_id": 2730,
                        "location_name": "B Sirajul Islam Station",
                        "location_time": "12:20 PM"
                    }
                ],
                "is_international": 0,
                "is_from_city_international": false
            },
            {
                "trip_number": "KANCHON INTERCITY COMMUTER (42)",
                "departure_date_time": "29 Nov, 03:30 pm",
                "departure_full_date": "2024-11-29",
                "departure_date_time_jd": "Fri, 29 Nov 2024, 03:30 PM",
                "arrival_date_time": "29 Nov, 04:23 pm",
                "travel_time": "00h 53m",
                "origin_city_name": "b sirajul islam",
                "destination_city_name": "thakurgaon_road",
                "seat_types": [
                    {
                        "key": 8,
                        "type": "SHOVAN",
                        "trip_id": 8369363,
                        "trip_route_id": 51243030,
                        "route_id": 26741,
                        "fare": "45.00",
                        "vat_percent": 0,
                        "vat_amount": 0,
                        "seat_counts": {
                            "online": 65,
                            "offline": 64,
                            "is_divided": true
                        }
                    }
                ],
                "train_model": "42",
                "is_open_for_all": true,
                "is_eid_trip": 0,
                "boarding_points": [
                    {
                        "trip_point_id": 106971718,
                        "location_id": 2730,
                        "location_name": "B Sirajul Islam Station",
                        "location_time": "03:30 PM"
                    }
                ],
                "is_international": 0,
                "is_from_city_international": false
            },
            {
                "trip_number": "EKOTA EXPRESS (706)",
                "departure_date_time": "29 Nov, 09:10 pm",
                "departure_full_date": "2024-11-29",
                "departure_date_time_jd": "Fri, 29 Nov 2024, 09:10 PM",
                "arrival_date_time": "29 Nov, 09:51 pm",
                "travel_time": "00h 41m",
                "origin_city_name": "b sirajul islam",
                "destination_city_name": "thakurgaon_road",
                "seat_types": [
                    {
                        "key": 3,
                        "type": "SNIGDHA",
                        "trip_id": 8369075,
                        "trip_route_id": 51233618,
                        "route_id": 19395,
                        "fare": "100.00",
                        "vat_percent": 15,
                        "vat_amount": 15,
                        "seat_counts": {
                            "online": 16,
                            "offline": 15,
                            "is_divided": true
                        }
                    },
                    {
                        "key": 7,
                        "type": "S_CHAIR",
                        "trip_id": 8369076,
                        "trip_route_id": 51233684,
                        "route_id": 19395,
                        "fare": "50.00",
                        "vat_percent": 0,
                        "vat_amount": 0,
                        "seat_counts": {
                            "online": 178,
                            "offline": 177,
                            "is_divided": true
                        }
                    },
                    {
                        "key": 1,
                        "type": "AC_B",
                        "trip_id": 8369092,
                        "trip_route_id": 51234675,
                        "route_id": 19395,
                        "fare": "140.00",
                        "vat_percent": 15,
                        "vat_amount": 21,
                        "seat_counts": {
                            "online": 1,
                            "offline": 1,
                            "is_divided": true
                        }
                    }
                ],
                "train_model": "706",
                "is_open_for_all": true,
                "is_eid_trip": 0,
                "boarding_points": [
                    {
                        "trip_point_id": 106966303,
                        "location_id": 2730,
                        "location_name": "B Sirajul Islam Station",
                        "location_time": "09:10 PM"
                    }
                ],
                "is_international": 0,
                "is_from_city_international": false
            }
        ],
        "selected_seat_class": "S_CHAIR"
    },
    "extra": {
        "hash": "88E00379AB924FAF93ACD45CF0B3C41E"
    }
}