{
    "data": {
        "trains": [
            {
                "trip_number": "EGAROSINDHUR PROVATI (737)",
                "departure_date_time": "29 Nov, 09:44 am",
                "departure_full_date": "2024-11-29",
                "departure_date_time_jd": "Fri, 29 Nov 2024, 09:44 AM",
                "arrival_date_time": "29 Nov, 11:10 am",
                "travel_time": "01h 26m",
                "origin_city_name": "bajitpur",
                "destination_city_name": "kishorganj",
                "seat_types": [
                    {
                        "key": 5,
                        "type": "F_SEAT",
                        "trip_id": 8369153,
                        "trip_route_id": 51238379,
                        "route_id": 22732,
                        "fare": "90.00",
                        "vat_percent": 15,
                        "vat_amount": 14,
                        "seat_counts": {
                            "online": 3,
                            "offline": 3,
                            "is_divided": true
                        }
                    },
                    {
                        "key": 6,
                        "type": "F_CHAIR",
                        "trip_id": 8369204,
                        "trip_route_id": 51239798,
                        "route_id": 22732,
                        "fare": "90.00",
                        "vat_percent": 15,
                        "vat_amount": 14,
                        "seat_counts": {
                            "online": 0,
                            "offline": 0,
                            "is_divided": true
                        }
                    },
                    {
                        "key": 7,
                        "type": "S_CHAIR",
                        "trip_id": 8369205,
                        "trip_route_id": 51239821,
                        "route_id": 22732,
                        "fare": "50.00",
                        "vat_percent": 0,
                        "vat_amount": 0,
                        "seat_counts": {
                            "online": 5,
                            "offline": 5,
                            "is_divided": true
                        }
                    },
                    {
                        "key": 8,
                        "type": "SHOVAN",
                        "trip_id": 8369206,
                        "trip_route_id": 51239844,
                        "route_id": 22732,
                        "fare": "45.00",
                        "vat_percent": 0,
                        "vat_amount": 0,
                        "seat_counts": {
                            "online": 35,
                            "offline": 35,
                            "is_divided": true
                        }
                    }
                ],
                "train_model": "737",
                "is_open_for_all": true,
                "is_eid_trip": 0,
                "boarding_points": [
                    {
                        "trip_point_id": 106968552,
                        "location_id": 2864,
                        "location_name": "Bajitpur Station",
                        "location_time": "09:44 AM"
                    }
                ],
                "is_international": 0,
                "is_from_city_international": false
            },
            {
                "trip_number": "KISHORGANJ EXPRESS (781)",
                "departure_date_time": "29 Nov, 01:06 pm",
                "departure_full_date": "2024-11-29",
                "departure_date_time_jd": "Fri, 29 Nov 2024, 01:06 PM",
                "arrival_date_time": "29 Nov, 02:10 pm",
                "travel_time": "01h 04m",
                "origin_city_name": "bajitpur",
                "destination_city_name": "kishorganj",
                "seat_types": [
                    {
                        "key": 3,
                        "type": "SNIGDHA",
                        "trip_id": 8369227,
                        "trip_route_id": 51240276,
                        "route_id": 22732,
                        "fare": "100.00",
                        "vat_percent": 15,
                        "vat_amount": 15,
                        "seat_counts": {
                            "online": 5,
                            "offline": 5,
                            "is_divided": true
                        }
                    },
                    {
                        "key": 7,
                        "type": "S_CHAIR",
                        "trip_id": 8369245,
                        "trip_route_id": 51240583,
                        "route_id": 22732,
                        "fare": "50.00",
                        "vat_percent": 0,
                        "vat_amount": 0,
                        "seat_counts": {
                            "online": 10,
                            "offline": 10,
                            "is_divided": true
                        }
                    },
                    {
                        "key": 2,
                        "type": "AC_S",
                        "trip_id": 8369246,
                        "trip_route_id": 51240609,
                        "route_id": 22732,
                        "fare": "110.00",
                        "vat_percent": 15,
                        "vat_amount": 17,
                        "seat_counts": {
                            "online": 0,
                            "offline": 0,
                            "is_divided": true
                        }
                    }
                ],
                "train_model": "781",
                "is_open_for_all": true,
                "is_eid_trip": 0,
                "boarding_points": [
                    {
                        "trip_point_id": 106969872,
                        "location_id": 2864,
                        "location_name": "Bajitpur Station",
                        "location_time": "01:06 PM"
                    }
                ],
                "is_international": 0,
                "is_from_city_international": false
            },
            {
                "trip_number": "EGAROSINDHUR GODHULI (749)",
                "departure_date_time": "29 Nov, 09:22 pm",
                "departure_full_date": "2024-11-29",
                "departure_date_time_jd": "Fri, 29 Nov 2024, 09:22 PM",
                "arrival_date_time": "29 Nov, 10:40 pm",
                "travel_time": "01h 18m",
                "origin_city_name": "bajitpur",
                "destination_city_name": "kishorganj",
                "seat_types": [
                    {
                        "key": 5,
                        "type": "F_SEAT",
                        "trip_id": 8369171,
                        "trip_route_id": 51238772,
                        "route_id": 22732,
                        "fare": "90.00",
                        "vat_percent": 15,
                        "vat_amount": 14,
                        "seat_counts": {
                            "online": 3,
                            "offline": 2,
                            "is_divided": true
                        }
                    },
                    {
                        "key": 6,
                        "type": "F_CHAIR",
                        "trip_id": 8369229,
                        "trip_route_id": 51240323,
                        "route_id": 22732,
                        "fare": "90.00",
                        "vat_percent": 15,
                        "vat_amount": 14,
                        "seat_counts": {
                            "online": 0,
                            "offline": 0,
                            "is_divided": true
                        }
                    },
                    {
                        "key": 7,
                        "type": "S_CHAIR",
                        "trip_id": 8369231,
                        "trip_route_id": 51240369,
                        "route_id": 22732,
                        "fare": "50.00",
                        "vat_percent": 0,
                        "vat_amount": 0,
                        "seat_counts": {
                            "online": 5,
                            "offline": 5,
                            "is_divided": true
                        }
                    },
                    {
                        "key": 8,
                        "type": "SHOVAN",
                        "trip_id": 8369232,
                        "trip_route_id": 51240392,
                        "route_id": 22732,
                        "fare": "45.00",
                        "vat_percent": 0,
                        "vat_amount": 0,
                        "seat_counts": {
                            "online": 35,
                            "offline": 35,
                            "is_divided": true
                        }
                    }
                ],
                "train_model": "749",
                "is_open_for_all": true,
                "is_eid_trip": 0,
                "boarding_points": [
                    {
                        "trip_point_id": 106968834,
                        "location_id": 2864,
                        "location_name": "Bajitpur Station",
                        "location_time": "09:22 PM"
                    }
                ],
                "is_international": 0,
                "is_from_city_international": false
            }
        ],
        "selected_seat_class": "S_CHAIR"
    },
    "extra": {
        "hash": "88E00379AB924FAF93ACD45CF0B3C41E"
    }
}