{
    "data": {
        "trains": [
            {
                "trip_number": "SIRAJGANJ EXPRESS (776)",
                "departure_date_time": "29 Nov, 07:02 pm",
                "departure_full_date": "2024-11-29",
                "departure_date_time_jd": "Fri, 29 Nov 2024, 07:02 PM",
                "arrival_date_time": "29 Nov, 07:40 pm",
                "travel_time": "00h 38m",
                "origin_city_name": "bbsetu_e",
                "destination_city_name": "jamtail",
                "seat_types": [
                    {
                        "key": 8,
                        "type": "SHOVAN",
                        "trip_id": 8369069,
                        "trip_route_id": 51233147,
                        "route_id": 19878,
                        "fare": "100.00",
                        "vat_percent": 0,
                        "vat_amount": 0,
                        "seat_counts": {
                            "online": 15,
                            "offline": 15,
                            "is_divided": true
                        }
                    },
                    {
                        "key": 7,
                        "type": "S_CHAIR",
                        "trip_id": 8369118,
                        "trip_route_id": 51237011,
                        "route_id": 19878,
                        "fare": "120.00",
                        "vat_percent": 0,
                        "vat_amount": 0,
                        "seat_counts": {
                            "online": 0,
                            "offline": 0,
                            "is_divided": true
                        }
                    },
                    {
                        "key": 5,
                        "type": "F_SEAT",
                        "trip_id": 8369280,
                        "trip_route_id": 51241750,
                        "route_id": 19878,
                        "fare": "160.00",
                        "vat_percent": 15,
                        "vat_amount": 24,
                        "seat_counts": {
                            "online": 0,
                            "offline": 0,
                            "is_divided": true
                        }
                    }
                ],
                "train_model": "776",
                "is_open_for_all": true,
                "is_eid_trip": 0,
                "boarding_points": [
                    {
                        "trip_point_id": 106966077,
                        "location_id": 2704,
                        "location_name": "BBSetu_E Station",
                        "location_time": "07:02 PM"
                    }
                ],
                "is_international": 0,
                "is_from_city_international": false
            }
        ],
        "selected_seat_class": "S_CHAIR"
    },
    "extra": {
        "hash": "88E00379AB924FAF93ACD45CF0B3C41E"
    }
}