{
    "data": {
        "trains": [
            {
                "trip_number": "BENAPOLE EXPRESS (795)",
                "departure_date_time": "29 Nov, 01:00 pm",
                "departure_full_date": "2024-11-29",
                "departure_date_time_jd": "Fri, 29 Nov 2024, 01:00 PM",
                "arrival_date_time": "29 Nov, 03:08 pm",
                "travel_time": "02h 08m",
                "origin_city_name": "benapole",
                "destination_city_name": "kotchandpur",
                "seat_types": [
                    {
                        "key": 2,
                        "type": "AC_S",
                        "trip_id": 8369089,
                        "trip_route_id": 51234507,
                        "route_id": 25314,
                        "fare": "185.00",
                        "vat_percent": 15,
                        "vat_amount": 28,
                        "seat_counts": {
                            "online": 2,
                            "offline": 2,
                            "is_divided": true
                        }
                    },
                    {
                        "key": 7,
                        "type": "S_CHAIR",
                        "trip_id": 8369116,
                        "trip_route_id": 51236893,
                        "route_id": 25314,
                        "fare": "95.00",
                        "vat_percent": 0,
                        "vat_amount": 0,
                        "seat_counts": {
                            "online": 8,
                            "offline": 7,
                            "is_divided": true
                        }
                    },
                    {
                        "key": 3,
                        "type": "SNIGDHA",
                        "trip_id": 8369291,
                        "trip_route_id": 51241970,
                        "route_id": 25314,
                        "fare": "155.00",
                        "vat_percent": 15,
                        "vat_amount": 24,
                        "seat_counts": {
                            "online": 3,
                            "offline": 2,
                            "is_divided": true
                        }
                    }
                ],
                "train_model": "795",
                "is_open_for_all": true,
                "is_eid_trip": 0,
                "boarding_points": [
                    {
                        "trip_point_id": 106966752,
                        "location_id": 2784,
                        "location_name": "Benapole Station",
                        "location_time": "01:00 PM"
                    }
                ],
                "is_international": 0,
                "is_from_city_international": false
            }
        ],
        "selected_seat_class": "S_CHAIR"
    },
    "extra": {
        "hash": "88E00379AB924FAF93ACD45CF0B3C41E"
    }
}