{
    "data": {
        "trains": [
            {
                "trip_number": "KISHORGANJ EXPRESS (781)",
                "departure_date_time": "29 Nov, 12:35 pm",
                "departure_full_date": "2024-11-29",
                "departure_date_time_jd": "Fri, 29 Nov 2024, 12:35 PM",
                "arrival_date_time": "29 Nov, 01:14 pm",
                "travel_time": "00h 39m",
                "origin_city_name": "bhairab_bazar",
                "destination_city_name": "sararchar",
                "seat_types": [
                    {
                        "key": 7,
                        "type": "S_CHAIR",
                        "trip_id": 8369245,
                        "trip_route_id": 51240578,
                        "route_id": 23339,
                        "fare": "50.00",
                        "vat_percent": 0,
                        "vat_amount": 0,
                        "seat_counts": {
                            "online": 3,
                            "offline": 2,
                            "is_divided": true
                        }
                    }
                ],
                "train_model": "781",
                "is_open_for_all": true,
                "is_eid_trip": 0,
                "boarding_points": [
                    {
                        "trip_point_id": 106970107,
                        "location_id": 2829,
                        "location_name": "Bhairab_Bazar Station",
                        "location_time": "12:35 PM"
                    }
                ],
                "is_international": 0,
                "is_from_city_international": false
            }
        ],
        "selected_seat_class": "S_CHAIR"
    },
    "extra": {
        "hash": "88E00379AB924FAF93ACD45CF0B3C41E"
    }
}