{
    "data": {
        "trains": [
            {
                "trip_number": "EGAROSINDHUR PROVATI (737)",
                "departure_date_time": "29 Nov, 09:13 am",
                "departure_full_date": "2024-11-29",
                "departure_date_time_jd": "Fri, 29 Nov 2024, 09:13 AM",
                "arrival_date_time": "29 Nov, 11:10 am",
                "travel_time": "01h 57m",
                "origin_city_name": "bhairab_bazar",
                "destination_city_name": "kishorganj",
                "seat_types": [
                    {
                        "key": 5,
                        "type": "F_SEAT",
                        "trip_id": 8369153,
                        "trip_route_id": 51238377,
                        "route_id": 22730,
                        "fare": "90.00",
                        "vat_percent": 15,
                        "vat_amount": 14,
                        "seat_counts": {
                            "online": 1,
                            "offline": 0,
                            "is_divided": true
                        }
                    },
                    {
                        "key": 6,
                        "type": "F_CHAIR",
                        "trip_id": 8369204,
                        "trip_route_id": 51239796,
                        "route_id": 22730,
                        "fare": "90.00",
                        "vat_percent": 15,
                        "vat_amount": 14,
                        "seat_counts": {
                            "online": 0,
                            "offline": 0,
                            "is_divided": true
                        }
                    },
                    {
                        "key": 7,
                        "type": "S_CHAIR",
                        "trip_id": 8369205,
                        "trip_route_id": 51239819,
                        "route_id": 22730,
                        "fare": "60.00",
                        "vat_percent": 0,
                        "vat_amount": 0,
                        "seat_counts": {
                            "online": 0,
                            "offline": 0,
                            "is_divided": true
                        }
                    },
                    {
                        "key": 8,
                        "type": "SHOVAN",
                        "trip_id": 8369206,
                        "trip_route_id": 51239842,
                        "route_id": 22730,
                        "fare": "50.00",
                        "vat_percent": 0,
                        "vat_amount": 0,
                        "seat_counts": {
                            "online": 21,
                            "offline": 20,
                            "is_divided": true
                        }
                    }
                ],
                "train_model": "737",
                "is_open_for_all": true,
                "is_eid_trip": 0,
                "boarding_points": [
                    {
                        "trip_point_id": 106968550,
                        "location_id": 2829,
                        "location_name": "Bhairab_Bazar Station",
                        "location_time": "09:13 AM"
                    }
                ],
                "is_international": 0,
                "is_from_city_international": false
            },
            {
                "trip_number": "KISHORGANJ EXPRESS (781)",
                "departure_date_time": "29 Nov, 12:35 pm",
                "departure_full_date": "2024-11-29",
                "departure_date_time_jd": "Fri, 29 Nov 2024, 12:35 PM",
                "arrival_date_time": "29 Nov, 02:10 pm",
                "travel_time": "01h 35m",
                "origin_city_name": "bhairab_bazar",
                "destination_city_name": "kishorganj",
                "seat_types": [
                    {
                        "key": 3,
                        "type": "SNIGDHA",
                        "trip_id": 8369227,
                        "trip_route_id": 51240274,
                        "route_id": 22730,
                        "fare": "100.00",
                        "vat_percent": 15,
                        "vat_amount": 15,
                        "seat_counts": {
                            "online": 0,
                            "offline": 0,
                            "is_divided": true
                        }
                    },
                    {
                        "key": 7,
                        "type": "S_CHAIR",
                        "trip_id": 8369245,
                        "trip_route_id": 51240576,
                        "route_id": 22730,
                        "fare": "60.00",
                        "vat_percent": 0,
                        "vat_amount": 0,
                        "seat_counts": {
                            "online": 14,
                            "offline": 13,
                            "is_divided": true
                        }
                    },
                    {
                        "key": 2,
                        "type": "AC_S",
                        "trip_id": 8369246,
                        "trip_route_id": 51240607,
                        "route_id": 22730,
                        "fare": "115.00",
                        "vat_percent": 15,
                        "vat_amount": 18,
                        "seat_counts": {
                            "online": 0,
                            "offline": 0,
                            "is_divided": true
                        }
                    }
                ],
                "train_model": "781",
                "is_open_for_all": true,
                "is_eid_trip": 0,
                "boarding_points": [
                    {
                        "trip_point_id": 106969870,
                        "location_id": 2829,
                        "location_name": "Bhairab_Bazar Station",
                        "location_time": "12:35 PM"
                    }
                ],
                "is_international": 0,
                "is_from_city_international": false
            },
            {
                "trip_number": "EGAROSINDHUR GODHULI (749)",
                "departure_date_time": "29 Nov, 08:50 pm",
                "departure_full_date": "2024-11-29",
                "departure_date_time_jd": "Fri, 29 Nov 2024, 08:50 PM",
                "arrival_date_time": "29 Nov, 10:40 pm",
                "travel_time": "01h 50m",
                "origin_city_name": "bhairab_bazar",
                "destination_city_name": "kishorganj",
                "seat_types": [
                    {
                        "key": 5,
                        "type": "F_SEAT",
                        "trip_id": 8369171,
                        "trip_route_id": 51238770,
                        "route_id": 22730,
                        "fare": "90.00",
                        "vat_percent": 15,
                        "vat_amount": 14,
                        "seat_counts": {
                            "online": 2,
                            "offline": 1,
                            "is_divided": true
                        }
                    },
                    {
                        "key": 6,
                        "type": "F_CHAIR",
                        "trip_id": 8369229,
                        "trip_route_id": 51240321,
                        "route_id": 22730,
                        "fare": "90.00",
                        "vat_percent": 15,
                        "vat_amount": 14,
                        "seat_counts": {
                            "online": 0,
                            "offline": 0,
                            "is_divided": true
                        }
                    },
                    {
                        "key": 7,
                        "type": "S_CHAIR",
                        "trip_id": 8369231,
                        "trip_route_id": 51240367,
                        "route_id": 22730,
                        "fare": "60.00",
                        "vat_percent": 0,
                        "vat_amount": 0,
                        "seat_counts": {
                            "online": 3,
                            "offline": 2,
                            "is_divided": true
                        }
                    },
                    {
                        "key": 8,
                        "type": "SHOVAN",
                        "trip_id": 8369232,
                        "trip_route_id": 51240390,
                        "route_id": 22730,
                        "fare": "50.00",
                        "vat_percent": 0,
                        "vat_amount": 0,
                        "seat_counts": {
                            "online": 30,
                            "offline": 30,
                            "is_divided": true
                        }
                    }
                ],
                "train_model": "749",
                "is_open_for_all": true,
                "is_eid_trip": 0,
                "boarding_points": [
                    {
                        "trip_point_id": 106968832,
                        "location_id": 2829,
                        "location_name": "Bhairab_Bazar Station",
                        "location_time": "08:50 PM"
                    }
                ],
                "is_international": 0,
                "is_from_city_international": false
            }
        ],
        "selected_seat_class": "S_CHAIR"
    },
    "extra": {
        "hash": "88E00379AB924FAF93ACD45CF0B3C41E"
    }
}