{
    "data": {
        "trains": [
            {
                "trip_number": "MAHANAGAR PROVATI (704)",
                "departure_date_time": "29 Nov, 09:19 am",
                "departure_full_date": "2024-11-29",
                "departure_date_time_jd": "Fri, 29 Nov 2024, 09:19 AM",
                "arrival_date_time": "29 Nov, 12:00 pm",
                "travel_time": "02h 41m",
                "origin_city_name": "bhairab_bazar",
                "destination_city_name": "feni",
                "seat_types": [
                    {
                        "key": 3,
                        "type": "SNIGDHA",
                        "trip_id": 8369131,
                        "trip_route_id": 51237737,
                        "route_id": 22052,
                        "fare": "330.00",
                        "vat_percent": 15,
                        "vat_amount": 50,
                        "seat_counts": {
                            "online": 0,
                            "offline": 0,
                            "is_divided": true
                        }
                    },
                    {
                        "key": 2,
                        "type": "AC_S",
                        "trip_id": 8369162,
                        "trip_route_id": 51238554,
                        "route_id": 22052,
                        "fare": "395.00",
                        "vat_percent": 15,
                        "vat_amount": 60,
                        "seat_counts": {
                            "online": 0,
                            "offline": 0,
                            "is_divided": true
                        }
                    },
                    {
                        "key": 5,
                        "type": "F_SEAT",
                        "trip_id": 8369163,
                        "trip_route_id": 51238579,
                        "route_id": 22052,
                        "fare": "265.00",
                        "vat_percent": 15,
                        "vat_amount": 40,
                        "seat_counts": {
                            "online": 0,
                            "offline": 0,
                            "is_divided": true
                        }
                    },
                    {
                        "key": 7,
                        "type": "S_CHAIR",
                        "trip_id": 8369164,
                        "trip_route_id": 51238604,
                        "route_id": 22052,
                        "fare": "200.00",
                        "vat_percent": 0,
                        "vat_amount": 0,
                        "seat_counts": {
                            "online": 0,
                            "offline": 0,
                            "is_divided": true
                        }
                    }
                ],
                "train_model": "704",
                "is_open_for_all": true,
                "is_eid_trip": 0,
                "boarding_points": [
                    {
                        "trip_point_id": 106968139,
                        "location_id": 2829,
                        "location_name": "Bhairab_Bazar Station",
                        "location_time": "09:19 AM"
                    }
                ],
                "is_international": 0,
                "is_from_city_international": false
            }
        ],
        "selected_seat_class": "S_CHAIR"
    },
    "extra": {
        "hash": "88E00379AB924FAF93ACD45CF0B3C41E"
    }
}