{
    "data": {
        "trains": [
            {
                "trip_number": "BENAPOLE EXPRESS (796)",
                "departure_date_time": "29 Nov, 12:55 am",
                "departure_full_date": "2024-11-29",
                "departure_date_time_jd": "Fri, 29 Nov 2024, 12:55 AM",
                "arrival_date_time": "29 Nov, 03:45 am",
                "travel_time": "02h 50m",
                "origin_city_name": "bhanga",
                "destination_city_name": "poradaha",
                "seat_types": [
                    {
                        "key": 7,
                        "type": "S_CHAIR",
                        "trip_id": 8368741,
                        "trip_route_id": 51223491,
                        "route_id": 25403,
                        "fare": "160.00",
                        "vat_percent": 0,
                        "vat_amount": 0,
                        "seat_counts": {
                            "online": 0,
                            "offline": 0,
                            "is_divided": true
                        }
                    }
                ],
                "train_model": "796",
                "is_open_for_all": true,
                "is_eid_trip": 0,
                "boarding_points": [
                    {
                        "trip_point_id": 106960172,
                        "location_id": 2752,
                        "location_name": "Bhanga Station",
                        "location_time": "12:55 AM"
                    }
                ],
                "is_international": 0,
                "is_from_city_international": false
            },
            {
                "trip_number": "SUNDARBAN EXPRESS (726)",
                "departure_date_time": "29 Nov, 09:29 am",
                "departure_full_date": "2024-11-29",
                "departure_date_time_jd": "Fri, 29 Nov 2024, 09:29 AM",
                "arrival_date_time": "29 Nov, 12:15 pm",
                "travel_time": "02h 46m",
                "origin_city_name": "bhanga",
                "destination_city_name": "poradaha",
                "seat_types": [
                    {
                        "key": 2,
                        "type": "AC_S",
                        "trip_id": 8369083,
                        "trip_route_id": 51234066,
                        "route_id": 25222,
                        "fare": "320.00",
                        "vat_percent": 15,
                        "vat_amount": 48,
                        "seat_counts": {
                            "online": 1,
                            "offline": 1,
                            "is_divided": true
                        }
                    },
                    {
                        "key": 7,
                        "type": "S_CHAIR",
                        "trip_id": 8369084,
                        "trip_route_id": 51234130,
                        "route_id": 25222,
                        "fare": "160.00",
                        "vat_percent": 0,
                        "vat_amount": 0,
                        "seat_counts": {
                            "online": 4,
                            "offline": 3,
                            "is_divided": true
                        }
                    },
                    {
                        "key": 3,
                        "type": "SNIGDHA",
                        "trip_id": 8369319,
                        "trip_route_id": 51242324,
                        "route_id": 25222,
                        "fare": "265.00",
                        "vat_percent": 15,
                        "vat_amount": 40,
                        "seat_counts": {
                            "online": 1,
                            "offline": 1,
                            "is_divided": true
                        }
                    }
                ],
                "train_model": "726",
                "is_open_for_all": true,
                "is_eid_trip": 0,
                "boarding_points": [
                    {
                        "trip_point_id": 106966557,
                        "location_id": 2752,
                        "location_name": "Bhanga Station",
                        "location_time": "09:29 AM"
                    }
                ],
                "is_international": 0,
                "is_from_city_international": false
            },
            {
                "trip_number": "MADHUMATI EXPRESS (755)",
                "departure_date_time": "29 Nov, 04:37 pm",
                "departure_full_date": "2024-11-29",
                "departure_date_time_jd": "Fri, 29 Nov 2024, 04:37 PM",
                "arrival_date_time": "29 Nov, 07:55 pm",
                "travel_time": "03h 18m",
                "origin_city_name": "bhanga",
                "destination_city_name": "poradaha",
                "seat_types": [
                    {
                        "key": 7,
                        "type": "S_CHAIR",
                        "trip_id": 8369327,
                        "trip_route_id": 51242525,
                        "route_id": 25784,
                        "fare": "160.00",
                        "vat_percent": 0,
                        "vat_amount": 0,
                        "seat_counts": {
                            "online": 3,
                            "offline": 2,
                            "is_divided": true
                        }
                    }
                ],
                "train_model": "755",
                "is_open_for_all": true,
                "is_eid_trip": 0,
                "boarding_points": [
                    {
                        "trip_point_id": 106971285,
                        "location_id": 2752,
                        "location_name": "Bhanga Station",
                        "location_time": "04:37 PM"
                    }
                ],
                "is_international": 0,
                "is_from_city_international": false
            }
        ],
        "selected_seat_class": "S_CHAIR"
    },
    "extra": {
        "hash": "88E00379AB924FAF93ACD45CF0B3C41E"
    }
}