{
    "data": {
        "trains": [
            {
                "trip_number": "BENAPOLE EXPRESS (796)",
                "departure_date_time": "29 Nov, 12:55 am",
                "departure_full_date": "2024-11-29",
                "departure_date_time_jd": "Fri, 29 Nov 2024, 12:55 AM",
                "arrival_date_time": "29 Nov, 07:20 am",
                "travel_time": "06h 25m",
                "origin_city_name": "bhanga",
                "destination_city_name": "benapole",
                "seat_types": [
                    {
                        "key": 7,
                        "type": "S_CHAIR",
                        "trip_id": 8368741,
                        "trip_route_id": 51223489,
                        "route_id": 25410,
                        "fare": "335.00",
                        "vat_percent": 0,
                        "vat_amount": 0,
                        "seat_counts": {
                            "online": 4,
                            "offline": 4,
                            "is_divided": true
                        }
                    },
                    {
                        "key": 3,
                        "type": "SNIGDHA",
                        "trip_id": 8368955,
                        "trip_route_id": 51230369,
                        "route_id": 25410,
                        "fare": "560.00",
                        "vat_percent": 15,
                        "vat_amount": 84,
                        "seat_counts": {
                            "online": 3,
                            "offline": 2,
                            "is_divided": true
                        }
                    }
                ],
                "train_model": "796",
                "is_open_for_all": true,
                "is_eid_trip": 0,
                "boarding_points": [
                    {
                        "trip_point_id": 106960172,
                        "location_id": 2752,
                        "location_name": "Bhanga Station",
                        "location_time": "12:55 AM"
                    }
                ],
                "is_international": 0,
                "is_from_city_international": false
            }
        ],
        "selected_seat_class": "S_CHAIR"
    },
    "extra": {
        "hash": "88E00379AB924FAF93ACD45CF0B3C41E"
    }
}