{
    "data": {
        "trains": [
            {
                "trip_number": "MADHUMATI EXPRESS (755)",
                "departure_date_time": "29 Nov, 04:37 pm",
                "departure_full_date": "2024-11-29",
                "departure_date_time_jd": "Fri, 29 Nov 2024, 04:37 PM",
                "arrival_date_time": "29 Nov, 10:40 pm",
                "travel_time": "06h 03m",
                "origin_city_name": "bhanga",
                "destination_city_name": "rajshahi",
                "seat_types": [
                    {
                        "key": 7,
                        "type": "S_CHAIR",
                        "trip_id": 8369327,
                        "trip_route_id": 51242524,
                        "route_id": 25786,
                        "fare": "320.00",
                        "vat_percent": 0,
                        "vat_amount": 0,
                        "seat_counts": {
                            "online": 0,
                            "offline": 0,
                            "is_divided": true
                        }
                    },
                    {
                        "key": 3,
                        "type": "SNIGDHA",
                        "trip_id": 8369345,
                        "trip_route_id": 51242817,
                        "route_id": 25786,
                        "fare": "530.00",
                        "vat_percent": 15,
                        "vat_amount": 80,
                        "seat_counts": {
                            "online": 0,
                            "offline": 0,
                            "is_divided": true
                        }
                    }
                ],
                "train_model": "755",
                "is_open_for_all": true,
                "is_eid_trip": 0,
                "boarding_points": [
                    {
                        "trip_point_id": 106971285,
                        "location_id": 2752,
                        "location_name": "Bhanga Station",
                        "location_time": "04:37 PM"
                    }
                ],
                "is_international": 0,
                "is_from_city_international": false
            }
        ],
        "selected_seat_class": "S_CHAIR"
    },
    "extra": {
        "hash": "88E00379AB924FAF93ACD45CF0B3C41E"
    }
}