{
    "data": {
        "trains": [
            {
                "trip_number": "SIMANTA EXPRESS (747)",
                "departure_date_time": "29 Nov, 12:55 am",
                "departure_full_date": "2024-11-29",
                "departure_date_time_jd": "Fri, 29 Nov 2024, 12:55 AM",
                "arrival_date_time": "29 Nov, 03:10 am",
                "travel_time": "02h 15m",
                "origin_city_name": "bheramara",
                "destination_city_name": "santahar",
                "seat_types": [
                    {
                        "key": 1,
                        "type": "AC_B",
                        "trip_id": 8368715,
                        "trip_route_id": 51221573,
                        "route_id": 19979,
                        "fare": "485.00",
                        "vat_percent": 15,
                        "vat_amount": 73,
                        "seat_counts": {
                            "online": 0,
                            "offline": 0,
                            "is_divided": true
                        }
                    },
                    {
                        "key": 3,
                        "type": "SNIGDHA",
                        "trip_id": 8368716,
                        "trip_route_id": 51221690,
                        "route_id": 19979,
                        "fare": "270.00",
                        "vat_percent": 15,
                        "vat_amount": 41,
                        "seat_counts": {
                            "online": 0,
                            "offline": 0,
                            "is_divided": true
                        }
                    },
                    {
                        "key": 7,
                        "type": "S_CHAIR",
                        "trip_id": 8368717,
                        "trip_route_id": 51221812,
                        "route_id": 19979,
                        "fare": "165.00",
                        "vat_percent": 0,
                        "vat_amount": 0,
                        "seat_counts": {
                            "online": 3,
                            "offline": 2,
                            "is_divided": true
                        }
                    }
                ],
                "train_model": "747",
                "is_open_for_all": true,
                "is_eid_trip": 0,
                "boarding_points": [
                    {
                        "trip_point_id": 106959274,
                        "location_id": 2779,
                        "location_name": "Bheramara Station",
                        "location_time": "12:55 AM"
                    }
                ],
                "is_international": 0,
                "is_from_city_international": false
            },
            {
                "trip_number": "RUPSHA EXPRESS (727)",
                "departure_date_time": "29 Nov, 11:01 am",
                "departure_full_date": "2024-11-29",
                "departure_date_time_jd": "Fri, 29 Nov 2024, 11:01 AM",
                "arrival_date_time": "29 Nov, 01:20 pm",
                "travel_time": "02h 19m",
                "origin_city_name": "bheramara",
                "destination_city_name": "santahar",
                "seat_types": [
                    {
                        "key": 2,
                        "type": "AC_S",
                        "trip_id": 8369093,
                        "trip_route_id": 51234787,
                        "route_id": 19979,
                        "fare": "325.00",
                        "vat_percent": 15,
                        "vat_amount": 49,
                        "seat_counts": {
                            "online": 0,
                            "offline": 0,
                            "is_divided": true
                        }
                    },
                    {
                        "key": 3,
                        "type": "SNIGDHA",
                        "trip_id": 8369104,
                        "trip_route_id": 51235822,
                        "route_id": 19979,
                        "fare": "270.00",
                        "vat_percent": 15,
                        "vat_amount": 41,
                        "seat_counts": {
                            "online": 0,
                            "offline": 0,
                            "is_divided": true
                        }
                    },
                    {
                        "key": 7,
                        "type": "S_CHAIR",
                        "trip_id": 8369105,
                        "trip_route_id": 51235975,
                        "route_id": 19979,
                        "fare": "165.00",
                        "vat_percent": 0,
                        "vat_amount": 0,
                        "seat_counts": {
                            "online": 2,
                            "offline": 1,
                            "is_divided": true
                        }
                    }
                ],
                "train_model": "727",
                "is_open_for_all": true,
                "is_eid_trip": 0,
                "boarding_points": [
                    {
                        "trip_point_id": 106966872,
                        "location_id": 2779,
                        "location_name": "Bheramara Station",
                        "location_time": "11:01 AM"
                    }
                ],
                "is_international": 0,
                "is_from_city_international": false
            }
        ],
        "selected_seat_class": "S_CHAIR"
    },
    "extra": {
        "hash": "88E00379AB924FAF93ACD45CF0B3C41E"
    }
}