{
    "data": {
        "trains": [
            {
                "trip_number": "CHITRA EXPRESS (763)",
                "departure_date_time": "29 Nov, 12:54 pm",
                "departure_full_date": "2024-11-29",
                "departure_date_time_jd": "Fri, 29 Nov 2024, 12:54 PM",
                "arrival_date_time": "29 Nov, 01:15 pm",
                "travel_time": "00h 21m",
                "origin_city_name": "bheramara",
                "destination_city_name": "ishwardi",
                "seat_types": [
                    {
                        "key": 3,
                        "type": "SNIGDHA",
                        "trip_id": 8369085,
                        "trip_route_id": 51234213,
                        "route_id": 25093,
                        "fare": "115.00",
                        "vat_percent": 15,
                        "vat_amount": 18,
                        "seat_counts": {
                            "online": 0,
                            "offline": 0,
                            "is_divided": true
                        }
                    },
                    {
                        "key": 7,
                        "type": "S_CHAIR",
                        "trip_id": 8369100,
                        "trip_route_id": 51235477,
                        "route_id": 25093,
                        "fare": "70.00",
                        "vat_percent": 0,
                        "vat_amount": 0,
                        "seat_counts": {
                            "online": 1,
                            "offline": 1,
                            "is_divided": true
                        }
                    }
                ],
                "train_model": "763",
                "is_open_for_all": true,
                "is_eid_trip": 0,
                "boarding_points": [
                    {
                        "trip_point_id": 106966610,
                        "location_id": 2779,
                        "location_name": "Bheramara Station",
                        "location_time": "12:54 PM"
                    }
                ],
                "is_international": 0,
                "is_from_city_international": false
            },
            {
                "trip_number": "SAGARDARI EXPRESS (761)",
                "departure_date_time": "29 Nov, 07:50 pm",
                "departure_full_date": "2024-11-29",
                "departure_date_time_jd": "Fri, 29 Nov 2024, 07:50 PM",
                "arrival_date_time": "29 Nov, 08:15 pm",
                "travel_time": "00h 25m",
                "origin_city_name": "bheramara",
                "destination_city_name": "ishwardi",
                "seat_types": [
                    {
                        "key": 7,
                        "type": "S_CHAIR",
                        "trip_id": 8369112,
                        "trip_route_id": 51236720,
                        "route_id": 21448,
                        "fare": "70.00",
                        "vat_percent": 0,
                        "vat_amount": 0,
                        "seat_counts": {
                            "online": 0,
                            "offline": 0,
                            "is_divided": true
                        }
                    }
                ],
                "train_model": "761",
                "is_open_for_all": true,
                "is_eid_trip": 0,
                "boarding_points": [
                    {
                        "trip_point_id": 106967669,
                        "location_id": 2779,
                        "location_name": "Bheramara Station",
                        "location_time": "07:50 PM"
                    }
                ],
                "is_international": 0,
                "is_from_city_international": false
            },
            {
                "trip_number": "MADHUMATI EXPRESS (755)",
                "departure_date_time": "29 Nov, 08:40 pm",
                "departure_full_date": "2024-11-29",
                "departure_date_time_jd": "Fri, 29 Nov 2024, 08:40 PM",
                "arrival_date_time": "29 Nov, 09:10 pm",
                "travel_time": "00h 30m",
                "origin_city_name": "bheramara",
                "destination_city_name": "ishwardi",
                "seat_types": [
                    {
                        "key": 7,
                        "type": "S_CHAIR",
                        "trip_id": 8369327,
                        "trip_route_id": 51242521,
                        "route_id": 25824,
                        "fare": "70.00",
                        "vat_percent": 0,
                        "vat_amount": 0,
                        "seat_counts": {
                            "online": 5,
                            "offline": 5,
                            "is_divided": true
                        }
                    }
                ],
                "train_model": "755",
                "is_open_for_all": true,
                "is_eid_trip": 0,
                "boarding_points": [
                    {
                        "trip_point_id": 106971276,
                        "location_id": 2779,
                        "location_name": "Bheramara Station",
                        "location_time": "08:40 PM"
                    }
                ],
                "is_international": 0,
                "is_from_city_international": false
            }
        ],
        "selected_seat_class": "S_CHAIR"
    },
    "extra": {
        "hash": "88E00379AB924FAF93ACD45CF0B3C41E"
    }
}