{
    "data": {
        "trains": [
            {
                "trip_number": "MADHUMATI EXPRESS (756)",
                "departure_date_time": "29 Nov, 08:27 am",
                "departure_full_date": "2024-11-29",
                "departure_date_time_jd": "Fri, 29 Nov 2024, 08:27 AM",
                "arrival_date_time": "29 Nov, 02:00 pm",
                "travel_time": "05h 33m",
                "origin_city_name": "bheramara",
                "destination_city_name": "dhaka",
                "seat_types": [
                    {
                        "key": 7,
                        "type": "S_CHAIR",
                        "trip_id": 8369329,
                        "trip_route_id": 51242592,
                        "route_id": 25856,
                        "fare": "450.00",
                        "vat_percent": 0,
                        "vat_amount": 0,
                        "seat_counts": {
                            "online": 7,
                            "offline": 6,
                            "is_divided": true
                        }
                    },
                    {
                        "key": 5,
                        "type": "F_SEAT",
                        "trip_id": 8369330,
                        "trip_route_id": 51242618,
                        "route_id": 25856,
                        "fare": "595.00",
                        "vat_percent": 15,
                        "vat_amount": 90,
                        "seat_counts": {
                            "online": 2,
                            "offline": 2,
                            "is_divided": true
                        }
                    },
                    {
                        "key": 3,
                        "type": "SNIGDHA",
                        "trip_id": 8369346,
                        "trip_route_id": 51242833,
                        "route_id": 25856,
                        "fare": "745.00",
                        "vat_percent": 15,
                        "vat_amount": 112,
                        "seat_counts": {
                            "online": 3,
                            "offline": 2,
                            "is_divided": true
                        }
                    }
                ],
                "train_model": "756",
                "is_open_for_all": true,
                "is_eid_trip": 0,
                "boarding_points": [
                    {
                        "trip_point_id": 106971329,
                        "location_id": 2779,
                        "location_name": "Bheramara Station",
                        "location_time": "08:27 AM"
                    }
                ],
                "is_international": 0,
                "is_from_city_international": false
            },
            {
                "trip_number": "CHITRA EXPRESS (763)",
                "departure_date_time": "29 Nov, 12:54 pm",
                "departure_full_date": "2024-11-29",
                "departure_date_time_jd": "Fri, 29 Nov 2024, 12:54 PM",
                "arrival_date_time": "29 Nov, 06:05 pm",
                "travel_time": "05h 11m",
                "origin_city_name": "bheramara",
                "destination_city_name": "dhaka",
                "seat_types": [
                    {
                        "key": 3,
                        "type": "SNIGDHA",
                        "trip_id": 8369085,
                        "trip_route_id": 51234212,
                        "route_id": 20717,
                        "fare": "680.00",
                        "vat_percent": 15,
                        "vat_amount": 102,
                        "seat_counts": {
                            "online": 6,
                            "offline": 5,
                            "is_divided": true
                        }
                    },
                    {
                        "key": 2,
                        "type": "AC_S",
                        "trip_id": 8369097,
                        "trip_route_id": 51235271,
                        "route_id": 20717,
                        "fare": "815.00",
                        "vat_percent": 15,
                        "vat_amount": 123,
                        "seat_counts": {
                            "online": 0,
                            "offline": 0,
                            "is_divided": true
                        }
                    },
                    {
                        "key": 7,
                        "type": "S_CHAIR",
                        "trip_id": 8369100,
                        "trip_route_id": 51235476,
                        "route_id": 20717,
                        "fare": "410.00",
                        "vat_percent": 0,
                        "vat_amount": 0,
                        "seat_counts": {
                            "online": 0,
                            "offline": 0,
                            "is_divided": true
                        }
                    }
                ],
                "train_model": "763",
                "is_open_for_all": true,
                "is_eid_trip": 0,
                "boarding_points": [
                    {
                        "trip_point_id": 106966610,
                        "location_id": 2779,
                        "location_name": "Bheramara Station",
                        "location_time": "12:54 PM"
                    }
                ],
                "is_international": 0,
                "is_from_city_international": false
            }
        ],
        "selected_seat_class": "S_CHAIR"
    },
    "extra": {
        "hash": "88E00379AB924FAF93ACD45CF0B3C41E"
    }
}