{
    "data": {
        "trains": [
            {
                "trip_number": "SIMANTA EXPRESS (748)",
                "departure_date_time": "29 Nov, 12:18 am",
                "departure_full_date": "2024-11-29",
                "departure_date_time_jd": "Fri, 29 Nov 2024, 12:18 AM",
                "arrival_date_time": "29 Nov, 04:20 am",
                "travel_time": "04h 02m",
                "origin_city_name": "bheramara",
                "destination_city_name": "khulna",
                "seat_types": [
                    {
                        "key": 7,
                        "type": "S_CHAIR",
                        "trip_id": 8368718,
                        "trip_route_id": 51221950,
                        "route_id": 20123,
                        "fare": "225.00",
                        "vat_percent": 0,
                        "vat_amount": 0,
                        "seat_counts": {
                            "online": 6,
                            "offline": 6,
                            "is_divided": true
                        }
                    },
                    {
                        "key": 1,
                        "type": "AC_B",
                        "trip_id": 8368750,
                        "trip_route_id": 51223739,
                        "route_id": 20123,
                        "fare": "665.00",
                        "vat_percent": 15,
                        "vat_amount": 100,
                        "seat_counts": {
                            "online": 0,
                            "offline": 0,
                            "is_divided": true
                        }
                    },
                    {
                        "key": 3,
                        "type": "SNIGDHA",
                        "trip_id": 8368751,
                        "trip_route_id": 51223855,
                        "route_id": 20123,
                        "fare": "370.00",
                        "vat_percent": 15,
                        "vat_amount": 56,
                        "seat_counts": {
                            "online": 0,
                            "offline": 0,
                            "is_divided": true
                        }
                    }
                ],
                "train_model": "748",
                "is_open_for_all": true,
                "is_eid_trip": 0,
                "boarding_points": [
                    {
                        "trip_point_id": 106959400,
                        "location_id": 2779,
                        "location_name": "Bheramara Station",
                        "location_time": "12:18 AM"
                    }
                ],
                "is_international": 0,
                "is_from_city_international": false
            },
            {
                "trip_number": "CHITRA EXPRESS (764)",
                "departure_date_time": "29 Nov, 12:58 am",
                "departure_full_date": "2024-11-29",
                "departure_date_time_jd": "Fri, 29 Nov 2024, 12:58 AM",
                "arrival_date_time": "29 Nov, 05:00 am",
                "travel_time": "04h 02m",
                "origin_city_name": "bheramara",
                "destination_city_name": "khulna",
                "seat_types": [
                    {
                        "key": 3,
                        "type": "SNIGDHA",
                        "trip_id": 8368736,
                        "trip_route_id": 51223128,
                        "route_id": 20648,
                        "fare": "370.00",
                        "vat_percent": 15,
                        "vat_amount": 56,
                        "seat_counts": {
                            "online": 4,
                            "offline": 4,
                            "is_divided": true
                        }
                    },
                    {
                        "key": 1,
                        "type": "AC_B",
                        "trip_id": 8368758,
                        "trip_route_id": 51224312,
                        "route_id": 20648,
                        "fare": "665.00",
                        "vat_percent": 15,
                        "vat_amount": 100,
                        "seat_counts": {
                            "online": 0,
                            "offline": 0,
                            "is_divided": true
                        }
                    },
                    {
                        "key": 7,
                        "type": "S_CHAIR",
                        "trip_id": 8368759,
                        "trip_route_id": 51224379,
                        "route_id": 20648,
                        "fare": "225.00",
                        "vat_percent": 0,
                        "vat_amount": 0,
                        "seat_counts": {
                            "online": 5,
                            "offline": 5,
                            "is_divided": true
                        }
                    }
                ],
                "train_model": "764",
                "is_open_for_all": true,
                "is_eid_trip": 0,
                "boarding_points": [
                    {
                        "trip_point_id": 106960007,
                        "location_id": 2779,
                        "location_name": "Bheramara Station",
                        "location_time": "12:58 AM"
                    }
                ],
                "is_international": 0,
                "is_from_city_international": false
            },
            {
                "trip_number": "SAGARDARI EXPRESS (762)",
                "departure_date_time": "29 Nov, 07:48 am",
                "departure_full_date": "2024-11-29",
                "departure_date_time_jd": "Fri, 29 Nov 2024, 07:48 AM",
                "arrival_date_time": "29 Nov, 12:10 pm",
                "travel_time": "04h 22m",
                "origin_city_name": "bheramara",
                "destination_city_name": "khulna",
                "seat_types": [
                    {
                        "key": 7,
                        "type": "S_CHAIR",
                        "trip_id": 8369113,
                        "trip_route_id": 51236785,
                        "route_id": 21491,
                        "fare": "225.00",
                        "vat_percent": 0,
                        "vat_amount": 0,
                        "seat_counts": {
                            "online": 16,
                            "offline": 16,
                            "is_divided": true
                        }
                    }
                ],
                "train_model": "762",
                "is_open_for_all": true,
                "is_eid_trip": 0,
                "boarding_points": [
                    {
                        "trip_point_id": 106967701,
                        "location_id": 2779,
                        "location_name": "Bheramara Station",
                        "location_time": "07:48 AM"
                    }
                ],
                "is_international": 0,
                "is_from_city_international": false
            },
            {
                "trip_number": "RUPSHA EXPRESS (728)",
                "departure_date_time": "29 Nov, 02:27 pm",
                "departure_full_date": "2024-11-29",
                "departure_date_time_jd": "Fri, 29 Nov 2024, 02:27 PM",
                "arrival_date_time": "29 Nov, 06:20 pm",
                "travel_time": "03h 53m",
                "origin_city_name": "bheramara",
                "destination_city_name": "khulna",
                "seat_types": [
                    {
                        "key": 2,
                        "type": "AC_S",
                        "trip_id": 8369096,
                        "trip_route_id": 51235189,
                        "route_id": 20123,
                        "fare": "445.00",
                        "vat_percent": 15,
                        "vat_amount": 67,
                        "seat_counts": {
                            "online": 0,
                            "offline": 0,
                            "is_divided": true
                        }
                    },
                    {
                        "key": 3,
                        "type": "SNIGDHA",
                        "trip_id": 8369106,
                        "trip_route_id": 51236148,
                        "route_id": 20123,
                        "fare": "370.00",
                        "vat_percent": 15,
                        "vat_amount": 56,
                        "seat_counts": {
                            "online": 0,
                            "offline": 0,
                            "is_divided": true
                        }
                    },
                    {
                        "key": 7,
                        "type": "S_CHAIR",
                        "trip_id": 8369107,
                        "trip_route_id": 51236318,
                        "route_id": 20123,
                        "fare": "225.00",
                        "vat_percent": 0,
                        "vat_amount": 0,
                        "seat_counts": {
                            "online": 4,
                            "offline": 4,
                            "is_divided": true
                        }
                    }
                ],
                "train_model": "728",
                "is_open_for_all": true,
                "is_eid_trip": 0,
                "boarding_points": [
                    {
                        "trip_point_id": 106967001,
                        "location_id": 2779,
                        "location_name": "Bheramara Station",
                        "location_time": "02:27 PM"
                    }
                ],
                "is_international": 0,
                "is_from_city_international": false
            }
        ],
        "selected_seat_class": "S_CHAIR"
    },
    "extra": {
        "hash": "88E00379AB924FAF93ACD45CF0B3C41E"
    }
}