{
    "data": {
        "trains": [
            {
                "trip_number": "BURIMARI EXPRESS (809)",
                "departure_date_time": "29 Nov, 08:58 am",
                "departure_full_date": "2024-11-29",
                "departure_date_time_jd": "Fri, 29 Nov 2024, 08:58 AM",
                "arrival_date_time": "29 Nov, 06:10 pm",
                "travel_time": "09h 12m",
                "origin_city_name": "biman_bandar",
                "destination_city_name": "lalmonirhat",
                "seat_types": [
                    {
                        "key": 2,
                        "type": "AC_S",
                        "trip_id": 8369347,
                        "trip_route_id": 51242845,
                        "route_id": 26162,
                        "fare": "1265.00",
                        "vat_percent": 15,
                        "vat_amount": 190,
                        "seat_counts": {
                            "online": 0,
                            "offline": 0,
                            "is_divided": true
                        }
                    },
                    {
                        "key": 3,
                        "type": "SNIGDHA",
                        "trip_id": 8369348,
                        "trip_route_id": 51242868,
                        "route_id": 26162,
                        "fare": "1055.00",
                        "vat_percent": 15,
                        "vat_amount": 159,
                        "seat_counts": {
                            "online": 0,
                            "offline": 0,
                            "is_divided": true
                        }
                    },
                    {
                        "key": 7,
                        "type": "S_CHAIR",
                        "trip_id": 8369349,
                        "trip_route_id": 51242921,
                        "route_id": 26162,
                        "fare": "635.00",
                        "vat_percent": 0,
                        "vat_amount": 0,
                        "seat_counts": {
                            "online": 4,
                            "offline": 4,
                            "is_divided": true
                        }
                    }
                ],
                "train_model": "809",
                "is_open_for_all": true,
                "is_eid_trip": 0,
                "boarding_points": [
                    {
                        "trip_point_id": 106971584,
                        "location_id": 2702,
                        "location_name": "Biman_Bandar Station",
                        "location_time": "08:58 AM"
                    }
                ],
                "is_international": 0,
                "is_from_city_international": false
            }
        ],
        "selected_seat_class": "S_CHAIR"
    },
    "extra": {
        "hash": "88E00379AB924FAF93ACD45CF0B3C41E"
    }
}