{
    "data": {
        "trains": [
            {
                "trip_number": "JAMUNA EXPRESS (745)",
                "departure_date_time": "29 Nov, 05:13 pm",
                "departure_full_date": "2024-11-29",
                "departure_date_time_jd": "Fri, 29 Nov 2024, 05:13 PM",
                "arrival_date_time": "29 Nov, 05:34 pm",
                "travel_time": "00h 21m",
                "origin_city_name": "biman_bandar",
                "destination_city_name": "joydebpur",
                "seat_types": [
                    {
                        "key": 8,
                        "type": "SHOVAN",
                        "trip_id": 8369224,
                        "trip_route_id": 51240205,
                        "route_id": 23222,
                        "fare": "45.00",
                        "vat_percent": 0,
                        "vat_amount": 0,
                        "seat_counts": {
                            "online": 4,
                            "offline": 3,
                            "is_divided": true
                        }
                    }
                ],
                "train_model": "745",
                "is_open_for_all": true,
                "is_eid_trip": 0,
                "boarding_points": [
                    {
                        "trip_point_id": 106969828,
                        "location_id": 2702,
                        "location_name": "Biman_Bandar Station",
                        "location_time": "05:13 PM"
                    }
                ],
                "is_international": 0,
                "is_from_city_international": false
            },
            {
                "trip_number": "HAWR EXPRESS (777)",
                "departure_date_time": "29 Nov, 10:43 pm",
                "departure_full_date": "2024-11-29",
                "departure_date_time_jd": "Fri, 29 Nov 2024, 10:43 PM",
                "arrival_date_time": "29 Nov, 11:05 pm",
                "travel_time": "00h 22m",
                "origin_city_name": "biman_bandar",
                "destination_city_name": "joydebpur",
                "seat_types": [
                    {
                        "key": 8,
                        "type": "SHOVAN",
                        "trip_id": 8369258,
                        "trip_route_id": 51240918,
                        "route_id": 23132,
                        "fare": "45.00",
                        "vat_percent": 0,
                        "vat_amount": 0,
                        "seat_counts": {
                            "online": 3,
                            "offline": 2,
                            "is_divided": true
                        }
                    }
                ],
                "train_model": "777",
                "is_open_for_all": true,
                "is_eid_trip": 0,
                "boarding_points": [
                    {
                        "trip_point_id": 106970333,
                        "location_id": 2702,
                        "location_name": "Biman_Bandar Station",
                        "location_time": "10:43 PM"
                    }
                ],
                "is_international": 0,
                "is_from_city_international": false
            }
        ],
        "selected_seat_class": "S_CHAIR"
    },
    "extra": {
        "hash": "88E00379AB924FAF93ACD45CF0B3C41E"
    }
}