{
    "data": {
        "trains": [
            {
                "trip_number": "MAHANAGAR PROVATI (704)",
                "departure_date_time": "29 Nov, 08:12 am",
                "departure_full_date": "2024-11-29",
                "departure_date_time_jd": "Fri, 29 Nov 2024, 08:12 AM",
                "arrival_date_time": "29 Nov, 10:51 am",
                "travel_time": "02h 39m",
                "origin_city_name": "biman_bandar",
                "destination_city_name": "cumilla",
                "seat_types": [
                    {
                        "key": 3,
                        "type": "SNIGDHA",
                        "trip_id": 8369131,
                        "trip_route_id": 51237729,
                        "route_id": 22049,
                        "fare": "375.00",
                        "vat_percent": 15,
                        "vat_amount": 57,
                        "seat_counts": {
                            "online": 0,
                            "offline": 0,
                            "is_divided": true
                        }
                    },
                    {
                        "key": 2,
                        "type": "AC_S",
                        "trip_id": 8369162,
                        "trip_route_id": 51238546,
                        "route_id": 22049,
                        "fare": "450.00",
                        "vat_percent": 15,
                        "vat_amount": 68,
                        "seat_counts": {
                            "online": 0,
                            "offline": 0,
                            "is_divided": true
                        }
                    },
                    {
                        "key": 5,
                        "type": "F_SEAT",
                        "trip_id": 8369163,
                        "trip_route_id": 51238571,
                        "route_id": 22049,
                        "fare": "300.00",
                        "vat_percent": 15,
                        "vat_amount": 45,
                        "seat_counts": {
                            "online": 0,
                            "offline": 0,
                            "is_divided": true
                        }
                    },
                    {
                        "key": 7,
                        "type": "S_CHAIR",
                        "trip_id": 8369164,
                        "trip_route_id": 51238596,
                        "route_id": 22049,
                        "fare": "225.00",
                        "vat_percent": 0,
                        "vat_amount": 0,
                        "seat_counts": {
                            "online": 0,
                            "offline": 0,
                            "is_divided": true
                        }
                    }
                ],
                "train_model": "704",
                "is_open_for_all": true,
                "is_eid_trip": 0,
                "boarding_points": [
                    {
                        "trip_point_id": 106968136,
                        "location_id": 2702,
                        "location_name": "Biman_Bandar Station",
                        "location_time": "08:12 AM"
                    }
                ],
                "is_international": 0,
                "is_from_city_international": false
            },
            {
                "trip_number": "UPAKUL EXPRESS (712)",
                "departure_date_time": "29 Nov, 03:38 pm",
                "departure_full_date": "2024-11-29",
                "departure_date_time_jd": "Fri, 29 Nov 2024, 03:38 PM",
                "arrival_date_time": "29 Nov, 06:38 pm",
                "travel_time": "03h 00m",
                "origin_city_name": "biman_bandar",
                "destination_city_name": "cumilla",
                "seat_types": [
                    {
                        "key": 3,
                        "type": "SNIGDHA",
                        "trip_id": 8369137,
                        "trip_route_id": 51237957,
                        "route_id": 22280,
                        "fare": "375.00",
                        "vat_percent": 15,
                        "vat_amount": 57,
                        "seat_counts": {
                            "online": 0,
                            "offline": 0,
                            "is_divided": true
                        }
                    },
                    {
                        "key": 7,
                        "type": "S_CHAIR",
                        "trip_id": 8369182,
                        "trip_route_id": 51239167,
                        "route_id": 22280,
                        "fare": "225.00",
                        "vat_percent": 0,
                        "vat_amount": 0,
                        "seat_counts": {
                            "online": 1,
                            "offline": 1,
                            "is_divided": true
                        }
                    }
                ],
                "train_model": "712",
                "is_open_for_all": true,
                "is_eid_trip": 0,
                "boarding_points": [
                    {
                        "trip_point_id": 106968258,
                        "location_id": 2702,
                        "location_name": "Biman_Bandar Station",
                        "location_time": "03:38 PM"
                    }
                ],
                "is_international": 0,
                "is_from_city_international": false
            },
            {
                "trip_number": "MOHANAGAR EXPRESS (722)",
                "departure_date_time": "29 Nov, 09:48 pm",
                "departure_full_date": "2024-11-29",
                "departure_date_time_jd": "Fri, 29 Nov 2024, 09:48 PM",
                "arrival_date_time": "30 Nov, 12:46 am",
                "travel_time": "02h 58m",
                "origin_city_name": "biman_bandar",
                "destination_city_name": "cumilla",
                "seat_types": [
                    {
                        "key": 3,
                        "type": "SNIGDHA",
                        "trip_id": 8369145,
                        "trip_route_id": 51238191,
                        "route_id": 22526,
                        "fare": "375.00",
                        "vat_percent": 15,
                        "vat_amount": 57,
                        "seat_counts": {
                            "online": 0,
                            "offline": 0,
                            "is_divided": true
                        }
                    },
                    {
                        "key": 1,
                        "type": "AC_B",
                        "trip_id": 8369191,
                        "trip_route_id": 51239514,
                        "route_id": 22526,
                        "fare": "675.00",
                        "vat_percent": 15,
                        "vat_amount": 102,
                        "seat_counts": {
                            "online": 0,
                            "offline": 0,
                            "is_divided": true
                        }
                    },
                    {
                        "key": 7,
                        "type": "S_CHAIR",
                        "trip_id": 8369192,
                        "trip_route_id": 51239542,
                        "route_id": 22526,
                        "fare": "225.00",
                        "vat_percent": 0,
                        "vat_amount": 0,
                        "seat_counts": {
                            "online": 1,
                            "offline": 1,
                            "is_divided": true
                        }
                    }
                ],
                "train_model": "722",
                "is_open_for_all": true,
                "is_eid_trip": 0,
                "boarding_points": [
                    {
                        "trip_point_id": 106968419,
                        "location_id": 2702,
                        "location_name": "Biman_Bandar Station",
                        "location_time": "09:48 PM"
                    }
                ],
                "is_international": 0,
                "is_from_city_international": false
            }
        ],
        "selected_seat_class": "S_CHAIR"
    },
    "extra": {
        "hash": "88E00379AB924FAF93ACD45CF0B3C41E"
    }
}