{
    "data": {
        "trains": [
            {
                "trip_number": "KURIGRAM EXPRESS (797)",
                "departure_date_time": "29 Nov, 09:13 pm",
                "departure_full_date": "2024-11-29",
                "departure_date_time_jd": "Fri, 29 Nov 2024, 09:13 PM",
                "arrival_date_time": "30 Nov, 06:15 am",
                "travel_time": "09h 02m",
                "origin_city_name": "biman_bandar",
                "destination_city_name": "kurigram",
                "seat_types": [
                    {
                        "key": 1,
                        "type": "AC_B",
                        "trip_id": 8369059,
                        "trip_route_id": 51232478,
                        "route_id": 19695,
                        "fare": "1910.00",
                        "vat_percent": 15,
                        "vat_amount": 287,
                        "seat_counts": {
                            "online": 2,
                            "offline": 1,
                            "is_divided": true
                        }
                    },
                    {
                        "key": 3,
                        "type": "SNIGDHA",
                        "trip_id": 8369060,
                        "trip_route_id": 51232509,
                        "route_id": 19695,
                        "fare": "1065.00",
                        "vat_percent": 15,
                        "vat_amount": 160,
                        "seat_counts": {
                            "online": 2,
                            "offline": 2,
                            "is_divided": true
                        }
                    },
                    {
                        "key": 7,
                        "type": "S_CHAIR",
                        "trip_id": 8369062,
                        "trip_route_id": 51232570,
                        "route_id": 19695,
                        "fare": "640.00",
                        "vat_percent": 0,
                        "vat_amount": 0,
                        "seat_counts": {
                            "online": 7,
                            "offline": 6,
                            "is_divided": true
                        }
                    }
                ],
                "train_model": "797",
                "is_open_for_all": true,
                "is_eid_trip": 0,
                "boarding_points": [
                    {
                        "trip_point_id": 106965796,
                        "location_id": 2702,
                        "location_name": "Biman_Bandar Station",
                        "location_time": "09:13 PM"
                    }
                ],
                "is_international": 0,
                "is_from_city_international": false
            }
        ],
        "selected_seat_class": "S_CHAIR"
    },
    "extra": {
        "hash": "88E00379AB924FAF93ACD45CF0B3C41E"
    }
}