{
    "data": {
        "trains": [
            {
                "trip_number": "DHUMKETU EXPRESS (769)",
                "departure_date_time": "29 Nov, 06:28 am",
                "departure_full_date": "2024-11-29",
                "departure_date_time_jd": "Fri, 29 Nov 2024, 06:28 AM",
                "arrival_date_time": "29 Nov, 11:40 am",
                "travel_time": "05h 12m",
                "origin_city_name": "biman_bandar",
                "destination_city_name": "rajshahi",
                "seat_types": [
                    {
                        "key": 7,
                        "type": "S_CHAIR",
                        "trip_id": 8369037,
                        "trip_route_id": 51231619,
                        "route_id": 19517,
                        "fare": "405.00",
                        "vat_percent": 0,
                        "vat_amount": 0,
                        "seat_counts": {
                            "online": 0,
                            "offline": 0,
                            "is_divided": true
                        }
                    },
                    {
                        "key": 3,
                        "type": "SNIGDHA",
                        "trip_id": 8369038,
                        "trip_route_id": 51231667,
                        "route_id": 19517,
                        "fare": "670.00",
                        "vat_percent": 15,
                        "vat_amount": 101,
                        "seat_counts": {
                            "online": 8,
                            "offline": 8,
                            "is_divided": true
                        }
                    },
                    {
                        "key": 2,
                        "type": "AC_S",
                        "trip_id": 8369039,
                        "trip_route_id": 51231718,
                        "route_id": 19517,
                        "fare": "805.00",
                        "vat_percent": 15,
                        "vat_amount": 121,
                        "seat_counts": {
                            "online": 6,
                            "offline": 6,
                            "is_divided": true
                        }
                    }
                ],
                "train_model": "769",
                "is_open_for_all": true,
                "is_eid_trip": 0,
                "boarding_points": [
                    {
                        "trip_point_id": 106965319,
                        "location_id": 2702,
                        "location_name": "Biman_Bandar Station",
                        "location_time": "06:28 AM"
                    }
                ],
                "is_international": 0,
                "is_from_city_international": false
            },
            {
                "trip_number": "SILKCITY EXPRESS (753)",
                "departure_date_time": "29 Nov, 03:08 pm",
                "departure_full_date": "2024-11-29",
                "departure_date_time_jd": "Fri, 29 Nov 2024, 03:08 PM",
                "arrival_date_time": "29 Nov, 08:30 pm",
                "travel_time": "05h 22m",
                "origin_city_name": "biman_bandar",
                "destination_city_name": "rajshahi",
                "seat_types": [
                    {
                        "key": 2,
                        "type": "AC_S",
                        "trip_id": 8369048,
                        "trip_route_id": 51232052,
                        "route_id": 19517,
                        "fare": "805.00",
                        "vat_percent": 15,
                        "vat_amount": 121,
                        "seat_counts": {
                            "online": 12,
                            "offline": 12,
                            "is_divided": true
                        }
                    },
                    {
                        "key": 3,
                        "type": "SNIGDHA",
                        "trip_id": 8369049,
                        "trip_route_id": 51232098,
                        "route_id": 19517,
                        "fare": "670.00",
                        "vat_percent": 15,
                        "vat_amount": 101,
                        "seat_counts": {
                            "online": 16,
                            "offline": 16,
                            "is_divided": true
                        }
                    },
                    {
                        "key": 7,
                        "type": "S_CHAIR",
                        "trip_id": 8369050,
                        "trip_route_id": 51232145,
                        "route_id": 19517,
                        "fare": "405.00",
                        "vat_percent": 0,
                        "vat_amount": 0,
                        "seat_counts": {
                            "online": 0,
                            "offline": 0,
                            "is_divided": true
                        }
                    }
                ],
                "train_model": "753",
                "is_open_for_all": true,
                "is_eid_trip": 0,
                "boarding_points": [
                    {
                        "trip_point_id": 106965559,
                        "location_id": 2702,
                        "location_name": "Biman_Bandar Station",
                        "location_time": "03:08 PM"
                    }
                ],
                "is_international": 0,
                "is_from_city_international": false
            },
            {
                "trip_number": "PADMA EXPRESS (759)",
                "departure_date_time": "29 Nov, 11:13 pm",
                "departure_full_date": "2024-11-29",
                "departure_date_time_jd": "Fri, 29 Nov 2024, 11:13 PM",
                "arrival_date_time": "30 Nov, 04:25 am",
                "travel_time": "05h 12m",
                "origin_city_name": "biman_bandar",
                "destination_city_name": "rajshahi",
                "seat_types": [
                    {
                        "key": 1,
                        "type": "AC_B",
                        "trip_id": 8369043,
                        "trip_route_id": 51231831,
                        "route_id": 19517,
                        "fare": "1205.00",
                        "vat_percent": 15,
                        "vat_amount": 181,
                        "seat_counts": {
                            "online": 0,
                            "offline": 0,
                            "is_divided": true
                        }
                    },
                    {
                        "key": 3,
                        "type": "SNIGDHA",
                        "trip_id": 8369044,
                        "trip_route_id": 51231878,
                        "route_id": 19517,
                        "fare": "670.00",
                        "vat_percent": 15,
                        "vat_amount": 101,
                        "seat_counts": {
                            "online": 19,
                            "offline": 18,
                            "is_divided": true
                        }
                    },
                    {
                        "key": 7,
                        "type": "S_CHAIR",
                        "trip_id": 8369045,
                        "trip_route_id": 51231925,
                        "route_id": 19517,
                        "fare": "405.00",
                        "vat_percent": 0,
                        "vat_amount": 0,
                        "seat_counts": {
                            "online": 1,
                            "offline": 1,
                            "is_divided": true
                        }
                    }
                ],
                "train_model": "759",
                "is_open_for_all": true,
                "is_eid_trip": 0,
                "boarding_points": [
                    {
                        "trip_point_id": 106965445,
                        "location_id": 2702,
                        "location_name": "Biman_Bandar Station",
                        "location_time": "11:13 PM"
                    }
                ],
                "is_international": 0,
                "is_from_city_international": false
            }
        ],
        "selected_seat_class": "S_CHAIR"
    },
    "extra": {
        "hash": "88E00379AB924FAF93ACD45CF0B3C41E"
    }
}