{
    "data": {
        "trains": [
            {
                "trip_number": "SIRAJGANJ EXPRESS (776)",
                "departure_date_time": "29 Nov, 04:43 pm",
                "departure_full_date": "2024-11-29",
                "departure_date_time_jd": "Fri, 29 Nov 2024, 04:43 PM",
                "arrival_date_time": "29 Nov, 06:40 pm",
                "travel_time": "01h 57m",
                "origin_city_name": "biman_bandar",
                "destination_city_name": "bbsetu_e",
                "seat_types": [
                    {
                        "key": 8,
                        "type": "SHOVAN",
                        "trip_id": 8369069,
                        "trip_route_id": 51233140,
                        "route_id": 19867,
                        "fare": "120.00",
                        "vat_percent": 0,
                        "vat_amount": 0,
                        "seat_counts": {
                            "online": 5,
                            "offline": 4,
                            "is_divided": true
                        }
                    },
                    {
                        "key": 7,
                        "type": "S_CHAIR",
                        "trip_id": 8369118,
                        "trip_route_id": 51237004,
                        "route_id": 19867,
                        "fare": "140.00",
                        "vat_percent": 0,
                        "vat_amount": 0,
                        "seat_counts": {
                            "online": 0,
                            "offline": 0,
                            "is_divided": true
                        }
                    },
                    {
                        "key": 5,
                        "type": "F_SEAT",
                        "trip_id": 8369280,
                        "trip_route_id": 51241743,
                        "route_id": 19867,
                        "fare": "185.00",
                        "vat_percent": 15,
                        "vat_amount": 28,
                        "seat_counts": {
                            "online": 0,
                            "offline": 0,
                            "is_divided": true
                        }
                    }
                ],
                "train_model": "776",
                "is_open_for_all": true,
                "is_eid_trip": 0,
                "boarding_points": [
                    {
                        "trip_point_id": 106966075,
                        "location_id": 2702,
                        "location_name": "Biman_Bandar Station",
                        "location_time": "04:43 PM"
                    }
                ],
                "is_international": 0,
                "is_from_city_international": false
            }
        ],
        "selected_seat_class": "S_CHAIR"
    },
    "extra": {
        "hash": "88E00379AB924FAF93ACD45CF0B3C41E"
    }
}