{
    "data": {
        "trains": [
            {
                "trip_number": "RUPSHA EXPRESS (728)",
                "departure_date_time": "29 Nov, 10:53 am",
                "departure_full_date": "2024-11-29",
                "departure_date_time_jd": "Fri, 29 Nov 2024, 10:53 AM",
                "arrival_date_time": "29 Nov, 06:20 pm",
                "travel_time": "07h 27m",
                "origin_city_name": "birampur",
                "destination_city_name": "khulna",
                "seat_types": [
                    {
                        "key": 2,
                        "type": "AC_S",
                        "trip_id": 8369096,
                        "trip_route_id": 51235067,
                        "route_id": 20100,
                        "fare": "925.00",
                        "vat_percent": 15,
                        "vat_amount": 139,
                        "seat_counts": {
                            "online": 0,
                            "offline": 0,
                            "is_divided": true
                        }
                    },
                    {
                        "key": 3,
                        "type": "SNIGDHA",
                        "trip_id": 8369106,
                        "trip_route_id": 51236026,
                        "route_id": 20100,
                        "fare": "770.00",
                        "vat_percent": 15,
                        "vat_amount": 116,
                        "seat_counts": {
                            "online": 0,
                            "offline": 0,
                            "is_divided": true
                        }
                    },
                    {
                        "key": 7,
                        "type": "S_CHAIR",
                        "trip_id": 8369107,
                        "trip_route_id": 51236197,
                        "route_id": 20100,
                        "fare": "465.00",
                        "vat_percent": 0,
                        "vat_amount": 0,
                        "seat_counts": {
                            "online": 5,
                            "offline": 4,
                            "is_divided": true
                        }
                    }
                ],
                "train_model": "728",
                "is_open_for_all": true,
                "is_eid_trip": 0,
                "boarding_points": [
                    {
                        "trip_point_id": 106967018,
                        "location_id": 2781,
                        "location_name": "Birampur Station",
                        "location_time": "10:53 AM"
                    }
                ],
                "is_international": 0,
                "is_from_city_international": false
            },
            {
                "trip_number": "SIMANTA EXPRESS (748)",
                "departure_date_time": "29 Nov, 09:00 pm",
                "departure_full_date": "2024-11-29",
                "departure_date_time_jd": "Fri, 29 Nov 2024, 09:00 PM",
                "arrival_date_time": "30 Nov, 04:20 am",
                "travel_time": "07h 20m",
                "origin_city_name": "birampur",
                "destination_city_name": "khulna",
                "seat_types": [
                    {
                        "key": 7,
                        "type": "S_CHAIR",
                        "trip_id": 8369068,
                        "trip_route_id": 51233002,
                        "route_id": 20100,
                        "fare": "465.00",
                        "vat_percent": 0,
                        "vat_amount": 0,
                        "seat_counts": {
                            "online": 2,
                            "offline": 1,
                            "is_divided": true
                        }
                    },
                    {
                        "key": 1,
                        "type": "AC_B",
                        "trip_id": 8369094,
                        "trip_route_id": 51234836,
                        "route_id": 20100,
                        "fare": "1385.00",
                        "vat_percent": 15,
                        "vat_amount": 208,
                        "seat_counts": {
                            "online": 0,
                            "offline": 0,
                            "is_divided": true
                        }
                    },
                    {
                        "key": 3,
                        "type": "SNIGDHA",
                        "trip_id": 8369095,
                        "trip_route_id": 51234949,
                        "route_id": 20100,
                        "fare": "770.00",
                        "vat_percent": 15,
                        "vat_amount": 116,
                        "seat_counts": {
                            "online": 0,
                            "offline": 0,
                            "is_divided": true
                        }
                    }
                ],
                "train_model": "748",
                "is_open_for_all": true,
                "is_eid_trip": 0,
                "boarding_points": [
                    {
                        "trip_point_id": 106966030,
                        "location_id": 2781,
                        "location_name": "Birampur Station",
                        "location_time": "09:00 PM"
                    }
                ],
                "is_international": 0,
                "is_from_city_international": false
            }
        ],
        "selected_seat_class": "S_CHAIR"
    },
    "extra": {
        "hash": "88E00379AB924FAF93ACD45CF0B3C41E"
    }
}