{
    "data": {
        "trains": [
            {
                "trip_number": "BANGLABANDHA EXPRESS (803)",
                "departure_date_time": "29 Nov, 12:53 am",
                "departure_full_date": "2024-11-29",
                "departure_date_time_jd": "Fri, 29 Nov 2024, 12:53 AM",
                "arrival_date_time": "29 Nov, 02:20 am",
                "travel_time": "01h 27m",
                "origin_city_name": "birampur",
                "destination_city_name": "dinajpur",
                "seat_types": [
                    {
                        "key": 1,
                        "type": "AC_B",
                        "trip_id": 8368737,
                        "trip_route_id": 51223181,
                        "route_id": 20902,
                        "fare": "220.00",
                        "vat_percent": 15,
                        "vat_amount": 33,
                        "seat_counts": {
                            "online": 0,
                            "offline": 0,
                            "is_divided": true
                        }
                    },
                    {
                        "key": 7,
                        "type": "S_CHAIR",
                        "trip_id": 8368772,
                        "trip_route_id": 51225193,
                        "route_id": 20902,
                        "fare": "75.00",
                        "vat_percent": 0,
                        "vat_amount": 0,
                        "seat_counts": {
                            "online": 3,
                            "offline": 2,
                            "is_divided": true
                        }
                    }
                ],
                "train_model": "803",
                "is_open_for_all": true,
                "is_eid_trip": 0,
                "boarding_points": [
                    {
                        "trip_point_id": 106960039,
                        "location_id": 2781,
                        "location_name": "Birampur Station",
                        "location_time": "12:53 AM"
                    }
                ],
                "is_international": 0,
                "is_from_city_international": false
            },
            {
                "trip_number": "DRUTOJAN EXPRESS (757)",
                "departure_date_time": "29 Nov, 02:46 am",
                "departure_full_date": "2024-11-29",
                "departure_date_time_jd": "Fri, 29 Nov 2024, 02:46 AM",
                "arrival_date_time": "29 Nov, 04:20 am",
                "travel_time": "01h 34m",
                "origin_city_name": "birampur",
                "destination_city_name": "dinajpur",
                "seat_types": [
                    {
                        "key": 3,
                        "type": "SNIGDHA",
                        "trip_id": 8368753,
                        "trip_route_id": 51223964,
                        "route_id": 19372,
                        "fare": "150.00",
                        "vat_percent": 15,
                        "vat_amount": 23,
                        "seat_counts": {
                            "online": 0,
                            "offline": 0,
                            "is_divided": true
                        }
                    },
                    {
                        "key": 7,
                        "type": "S_CHAIR",
                        "trip_id": 8368760,
                        "trip_route_id": 51224458,
                        "route_id": 19372,
                        "fare": "75.00",
                        "vat_percent": 0,
                        "vat_amount": 0,
                        "seat_counts": {
                            "online": 5,
                            "offline": 5,
                            "is_divided": true
                        }
                    }
                ],
                "train_model": "757",
                "is_open_for_all": true,
                "is_eid_trip": 0,
                "boarding_points": [
                    {
                        "trip_point_id": 106960422,
                        "location_id": 2781,
                        "location_name": "Birampur Station",
                        "location_time": "02:46 AM"
                    }
                ],
                "is_international": 0,
                "is_from_city_international": false
            },
            {
                "trip_number": "EKOTA EXPRESS (705)",
                "departure_date_time": "29 Nov, 05:37 pm",
                "departure_full_date": "2024-11-29",
                "departure_date_time_jd": "Fri, 29 Nov 2024, 05:37 PM",
                "arrival_date_time": "29 Nov, 07:00 pm",
                "travel_time": "01h 23m",
                "origin_city_name": "birampur",
                "destination_city_name": "dinajpur",
                "seat_types": [
                    {
                        "key": 3,
                        "type": "SNIGDHA",
                        "trip_id": 8369072,
                        "trip_route_id": 51233333,
                        "route_id": 19372,
                        "fare": "125.00",
                        "vat_percent": 15,
                        "vat_amount": 19,
                        "seat_counts": {
                            "online": 0,
                            "offline": 0,
                            "is_divided": true
                        }
                    },
                    {
                        "key": 7,
                        "type": "S_CHAIR",
                        "trip_id": 8369073,
                        "trip_route_id": 51233415,
                        "route_id": 19372,
                        "fare": "75.00",
                        "vat_percent": 0,
                        "vat_amount": 0,
                        "seat_counts": {
                            "online": 5,
                            "offline": 5,
                            "is_divided": true
                        }
                    },
                    {
                        "key": 2,
                        "type": "AC_S",
                        "trip_id": 8369074,
                        "trip_route_id": 51233520,
                        "route_id": 19372,
                        "fare": "150.00",
                        "vat_percent": 15,
                        "vat_amount": 23,
                        "seat_counts": {
                            "online": 0,
                            "offline": 0,
                            "is_divided": true
                        }
                    }
                ],
                "train_model": "705",
                "is_open_for_all": true,
                "is_eid_trip": 0,
                "boarding_points": [
                    {
                        "trip_point_id": 106966150,
                        "location_id": 2781,
                        "location_name": "Birampur Station",
                        "location_time": "05:37 PM"
                    }
                ],
                "is_international": 0,
                "is_from_city_international": false
            }
        ],
        "selected_seat_class": "S_CHAIR"
    },
    "extra": {
        "hash": "88E00379AB924FAF93ACD45CF0B3C41E"
    }
}