{
    "data": {
        "trains": [
            {
                "trip_number": "BANGLABANDHA EXPRESS (803)",
                "departure_date_time": "29 Nov, 12:53 am",
                "departure_full_date": "2024-11-29",
                "departure_date_time_jd": "Fri, 29 Nov 2024, 12:53 AM",
                "arrival_date_time": "29 Nov, 03:12 am",
                "travel_time": "02h 19m",
                "origin_city_name": "birampur",
                "destination_city_name": "pirganj",
                "seat_types": [
                    {
                        "key": 1,
                        "type": "AC_B",
                        "trip_id": 8368737,
                        "trip_route_id": 51223182,
                        "route_id": 20903,
                        "fare": "365.00",
                        "vat_percent": 15,
                        "vat_amount": 55,
                        "seat_counts": {
                            "online": 0,
                            "offline": 0,
                            "is_divided": true
                        }
                    },
                    {
                        "key": 7,
                        "type": "S_CHAIR",
                        "trip_id": 8368772,
                        "trip_route_id": 51225194,
                        "route_id": 20903,
                        "fare": "125.00",
                        "vat_percent": 0,
                        "vat_amount": 0,
                        "seat_counts": {
                            "online": 0,
                            "offline": 0,
                            "is_divided": true
                        }
                    }
                ],
                "train_model": "803",
                "is_open_for_all": true,
                "is_eid_trip": 0,
                "boarding_points": [
                    {
                        "trip_point_id": 106960039,
                        "location_id": 2781,
                        "location_name": "Birampur Station",
                        "location_time": "12:53 AM"
                    }
                ],
                "is_international": 0,
                "is_from_city_international": false
            }
        ],
        "selected_seat_class": "S_CHAIR"
    },
    "extra": {
        "hash": "88E00379AB924FAF93ACD45CF0B3C41E"
    }
}