{
    "data": {
        "trains": [
            {
                "trip_number": "KOROTOA EXPRESS (713)",
                "departure_date_time": "29 Nov, 10:03 am",
                "departure_full_date": "2024-11-29",
                "departure_date_time_jd": "Fri, 29 Nov 2024, 10:03 AM",
                "arrival_date_time": "29 Nov, 12:30 pm",
                "travel_time": "02h 27m",
                "origin_city_name": "bogura",
                "destination_city_name": "pirgacha",
                "seat_types": [
                    {
                        "key": 7,
                        "type": "S_CHAIR",
                        "trip_id": 8369121,
                        "trip_route_id": 51237086,
                        "route_id": 21132,
                        "fare": "120.00",
                        "vat_percent": 0,
                        "vat_amount": 0,
                        "seat_counts": {
                            "online": 8,
                            "offline": 7,
                            "is_divided": true
                        }
                    }
                ],
                "train_model": "713",
                "is_open_for_all": true,
                "is_eid_trip": 0,
                "boarding_points": [
                    {
                        "trip_point_id": 106967876,
                        "location_id": 2726,
                        "location_name": "Bogura Station",
                        "location_time": "10:03 AM"
                    }
                ],
                "is_international": 0,
                "is_from_city_international": false
            },
            {
                "trip_number": "DOLONCHAPA EXPRESS (767)",
                "departure_date_time": "29 Nov, 11:54 am",
                "departure_full_date": "2024-11-29",
                "departure_date_time_jd": "Fri, 29 Nov 2024, 11:54 AM",
                "arrival_date_time": "29 Nov, 02:30 pm",
                "travel_time": "02h 36m",
                "origin_city_name": "bogura",
                "destination_city_name": "pirgacha",
                "seat_types": [
                    {
                        "key": 7,
                        "type": "S_CHAIR",
                        "trip_id": 8369125,
                        "trip_route_id": 51237484,
                        "route_id": 24662,
                        "fare": "120.00",
                        "vat_percent": 0,
                        "vat_amount": 0,
                        "seat_counts": {
                            "online": 3,
                            "offline": 2,
                            "is_divided": true
                        }
                    },
                    {
                        "key": 8,
                        "type": "SHOVAN",
                        "trip_id": 8369281,
                        "trip_route_id": 51241781,
                        "route_id": 24662,
                        "fare": "100.00",
                        "vat_percent": 0,
                        "vat_amount": 0,
                        "seat_counts": {
                            "online": 2,
                            "offline": 2,
                            "is_divided": true
                        }
                    }
                ],
                "train_model": "767",
                "is_open_for_all": true,
                "is_eid_trip": 0,
                "boarding_points": [
                    {
                        "trip_point_id": 106968009,
                        "location_id": 2726,
                        "location_name": "Bogura Station",
                        "location_time": "11:54 AM"
                    }
                ],
                "is_international": 0,
                "is_from_city_international": false
            },
            {
                "trip_number": "RANGPUR EXPRESS (771)",
                "departure_date_time": "29 Nov, 03:59 pm",
                "departure_full_date": "2024-11-29",
                "departure_date_time_jd": "Fri, 29 Nov 2024, 03:59 PM",
                "arrival_date_time": "29 Nov, 06:11 pm",
                "travel_time": "02h 12m",
                "origin_city_name": "bogura",
                "destination_city_name": "pirgacha",
                "seat_types": [
                    {
                        "key": 3,
                        "type": "SNIGDHA",
                        "trip_id": 8369033,
                        "trip_route_id": 51231460,
                        "route_id": 26576,
                        "fare": "200.00",
                        "vat_percent": 15,
                        "vat_amount": 30,
                        "seat_counts": {
                            "online": 2,
                            "offline": 1,
                            "is_divided": true
                        }
                    },
                    {
                        "key": 7,
                        "type": "S_CHAIR",
                        "trip_id": 8369034,
                        "trip_route_id": 51231503,
                        "route_id": 26576,
                        "fare": "120.00",
                        "vat_percent": 0,
                        "vat_amount": 0,
                        "seat_counts": {
                            "online": 5,
                            "offline": 5,
                            "is_divided": true
                        }
                    }
                ],
                "train_model": "771",
                "is_open_for_all": true,
                "is_eid_trip": 0,
                "boarding_points": [
                    {
                        "trip_point_id": 106965204,
                        "location_id": 2726,
                        "location_name": "Bogura Station",
                        "location_time": "03:59 PM"
                    }
                ],
                "is_international": 0,
                "is_from_city_international": false
            }
        ],
        "selected_seat_class": "S_CHAIR"
    },
    "extra": {
        "hash": "88E00379AB924FAF93ACD45CF0B3C41E"
    }
}