{
    "data": {
        "trains": [
            {
                "trip_number": "LALMONI EXPRESS (751)",
                "departure_date_time": "29 Nov, 04:33 am",
                "departure_full_date": "2024-11-29",
                "departure_date_time_jd": "Fri, 29 Nov 2024, 04:33 AM",
                "arrival_date_time": "29 Nov, 07:30 am",
                "travel_time": "02h 57m",
                "origin_city_name": "bogura",
                "destination_city_name": "lalmonirhat",
                "seat_types": [
                    {
                        "key": 1,
                        "type": "AC_B",
                        "trip_id": 8368703,
                        "trip_route_id": 51221074,
                        "route_id": 19644,
                        "fare": "475.00",
                        "vat_percent": 15,
                        "vat_amount": 72,
                        "seat_counts": {
                            "online": 0,
                            "offline": 0,
                            "is_divided": true
                        }
                    },
                    {
                        "key": 3,
                        "type": "SNIGDHA",
                        "trip_id": 8368704,
                        "trip_route_id": 51221109,
                        "route_id": 19644,
                        "fare": "265.00",
                        "vat_percent": 15,
                        "vat_amount": 40,
                        "seat_counts": {
                            "online": 3,
                            "offline": 2,
                            "is_divided": true
                        }
                    },
                    {
                        "key": 7,
                        "type": "S_CHAIR",
                        "trip_id": 8368705,
                        "trip_route_id": 51221145,
                        "route_id": 19644,
                        "fare": "160.00",
                        "vat_percent": 0,
                        "vat_amount": 0,
                        "seat_counts": {
                            "online": 10,
                            "offline": 10,
                            "is_divided": true
                        }
                    }
                ],
                "train_model": "751",
                "is_open_for_all": true,
                "is_eid_trip": 0,
                "boarding_points": [
                    {
                        "trip_point_id": 106958932,
                        "location_id": 2726,
                        "location_name": "Bogura Station",
                        "location_time": "04:33 AM"
                    }
                ],
                "is_international": 0,
                "is_from_city_international": false
            },
            {
                "trip_number": "KOROTOA EXPRESS (713)",
                "departure_date_time": "29 Nov, 10:03 am",
                "departure_full_date": "2024-11-29",
                "departure_date_time_jd": "Fri, 29 Nov 2024, 10:03 AM",
                "arrival_date_time": "29 Nov, 01:20 pm",
                "travel_time": "03h 17m",
                "origin_city_name": "bogura",
                "destination_city_name": "lalmonirhat",
                "seat_types": [
                    {
                        "key": 7,
                        "type": "S_CHAIR",
                        "trip_id": 8369121,
                        "trip_route_id": 51237079,
                        "route_id": 21133,
                        "fare": "160.00",
                        "vat_percent": 0,
                        "vat_amount": 0,
                        "seat_counts": {
                            "online": 34,
                            "offline": 33,
                            "is_divided": true
                        }
                    }
                ],
                "train_model": "713",
                "is_open_for_all": true,
                "is_eid_trip": 0,
                "boarding_points": [
                    {
                        "trip_point_id": 106967876,
                        "location_id": 2726,
                        "location_name": "Bogura Station",
                        "location_time": "10:03 AM"
                    }
                ],
                "is_international": 0,
                "is_from_city_international": false
            },
            {
                "trip_number": "BURIMARI EXPRESS (809)",
                "departure_date_time": "29 Nov, 03:05 pm",
                "departure_full_date": "2024-11-29",
                "departure_date_time_jd": "Fri, 29 Nov 2024, 03:05 PM",
                "arrival_date_time": "29 Nov, 06:10 pm",
                "travel_time": "03h 05m",
                "origin_city_name": "bogura",
                "destination_city_name": "lalmonirhat",
                "seat_types": [
                    {
                        "key": 2,
                        "type": "AC_S",
                        "trip_id": 8369347,
                        "trip_route_id": 51242842,
                        "route_id": 26184,
                        "fare": "315.00",
                        "vat_percent": 15,
                        "vat_amount": 48,
                        "seat_counts": {
                            "online": 3,
                            "offline": 3,
                            "is_divided": true
                        }
                    },
                    {
                        "key": 3,
                        "type": "SNIGDHA",
                        "trip_id": 8369348,
                        "trip_route_id": 51242855,
                        "route_id": 26184,
                        "fare": "265.00",
                        "vat_percent": 15,
                        "vat_amount": 40,
                        "seat_counts": {
                            "online": 10,
                            "offline": 10,
                            "is_divided": true
                        }
                    },
                    {
                        "key": 7,
                        "type": "S_CHAIR",
                        "trip_id": 8369349,
                        "trip_route_id": 51242890,
                        "route_id": 26184,
                        "fare": "160.00",
                        "vat_percent": 0,
                        "vat_amount": 0,
                        "seat_counts": {
                            "online": 15,
                            "offline": 14,
                            "is_divided": true
                        }
                    }
                ],
                "train_model": "809",
                "is_open_for_all": true,
                "is_eid_trip": 0,
                "boarding_points": [
                    {
                        "trip_point_id": 106971581,
                        "location_id": 2726,
                        "location_name": "Bogura Station",
                        "location_time": "03:05 PM"
                    }
                ],
                "is_international": 0,
                "is_from_city_international": false
            }
        ],
        "selected_seat_class": "S_CHAIR"
    },
    "extra": {
        "hash": "88E00379AB924FAF93ACD45CF0B3C41E"
    }
}