{
    "data": {
        "trains": [
            {
                "trip_number": "DOLONCHAPA EXPRESS (767)",
                "departure_date_time": "29 Nov, 01:09 pm",
                "departure_full_date": "2024-11-29",
                "departure_date_time_jd": "Fri, 29 Nov 2024, 01:09 PM",
                "arrival_date_time": "29 Nov, 05:42 pm",
                "travel_time": "04h 33m",
                "origin_city_name": "bonar_para",
                "destination_city_name": "dinajpur",
                "seat_types": [
                    {
                        "key": 7,
                        "type": "S_CHAIR",
                        "trip_id": 8369125,
                        "trip_route_id": 51237518,
                        "route_id": 23553,
                        "fare": "190.00",
                        "vat_percent": 0,
                        "vat_amount": 0,
                        "seat_counts": {
                            "online": 3,
                            "offline": 2,
                            "is_divided": true
                        }
                    },
                    {
                        "key": 8,
                        "type": "SHOVAN",
                        "trip_id": 8369281,
                        "trip_route_id": 51241828,
                        "route_id": 23553,
                        "fare": "160.00",
                        "vat_percent": 0,
                        "vat_amount": 0,
                        "seat_counts": {
                            "online": 3,
                            "offline": 2,
                            "is_divided": true
                        }
                    }
                ],
                "train_model": "767",
                "is_open_for_all": true,
                "is_eid_trip": 0,
                "boarding_points": [
                    {
                        "trip_point_id": 106968016,
                        "location_id": 2711,
                        "location_name": "Bonar_Para Station",
                        "location_time": "01:09 PM"
                    }
                ],
                "is_international": 0,
                "is_from_city_international": false
            }
        ],
        "selected_seat_class": "S_CHAIR"
    },
    "extra": {
        "hash": "88E00379AB924FAF93ACD45CF0B3C41E"
    }
}