{
    "data": {
        "trains": [
            {
                "trip_number": "DHUMKETU EXPRESS (770)",
                "departure_date_time": "29 Nov, 01:03 am",
                "departure_full_date": "2024-11-29",
                "departure_date_time_jd": "Fri, 29 Nov 2024, 01:03 AM",
                "arrival_date_time": "29 Nov, 01:49 am",
                "travel_time": "00h 46m",
                "origin_city_name": "boral_bridge",
                "destination_city_name": "sh m monsur ali",
                "seat_types": [
                    {
                        "key": 7,
                        "type": "S_CHAIR",
                        "trip_id": 8368684,
                        "trip_route_id": 51220366,
                        "route_id": 19575,
                        "fare": "50.00",
                        "vat_percent": 0,
                        "vat_amount": 0,
                        "seat_counts": {
                            "online": 0,
                            "offline": 0,
                            "is_divided": true
                        }
                    },
                    {
                        "key": 3,
                        "type": "SNIGDHA",
                        "trip_id": 8368685,
                        "trip_route_id": 51220389,
                        "route_id": 19575,
                        "fare": "100.00",
                        "vat_percent": 15,
                        "vat_amount": 15,
                        "seat_counts": {
                            "online": 0,
                            "offline": 0,
                            "is_divided": true
                        }
                    },
                    {
                        "key": 1,
                        "type": "AC_B",
                        "trip_id": 8368686,
                        "trip_route_id": 51220410,
                        "route_id": 19575,
                        "fare": "145.00",
                        "vat_percent": 15,
                        "vat_amount": 22,
                        "seat_counts": {
                            "online": 0,
                            "offline": 0,
                            "is_divided": true
                        }
                    }
                ],
                "train_model": "770",
                "is_open_for_all": true,
                "is_eid_trip": 0,
                "boarding_points": [
                    {
                        "trip_point_id": 106958541,
                        "location_id": 2706,
                        "location_name": "Boral_Bridge Station",
                        "location_time": "01:03 AM"
                    }
                ],
                "is_international": 0,
                "is_from_city_international": false
            },
            {
                "trip_number": "SILKCITY EXPRESS (754)",
                "departure_date_time": "29 Nov, 09:17 am",
                "departure_full_date": "2024-11-29",
                "departure_date_time_jd": "Fri, 29 Nov 2024, 09:17 AM",
                "arrival_date_time": "29 Nov, 10:01 am",
                "travel_time": "00h 44m",
                "origin_city_name": "boral_bridge",
                "destination_city_name": "sh m monsur ali",
                "seat_types": [
                    {
                        "key": 2,
                        "type": "AC_S",
                        "trip_id": 8369051,
                        "trip_route_id": 51232201,
                        "route_id": 19575,
                        "fare": "110.00",
                        "vat_percent": 15,
                        "vat_amount": 17,
                        "seat_counts": {
                            "online": 0,
                            "offline": 0,
                            "is_divided": true
                        }
                    },
                    {
                        "key": 3,
                        "type": "SNIGDHA",
                        "trip_id": 8369052,
                        "trip_route_id": 51232242,
                        "route_id": 19575,
                        "fare": "100.00",
                        "vat_percent": 15,
                        "vat_amount": 15,
                        "seat_counts": {
                            "online": 0,
                            "offline": 0,
                            "is_divided": true
                        }
                    },
                    {
                        "key": 7,
                        "type": "S_CHAIR",
                        "trip_id": 8369053,
                        "trip_route_id": 51232283,
                        "route_id": 19575,
                        "fare": "50.00",
                        "vat_percent": 0,
                        "vat_amount": 0,
                        "seat_counts": {
                            "online": 3,
                            "offline": 2,
                            "is_divided": true
                        }
                    }
                ],
                "train_model": "754",
                "is_open_for_all": true,
                "is_eid_trip": 0,
                "boarding_points": [
                    {
                        "trip_point_id": 106965640,
                        "location_id": 2706,
                        "location_name": "Boral_Bridge Station",
                        "location_time": "09:17 AM"
                    }
                ],
                "is_international": 0,
                "is_from_city_international": false
            },
            {
                "trip_number": "PADMA EXPRESS (760)",
                "departure_date_time": "29 Nov, 05:42 pm",
                "departure_full_date": "2024-11-29",
                "departure_date_time_jd": "Fri, 29 Nov 2024, 05:42 PM",
                "arrival_date_time": "29 Nov, 06:20 pm",
                "travel_time": "00h 38m",
                "origin_city_name": "boral_bridge",
                "destination_city_name": "sh m monsur ali",
                "seat_types": [
                    {
                        "key": 3,
                        "type": "SNIGDHA",
                        "trip_id": 8369046,
                        "trip_route_id": 51231976,
                        "route_id": 19575,
                        "fare": "100.00",
                        "vat_percent": 15,
                        "vat_amount": 15,
                        "seat_counts": {
                            "online": 0,
                            "offline": 0,
                            "is_divided": true
                        }
                    },
                    {
                        "key": 7,
                        "type": "S_CHAIR",
                        "trip_id": 8369047,
                        "trip_route_id": 51232015,
                        "route_id": 19575,
                        "fare": "50.00",
                        "vat_percent": 0,
                        "vat_amount": 0,
                        "seat_counts": {
                            "online": 0,
                            "offline": 0,
                            "is_divided": true
                        }
                    },
                    {
                        "key": 2,
                        "type": "AC_S",
                        "trip_id": 8369114,
                        "trip_route_id": 51236853,
                        "route_id": 19575,
                        "fare": "110.00",
                        "vat_percent": 15,
                        "vat_amount": 17,
                        "seat_counts": {
                            "online": 0,
                            "offline": 0,
                            "is_divided": true
                        }
                    }
                ],
                "train_model": "760",
                "is_open_for_all": true,
                "is_eid_trip": 0,
                "boarding_points": [
                    {
                        "trip_point_id": 106965517,
                        "location_id": 2706,
                        "location_name": "Boral_Bridge Station",
                        "location_time": "05:42 PM"
                    }
                ],
                "is_international": 0,
                "is_from_city_international": false
            }
        ],
        "selected_seat_class": "S_CHAIR"
    },
    "extra": {
        "hash": "88E00379AB924FAF93ACD45CF0B3C41E"
    }
}