{
    "data": {
        "trains": [
            {
                "trip_number": "CHITRA EXPRESS (764)",
                "departure_date_time": "29 Nov, 11:20 pm",
                "departure_full_date": "2024-11-29",
                "departure_date_time_jd": "Fri, 29 Nov 2024, 11:20 PM",
                "arrival_date_time": "30 Nov, 03:40 pm",
                "travel_time": "16h 20m",
                "origin_city_name": "boral_bridge",
                "destination_city_name": "jashore",
                "seat_types": [
                    {
                        "key": 3,
                        "type": "SNIGDHA",
                        "trip_id": 8369086,
                        "trip_route_id": 51234310,
                        "route_id": 20637,
                        "fare": "445.00",
                        "vat_percent": 15,
                        "vat_amount": 67,
                        "seat_counts": {
                            "online": 2,
                            "offline": 1,
                            "is_divided": true
                        }
                    },
                    {
                        "key": 7,
                        "type": "S_CHAIR",
                        "trip_id": 8369103,
                        "trip_route_id": 51235701,
                        "route_id": 20637,
                        "fare": "270.00",
                        "vat_percent": 0,
                        "vat_amount": 0,
                        "seat_counts": {
                            "online": 3,
                            "offline": 2,
                            "is_divided": true
                        }
                    }
                ],
                "train_model": "764",
                "is_open_for_all": true,
                "is_eid_trip": 0,
                "boarding_points": [
                    {
                        "trip_point_id": 106966657,
                        "location_id": 2706,
                        "location_name": "Boral_Bridge Station",
                        "location_time": "11:20 PM"
                    }
                ],
                "is_international": 0,
                "is_from_city_international": false
            }
        ],
        "selected_seat_class": "S_CHAIR"
    },
    "extra": {
        "hash": "88E00379AB924FAF93ACD45CF0B3C41E"
    }
}