{
    "data": {
        "trains": [
            {
                "trip_number": "DHUMKETU EXPRESS (770)",
                "departure_date_time": "29 Nov, 01:03 am",
                "departure_full_date": "2024-11-29",
                "departure_date_time_jd": "Fri, 29 Nov 2024, 01:03 AM",
                "arrival_date_time": "29 Nov, 05:00 am",
                "travel_time": "03h 57m",
                "origin_city_name": "boral_bridge",
                "destination_city_name": "dhaka",
                "seat_types": [
                    {
                        "key": 7,
                        "type": "S_CHAIR",
                        "trip_id": 8368684,
                        "trip_route_id": 51220365,
                        "route_id": 19576,
                        "fare": "300.00",
                        "vat_percent": 0,
                        "vat_amount": 0,
                        "seat_counts": {
                            "online": 0,
                            "offline": 0,
                            "is_divided": true
                        }
                    },
                    {
                        "key": 3,
                        "type": "SNIGDHA",
                        "trip_id": 8368685,
                        "trip_route_id": 51220388,
                        "route_id": 19576,
                        "fare": "495.00",
                        "vat_percent": 15,
                        "vat_amount": 75,
                        "seat_counts": {
                            "online": 1,
                            "offline": 0,
                            "is_divided": true
                        }
                    },
                    {
                        "key": 1,
                        "type": "AC_B",
                        "trip_id": 8368686,
                        "trip_route_id": 51220409,
                        "route_id": 19576,
                        "fare": "890.00",
                        "vat_percent": 15,
                        "vat_amount": 134,
                        "seat_counts": {
                            "online": 0,
                            "offline": 0,
                            "is_divided": true
                        }
                    }
                ],
                "train_model": "770",
                "is_open_for_all": true,
                "is_eid_trip": 0,
                "boarding_points": [
                    {
                        "trip_point_id": 106958541,
                        "location_id": 2706,
                        "location_name": "Boral_Bridge Station",
                        "location_time": "01:03 AM"
                    }
                ],
                "is_international": 0,
                "is_from_city_international": false
            },
            {
                "trip_number": "SILKCITY EXPRESS (754)",
                "departure_date_time": "29 Nov, 09:17 am",
                "departure_full_date": "2024-11-29",
                "departure_date_time_jd": "Fri, 29 Nov 2024, 09:17 AM",
                "arrival_date_time": "29 Nov, 01:20 pm",
                "travel_time": "04h 03m",
                "origin_city_name": "boral_bridge",
                "destination_city_name": "dhaka",
                "seat_types": [
                    {
                        "key": 2,
                        "type": "AC_S",
                        "trip_id": 8369051,
                        "trip_route_id": 51232199,
                        "route_id": 19576,
                        "fare": "595.00",
                        "vat_percent": 15,
                        "vat_amount": 90,
                        "seat_counts": {
                            "online": 0,
                            "offline": 0,
                            "is_divided": true
                        }
                    },
                    {
                        "key": 3,
                        "type": "SNIGDHA",
                        "trip_id": 8369052,
                        "trip_route_id": 51232240,
                        "route_id": 19576,
                        "fare": "495.00",
                        "vat_percent": 15,
                        "vat_amount": 75,
                        "seat_counts": {
                            "online": 8,
                            "offline": 8,
                            "is_divided": true
                        }
                    },
                    {
                        "key": 7,
                        "type": "S_CHAIR",
                        "trip_id": 8369053,
                        "trip_route_id": 51232281,
                        "route_id": 19576,
                        "fare": "300.00",
                        "vat_percent": 0,
                        "vat_amount": 0,
                        "seat_counts": {
                            "online": 0,
                            "offline": 0,
                            "is_divided": true
                        }
                    }
                ],
                "train_model": "754",
                "is_open_for_all": true,
                "is_eid_trip": 0,
                "boarding_points": [
                    {
                        "trip_point_id": 106965640,
                        "location_id": 2706,
                        "location_name": "Boral_Bridge Station",
                        "location_time": "09:17 AM"
                    }
                ],
                "is_international": 0,
                "is_from_city_international": false
            },
            {
                "trip_number": "CHITRA EXPRESS (763)",
                "departure_date_time": "29 Nov, 02:09 pm",
                "departure_full_date": "2024-11-29",
                "departure_date_time_jd": "Fri, 29 Nov 2024, 02:09 PM",
                "arrival_date_time": "29 Nov, 06:05 pm",
                "travel_time": "03h 56m",
                "origin_city_name": "boral_bridge",
                "destination_city_name": "dhaka",
                "seat_types": [
                    {
                        "key": 3,
                        "type": "SNIGDHA",
                        "trip_id": 8369085,
                        "trip_route_id": 51234226,
                        "route_id": 20722,
                        "fare": "495.00",
                        "vat_percent": 15,
                        "vat_amount": 75,
                        "seat_counts": {
                            "online": 0,
                            "offline": 0,
                            "is_divided": true
                        }
                    },
                    {
                        "key": 2,
                        "type": "AC_S",
                        "trip_id": 8369097,
                        "trip_route_id": 51235283,
                        "route_id": 20722,
                        "fare": "595.00",
                        "vat_percent": 15,
                        "vat_amount": 90,
                        "seat_counts": {
                            "online": 0,
                            "offline": 0,
                            "is_divided": true
                        }
                    },
                    {
                        "key": 7,
                        "type": "S_CHAIR",
                        "trip_id": 8369100,
                        "trip_route_id": 51235493,
                        "route_id": 20722,
                        "fare": "300.00",
                        "vat_percent": 0,
                        "vat_amount": 0,
                        "seat_counts": {
                            "online": 0,
                            "offline": 0,
                            "is_divided": true
                        }
                    }
                ],
                "train_model": "763",
                "is_open_for_all": true,
                "is_eid_trip": 0,
                "boarding_points": [
                    {
                        "trip_point_id": 106966618,
                        "location_id": 2706,
                        "location_name": "Boral_Bridge Station",
                        "location_time": "02:09 PM"
                    }
                ],
                "is_international": 0,
                "is_from_city_international": false
            },
            {
                "trip_number": "PADMA EXPRESS (760)",
                "departure_date_time": "29 Nov, 05:42 pm",
                "departure_full_date": "2024-11-29",
                "departure_date_time_jd": "Fri, 29 Nov 2024, 05:42 PM",
                "arrival_date_time": "29 Nov, 09:25 pm",
                "travel_time": "03h 43m",
                "origin_city_name": "boral_bridge",
                "destination_city_name": "dhaka",
                "seat_types": [
                    {
                        "key": 3,
                        "type": "SNIGDHA",
                        "trip_id": 8369046,
                        "trip_route_id": 51231974,
                        "route_id": 19576,
                        "fare": "495.00",
                        "vat_percent": 15,
                        "vat_amount": 75,
                        "seat_counts": {
                            "online": 0,
                            "offline": 0,
                            "is_divided": true
                        }
                    },
                    {
                        "key": 7,
                        "type": "S_CHAIR",
                        "trip_id": 8369047,
                        "trip_route_id": 51232013,
                        "route_id": 19576,
                        "fare": "300.00",
                        "vat_percent": 0,
                        "vat_amount": 0,
                        "seat_counts": {
                            "online": 0,
                            "offline": 0,
                            "is_divided": true
                        }
                    },
                    {
                        "key": 2,
                        "type": "AC_S",
                        "trip_id": 8369114,
                        "trip_route_id": 51236851,
                        "route_id": 19576,
                        "fare": "595.00",
                        "vat_percent": 15,
                        "vat_amount": 90,
                        "seat_counts": {
                            "online": 0,
                            "offline": 0,
                            "is_divided": true
                        }
                    }
                ],
                "train_model": "760",
                "is_open_for_all": true,
                "is_eid_trip": 0,
                "boarding_points": [
                    {
                        "trip_point_id": 106965517,
                        "location_id": 2706,
                        "location_name": "Boral_Bridge Station",
                        "location_time": "05:42 PM"
                    }
                ],
                "is_international": 0,
                "is_from_city_international": false
            }
        ],
        "selected_seat_class": "S_CHAIR"
    },
    "extra": {
        "hash": "88E00379AB924FAF93ACD45CF0B3C41E"
    }
}