{
    "data": {
        "trains": [
            {
                "trip_number": "MEGHNA EXPRESS (730)",
                "departure_date_time": "29 Nov, 05:05 am",
                "departure_full_date": "2024-11-29",
                "departure_date_time_jd": "Fri, 29 Nov 2024, 05:05 AM",
                "arrival_date_time": "29 Nov, 05:49 am",
                "travel_time": "00h 44m",
                "origin_city_name": "chandpur_court",
                "destination_city_name": "chitoshi_road",
                "seat_types": [
                    {
                        "key": 8,
                        "type": "SHOVAN",
                        "trip_id": 8369261,
                        "trip_route_id": 51241046,
                        "route_id": 22653,
                        "fare": "55.00",
                        "vat_percent": 0,
                        "vat_amount": 0,
                        "seat_counts": {
                            "online": 3,
                            "offline": 2,
                            "is_divided": true
                        }
                    }
                ],
                "train_model": "730",
                "is_open_for_all": true,
                "is_eid_trip": 0,
                "boarding_points": [
                    {
                        "trip_point_id": 106970398,
                        "location_id": 2871,
                        "location_name": "Chandpur_Court Station",
                        "location_time": "05:05 AM"
                    }
                ],
                "is_international": 0,
                "is_from_city_international": false
            }
        ],
        "selected_seat_class": "S_CHAIR"
    },
    "extra": {
        "hash": "88E00379AB924FAF93ACD45CF0B3C41E"
    }
}