{
    "data": {
        "trains": [
            {
                "trip_number": "BIJOY EXPRESS (785)",
                "departure_date_time": "29 Nov, 09:15 am",
                "departure_full_date": "2024-11-29",
                "departure_date_time_jd": "Fri, 29 Nov 2024, 09:15 AM",
                "arrival_date_time": "29 Nov, 03:05 pm",
                "travel_time": "05h 50m",
                "origin_city_name": "chattogram",
                "destination_city_name": "atharabari",
                "seat_types": [
                    {
                        "key": 3,
                        "type": "SNIGDHA",
                        "trip_id": 8369233,
                        "trip_route_id": 51240409,
                        "route_id": 23408,
                        "fare": "660.00",
                        "vat_percent": 15,
                        "vat_amount": 99,
                        "seat_counts": {
                            "online": 2,
                            "offline": 2,
                            "is_divided": true
                        }
                    },
                    {
                        "key": 7,
                        "type": "S_CHAIR",
                        "trip_id": 8369255,
                        "trip_route_id": 51240845,
                        "route_id": 23408,
                        "fare": "395.00",
                        "vat_percent": 0,
                        "vat_amount": 0,
                        "seat_counts": {
                            "online": 0,
                            "offline": 0,
                            "is_divided": true
                        }
                    }
                ],
                "train_model": "785",
                "is_open_for_all": true,
                "is_eid_trip": 0,
                "boarding_points": [
                    {
                        "trip_point_id": 106969973,
                        "location_id": 2820,
                        "location_name": "Chattogram Station",
                        "location_time": "09:15 AM"
                    }
                ],
                "is_international": 0,
                "is_from_city_international": false
            }
        ],
        "selected_seat_class": "S_CHAIR"
    },
    "extra": {
        "hash": "88E00379AB924FAF93ACD45CF0B3C41E"
    }
}