{
    "data": {
        "trains": [
            {
                "trip_number": "MOHANAGAR EXPRESS (721)",
                "departure_date_time": "29 Nov, 12:30 pm",
                "departure_full_date": "2024-11-29",
                "departure_date_time_jd": "Fri, 29 Nov 2024, 12:30 PM",
                "arrival_date_time": "29 Nov, 04:26 pm",
                "travel_time": "03h 56m",
                "origin_city_name": "chattogram",
                "destination_city_name": "brahmanbaria",
                "seat_types": [
                    {
                        "key": 3,
                        "type": "SNIGDHA",
                        "trip_id": 8369144,
                        "trip_route_id": 51238136,
                        "route_id": 22478,
                        "fare": "430.00",
                        "vat_percent": 15,
                        "vat_amount": 65,
                        "seat_counts": {
                            "online": 1,
                            "offline": 0,
                            "is_divided": true
                        }
                    },
                    {
                        "key": 2,
                        "type": "AC_S",
                        "trip_id": 8369190,
                        "trip_route_id": 51239463,
                        "route_id": 22478,
                        "fare": "515.00",
                        "vat_percent": 15,
                        "vat_amount": 78,
                        "seat_counts": {
                            "online": 3,
                            "offline": 3,
                            "is_divided": true
                        }
                    },
                    {
                        "key": 7,
                        "type": "S_CHAIR",
                        "trip_id": 8369270,
                        "trip_route_id": 51241375,
                        "route_id": 22478,
                        "fare": "260.00",
                        "vat_percent": 0,
                        "vat_amount": 0,
                        "seat_counts": {
                            "online": 22,
                            "offline": 21,
                            "is_divided": true
                        }
                    }
                ],
                "train_model": "721",
                "is_open_for_all": true,
                "is_eid_trip": 0,
                "boarding_points": [
                    {
                        "trip_point_id": 106968388,
                        "location_id": 2820,
                        "location_name": "Chattogram Station",
                        "location_time": "12:30 PM"
                    }
                ],
                "is_international": 0,
                "is_from_city_international": false
            },
            {
                "trip_number": "MAHANAGAR GODHULI (703)",
                "departure_date_time": "29 Nov, 03:00 pm",
                "departure_full_date": "2024-11-29",
                "departure_date_time_jd": "Fri, 29 Nov 2024, 03:00 PM",
                "arrival_date_time": "29 Nov, 06:41 pm",
                "travel_time": "03h 41m",
                "origin_city_name": "chattogram",
                "destination_city_name": "brahmanbaria",
                "seat_types": [
                    {
                        "key": 3,
                        "type": "SNIGDHA",
                        "trip_id": 8369130,
                        "trip_route_id": 51237695,
                        "route_id": 22023,
                        "fare": "430.00",
                        "vat_percent": 15,
                        "vat_amount": 65,
                        "seat_counts": {
                            "online": 9,
                            "offline": 9,
                            "is_divided": true
                        }
                    },
                    {
                        "key": 2,
                        "type": "AC_S",
                        "trip_id": 8369159,
                        "trip_route_id": 51238470,
                        "route_id": 22023,
                        "fare": "515.00",
                        "vat_percent": 15,
                        "vat_amount": 78,
                        "seat_counts": {
                            "online": 2,
                            "offline": 1,
                            "is_divided": true
                        }
                    },
                    {
                        "key": 5,
                        "type": "F_SEAT",
                        "trip_id": 8369160,
                        "trip_route_id": 51238491,
                        "route_id": 22023,
                        "fare": "345.00",
                        "vat_percent": 15,
                        "vat_amount": 52,
                        "seat_counts": {
                            "online": 0,
                            "offline": 0,
                            "is_divided": true
                        }
                    },
                    {
                        "key": 7,
                        "type": "S_CHAIR",
                        "trip_id": 8369161,
                        "trip_route_id": 51238511,
                        "route_id": 22023,
                        "fare": "260.00",
                        "vat_percent": 0,
                        "vat_amount": 0,
                        "seat_counts": {
                            "online": 10,
                            "offline": 10,
                            "is_divided": true
                        }
                    }
                ],
                "train_model": "703",
                "is_open_for_all": true,
                "is_eid_trip": 0,
                "boarding_points": [
                    {
                        "trip_point_id": 106968115,
                        "location_id": 2820,
                        "location_name": "Chattogram Station",
                        "location_time": "03:00 PM"
                    }
                ],
                "is_international": 0,
                "is_from_city_international": false
            },
            {
                "trip_number": "TURNA (741)",
                "departure_date_time": "29 Nov, 11:30 pm",
                "departure_full_date": "2024-11-29",
                "departure_date_time_jd": "Fri, 29 Nov 2024, 11:30 PM",
                "arrival_date_time": "30 Nov, 03:07 am",
                "travel_time": "03h 37m",
                "origin_city_name": "chattogram",
                "destination_city_name": "brahmanbaria",
                "seat_types": [
                    {
                        "key": 3,
                        "type": "SNIGDHA",
                        "trip_id": 8369154,
                        "trip_route_id": 51238386,
                        "route_id": 22819,
                        "fare": "430.00",
                        "vat_percent": 15,
                        "vat_amount": 65,
                        "seat_counts": {
                            "online": 0,
                            "offline": 0,
                            "is_divided": true
                        }
                    },
                    {
                        "key": 1,
                        "type": "AC_B",
                        "trip_id": 8369214,
                        "trip_route_id": 51240012,
                        "route_id": 22819,
                        "fare": "775.00",
                        "vat_percent": 15,
                        "vat_amount": 117,
                        "seat_counts": {
                            "online": 0,
                            "offline": 0,
                            "is_divided": true
                        }
                    },
                    {
                        "key": 4,
                        "type": "F_BERTH",
                        "trip_id": 8369215,
                        "trip_route_id": 51240025,
                        "route_id": 22819,
                        "fare": "515.00",
                        "vat_percent": 15,
                        "vat_amount": 78,
                        "seat_counts": {
                            "online": 0,
                            "offline": 0,
                            "is_divided": true
                        }
                    },
                    {
                        "key": 7,
                        "type": "S_CHAIR",
                        "trip_id": 8369216,
                        "trip_route_id": 51240038,
                        "route_id": 22819,
                        "fare": "260.00",
                        "vat_percent": 0,
                        "vat_amount": 0,
                        "seat_counts": {
                            "online": 0,
                            "offline": 0,
                            "is_divided": true
                        }
                    }
                ],
                "train_model": "741",
                "is_open_for_all": true,
                "is_eid_trip": 0,
                "boarding_points": [
                    {
                        "trip_point_id": 106968565,
                        "location_id": 2820,
                        "location_name": "Chattogram Station",
                        "location_time": "11:30 PM"
                    }
                ],
                "is_international": 0,
                "is_from_city_international": false
            }
        ],
        "selected_seat_class": "S_CHAIR"
    },
    "extra": {
        "hash": "88E00379AB924FAF93ACD45CF0B3C41E"
    }
}