{
    "data": {
        "days": [
            "Fri",
            "Sun",
            "Mon",
            "Tue",
            "Wed",
            "Thu"
        ],
        "routes": [
            {
                "city": "Panchagarh",
                "departure_time": "09:00 am BST",
                "halt": null,
                "duration": null,
                "arrival_time": null
            },
            {
                "city": "Kismat",
                "departure_time": "09:20 am BST",
                "arrival_time": "09:18 am BST",
                "halt": "02",
                "duration": "00:18"
            },
            {
                "city": "Ruhia",
                "departure_time": "09:31 am BST",
                "arrival_time": "09:29 am BST",
                "halt": "02",
                "duration": "00:09"
            },
            {
                "city": "Thakurgaon_Road",
                "arrival_time": "09:47 am BST",
                "departure_time": "09:50 am BST",
                "halt": "03",
                "duration": "00:16"
            },
            {
                "city": "Shibganj",
                "departure_time": "09:59 am BST",
                "arrival_time": "09:57 am BST",
                "halt": "02",
                "duration": "00:07"
            },
            {
                "city": "Pirganj",
                "departure_time": "10:17 am BST",
                "arrival_time": "10:15 am BST",
                "halt": "02",
                "duration": "00:16"
            },
            {
                "city": "Setabganj",
                "departure_time": "10:36 am BST",
                "arrival_time": "10:34 am BST",
                "halt": "02",
                "duration": "00:17"
            },
            {
                "city": "Dinajpur",
                "departure_time": "11:15 am BST",
                "arrival_time": "11:07 am BST",
                "halt": "08",
                "duration": "00:31"
            },
            {
                "city": "Chirirbandar",
                "departure_time": "11:36 am BST",
                "arrival_time": "11:34 am BST",
                "halt": "02",
                "duration": "00:19"
            },
            {
                "city": "Parbatipur",
                "arrival_time": "12:00 pm BST",
                "departure_time": "12:20 pm BST",
                "halt": "20",
                "duration": "00:24"
            },
            {
                "city": "Fulbari",
                "arrival_time": "12:38 pm BST",
                "departure_time": "12:41 pm BST",
                "halt": "03",
                "duration": "00:18"
            },
            {
                "city": "Birampur",
                "arrival_time": "12:52 pm BST",
                "departure_time": "12:55 pm BST",
                "halt": "03",
                "duration": "00:11"
            },
            {
                "city": "Panchbibi",
                "arrival_time": "01:30 pm BST",
                "departure_time": "01:32 pm BST",
                "halt": "02",
                "duration": "00:35"
            },
            {
                "city": "Joypurhat",
                "arrival_time": "01:43 pm BST",
                "departure_time": "01:46 pm BST",
                "halt": "03",
                "duration": "00:11"
            },
            {
                "city": "Akkelpur",
                "arrival_time": "02:12 pm BST",
                "departure_time": "02:14 pm BST",
                "halt": "02",
                "duration": "00:26"
            },
            {
                "city": "Santahar",
                "arrival_time": "02:40 pm BST",
                "departure_time": "02:45 pm BST",
                "halt": "05",
                "duration": "00:26"
            },
            {
                "city": "Ahsanganj",
                "arrival_time": "03:07 pm BST",
                "departure_time": "03:09 pm BST",
                "halt": "02",
                "duration": "00:22"
            },
            {
                "city": "Madhnagar",
                "arrival_time": "03:18 pm BST",
                "departure_time": "03:20 pm BST",
                "halt": "02",
                "duration": "00:09"
            },
            {
                "city": "Natore",
                "arrival_time": "03:35 pm BST",
                "departure_time": "03:37 pm BST",
                "halt": "02",
                "duration": "00:15"
            },
            {
                "city": "Abdulpur",
                "arrival_time": "03:55 pm BST",
                "departure_time": "04:15 pm BST",
                "halt": "20",
                "duration": "00:18"
            },
            {
                "city": "Rajshahi",
                "arrival_time": "05:15 pm BST",
                "halt": null,
                "duration": "01:00",
                "departure_time": null
            }
        ],
        "total_duration": "08:15",
        "train_name": "BANGLABANDHA EXPRESS (804)"
    },
    "extra": {
        "hash": "2E1B68AB3FFC1C6C577E36F562130B61"
    }
}