{
    "data": {
        "days": [
            "Fri",
            "Sat",
            "Sun",
            "Mon",
            "Tue",
            "Thu"
        ],
        "routes": [
            {
                "city": "Benapole",
                "departure_time": "12:25 pm BST",
                "halt": null,
                "duration": null,
                "arrival_time": null
            },
            {
                "city": "Jhikargacha",
                "arrival_time": "12:55 pm BST",
                "departure_time": "12:57 pm BST",
                "halt": "02",
                "duration": "00:30"
            },
            {
                "city": "Jashore",
                "departure_time": "01:40 pm BST",
                "arrival_time": "01:20 pm BST",
                "halt": "20",
                "duration": "00:23"
            },
            {
                "city": "Mubarakganj",
                "arrival_time": "02:19 pm BST",
                "departure_time": "02:21 pm BST",
                "halt": "02",
                "duration": "00:39"
            },
            {
                "city": "Kotchandpur",
                "arrival_time": "02:33 pm BST",
                "departure_time": "02:35 pm BST",
                "halt": "02",
                "duration": "00:12"
            },
            {
                "city": "Darshana_Halt",
                "arrival_time": "02:59 pm BST",
                "departure_time": "03:02 pm BST",
                "halt": "03",
                "duration": "00:24"
            },
            {
                "city": "Chuadanga",
                "arrival_time": "03:26 pm BST",
                "departure_time": "03:29 pm BST",
                "halt": "03",
                "duration": "00:24"
            },
            {
                "city": "Poradaha",
                "arrival_time": "03:57 pm BST",
                "departure_time": "04:00 pm BST",
                "halt": "03",
                "duration": "00:28"
            },
            {
                "city": "Kushtia_Court",
                "arrival_time": "04:12 pm BST",
                "departure_time": "04:15 pm BST",
                "halt": "03",
                "duration": "00:12"
            },
            {
                "city": "Khoksha",
                "departure_time": "04:59 pm BST",
                "arrival_time": "04:49 pm BST",
                "halt": "10",
                "duration": "00:34"
            },
            {
                "city": "Rajbari",
                "departure_time": "05:50 pm BST",
                "arrival_time": "05:30 pm BST",
                "halt": "20",
                "duration": "00:31"
            },
            {
                "city": "Faridpur",
                "arrival_time": "06:22 pm BST",
                "departure_time": "06:25 pm BST",
                "halt": "03",
                "duration": "00:32"
            },
            {
                "city": "Bhanga",
                "arrival_time": "06:56 pm BST",
                "departure_time": "06:58 pm BST",
                "halt": "02",
                "duration": "00:31"
            },
            {
                "city": "Dhaka",
                "arrival_time": "08:30 pm BST",
                "halt": null,
                "duration": "01:32",
                "departure_time": null
            }
        ],
        "total_duration": "08:05",
        "train_name": "BENAPOLE EXPRESS (795)"
    },
    "extra": {
        "hash": "2BE019B52680D789BD58CC99C9907821"
    }
}