{
    "data": {
        "days": [
            "Fri",
            "Sat",
            "Sun",
            "Mon",
            "Wed",
            "Thu"
        ],
        "routes": [
            {
                "city": "Chattogram",
                "departure_time": "09:15 am BST",
                "halt": null,
                "duration": null,
                "arrival_time": null
            },
            {
                "city": "Bhatiary",
                "arrival_time": "09:31 am BST",
                "departure_time": "09:33 am BST",
                "halt": "02",
                "duration": "00:16"
            },
            {
                "city": "Feni",
                "arrival_time": "10:39 am BST",
                "departure_time": "10:41 am BST",
                "halt": "02",
                "duration": "01:06"
            },
            {
                "city": "Laksam",
                "arrival_time": "11:18 am BST",
                "departure_time": "11:20 am BST",
                "halt": "02",
                "duration": "00:37"
            },
            {
                "city": "Cumilla",
                "arrival_time": "11:42 am BST",
                "departure_time": "11:44 am BST",
                "halt": "02",
                "duration": "00:22"
            },
            {
                "city": "Akhaura",
                "arrival_time": "12:35 pm BST",
                "departure_time": "12:40 pm BST",
                "halt": "05",
                "duration": "00:51"
            },
            {
                "city": "Bhairab_Bazar",
                "arrival_time": "01:15 pm BST",
                "departure_time": "01:20 pm BST",
                "halt": "05",
                "duration": "00:35"
            },
            {
                "city": "Sararchar",
                "arrival_time": "01:52 pm BST",
                "departure_time": "01:54 pm BST",
                "halt": "02",
                "duration": "00:32"
            },
            {
                "city": "Kishorganj",
                "departure_time": "02:33 pm BST",
                "arrival_time": "02:28 pm BST",
                "halt": "05",
                "duration": "00:34"
            },
            {
                "city": "Atharabari",
                "arrival_time": "03:05 pm BST",
                "halt": "---",
                "duration": "00:32"
            },
            {
                "city": "Gouripur_Myn",
                "arrival_time": "03:35 pm BST",
                "departure_time": "03:55 pm BST",
                "halt": "20",
                "duration": "---"
            },
            {
                "city": "Mymensingh",
                "arrival_time": "04:23 pm BST",
                "departure_time": "04:28 pm BST",
                "halt": "05",
                "duration": "00:28"
            },
            {
                "city": "Piyarpur",
                "arrival_time": "05:06 pm BST",
                "departure_time": "05:08 pm BST",
                "halt": "02",
                "duration": "00:38"
            },
            {
                "city": "Jamalpur_Town",
                "arrival_time": "06:00 pm BST",
                "halt": null,
                "duration": "00:52",
                "departure_time": null
            }
        ],
        "total_duration": "08:45",
        "train_name": "BIJOY EXPRESS (785)"
    },
    "extra": {
        "hash": "2BE019B52680D789BD58CC99C9907821"
    }
}