{
    "data": {
        "days": [
            "Fri",
            "Sat",
            "Sun",
            "Mon",
            "Tue",
            "Thu"
        ],
        "routes": [
            {
                "city": "Dhaka",
                "departure_time": "08:30 am BST",
                "halt": null,
                "duration": null,
                "arrival_time": null
            },
            {
                "city": "Biman_Bandar",
                "arrival_time": "08:53 am BST",
                "departure_time": "08:58 am BST",
                "halt": "05",
                "duration": "00:23"
            },
            {
                "city": "Ishwardi Bypass",
                "arrival_time": "12:30 pm BST",
                "departure_time": "12:32 pm BST",
                "halt": "02",
                "duration": "03:32"
            },
            {
                "city": "Natore",
                "arrival_time": "01:02 pm BST",
                "departure_time": "01:05 pm BST",
                "halt": "03",
                "duration": "00:30"
            },
            {
                "city": "Santahar",
                "arrival_time": "02:15 pm BST",
                "departure_time": "02:20 pm BST",
                "halt": "05",
                "duration": "01:10"
            },
            {
                "city": "Bogura",
                "arrival_time": "03:00 pm BST",
                "departure_time": "03:05 pm BST",
                "halt": "05",
                "duration": "00:40"
            },
            {
                "city": "Mahimaganj",
                "arrival_time": "03:46 pm BST",
                "halt": "---",
                "duration": "00:41"
            },
            {
                "city": "Bonar_Para",
                "arrival_time": "03:58 pm BST",
                "departure_time": "04:03 pm BST",
                "halt": "05",
                "duration": "---"
            },
            {
                "city": "Gaibandha",
                "arrival_time": "04:28 pm BST",
                "departure_time": "04:33 pm BST",
                "halt": "05",
                "duration": "00:25"
            },
            {
                "city": "Kaunia",
                "arrival_time": "05:43 pm BST",
                "departure_time": "05:46 pm BST",
                "halt": "03",
                "duration": "01:10"
            },
            {
                "city": "Lalmonirhat",
                "arrival_time": "06:10 pm BST",
                "departure_time": "07:00 pm BST",
                "halt": "50",
                "duration": "00:24"
            },
            {
                "city": "Kankina",
                "arrival_time": "06:55 pm BST",
                "departure_time": "06:57 pm BST",
                "halt": "02",
                "duration": "00:05"
            },
            {
                "city": "Tushbhandar",
                "arrival_time": "07:45 pm BST",
                "departure_time": "07:47 pm BST",
                "halt": "02",
                "duration": "00:48"
            },
            {
                "city": "Hatibandha",
                "arrival_time": "08:21 pm BST",
                "departure_time": "08:37 pm BST",
                "halt": "16",
                "duration": "00:34"
            },
            {
                "city": "Barkhata",
                "arrival_time": "08:48 pm BST",
                "departure_time": "08:51 pm BST",
                "halt": "03",
                "duration": "00:11"
            },
            {
                "city": "Patgram",
                "arrival_time": "09:23 pm BST",
                "departure_time": "09:28 pm BST",
                "halt": "05",
                "duration": "00:32"
            },
            {
                "city": "Burimari",
                "arrival_time": "09:45 pm BST",
                "halt": null,
                "duration": "00:17",
                "departure_time": null
            }
        ],
        "total_duration": "13:15",
        "train_name": "BURIMARI EXPRESS (809)"
    },
    "extra": {
        "hash": "2E1B68AB3FFC1C6C577E36F562130B61"
    }
}