{
    "data": {
        "days": [
            "Fri",
            "Sat",
            "Sun",
            "Mon",
            "Tue",
            "Wed",
            "Thu"
        ],
        "routes": [
            {
                "city": "Chattogram",
                "departure_time": "03:20 pm BST",
                "halt": null,
                "duration": null,
                "arrival_time": null
            },
            {
                "city": "Pahartali",
                "arrival_time": "03:28 pm BST",
                "halt": "---",
                "duration": "00:08"
            },
            {
                "city": "Feni",
                "arrival_time": "05:05 pm BST",
                "departure_time": "05:25 pm BST",
                "halt": "20",
                "duration": "---"
            },
            {
                "city": "Nangolkot",
                "arrival_time": "05:56 pm BST",
                "departure_time": "05:58 pm BST",
                "halt": "02",
                "duration": "00:31"
            },
            {
                "city": "Laksam",
                "arrival_time": "06:16 pm BST",
                "departure_time": "06:36 pm BST",
                "halt": "20",
                "duration": "00:18"
            },
            {
                "city": "Chitoshi_Road",
                "arrival_time": "06:46 pm BST",
                "halt": "---",
                "duration": "00:10"
            },
            {
                "city": "Meher",
                "arrival_time": "07:03 pm BST",
                "departure_time": "07:05 pm BST",
                "halt": "02",
                "duration": "---"
            },
            {
                "city": "Hajiganj",
                "arrival_time": "07:23 pm BST",
                "departure_time": "07:25 pm BST",
                "halt": "02",
                "duration": "00:18"
            },
            {
                "city": "Modhu_Road",
                "arrival_time": "07:38 pm BST",
                "departure_time": "07:40 pm BST",
                "halt": "02",
                "duration": "00:13"
            },
            {
                "city": "Chandpur",
                "arrival_time": "08:15 pm BST",
                "halt": null,
                "duration": "00:35",
                "departure_time": null
            }
        ],
        "total_duration": "04:55",
        "train_name": "CHANDPUR EID SPL 1 (01)"
    },
    "extra": {
        "hash": "2BE019B52680D789BD58CC99C9907821"
    }
}