{
    "data": {
        "days": [
            "Fri",
            "Sat",
            "Sun",
            "Mon",
            "Tue",
            "Thu"
        ],
        "routes": [
            {
                "city": "Rajshahi",
                "departure_time": "11:20 pm BST",
                "halt": null,
                "duration": null,
                "arrival_time": null
            },
            {
                "city": "Arani",
                "arrival_time": "11:51 pm BST",
                "halt": "---",
                "duration": "00:31"
            },
            {
                "city": "Abdulpur",
                "arrival_time": "12:05 am BST",
                "departure_time": "12:07 am BST",
                "halt": "02",
                "duration": "---"
            },
            {
                "city": "Ishwardi Bypass",
                "arrival_time": "12:22 am BST",
                "departure_time": "12:25 am BST",
                "halt": "03",
                "duration": "00:15"
            },
            {
                "city": "Chatmohar",
                "arrival_time": "12:45 am BST",
                "departure_time": "12:48 am BST",
                "halt": "03",
                "duration": "00:20"
            },
            {
                "city": "Boral_Bridge",
                "arrival_time": "01:05 am BST",
                "departure_time": "01:08 am BST",
                "halt": "03",
                "duration": "00:17"
            },
            {
                "city": "SH M Monsur Ali",
                "arrival_time": "01:57 am BST",
                "departure_time": "01:59 am BST",
                "halt": "02",
                "duration": "00:49"
            },
            {
                "city": "Ibrahimabad",
                "arrival_time": "02:16 am BST",
                "departure_time": "02:18 am BST",
                "halt": "02",
                "duration": "00:17"
            },
            {
                "city": "Joydebpur",
                "arrival_time": "03:32 am BST",
                "departure_time": "03:35 am BST",
                "halt": "03",
                "duration": "01:14"
            },
            {
                "city": "Dhaka",
                "arrival_time": "04:40 am BST",
                "halt": null,
                "duration": "01:05",
                "departure_time": null
            }
        ],
        "total_duration": "05:20",
        "train_name": "DHUMKETU EXPRESS (770)"
    },
    "extra": {
        "hash": "2E1B68AB3FFC1C6C577E36F562130B61"
    }
}