{
    "data": {
        "days": [
            "Fri",
            "Sat",
            "Sun",
            "Mon",
            "Tue",
            "Wed",
            "Thu"
        ],
        "routes": [
            {
                "city": "Panchagarh",
                "departure_time": "07:20 am BST",
                "halt": null,
                "duration": null,
                "arrival_time": null
            },
            {
                "city": "Kismat",
                "departure_time": "07:38 am BST",
                "arrival_time": "07:36 am BST",
                "halt": "02",
                "duration": "00:16"
            },
            {
                "city": "Ruhia",
                "departure_time": "07:48 am BST",
                "arrival_time": "07:46 am BST",
                "halt": "02",
                "duration": "00:08"
            },
            {
                "city": "Thakurgaon_Road",
                "arrival_time": "08:02 am BST",
                "departure_time": "08:05 am BST",
                "halt": "03",
                "duration": "00:14"
            },
            {
                "city": "Pirganj",
                "departure_time": "08:48 am BST",
                "arrival_time": "08:46 am BST",
                "halt": "02",
                "duration": "00:41"
            },
            {
                "city": "Setabganj",
                "arrival_time": "09:02 am BST",
                "departure_time": "09:04 am BST",
                "halt": "02",
                "duration": "00:14"
            },
            {
                "city": "Dinajpur",
                "departure_time": "09:46 am BST",
                "arrival_time": "09:36 am BST",
                "halt": "10",
                "duration": "00:32"
            },
            {
                "city": "Chirirbandar",
                "departure_time": "10:07 am BST",
                "arrival_time": "10:05 am BST",
                "halt": "02",
                "duration": "00:19"
            },
            {
                "city": "Parbatipur",
                "arrival_time": "10:25 am BST",
                "departure_time": "10:45 am BST",
                "halt": "20",
                "duration": "00:18"
            },
            {
                "city": "Fulbari",
                "arrival_time": "11:03 am BST",
                "departure_time": "11:06 am BST",
                "halt": "03",
                "duration": "00:18"
            },
            {
                "city": "Birampur",
                "arrival_time": "11:17 am BST",
                "departure_time": "11:20 am BST",
                "halt": "03",
                "duration": "00:11"
            },
            {
                "city": "Panchbibi",
                "arrival_time": "11:40 am BST",
                "departure_time": "11:42 am BST",
                "halt": "02",
                "duration": "00:20"
            },
            {
                "city": "Joypurhat",
                "arrival_time": "11:53 am BST",
                "departure_time": "11:56 am BST",
                "halt": "03",
                "duration": "00:11"
            },
            {
                "city": "Akkelpur",
                "arrival_time": "12:09 pm BST",
                "departure_time": "12:11 pm BST",
                "halt": "02",
                "duration": "00:13"
            },
            {
                "city": "Santahar",
                "arrival_time": "12:35 pm BST",
                "departure_time": "12:40 pm BST",
                "halt": "05",
                "duration": "00:24"
            },
            {
                "city": "Ahsanganj",
                "arrival_time": "01:14 pm BST",
                "departure_time": "01:16 pm BST",
                "halt": "02",
                "duration": "00:34"
            },
            {
                "city": "Natore",
                "arrival_time": "01:38 pm BST",
                "departure_time": "01:41 pm BST",
                "halt": "03",
                "duration": "00:22"
            },
            {
                "city": "Ishwardi Bypass",
                "arrival_time": "02:26 pm BST",
                "departure_time": "02:28 pm BST",
                "halt": "02",
                "duration": "00:45"
            },
            {
                "city": "Chatmohar",
                "arrival_time": "02:48 pm BST",
                "departure_time": "02:51 pm BST",
                "halt": "03",
                "duration": "00:20"
            },
            {
                "city": "Jamtail",
                "arrival_time": "03:28 pm BST",
                "departure_time": "03:30 pm BST",
                "halt": "02",
                "duration": "00:37"
            },
            {
                "city": "Ibrahimabad",
                "arrival_time": "03:56 pm BST",
                "departure_time": "03:58 pm BST",
                "halt": "02",
                "duration": "00:26"
            },
            {
                "city": "Tangail",
                "arrival_time": "04:18 pm BST",
                "departure_time": "04:28 pm BST",
                "halt": "10",
                "duration": "00:20"
            },
            {
                "city": "Joydebpur",
                "arrival_time": "05:48 pm BST",
                "departure_time": "05:53 pm BST",
                "halt": "05",
                "duration": "01:20"
            },
            {
                "city": "Dhaka",
                "arrival_time": "06:55 pm BST",
                "halt": null,
                "duration": "01:02",
                "departure_time": null
            }
        ],
        "total_duration": "11:35",
        "train_name": "DRUTOJAN EXPRESS (758)"
    },
    "extra": {
        "hash": "2BE019B52680D789BD58CC99C9907821"
    }
}