{
    "data": {
        "days": [
            "Fri",
            "Sat",
            "Sun",
            "Mon",
            "Tue",
            "Wed",
            "Thu"
        ],
        "routes": [
            {
                "city": "Dhaka",
                "departure_time": "08:45 pm BST",
                "halt": null,
                "duration": null,
                "arrival_time": null
            },
            {
                "city": "Biman_Bandar",
                "arrival_time": "09:08 pm BST",
                "departure_time": "09:13 pm BST",
                "halt": "05",
                "duration": "00:23"
            },
            {
                "city": "Joydebpur",
                "arrival_time": "09:36 pm BST",
                "departure_time": "09:38 pm BST",
                "halt": "02",
                "duration": "00:23"
            },
            {
                "city": "Tangail",
                "arrival_time": "10:32 pm BST",
                "departure_time": "10:34 pm BST",
                "halt": "02",
                "duration": "00:54"
            },
            {
                "city": "Ibrahimabad",
                "arrival_time": "10:54 pm BST",
                "departure_time": "10:56 pm BST",
                "halt": "02",
                "duration": "00:20"
            },
            {
                "city": "Jamtail",
                "arrival_time": "11:17 pm BST",
                "departure_time": "11:19 pm BST",
                "halt": "02",
                "duration": "00:21"
            },
            {
                "city": "Chatmohar",
                "arrival_time": "11:56 pm BST",
                "departure_time": "11:58 pm BST",
                "halt": "02",
                "duration": "00:37"
            },
            {
                "city": "Natore",
                "arrival_time": "12:49 am BST",
                "departure_time": "12:52 am BST",
                "halt": "03",
                "duration": "00:51"
            },
            {
                "city": "Ahsanganj",
                "arrival_time": "01:13 am BST",
                "departure_time": "01:16 am BST",
                "halt": "03",
                "duration": "00:21"
            },
            {
                "city": "Santahar",
                "arrival_time": "01:55 am BST",
                "departure_time": "02:00 am BST",
                "halt": "05",
                "duration": "00:39"
            },
            {
                "city": "Akkelpur",
                "arrival_time": "02:20 am BST",
                "departure_time": "02:22 am BST",
                "halt": "02",
                "duration": "00:20"
            },
            {
                "city": "Joypurhat",
                "arrival_time": "02:37 am BST",
                "departure_time": "02:39 am BST",
                "halt": "02",
                "duration": "00:15"
            },
            {
                "city": "Panchbibi",
                "arrival_time": "02:50 am BST",
                "departure_time": "02:52 am BST",
                "halt": "02",
                "duration": "00:11"
            },
            {
                "city": "Birampur",
                "arrival_time": "03:12 am BST",
                "departure_time": "03:14 am BST",
                "halt": "02",
                "duration": "00:20"
            },
            {
                "city": "Fulbari",
                "arrival_time": "03:25 am BST",
                "departure_time": "03:27 am BST",
                "halt": "02",
                "duration": "00:11"
            },
            {
                "city": "Parbatipur",
                "arrival_time": "03:50 am BST",
                "departure_time": "04:10 am BST",
                "halt": "20",
                "duration": "00:23"
            },
            {
                "city": "Chirirbandar",
                "arrival_time": "04:25 am BST",
                "departure_time": "04:27 am BST",
                "halt": "02",
                "duration": "00:15"
            },
            {
                "city": "Dinajpur",
                "arrival_time": "04:45 am BST",
                "departure_time": "04:50 am BST",
                "halt": "05",
                "duration": "00:18"
            },
            {
                "city": "Setabganj",
                "arrival_time": "05:20 am BST",
                "departure_time": "05:22 am BST",
                "halt": "02",
                "duration": "00:30"
            },
            {
                "city": "Pirganj",
                "arrival_time": "05:36 am BST",
                "departure_time": "05:39 am BST",
                "halt": "03",
                "duration": "00:14"
            },
            {
                "city": "Thakurgaon_Road",
                "arrival_time": "06:02 am BST",
                "departure_time": "06:05 am BST",
                "halt": "03",
                "duration": "00:23"
            },
            {
                "city": "Ruhia",
                "arrival_time": "06:22 am BST",
                "departure_time": "06:38 am BST",
                "halt": "16",
                "duration": "00:17"
            },
            {
                "city": "Kismat",
                "arrival_time": "06:47 am BST",
                "departure_time": "06:49 am BST",
                "halt": "02",
                "duration": "00:09"
            },
            {
                "city": "Panchagarh",
                "arrival_time": "07:10 am BST",
                "halt": null,
                "duration": "00:21",
                "departure_time": null
            }
        ],
        "total_duration": "10:25",
        "train_name": "DRUTOJAN EXPRESS (757)"
    },
    "extra": {
        "hash": "2E1B68AB3FFC1C6C577E36F562130B61"
    }
}