{
    "data": {
        "days": [
            "Fri",
            "Sat",
            "Sun",
            "Mon",
            "Tue",
            "Thu"
        ],
        "routes": [
            {
                "city": "Kishorganj",
                "departure_time": "12:50 pm BST",
                "halt": null,
                "duration": null,
                "arrival_time": null
            },
            {
                "city": "Gachihata",
                "arrival_time": "01:06 pm BST",
                "departure_time": "01:08 pm BST",
                "halt": "02",
                "duration": "00:16"
            },
            {
                "city": "Manikkhali",
                "arrival_time": "01:31 pm BST",
                "departure_time": "01:33 pm BST",
                "halt": "02",
                "duration": "00:23"
            },
            {
                "city": "Sararchar",
                "arrival_time": "01:52 pm BST",
                "departure_time": "01:54 pm BST",
                "halt": "02",
                "duration": "00:19"
            },
            {
                "city": "Bajitpur",
                "arrival_time": "02:03 pm BST",
                "departure_time": "02:05 pm BST",
                "halt": "02",
                "duration": "00:09"
            },
            {
                "city": "Kuliarchar",
                "arrival_time": "02:13 pm BST",
                "departure_time": "02:15 pm BST",
                "halt": "02",
                "duration": "00:08"
            },
            {
                "city": "Bhairab_Bazar",
                "arrival_time": "02:40 pm BST",
                "departure_time": "03:00 pm BST",
                "halt": "20",
                "duration": "00:25"
            },
            {
                "city": "Narsingdi",
                "arrival_time": "03:29 pm BST",
                "departure_time": "03:31 pm BST",
                "halt": "02",
                "duration": "00:29"
            },
            {
                "city": "Biman_Bandar",
                "arrival_time": "04:12 pm BST",
                "halt": "---",
                "duration": "00:41"
            },
            {
                "city": "Dhaka",
                "arrival_time": "04:45 pm BST",
                "halt": null,
                "duration": "---",
                "departure_time": null
            }
        ],
        "total_duration": "03:55",
        "train_name": "EGAROSINDHUR GODHULI (750)"
    },
    "extra": {
        "hash": "1BC1529A04E386F94B558D7ED712C194"
    }
}