{
    "data": {
        "days": [
            "Fri",
            "Sat",
            "Sun",
            "Mon",
            "Tue",
            "Wed",
            "Thu"
        ],
        "routes": [
            {
                "city": "Dhaka",
                "departure_time": "04:45 pm BST",
                "halt": null,
                "duration": null,
                "arrival_time": null
            },
            {
                "city": "Biman_Bandar",
                "arrival_time": "05:08 pm BST",
                "departure_time": "05:13 pm BST",
                "halt": "05",
                "duration": "00:23"
            },
            {
                "city": "Joydebpur",
                "arrival_time": "05:38 pm BST",
                "departure_time": "05:41 pm BST",
                "halt": "03",
                "duration": "00:25"
            },
            {
                "city": "Sreepur",
                "arrival_time": "06:17 pm BST",
                "halt": "---",
                "duration": "00:36"
            },
            {
                "city": "Kaoraid",
                "arrival_time": "06:56 pm BST",
                "halt": "---",
                "duration": "---"
            },
            {
                "city": "Gafargaon",
                "arrival_time": "07:22 pm BST",
                "departure_time": "07:25 pm BST",
                "halt": "03",
                "duration": "---"
            },
            {
                "city": "Mymensingh",
                "arrival_time": "08:32 pm BST",
                "departure_time": "08:37 pm BST",
                "halt": "05",
                "duration": "01:07"
            },
            {
                "city": "Bidyaganj",
                "arrival_time": "09:13 pm BST",
                "departure_time": "09:15 pm BST",
                "halt": "02",
                "duration": "00:36"
            },
            {
                "city": "Piyarpur",
                "arrival_time": "09:28 pm BST",
                "departure_time": "09:30 pm BST",
                "halt": "02",
                "duration": "00:13"
            },
            {
                "city": "Narundi",
                "arrival_time": "09:41 pm BST",
                "departure_time": "09:43 pm BST",
                "halt": "02",
                "duration": "00:11"
            },
            {
                "city": "Jamalpur_Town",
                "arrival_time": "10:05 pm BST",
                "departure_time": "10:09 pm BST",
                "halt": "04",
                "duration": "00:22"
            },
            {
                "city": "Sarishabari",
                "arrival_time": "10:58 pm BST",
                "departure_time": "11:01 pm BST",
                "halt": "03",
                "duration": "00:49"
            },
            {
                "city": "Tarakandi",
                "arrival_time": "11:30 pm BST",
                "halt": null,
                "duration": "00:29",
                "departure_time": null
            }
        ],
        "total_duration": "06:45",
        "train_name": "JAMUNA EXPRESS (745)"
    },
    "extra": {
        "hash": "2E1B68AB3FFC1C6C577E36F562130B61"
    }
}