{
    "data": {
        "days": [
            "Sat",
            "Sun",
            "Mon",
            "Tue",
            "Wed",
            "Thu"
        ],
        "routes": [
            {
                "city": "Dhaka",
                "departure_time": "02:55 pm BST",
                "halt": null,
                "duration": null,
                "arrival_time": null
            },
            {
                "city": "Biman_Bandar",
                "arrival_time": "03:17 pm BST",
                "departure_time": "03:22 pm BST",
                "halt": "05",
                "duration": "00:22"
            },
            {
                "city": "Brahmanbaria",
                "arrival_time": "04:46 pm BST",
                "departure_time": "04:49 pm BST",
                "halt": "03",
                "duration": "01:24"
            },
            {
                "city": "Azampur",
                "arrival_time": "05:12 pm BST",
                "departure_time": "05:14 pm BST",
                "halt": "02",
                "duration": "00:23"
            },
            {
                "city": "Harashpur",
                "arrival_time": "05:34 pm BST",
                "departure_time": "05:36 pm BST",
                "halt": "02",
                "duration": "00:20"
            },
            {
                "city": "Shaistaganj",
                "arrival_time": "06:12 pm BST",
                "departure_time": "06:15 pm BST",
                "halt": "03",
                "duration": "00:36"
            },
            {
                "city": "Sreemangal",
                "arrival_time": "06:52 pm BST",
                "departure_time": "06:55 pm BST",
                "halt": "03",
                "duration": "00:37"
            },
            {
                "city": "Shamshernagar",
                "arrival_time": "07:22 pm BST",
                "departure_time": "07:26 pm BST",
                "halt": "04",
                "duration": "00:27"
            },
            {
                "city": "Kulaura",
                "arrival_time": "07:49 pm BST",
                "departure_time": "07:51 pm BST",
                "halt": "02",
                "duration": "00:23"
            },
            {
                "city": "Maijgaon",
                "arrival_time": "08:20 pm BST",
                "departure_time": "08:23 pm BST",
                "halt": "03",
                "duration": "00:29"
            },
            {
                "city": "Sylhet",
                "arrival_time": "09:30 pm BST",
                "halt": null,
                "duration": "01:07",
                "departure_time": null
            }
        ],
        "total_duration": "06:35",
        "train_name": "KALNI EXPRESS (773)"
    },
    "extra": {
        "hash": "2BE019B52680D789BD58CC99C9907821"
    }
}