{
    "data": {
        "days": [
            "Fri",
            "Sat",
            "Sun",
            "Mon",
            "Tue",
            "Wed",
            "Thu"
        ],
        "routes": [
            {
                "city": "Parbatipur",
                "departure_time": "07:40 am BST",
                "halt": null,
                "duration": null,
                "arrival_time": null
            },
            {
                "city": "Manmathapur",
                "arrival_time": "07:50 am BST",
                "halt": "---",
                "duration": "00:10"
            },
            {
                "city": "Chirirbandar",
                "arrival_time": "08:02 am BST",
                "departure_time": "08:05 am BST",
                "halt": "03",
                "duration": "---"
            },
            {
                "city": "Kawgaon",
                "arrival_time": "08:14 am BST",
                "halt": "---",
                "duration": "00:09"
            },
            {
                "city": "Dinajpur",
                "departure_time": "08:36 am BST",
                "arrival_time": "08:26 am BST",
                "halt": "10",
                "duration": "---"
            },
            {
                "city": "Kanchan_Junction",
                "arrival_time": "08:42 am BST",
                "halt": "---",
                "duration": "00:06"
            },
            {
                "city": "Mongalpur",
                "arrival_time": "09:00 am BST",
                "halt": "---",
                "duration": "---"
            },
            {
                "city": "Setabganj",
                "arrival_time": "09:35 am BST",
                "departure_time": "09:37 am BST",
                "halt": "02",
                "duration": "---"
            },
            {
                "city": "Sultanpur",
                "arrival_time": "09:46 am BST",
                "halt": "---",
                "duration": "00:09"
            },
            {
                "city": "Pirganj",
                "arrival_time": "10:00 am BST",
                "departure_time": "10:20 am BST",
                "halt": "20",
                "duration": "---"
            },
            {
                "city": "Bhomradah",
                "arrival_time": "10:30 am BST",
                "halt": "---",
                "duration": "00:10"
            },
            {
                "city": "Shibganj",
                "arrival_time": "10:41 am BST",
                "halt": "---",
                "duration": "---"
            },
            {
                "city": "Thakurgaon_Road",
                "arrival_time": "10:51 am BST",
                "departure_time": "10:56 am BST",
                "halt": "05",
                "duration": "---"
            },
            {
                "city": "Akhanagar",
                "arrival_time": "11:05 am BST",
                "halt": "---",
                "duration": "00:09"
            },
            {
                "city": "Ruhia",
                "arrival_time": "11:17 am BST",
                "departure_time": "11:19 am BST",
                "halt": "02",
                "duration": "---"
            },
            {
                "city": "Kismat",
                "arrival_time": "11:28 am BST",
                "halt": "---",
                "duration": "00:09"
            },
            {
                "city": "Nayaniburuj",
                "arrival_time": "11:39 am BST",
                "halt": "---",
                "duration": "---"
            },
            {
                "city": "Panchagarh",
                "arrival_time": "12:00 pm BST",
                "halt": null,
                "duration": "---",
                "departure_time": null
            }
        ],
        "total_duration": "04:20",
        "train_name": "KANCHON INTERCITY COMMUTER (41)"
    },
    "extra": {
        "hash": "2E1B68AB3FFC1C6C577E36F562130B61"
    }
}