{
    "data": {
        "days": [
            "Sat",
            "Sun",
            "Mon",
            "Tue",
            "Wed",
            "Thu"
        ],
        "routes": [
            {
                "city": "Rajshahi",
                "departure_time": "02:30 pm BST",
                "halt": null,
                "duration": null,
                "arrival_time": null
            },
            {
                "city": "Azim Nagar",
                "arrival_time": "03:16 pm BST",
                "departure_time": "03:18 pm BST",
                "halt": "02",
                "duration": "00:46"
            },
            {
                "city": "Ishwardi",
                "departure_time": "03:45 pm BST",
                "arrival_time": "03:30 pm BST",
                "halt": "15",
                "duration": "00:12"
            },
            {
                "city": "Paksey",
                "arrival_time": "03:55 pm BST",
                "departure_time": "03:57 pm BST",
                "halt": "02",
                "duration": "00:10"
            },
            {
                "city": "Bheramara",
                "arrival_time": "04:09 pm BST",
                "departure_time": "04:12 pm BST",
                "halt": "03",
                "duration": "00:12"
            },
            {
                "city": "Mirpur",
                "arrival_time": "04:22 pm BST",
                "departure_time": "04:24 pm BST",
                "halt": "02",
                "duration": "00:10"
            },
            {
                "city": "Poradaha",
                "arrival_time": "04:34 pm BST",
                "departure_time": "04:37 pm BST",
                "halt": "03",
                "duration": "00:10"
            },
            {
                "city": "Alamdanga",
                "arrival_time": "04:53 pm BST",
                "departure_time": "04:55 pm BST",
                "halt": "02",
                "duration": "00:16"
            },
            {
                "city": "Chuadanga",
                "arrival_time": "05:11 pm BST",
                "departure_time": "05:14 pm BST",
                "halt": "03",
                "duration": "00:16"
            },
            {
                "city": "Darshana_Halt",
                "arrival_time": "05:34 pm BST",
                "departure_time": "05:37 pm BST",
                "halt": "03",
                "duration": "00:20"
            },
            {
                "city": "Safdarpur",
                "arrival_time": "05:55 pm BST",
                "departure_time": "05:58 pm BST",
                "halt": "03",
                "duration": "00:18"
            },
            {
                "city": "Kotchandpur",
                "departure_time": "06:16 pm BST",
                "arrival_time": "06:14 pm BST",
                "halt": "02",
                "duration": "00:16"
            },
            {
                "city": "Mubarakganj",
                "arrival_time": "06:28 pm BST",
                "departure_time": "06:30 pm BST",
                "halt": "02",
                "duration": "00:12"
            },
            {
                "city": "Jashore",
                "departure_time": "07:10 pm BST",
                "arrival_time": "07:05 pm BST",
                "halt": "05",
                "duration": "00:35"
            },
            {
                "city": "Noapara",
                "arrival_time": "07:38 pm BST",
                "departure_time": "07:41 pm BST",
                "halt": "03",
                "duration": "00:28"
            },
            {
                "city": "Khulna",
                "arrival_time": "08:25 pm BST",
                "halt": null,
                "duration": "00:44",
                "departure_time": null
            }
        ],
        "total_duration": "05:55",
        "train_name": "KAPOTAKSHA EXPRESS (716)"
    },
    "extra": {
        "hash": "2E1B68AB3FFC1C6C577E36F562130B61"
    }
}