{
    "data": {
        "days": [
            "Fri",
            "Sat",
            "Sun",
            "Mon",
            "Tue",
            "Thu"
        ],
        "routes": [
            {
                "city": "Santahar",
                "departure_time": "09:25 am BST",
                "halt": null,
                "duration": null,
                "arrival_time": null
            },
            {
                "city": "Bogura",
                "departure_time": "10:19 am BST",
                "arrival_time": "10:09 am BST",
                "halt": "10",
                "duration": "00:44"
            },
            {
                "city": "Sonatola",
                "arrival_time": "10:51 am BST",
                "departure_time": "10:53 am BST",
                "halt": "02",
                "duration": "00:32"
            },
            {
                "city": "Mahimaganj",
                "arrival_time": "11:03 am BST",
                "departure_time": "11:05 am BST",
                "halt": "02",
                "duration": "00:10"
            },
            {
                "city": "Bonar_Para",
                "arrival_time": "11:15 am BST",
                "departure_time": "11:20 am BST",
                "halt": "05",
                "duration": "00:10"
            },
            {
                "city": "Gaibandha",
                "arrival_time": "11:59 am BST",
                "departure_time": "12:04 pm BST",
                "halt": "05",
                "duration": "00:39"
            },
            {
                "city": "Bamondanga",
                "arrival_time": "12:33 pm BST",
                "departure_time": "12:35 pm BST",
                "halt": "02",
                "duration": "00:29"
            },
            {
                "city": "Pirgacha",
                "arrival_time": "12:53 pm BST",
                "departure_time": "12:55 pm BST",
                "halt": "02",
                "duration": "00:18"
            },
            {
                "city": "Kaunia",
                "arrival_time": "01:12 pm BST",
                "departure_time": "01:15 pm BST",
                "halt": "03",
                "duration": "00:17"
            },
            {
                "city": "Teesta_Junction",
                "arrival_time": "01:22 pm BST",
                "halt": "---",
                "duration": "00:07"
            },
            {
                "city": "Lalmonirhat",
                "arrival_time": "01:40 pm BST",
                "departure_time": "01:50 pm BST",
                "halt": "10",
                "duration": "---"
            },
            {
                "city": "Aditmari",
                "arrival_time": "02:05 pm BST",
                "departure_time": "02:07 pm BST",
                "halt": "02",
                "duration": "00:15"
            },
            {
                "city": "Kankina",
                "arrival_time": "02:25 pm BST",
                "departure_time": "02:27 pm BST",
                "halt": "02",
                "duration": "00:18"
            },
            {
                "city": "Tushbhandar",
                "arrival_time": "02:34 pm BST",
                "departure_time": "02:36 pm BST",
                "halt": "02",
                "duration": "00:07"
            },
            {
                "city": "Hatibandha",
                "arrival_time": "03:02 pm BST",
                "departure_time": "03:04 pm BST",
                "halt": "02",
                "duration": "00:26"
            },
            {
                "city": "Barkhata",
                "arrival_time": "03:16 pm BST",
                "departure_time": "03:18 pm BST",
                "halt": "02",
                "duration": "00:12"
            },
            {
                "city": "Baura",
                "arrival_time": "03:27 pm BST",
                "halt": "---",
                "duration": "00:09"
            },
            {
                "city": "Patgram",
                "arrival_time": "03:44 pm BST",
                "departure_time": "03:47 pm BST",
                "halt": "03",
                "duration": "---"
            },
            {
                "city": "Burimari",
                "arrival_time": "04:00 pm BST",
                "halt": null,
                "duration": "00:13",
                "departure_time": null
            }
        ],
        "total_duration": "06:35",
        "train_name": "KOROTOA EXPRESS (713)"
    },
    "extra": {
        "hash": "2E1B68AB3FFC1C6C577E36F562130B61"
    }
}