{
    "data": {
        "days": [
            "Fri",
            "Sat",
            "Sun",
            "Mon",
            "Wed",
            "Thu"
        ],
        "routes": [
            {
                "city": "Dhaka",
                "departure_time": "08:00 pm BST",
                "halt": null,
                "duration": null,
                "arrival_time": null
            },
            {
                "city": "Biman_Bandar",
                "arrival_time": "08:23 pm BST",
                "departure_time": "08:28 pm BST",
                "halt": "05",
                "duration": "00:23"
            },
            {
                "city": "Natore",
                "arrival_time": "12:15 am BST",
                "departure_time": "12:17 am BST",
                "halt": "02",
                "duration": "03:47"
            },
            {
                "city": "Madhnagar",
                "arrival_time": "12:31 am BST",
                "departure_time": "12:33 am BST",
                "halt": "02",
                "duration": "00:14"
            },
            {
                "city": "Santahar",
                "arrival_time": "01:05 am BST",
                "departure_time": "01:10 am BST",
                "halt": "05",
                "duration": "00:32"
            },
            {
                "city": "Joypurhat",
                "arrival_time": "01:55 am BST",
                "departure_time": "01:58 am BST",
                "halt": "03",
                "duration": "00:45"
            },
            {
                "city": "Parbatipur",
                "arrival_time": "03:00 am BST",
                "departure_time": "03:10 am BST",
                "halt": "10",
                "duration": "01:02"
            },
            {
                "city": "Badarganj",
                "arrival_time": "03:29 am BST",
                "departure_time": "03:31 am BST",
                "halt": "02",
                "duration": "00:19"
            },
            {
                "city": "Rangpur",
                "arrival_time": "03:58 am BST",
                "departure_time": "04:03 am BST",
                "halt": "05",
                "duration": "00:27"
            },
            {
                "city": "Kaunia",
                "arrival_time": "04:25 am BST",
                "departure_time": "04:28 am BST",
                "halt": "03",
                "duration": "00:22"
            },
            {
                "city": "Kurigram",
                "arrival_time": "05:10 am BST",
                "halt": null,
                "duration": "00:42",
                "departure_time": null
            }
        ],
        "total_duration": "09:10",
        "train_name": "KURIGRAM EXPRESS (797)"
    },
    "extra": {
        "hash": "2BE019B52680D789BD58CC99C9907821"
    }
}