{
    "data": {
        "days": [
            "Fri",
            "Sat",
            "Sun",
            "Mon",
            "Wed",
            "Thu"
        ],
        "routes": [
            {
                "city": "Kurigram",
                "departure_time": "07:10 am BST",
                "halt": null,
                "duration": null,
                "arrival_time": null
            },
            {
                "city": "Kaunia",
                "arrival_time": "07:50 am BST",
                "departure_time": "07:53 am BST",
                "halt": "03",
                "duration": "00:40"
            },
            {
                "city": "Rangpur",
                "departure_time": "08:23 am BST",
                "arrival_time": "08:13 am BST",
                "halt": "10",
                "duration": "00:20"
            },
            {
                "city": "Badarganj",
                "arrival_time": "08:51 am BST",
                "departure_time": "08:54 am BST",
                "halt": "03",
                "duration": "00:28"
            },
            {
                "city": "Parbatipur",
                "arrival_time": "09:25 am BST",
                "departure_time": "09:45 am BST",
                "halt": "20",
                "duration": "00:31"
            },
            {
                "city": "Joypurhat",
                "arrival_time": "10:42 am BST",
                "departure_time": "10:45 am BST",
                "halt": "03",
                "duration": "00:57"
            },
            {
                "city": "Santahar",
                "arrival_time": "11:20 am BST",
                "departure_time": "11:30 am BST",
                "halt": "10",
                "duration": "00:35"
            },
            {
                "city": "Madhnagar",
                "arrival_time": "12:02 pm BST",
                "departure_time": "12:04 pm BST",
                "halt": "02",
                "duration": "00:32"
            },
            {
                "city": "Natore",
                "arrival_time": "12:19 pm BST",
                "departure_time": "12:22 pm BST",
                "halt": "03",
                "duration": "00:15"
            },
            {
                "city": "Dhaka",
                "arrival_time": "05:05 pm BST",
                "halt": null,
                "duration": "04:43",
                "departure_time": null
            }
        ],
        "total_duration": "09:55",
        "train_name": "KURIGRAM EXPRESS (798)"
    },
    "extra": {
        "hash": "2BE019B52680D789BD58CC99C9907821"
    }
}