{
    "data": {
        "days": [
            "Sat",
            "Sun",
            "Mon",
            "Tue",
            "Wed",
            "Thu"
        ],
        "routes": [
            {
                "city": "Lalmonirhat",
                "departure_time": "09:50 am BST",
                "halt": null,
                "duration": null,
                "arrival_time": null
            },
            {
                "city": "Teesta_Junction",
                "arrival_time": "10:06 am BST",
                "departure_time": "10:08 am BST",
                "halt": "02",
                "duration": "00:16"
            },
            {
                "city": "Kaunia",
                "arrival_time": "10:15 am BST",
                "departure_time": "10:18 am BST",
                "halt": "03",
                "duration": "00:07"
            },
            {
                "city": "Pirgacha",
                "arrival_time": "10:34 am BST",
                "departure_time": "10:36 am BST",
                "halt": "02",
                "duration": "00:16"
            },
            {
                "city": "Bamondanga",
                "arrival_time": "10:52 am BST",
                "departure_time": "10:55 am BST",
                "halt": "03",
                "duration": "00:16"
            },
            {
                "city": "Gaibandha",
                "arrival_time": "11:24 am BST",
                "departure_time": "11:27 am BST",
                "halt": "03",
                "duration": "00:29"
            },
            {
                "city": "Bonar_Para",
                "arrival_time": "11:49 am BST",
                "departure_time": "11:52 am BST",
                "halt": "03",
                "duration": "00:22"
            },
            {
                "city": "Sonatola",
                "arrival_time": "12:09 pm BST",
                "departure_time": "12:11 pm BST",
                "halt": "02",
                "duration": "00:17"
            },
            {
                "city": "Bogura",
                "departure_time": "12:44 pm BST",
                "arrival_time": "12:41 pm BST",
                "halt": "03",
                "duration": "00:30"
            },
            {
                "city": "Santahar",
                "arrival_time": "01:30 pm BST",
                "departure_time": "01:35 pm BST",
                "halt": "05",
                "duration": "00:46"
            },
            {
                "city": "Natore",
                "arrival_time": "02:18 pm BST",
                "departure_time": "02:21 pm BST",
                "halt": "03",
                "duration": "00:43"
            },
            {
                "city": "Azim Nagar",
                "arrival_time": "02:48 pm BST",
                "departure_time": "02:50 pm BST",
                "halt": "02",
                "duration": "00:27"
            },
            {
                "city": "Boral_Bridge",
                "arrival_time": "03:37 pm BST",
                "departure_time": "03:39 pm BST",
                "halt": "02",
                "duration": "00:47"
            },
            {
                "city": "Ullapara",
                "arrival_time": "03:59 pm BST",
                "departure_time": "04:03 pm BST",
                "halt": "04",
                "duration": "00:20"
            },
            {
                "city": "SH M Monsur Ali",
                "arrival_time": "04:22 pm BST",
                "departure_time": "04:25 pm BST",
                "halt": "03",
                "duration": "00:19"
            },
            {
                "city": "Ibrahimabad",
                "arrival_time": "04:43 pm BST",
                "departure_time": "04:50 pm BST",
                "halt": "07",
                "duration": "00:18"
            },
            {
                "city": "Tangail",
                "departure_time": "05:18 pm BST",
                "arrival_time": "05:10 pm BST",
                "halt": "08",
                "duration": "00:20"
            },
            {
                "city": "Joydebpur",
                "arrival_time": "06:36 pm BST",
                "departure_time": "06:40 pm BST",
                "halt": "04",
                "duration": "01:18"
            },
            {
                "city": "Dhaka",
                "arrival_time": "07:45 pm BST",
                "halt": null,
                "duration": "01:05",
                "departure_time": null
            }
        ],
        "total_duration": "09:55",
        "train_name": "LALMONI EXPRESS (752)"
    },
    "extra": {
        "hash": "2BE019B52680D789BD58CC99C9907821"
    }
}