{
    "data": {
        "days": [
            "Sat",
            "Sun",
            "Mon",
            "Tue",
            "Wed",
            "Thu"
        ],
        "routes": [
            {
                "city": "Dhaka",
                "departure_time": "09:45 pm BST",
                "halt": null,
                "duration": null,
                "arrival_time": null
            },
            {
                "city": "Biman_Bandar",
                "arrival_time": "10:08 pm BST",
                "departure_time": "10:13 pm BST",
                "halt": "05",
                "duration": "00:23"
            },
            {
                "city": "Joydebpur",
                "arrival_time": "10:36 pm BST",
                "departure_time": "10:38 pm BST",
                "halt": "02",
                "duration": "00:23"
            },
            {
                "city": "Tangail",
                "arrival_time": "11:32 pm BST",
                "departure_time": "11:34 pm BST",
                "halt": "02",
                "duration": "00:54"
            },
            {
                "city": "Ibrahimabad",
                "arrival_time": "11:54 pm BST",
                "departure_time": "11:56 pm BST",
                "halt": "02",
                "duration": "00:20"
            },
            {
                "city": "SH M Monsur Ali",
                "arrival_time": "12:12 am BST",
                "departure_time": "12:14 am BST",
                "halt": "02",
                "duration": "00:16"
            },
            {
                "city": "Ullapara",
                "arrival_time": "12:31 am BST",
                "departure_time": "12:33 am BST",
                "halt": "02",
                "duration": "00:17"
            },
            {
                "city": "Boral_Bridge",
                "arrival_time": "12:53 am BST",
                "departure_time": "12:55 am BST",
                "halt": "02",
                "duration": "00:20"
            },
            {
                "city": "Azim Nagar",
                "arrival_time": "01:57 am BST",
                "departure_time": "01:59 am BST",
                "halt": "02",
                "duration": "01:02"
            },
            {
                "city": "Natore",
                "arrival_time": "02:36 am BST",
                "departure_time": "02:45 am BST",
                "halt": "09",
                "duration": "00:37"
            },
            {
                "city": "Santahar",
                "arrival_time": "03:35 am BST",
                "departure_time": "03:40 am BST",
                "halt": "05",
                "duration": "00:50"
            },
            {
                "city": "Bogura",
                "arrival_time": "04:20 am BST",
                "departure_time": "04:23 am BST",
                "halt": "03",
                "duration": "00:40"
            },
            {
                "city": "Sonatola",
                "arrival_time": "04:53 am BST",
                "departure_time": "04:55 am BST",
                "halt": "02",
                "duration": "00:30"
            },
            {
                "city": "Bonar_Para",
                "arrival_time": "05:11 am BST",
                "departure_time": "05:14 am BST",
                "halt": "03",
                "duration": "00:16"
            },
            {
                "city": "Gaibandha",
                "arrival_time": "05:37 am BST",
                "departure_time": "05:40 am BST",
                "halt": "03",
                "duration": "00:23"
            },
            {
                "city": "Bamondanga",
                "arrival_time": "06:09 am BST",
                "departure_time": "06:11 am BST",
                "halt": "02",
                "duration": "00:29"
            },
            {
                "city": "Pirgacha",
                "arrival_time": "06:29 am BST",
                "departure_time": "06:31 am BST",
                "halt": "02",
                "duration": "00:18"
            },
            {
                "city": "Kaunia",
                "arrival_time": "06:48 am BST",
                "departure_time": "06:51 am BST",
                "halt": "03",
                "duration": "00:17"
            },
            {
                "city": "Teesta_Junction",
                "arrival_time": "06:58 am BST",
                "departure_time": "07:00 am BST",
                "halt": "02",
                "duration": "00:07"
            },
            {
                "city": "Lalmonirhat",
                "arrival_time": "07:20 am BST",
                "halt": null,
                "duration": "00:20",
                "departure_time": null
            }
        ],
        "total_duration": "09:35",
        "train_name": "LALMONI EXPRESS (751)"
    },
    "extra": {
        "hash": "2E1B68AB3FFC1C6C577E36F562130B61"
    }
}