{
    "data": {
        "days": [
            "Fri",
            "Sun",
            "Mon",
            "Tue",
            "Wed",
            "Thu"
        ],
        "routes": [
            {
                "city": "Dhaka",
                "departure_time": "03:00 pm BST",
                "halt": null,
                "duration": null,
                "arrival_time": null
            },
            {
                "city": "Mawa",
                "arrival_time": "03:36 pm BST",
                "departure_time": "03:38 pm BST",
                "halt": "02",
                "duration": "00:36"
            },
            {
                "city": "Padma",
                "arrival_time": "03:51 pm BST",
                "departure_time": "03:53 pm BST",
                "halt": "02",
                "duration": "00:13"
            },
            {
                "city": "Shibchar",
                "arrival_time": "04:03 pm BST",
                "departure_time": "04:05 pm BST",
                "halt": "02",
                "duration": "00:10"
            },
            {
                "city": "Bhanga",
                "arrival_time": "04:28 pm BST",
                "departure_time": "04:30 pm BST",
                "halt": "02",
                "duration": "00:23"
            },
            {
                "city": "Pukuria",
                "arrival_time": "04:45 pm BST",
                "halt": "---",
                "duration": "00:15"
            },
            {
                "city": "Talma",
                "arrival_time": "04:46 pm BST",
                "halt": "---",
                "duration": "---"
            },
            {
                "city": "Faridpur",
                "arrival_time": "05:03 pm BST",
                "departure_time": "05:06 pm BST",
                "halt": "03",
                "duration": "---"
            },
            {
                "city": "Amirabad",
                "arrival_time": "05:18 pm BST",
                "halt": "---",
                "duration": "00:12"
            },
            {
                "city": "Pachuria",
                "arrival_time": "05:35 pm BST",
                "halt": "---",
                "duration": "---"
            },
            {
                "city": "Rajbari",
                "arrival_time": "05:45 pm BST",
                "departure_time": "06:00 pm BST",
                "halt": "15",
                "duration": "---"
            },
            {
                "city": "Kalukhali",
                "arrival_time": "06:23 pm BST",
                "departure_time": "06:25 pm BST",
                "halt": "02",
                "duration": "00:23"
            },
            {
                "city": "Pangsha",
                "arrival_time": "06:35 pm BST",
                "departure_time": "06:37 pm BST",
                "halt": "02",
                "duration": "00:10"
            },
            {
                "city": "Khoksha",
                "arrival_time": "06:51 pm BST",
                "departure_time": "06:53 pm BST",
                "halt": "02",
                "duration": "00:14"
            },
            {
                "city": "Kumarkhali",
                "arrival_time": "07:03 pm BST",
                "departure_time": "07:05 pm BST",
                "halt": "02",
                "duration": "00:10"
            },
            {
                "city": "Kushtia_Court",
                "arrival_time": "07:22 pm BST",
                "departure_time": "07:25 pm BST",
                "halt": "03",
                "duration": "00:17"
            },
            {
                "city": "Poradaha",
                "arrival_time": "07:45 pm BST",
                "departure_time": "08:10 pm BST",
                "halt": "25",
                "duration": "00:20"
            },
            {
                "city": "Mirpur",
                "arrival_time": "08:20 pm BST",
                "departure_time": "08:22 pm BST",
                "halt": "02",
                "duration": "00:10"
            },
            {
                "city": "Bheramara",
                "arrival_time": "08:32 pm BST",
                "departure_time": "08:35 pm BST",
                "halt": "03",
                "duration": "00:10"
            },
            {
                "city": "Paksey",
                "arrival_time": "08:47 pm BST",
                "departure_time": "08:49 pm BST",
                "halt": "02",
                "duration": "00:12"
            },
            {
                "city": "Ishwardi",
                "arrival_time": "09:05 pm BST",
                "departure_time": "09:25 pm BST",
                "halt": "20",
                "duration": "00:16"
            },
            {
                "city": "Rajshahi",
                "arrival_time": "10:30 pm BST",
                "halt": null,
                "duration": "01:05",
                "departure_time": null
            }
        ],
        "total_duration": "07:30",
        "train_name": "MADHUMATI EXPRESS (755)"
    },
    "extra": {
        "hash": "2BE019B52680D789BD58CC99C9907821"
    }
}