{
    "data": {
        "days": [
            "Fri",
            "Sat",
            "Sun",
            "Mon",
            "Tue",
            "Wed",
            "Thu"
        ],
        "routes": [
            {
                "city": "Chattogram",
                "departure_time": "05:15 pm BST",
                "halt": null,
                "duration": null,
                "arrival_time": null
            },
            {
                "city": "Kumira",
                "arrival_time": "05:40 pm BST",
                "departure_time": "05:42 pm BST",
                "halt": "02",
                "duration": "00:25"
            },
            {
                "city": "Feni",
                "arrival_time": "06:40 pm BST",
                "departure_time": "06:43 pm BST",
                "halt": "03",
                "duration": "00:58"
            },
            {
                "city": "Hasanpur",
                "arrival_time": "07:05 pm BST",
                "departure_time": "07:07 pm BST",
                "halt": "02",
                "duration": "00:22"
            },
            {
                "city": "Nangolkot",
                "arrival_time": "07:15 pm BST",
                "departure_time": "07:17 pm BST",
                "halt": "02",
                "duration": "00:08"
            },
            {
                "city": "Laksam",
                "arrival_time": "07:35 pm BST",
                "departure_time": "07:55 pm BST",
                "halt": "20",
                "duration": "00:18"
            },
            {
                "city": "Chitoshi_Road",
                "arrival_time": "08:10 pm BST",
                "departure_time": "08:12 pm BST",
                "halt": "02",
                "duration": "00:15"
            },
            {
                "city": "Meher",
                "arrival_time": "08:21 pm BST",
                "departure_time": "08:23 pm BST",
                "halt": "02",
                "duration": "00:09"
            },
            {
                "city": "Hajiganj",
                "arrival_time": "08:37 pm BST",
                "departure_time": "08:39 pm BST",
                "halt": "02",
                "duration": "00:14"
            },
            {
                "city": "Modhu_Road",
                "arrival_time": "08:52 pm BST",
                "departure_time": "08:54 pm BST",
                "halt": "02",
                "duration": "00:13"
            },
            {
                "city": "Chandpur_Court",
                "arrival_time": "09:08 pm BST",
                "halt": "---",
                "duration": "00:14"
            },
            {
                "city": "Chandpur",
                "arrival_time": "09:25 pm BST",
                "halt": null,
                "duration": "---",
                "departure_time": null
            }
        ],
        "total_duration": "04:10",
        "train_name": "MEGHNA EXPRESS (729)"
    },
    "extra": {
        "hash": "2E1B68AB3FFC1C6C577E36F562130B61"
    }
}