{
    "data": {
        "days": [
            "Fri",
            "Sat",
            "Sun",
            "Mon",
            "Tue",
            "Thu"
        ],
        "routes": [
            {
                "city": "Dhaka",
                "departure_time": "01:15 pm BST",
                "halt": null,
                "duration": null,
                "arrival_time": null
            },
            {
                "city": "Biman_Bandar",
                "arrival_time": "01:37 pm BST",
                "departure_time": "01:42 pm BST",
                "halt": "05",
                "duration": "00:22"
            },
            {
                "city": "Gafargaon",
                "arrival_time": "03:21 pm BST",
                "departure_time": "03:24 pm BST",
                "halt": "03",
                "duration": "01:39"
            },
            {
                "city": "Mymensingh",
                "arrival_time": "04:10 pm BST",
                "departure_time": "04:30 pm BST",
                "halt": "20",
                "duration": "00:46"
            },
            {
                "city": "Gouripur_Myn",
                "arrival_time": "04:54 pm BST",
                "departure_time": "04:57 pm BST",
                "halt": "03",
                "duration": "00:24"
            },
            {
                "city": "Shyamgonj",
                "arrival_time": "05:11 pm BST",
                "departure_time": "05:14 pm BST",
                "halt": "03",
                "duration": "00:14"
            },
            {
                "city": "Netrakona",
                "arrival_time": "05:33 pm BST",
                "departure_time": "05:36 pm BST",
                "halt": "03",
                "duration": "00:19"
            },
            {
                "city": "Thakrokona",
                "arrival_time": "05:50 pm BST",
                "departure_time": "05:53 pm BST",
                "halt": "03",
                "duration": "00:14"
            },
            {
                "city": "Barhatta",
                "arrival_time": "06:01 pm BST",
                "departure_time": "06:04 pm BST",
                "halt": "03",
                "duration": "00:08"
            },
            {
                "city": "Mohanganj",
                "arrival_time": "06:40 pm BST",
                "halt": null,
                "duration": "00:36",
                "departure_time": null
            }
        ],
        "total_duration": "05:25",
        "train_name": "MOHONGANJ EXPRESS (789)"
    },
    "extra": {
        "hash": "2E1B68AB3FFC1C6C577E36F562130B61"
    }
}