{
    "data": {
        "days": [
            "Fri",
            "Sat",
            "Sun",
            "Mon",
            "Tue",
            "Wed",
            "Thu"
        ],
        "routes": [
            {
                "city": "Panchagarh",
                "departure_time": "12:10 pm BST",
                "halt": null,
                "duration": null,
                "arrival_time": null
            },
            {
                "city": "Thakurgaon_Road",
                "departure_time": "12:55 pm BST",
                "arrival_time": "12:50 pm BST",
                "halt": "05",
                "duration": "00:40"
            },
            {
                "city": "Pirganj",
                "departure_time": "01:23 pm BST",
                "arrival_time": "01:20 pm BST",
                "halt": "03",
                "duration": "00:25"
            },
            {
                "city": "Dinajpur",
                "departure_time": "02:20 pm BST",
                "arrival_time": "02:12 pm BST",
                "halt": "08",
                "duration": "00:49"
            },
            {
                "city": "Parbatipur",
                "arrival_time": "03:00 pm BST",
                "departure_time": "03:20 pm BST",
                "halt": "20",
                "duration": "00:40"
            },
            {
                "city": "Joypurhat",
                "arrival_time": "04:13 pm BST",
                "departure_time": "04:16 pm BST",
                "halt": "03",
                "duration": "00:53"
            },
            {
                "city": "Santahar",
                "arrival_time": "04:50 pm BST",
                "departure_time": "04:55 pm BST",
                "halt": "05",
                "duration": "00:34"
            },
            {
                "city": "Natore",
                "arrival_time": "05:36 pm BST",
                "departure_time": "05:39 pm BST",
                "halt": "03",
                "duration": "00:41"
            },
            {
                "city": "Dhaka",
                "arrival_time": "10:10 pm BST",
                "halt": null,
                "duration": "04:31",
                "departure_time": null
            }
        ],
        "total_duration": "10:00",
        "train_name": "PANCHAGARH EXPRESS (794)"
    },
    "extra": {
        "hash": "2BE019B52680D789BD58CC99C9907821"
    }
}