{
    "data": {
        "days": [
            "Fri",
            "Sat",
            "Sun",
            "Mon",
            "Tue",
            "Wed",
            "Thu"
        ],
        "routes": [
            {
                "city": "Dhaka",
                "departure_time": "11:30 pm BST",
                "halt": null,
                "duration": null,
                "arrival_time": null
            },
            {
                "city": "Biman_Bandar",
                "arrival_time": "11:53 pm BST",
                "departure_time": "11:58 pm BST",
                "halt": "05",
                "duration": "00:23"
            },
            {
                "city": "Natore",
                "arrival_time": "03:27 am BST",
                "departure_time": "03:30 am BST",
                "halt": "03",
                "duration": "03:29"
            },
            {
                "city": "Santahar",
                "arrival_time": "04:25 am BST",
                "departure_time": "04:30 am BST",
                "halt": "05",
                "duration": "00:55"
            },
            {
                "city": "Joypurhat",
                "arrival_time": "05:01 am BST",
                "departure_time": "05:04 am BST",
                "halt": "03",
                "duration": "00:31"
            },
            {
                "city": "Parbatipur",
                "arrival_time": "06:05 am BST",
                "departure_time": "06:25 am BST",
                "halt": "20",
                "duration": "01:01"
            },
            {
                "city": "Dinajpur",
                "arrival_time": "06:58 am BST",
                "departure_time": "07:03 am BST",
                "halt": "05",
                "duration": "00:33"
            },
            {
                "city": "Pirganj",
                "arrival_time": "08:05 am BST",
                "departure_time": "08:08 am BST",
                "halt": "03",
                "duration": "01:02"
            },
            {
                "city": "Thakurgaon_Road",
                "arrival_time": "08:33 am BST",
                "departure_time": "08:36 am BST",
                "halt": "03",
                "duration": "00:25"
            },
            {
                "city": "Panchagarh",
                "arrival_time": "09:50 am BST",
                "halt": null,
                "duration": "01:14",
                "departure_time": null
            }
        ],
        "total_duration": "10:20",
        "train_name": "PANCHAGARH EXPRESS (793)"
    },
    "extra": {
        "hash": "2E1B68AB3FFC1C6C577E36F562130B61"
    }
}