{
    "data": {
        "days": [
            "Fri",
            "Sat",
            "Sun",
            "Tue",
            "Wed",
            "Thu"
        ],
        "routes": [
            {
                "city": "Dhaka",
                "departure_time": "06:30 am BST",
                "halt": null,
                "duration": null,
                "arrival_time": null
            },
            {
                "city": "Biman_Bandar",
                "arrival_time": "06:53 am BST",
                "departure_time": "06:58 am BST",
                "halt": "05",
                "duration": "00:23"
            },
            {
                "city": "Bhairab_Bazar",
                "arrival_time": "08:03 am BST",
                "departure_time": "08:06 am BST",
                "halt": "03",
                "duration": "01:05"
            },
            {
                "city": "Brahmanbaria",
                "arrival_time": "08:26 am BST",
                "departure_time": "08:29 am BST",
                "halt": "03",
                "duration": "00:20"
            },
            {
                "city": "Azampur",
                "arrival_time": "08:50 am BST",
                "departure_time": "08:52 am BST",
                "halt": "02",
                "duration": "00:21"
            },
            {
                "city": "Nayapara",
                "arrival_time": "09:30 am BST",
                "departure_time": "09:32 am BST",
                "halt": "02",
                "duration": "00:38"
            },
            {
                "city": "Shaistaganj",
                "arrival_time": "09:52 am BST",
                "departure_time": "09:55 am BST",
                "halt": "03",
                "duration": "00:20"
            },
            {
                "city": "Sreemangal",
                "arrival_time": "10:32 am BST",
                "departure_time": "10:35 am BST",
                "halt": "03",
                "duration": "00:37"
            },
            {
                "city": "Bhanugach",
                "arrival_time": "10:54 am BST",
                "departure_time": "10:56 am BST",
                "halt": "02",
                "duration": "00:19"
            },
            {
                "city": "Kulaura",
                "arrival_time": "11:25 am BST",
                "departure_time": "11:28 am BST",
                "halt": "03",
                "duration": "00:29"
            },
            {
                "city": "Maijgaon",
                "arrival_time": "11:55 am BST",
                "departure_time": "11:57 am BST",
                "halt": "02",
                "duration": "00:27"
            },
            {
                "city": "Sylhet",
                "arrival_time": "01:00 pm BST",
                "halt": null,
                "duration": "01:03",
                "departure_time": null
            }
        ],
        "total_duration": "06:30",
        "train_name": "PARABAT EXPRESS (709)"
    },
    "extra": {
        "hash": "2BE019B52680D789BD58CC99C9907821"
    }
}