{
    "data": {
        "days": [
            "Fri",
            "Sat",
            "Sun",
            "Tue",
            "Wed",
            "Thu"
        ],
        "routes": [
            {
                "city": "Sylhet",
                "departure_time": "04:00 pm BST",
                "halt": null,
                "duration": null,
                "arrival_time": null
            },
            {
                "city": "Maijgaon",
                "arrival_time": "04:39 pm BST",
                "departure_time": "04:41 pm BST",
                "halt": "02",
                "duration": "00:39"
            },
            {
                "city": "Kulaura",
                "arrival_time": "05:06 pm BST",
                "departure_time": "05:09 pm BST",
                "halt": "03",
                "duration": "00:25"
            },
            {
                "city": "Bhanugach",
                "arrival_time": "05:39 pm BST",
                "departure_time": "05:41 pm BST",
                "halt": "02",
                "duration": "00:30"
            },
            {
                "city": "Sreemangal",
                "arrival_time": "05:59 pm BST",
                "departure_time": "06:02 pm BST",
                "halt": "03",
                "duration": "00:18"
            },
            {
                "city": "Shaistaganj",
                "arrival_time": "06:46 pm BST",
                "departure_time": "06:49 pm BST",
                "halt": "03",
                "duration": "00:44"
            },
            {
                "city": "Nayapara",
                "arrival_time": "07:10 pm BST",
                "departure_time": "07:12 pm BST",
                "halt": "02",
                "duration": "00:21"
            },
            {
                "city": "Azampur",
                "arrival_time": "08:05 pm BST",
                "departure_time": "08:07 pm BST",
                "halt": "02",
                "duration": "00:53"
            },
            {
                "city": "Brahmanbaria",
                "arrival_time": "08:30 pm BST",
                "departure_time": "08:34 pm BST",
                "halt": "04",
                "duration": "00:23"
            },
            {
                "city": "Bhairab_Bazar",
                "arrival_time": "08:55 pm BST",
                "departure_time": "08:58 pm BST",
                "halt": "03",
                "duration": "00:21"
            },
            {
                "city": "Biman_Bandar",
                "arrival_time": "10:12 pm BST",
                "halt": "---",
                "duration": "01:14"
            },
            {
                "city": "Dhaka",
                "arrival_time": "10:40 pm BST",
                "halt": null,
                "duration": "---",
                "departure_time": null
            }
        ],
        "total_duration": "06:40",
        "train_name": "PARABAT EXPRESS (710)"
    },
    "extra": {
        "hash": "2BE019B52680D789BD58CC99C9907821"
    }
}