{
    "data": {
        "days": [
            "Fri",
            "Sat",
            "Sun",
            "Mon",
            "Tue",
            "Wed",
            "Thu"
        ],
        "routes": [
            {
                "city": "Parbatipur",
                "departure_time": "10:20 pm BST",
                "halt": null,
                "duration": null,
                "arrival_time": null
            },
            {
                "city": "Joypurhat",
                "arrival_time": "11:14 pm BST",
                "departure_time": "11:24 pm BST",
                "halt": "10",
                "duration": "00:54"
            },
            {
                "city": "Santahar",
                "arrival_time": "12:15 am BST",
                "departure_time": "12:25 am BST",
                "halt": "10",
                "duration": "00:51"
            },
            {
                "city": "Natore",
                "arrival_time": "02:01 am BST",
                "departure_time": "02:09 am BST",
                "halt": "08",
                "duration": "01:36"
            },
            {
                "city": "Ishwardi Bypass",
                "arrival_time": "02:48 am BST",
                "departure_time": "02:50 am BST",
                "halt": "02",
                "duration": "00:39"
            },
            {
                "city": "Chatmohar",
                "arrival_time": "03:09 am BST",
                "departure_time": "03:12 am BST",
                "halt": "03",
                "duration": "00:19"
            },
            {
                "city": "Joydebpur",
                "arrival_time": "05:45 am BST",
                "halt": null,
                "duration": "02:33",
                "departure_time": null
            }
        ],
        "total_duration": "07:25",
        "train_name": "PARBATIPUR EID SPL 10 (10)"
    },
    "extra": {
        "hash": "2BE019B52680D789BD58CC99C9907821"
    }
}