{
    "data": {
        "days": [
            "Fri",
            "Sat",
            "Sun",
            "Mon",
            "Tue",
            "Wed",
            "Thu"
        ],
        "routes": [
            {
                "city": "Joydebpur",
                "departure_time": "08:15 am BST",
                "halt": null,
                "duration": null,
                "arrival_time": null
            },
            {
                "city": "Chatmohar",
                "departure_time": "10:33 am BST",
                "arrival_time": "10:31 am BST",
                "halt": "02",
                "duration": "02:16"
            },
            {
                "city": "Ishwardi Bypass",
                "arrival_time": "10:57 am BST",
                "departure_time": "10:59 am BST",
                "halt": "02",
                "duration": "00:24"
            },
            {
                "city": "Natore",
                "departure_time": "11:30 am BST",
                "arrival_time": "11:28 am BST",
                "halt": "02",
                "duration": "00:29"
            },
            {
                "city": "Santahar",
                "departure_time": "12:40 pm BST",
                "arrival_time": "12:35 pm BST",
                "halt": "05",
                "duration": "01:05"
            },
            {
                "city": "Joypurhat",
                "departure_time": "01:15 pm BST",
                "arrival_time": "01:12 pm BST",
                "halt": "03",
                "duration": "00:32"
            },
            {
                "city": "Parbatipur",
                "arrival_time": "02:50 pm BST",
                "halt": null,
                "duration": "01:35",
                "departure_time": null
            }
        ],
        "total_duration": "06:35",
        "train_name": "PARBATIPUR EID SPL 9 (09)"
    },
    "extra": {
        "hash": "2BE019B52680D789BD58CC99C9907821"
    }
}