{
    "data": {
        "days": [
            "Fri",
            "Sat",
            "Sun",
            "Tue",
            "Wed",
            "Thu"
        ],
        "routes": [
            {
                "city": "Chattogram",
                "departure_time": "03:10 pm BST",
                "halt": null,
                "duration": null,
                "arrival_time": null
            },
            {
                "city": "Sholoshohor",
                "arrival_time": "03:21 pm BST",
                "departure_time": "03:23 pm BST",
                "halt": "02",
                "duration": "00:11"
            },
            {
                "city": "GOMDANDI",
                "arrival_time": "03:40 pm BST",
                "departure_time": "03:42 pm BST",
                "halt": "02",
                "duration": "00:17"
            },
            {
                "city": "Patiya",
                "arrival_time": "04:00 pm BST",
                "departure_time": "04:02 pm BST",
                "halt": "02",
                "duration": "00:18"
            },
            {
                "city": "Dohazari",
                "arrival_time": "04:22 pm BST",
                "departure_time": "04:24 pm BST",
                "halt": "02",
                "duration": "00:20"
            },
            {
                "city": "Satkania",
                "arrival_time": "04:35 pm BST",
                "departure_time": "04:37 pm BST",
                "halt": "02",
                "duration": "00:11"
            },
            {
                "city": "LOHAGARA",
                "arrival_time": "04:50 pm BST",
                "departure_time": "04:52 pm BST",
                "halt": "02",
                "duration": "00:13"
            },
            {
                "city": "HARBANG",
                "arrival_time": "05:18 pm BST",
                "departure_time": "05:20 pm BST",
                "halt": "02",
                "duration": "00:26"
            },
            {
                "city": "Chakaria",
                "arrival_time": "05:32 pm BST",
                "departure_time": "05:34 pm BST",
                "halt": "02",
                "duration": "00:12"
            },
            {
                "city": "Dulahazara",
                "arrival_time": "05:56 pm BST",
                "departure_time": "05:58 pm BST",
                "halt": "02",
                "duration": "00:22"
            },
            {
                "city": "ISLAMABAD",
                "arrival_time": "06:15 pm BST",
                "departure_time": "06:17 pm BST",
                "halt": "02",
                "duration": "00:17"
            },
            {
                "city": "Ramu",
                "arrival_time": "06:34 pm BST",
                "departure_time": "06:36 pm BST",
                "halt": "02",
                "duration": "00:17"
            },
            {
                "city": "Cox's Bazar",
                "arrival_time": "07:00 pm BST",
                "halt": null,
                "duration": "00:24",
                "departure_time": null
            }
        ],
        "total_duration": "03:50",
        "train_name": "PROBAL EXPRESS (823)"
    },
    "extra": {
        "hash": "2E1B68AB3FFC1C6C577E36F562130B61"
    }
}