{
    "data": {
        "days": [
            "Fri",
            "Sat",
            "Sun",
            "Mon",
            "Tue",
            "Wed"
        ],
        "routes": [
            {
                "city": "Khulna",
                "departure_time": "07:15 am BST",
                "halt": null,
                "duration": null,
                "arrival_time": null
            },
            {
                "city": "Noapara",
                "arrival_time": "07:48 am BST",
                "departure_time": "07:51 am BST",
                "halt": "03",
                "duration": "00:33"
            },
            {
                "city": "Jashore",
                "departure_time": "08:23 am BST",
                "arrival_time": "08:19 am BST",
                "halt": "04",
                "duration": "00:28"
            },
            {
                "city": "Mubarakganj",
                "arrival_time": "08:50 am BST",
                "departure_time": "08:52 am BST",
                "halt": "02",
                "duration": "00:27"
            },
            {
                "city": "Kotchandpur",
                "departure_time": "09:05 am BST",
                "arrival_time": "09:03 am BST",
                "halt": "02",
                "duration": "00:11"
            },
            {
                "city": "Darshana_Halt",
                "arrival_time": "09:41 am BST",
                "departure_time": "09:44 am BST",
                "halt": "03",
                "duration": "00:36"
            },
            {
                "city": "Chuadanga",
                "arrival_time": "10:03 am BST",
                "departure_time": "10:06 am BST",
                "halt": "03",
                "duration": "00:19"
            },
            {
                "city": "Alamdanga",
                "arrival_time": "10:21 am BST",
                "departure_time": "10:23 am BST",
                "halt": "02",
                "duration": "00:15"
            },
            {
                "city": "Poradaha",
                "arrival_time": "10:39 am BST",
                "departure_time": "10:42 am BST",
                "halt": "03",
                "duration": "00:16"
            },
            {
                "city": "Bheramara",
                "arrival_time": "10:59 am BST",
                "departure_time": "11:02 am BST",
                "halt": "03",
                "duration": "00:17"
            },
            {
                "city": "Paksey",
                "arrival_time": "11:14 am BST",
                "departure_time": "11:16 am BST",
                "halt": "02",
                "duration": "00:12"
            },
            {
                "city": "Ishwardi",
                "arrival_time": "11:25 am BST",
                "departure_time": "11:40 am BST",
                "halt": "15",
                "duration": "00:09"
            },
            {
                "city": "Natore",
                "arrival_time": "12:13 pm BST",
                "departure_time": "12:16 pm BST",
                "halt": "03",
                "duration": "00:33"
            },
            {
                "city": "Ahsanganj",
                "arrival_time": "12:57 pm BST",
                "departure_time": "01:00 pm BST",
                "halt": "03",
                "duration": "00:41"
            },
            {
                "city": "Santahar",
                "arrival_time": "01:25 pm BST",
                "departure_time": "01:30 pm BST",
                "halt": "05",
                "duration": "00:25"
            },
            {
                "city": "Akkelpur",
                "arrival_time": "01:50 pm BST",
                "departure_time": "01:52 pm BST",
                "halt": "02",
                "duration": "00:20"
            },
            {
                "city": "Joypurhat",
                "arrival_time": "02:05 pm BST",
                "departure_time": "02:08 pm BST",
                "halt": "03",
                "duration": "00:13"
            },
            {
                "city": "Birampur",
                "departure_time": "02:38 pm BST",
                "arrival_time": "02:36 pm BST",
                "halt": "02",
                "duration": "00:28"
            },
            {
                "city": "Fulbari",
                "departure_time": "02:51 pm BST",
                "arrival_time": "02:49 pm BST",
                "halt": "02",
                "duration": "00:11"
            },
            {
                "city": "Parbatipur",
                "arrival_time": "03:10 pm BST",
                "departure_time": "03:20 pm BST",
                "halt": "10",
                "duration": "00:19"
            },
            {
                "city": "Saidpur",
                "arrival_time": "03:37 pm BST",
                "departure_time": "03:42 pm BST",
                "halt": "05",
                "duration": "00:17"
            },
            {
                "city": "Nilphamari",
                "arrival_time": "04:05 pm BST",
                "departure_time": "04:08 pm BST",
                "halt": "03",
                "duration": "00:23"
            },
            {
                "city": "Domar",
                "arrival_time": "04:24 pm BST",
                "departure_time": "04:27 pm BST",
                "halt": "03",
                "duration": "00:16"
            },
            {
                "city": "Chilahati",
                "arrival_time": "05:00 pm BST",
                "halt": null,
                "duration": "00:33",
                "departure_time": null
            }
        ],
        "total_duration": "09:45",
        "train_name": "RUPSHA EXPRESS (727)"
    },
    "extra": {
        "hash": "2E1B68AB3FFC1C6C577E36F562130B61"
    }
}