{
    "data": {
        "days": [
            "Fri",
            "Sat",
            "Sun",
            "Mon",
            "Tue",
            "Wed"
        ],
        "routes": [
            {
                "city": "Chilahati",
                "departure_time": "08:30 am BST",
                "halt": null,
                "duration": null,
                "arrival_time": null
            },
            {
                "city": "Domar",
                "departure_time": "08:51 am BST",
                "arrival_time": "08:48 am BST",
                "halt": "03",
                "duration": "00:18"
            },
            {
                "city": "Nilphamari",
                "departure_time": "09:10 am BST",
                "arrival_time": "09:07 am BST",
                "halt": "03",
                "duration": "00:16"
            },
            {
                "city": "Saidpur",
                "departure_time": "09:35 am BST",
                "arrival_time": "09:30 am BST",
                "halt": "05",
                "duration": "00:20"
            },
            {
                "city": "Parbatipur",
                "arrival_time": "09:55 am BST",
                "departure_time": "10:15 am BST",
                "halt": "20",
                "duration": "00:20"
            },
            {
                "city": "Fulbari",
                "departure_time": "10:39 am BST",
                "arrival_time": "10:36 am BST",
                "halt": "03",
                "duration": "00:21"
            },
            {
                "city": "Birampur",
                "departure_time": "10:53 am BST",
                "arrival_time": "10:50 am BST",
                "halt": "03",
                "duration": "00:11"
            },
            {
                "city": "Joypurhat",
                "arrival_time": "11:22 am BST",
                "departure_time": "11:25 am BST",
                "halt": "03",
                "duration": "00:29"
            },
            {
                "city": "Akkelpur",
                "arrival_time": "11:39 am BST",
                "departure_time": "11:41 am BST",
                "halt": "02",
                "duration": "00:14"
            },
            {
                "city": "Santahar",
                "arrival_time": "12:00 pm BST",
                "departure_time": "12:05 pm BST",
                "halt": "05",
                "duration": "00:19"
            },
            {
                "city": "Ahsanganj",
                "arrival_time": "12:28 pm BST",
                "departure_time": "12:31 pm BST",
                "halt": "03",
                "duration": "00:23"
            },
            {
                "city": "Natore",
                "arrival_time": "12:55 pm BST",
                "departure_time": "01:00 pm BST",
                "halt": "05",
                "duration": "00:24"
            },
            {
                "city": "Ishwardi",
                "arrival_time": "01:40 pm BST",
                "departure_time": "02:00 pm BST",
                "halt": "20",
                "duration": "00:40"
            },
            {
                "city": "Paksey",
                "arrival_time": "02:10 pm BST",
                "departure_time": "02:12 pm BST",
                "halt": "02",
                "duration": "00:10"
            },
            {
                "city": "Bheramara",
                "arrival_time": "02:24 pm BST",
                "departure_time": "02:27 pm BST",
                "halt": "03",
                "duration": "00:12"
            },
            {
                "city": "Poradaha",
                "arrival_time": "02:44 pm BST",
                "departure_time": "02:47 pm BST",
                "halt": "03",
                "duration": "00:17"
            },
            {
                "city": "Alamdanga",
                "arrival_time": "03:02 pm BST",
                "departure_time": "03:04 pm BST",
                "halt": "02",
                "duration": "00:15"
            },
            {
                "city": "Chuadanga",
                "arrival_time": "03:20 pm BST",
                "departure_time": "03:23 pm BST",
                "halt": "03",
                "duration": "00:16"
            },
            {
                "city": "Darshana_Halt",
                "arrival_time": "03:45 pm BST",
                "departure_time": "03:48 pm BST",
                "halt": "03",
                "duration": "00:22"
            },
            {
                "city": "Kotchandpur",
                "arrival_time": "04:14 pm BST",
                "departure_time": "04:16 pm BST",
                "halt": "02",
                "duration": "00:26"
            },
            {
                "city": "Mubarakganj",
                "arrival_time": "04:28 pm BST",
                "departure_time": "04:30 pm BST",
                "halt": "02",
                "duration": "00:12"
            },
            {
                "city": "Jashore",
                "arrival_time": "04:58 pm BST",
                "departure_time": "05:08 pm BST",
                "halt": "10",
                "duration": "00:28"
            },
            {
                "city": "Noapara",
                "arrival_time": "05:36 pm BST",
                "departure_time": "05:39 pm BST",
                "halt": "03",
                "duration": "00:28"
            },
            {
                "city": "Khulna",
                "arrival_time": "06:25 pm BST",
                "halt": null,
                "duration": "00:46",
                "departure_time": null
            }
        ],
        "total_duration": "09:55",
        "train_name": "RUPSHA EXPRESS (728)"
    },
    "extra": {
        "hash": "2E1B68AB3FFC1C6C577E36F562130B61"
    }
}