{
    "data": {
        "days": [
            "Fri",
            "Sat",
            "Mon",
            "Tue",
            "Wed",
            "Thu"
        ],
        "routes": [
            {
                "city": "Rajshahi",
                "departure_time": "07:40 am BST",
                "halt": null,
                "duration": null,
                "arrival_time": null
            },
            {
                "city": "Abdulpur",
                "arrival_time": "08:20 am BST",
                "departure_time": "08:22 am BST",
                "halt": "02",
                "duration": "00:40"
            },
            {
                "city": "Ishwardi Bypass",
                "arrival_time": "08:37 am BST",
                "departure_time": "08:39 am BST",
                "halt": "02",
                "duration": "00:15"
            },
            {
                "city": "Chatmohar",
                "arrival_time": "08:58 am BST",
                "departure_time": "09:01 am BST",
                "halt": "03",
                "duration": "00:19"
            },
            {
                "city": "Boral_Bridge",
                "arrival_time": "09:14 am BST",
                "departure_time": "09:17 am BST",
                "halt": "03",
                "duration": "00:13"
            },
            {
                "city": "Ullapara",
                "departure_time": "09:39 am BST",
                "arrival_time": "09:36 am BST",
                "halt": "03",
                "duration": "00:19"
            },
            {
                "city": "Jamtail",
                "arrival_time": "09:51 am BST",
                "departure_time": "09:53 am BST",
                "halt": "02",
                "duration": "00:12"
            },
            {
                "city": "SH M Monsur Ali",
                "arrival_time": "10:01 am BST",
                "departure_time": "10:04 am BST",
                "halt": "03",
                "duration": "00:08"
            },
            {
                "city": "Ibrahimabad",
                "arrival_time": "10:20 am BST",
                "departure_time": "10:22 am BST",
                "halt": "02",
                "duration": "00:16"
            },
            {
                "city": "Tangail",
                "departure_time": "10:44 am BST",
                "arrival_time": "10:42 am BST",
                "halt": "02",
                "duration": "00:20"
            },
            {
                "city": "Mirzapur",
                "arrival_time": "11:08 am BST",
                "departure_time": "11:10 am BST",
                "halt": "02",
                "duration": "00:24"
            },
            {
                "city": "Joydebpur",
                "arrival_time": "12:05 pm BST",
                "departure_time": "12:08 pm BST",
                "halt": "03",
                "duration": "00:55"
            },
            {
                "city": "Dhaka",
                "arrival_time": "01:10 pm BST",
                "halt": null,
                "duration": "01:02",
                "departure_time": null
            }
        ],
        "total_duration": "05:30",
        "train_name": "SILKCITY EXPRESS (754)"
    },
    "extra": {
        "hash": "2BE019B52680D789BD58CC99C9907821"
    }
}