{
    "data": {
        "days": [
            "Fri",
            "Sun",
            "Mon",
            "Tue",
            "Wed",
            "Thu"
        ],
        "routes": [
            {
                "city": "Sirajganj_Bazar",
                "departure_time": "06:00 am BST",
                "halt": null,
                "duration": null,
                "arrival_time": null
            },
            {
                "city": "Sirajganjraipur",
                "arrival_time": "06:08 am BST",
                "departure_time": "06:10 am BST",
                "halt": "02",
                "duration": "00:08"
            },
            {
                "city": "Jamtail",
                "departure_time": "06:45 am BST",
                "arrival_time": "06:25 am BST",
                "halt": "20",
                "duration": "00:15"
            },
            {
                "city": "SH M Monsur Ali",
                "departure_time": "06:56 am BST",
                "arrival_time": "06:53 am BST",
                "halt": "03",
                "duration": "00:08"
            },
            {
                "city": "SOYDABAD",
                "arrival_time": "07:03 am BST",
                "departure_time": "07:06 am BST",
                "halt": "03",
                "duration": "00:07"
            },
            {
                "city": "Ibrahimabad",
                "departure_time": "07:20 am BST",
                "arrival_time": "07:18 am BST",
                "halt": "02",
                "duration": "00:12"
            },
            {
                "city": "Tangail",
                "departure_time": "07:48 am BST",
                "arrival_time": "07:40 am BST",
                "halt": "08",
                "duration": "00:20"
            },
            {
                "city": "Mirzapur",
                "arrival_time": "08:12 am BST",
                "halt": "---",
                "duration": "00:24"
            },
            {
                "city": "Hi-Tech City",
                "arrival_time": "08:31 am BST",
                "departure_time": "08:33 am BST",
                "halt": "02",
                "duration": "---"
            },
            {
                "city": "Joydebpur",
                "arrival_time": "09:14 am BST",
                "departure_time": "09:17 am BST",
                "halt": "03",
                "duration": "00:41"
            },
            {
                "city": "Biman_Bandar",
                "departure_time": "09:46 am BST",
                "arrival_time": "09:43 am BST",
                "halt": "03",
                "duration": "00:26"
            },
            {
                "city": "Dhaka",
                "arrival_time": "10:15 am BST",
                "halt": null,
                "duration": "00:29",
                "departure_time": null
            }
        ],
        "total_duration": "04:15",
        "train_name": "SIRAJGANJ EXPRESS (775)"
    },
    "extra": {
        "hash": "2E1B68AB3FFC1C6C577E36F562130B61"
    }
}