{
    "data": {
        "days": [
            "Fri",
            "Sat",
            "Sun",
            "Tue",
            "Wed",
            "Thu"
        ],
        "routes": [
            {
                "city": "Dhaka",
                "departure_time": "04:30 pm BST",
                "halt": null,
                "duration": null,
                "arrival_time": null
            },
            {
                "city": "Biman_Bandar",
                "arrival_time": "04:53 pm BST",
                "departure_time": "04:58 pm BST",
                "halt": "05",
                "duration": "00:23"
            },
            {
                "city": "Chattogram",
                "arrival_time": "09:25 pm BST",
                "halt": null,
                "duration": "04:27",
                "departure_time": null
            }
        ],
        "total_duration": "04:55",
        "train_name": "SUBORNO EXPRESS (702)"
    },
    "extra": {
        "hash": "2BE019B52680D789BD58CC99C9907821"
    }
}