{
    "data": {
        "days": [
            "Fri",
            "Sat",
            "Sun",
            "Tue",
            "Wed",
            "Thu"
        ],
        "routes": [
            {
                "city": "Chattogram",
                "departure_time": "07:00 am BST",
                "halt": null,
                "duration": null,
                "arrival_time": null
            },
            {
                "city": "Dhaka",
                "arrival_time": "11:55 am BST",
                "halt": null,
                "duration": "04:55",
                "departure_time": null
            }
        ],
        "total_duration": "04:55",
        "train_name": "SUBORNO EXPRESS (701)"
    },
    "extra": {
        "hash": "2E1B68AB3FFC1C6C577E36F562130B61"
    }
}