{
    "data": {
        "days": [
            "Fri",
            "Sat",
            "Sun",
            "Mon",
            "Tue",
            "Thu"
        ],
        "routes": [
            {
                "city": "Dhaka",
                "departure_time": "08:00 am BST",
                "halt": null,
                "duration": null,
                "arrival_time": null
            },
            {
                "city": "Bhanga",
                "arrival_time": "09:07 am BST",
                "departure_time": "09:09 am BST",
                "halt": "02",
                "duration": "01:07"
            },
            {
                "city": "Faridpur",
                "arrival_time": "09:39 am BST",
                "departure_time": "09:42 am BST",
                "halt": "03",
                "duration": "00:30"
            },
            {
                "city": "Rajbari",
                "arrival_time": "10:15 am BST",
                "departure_time": "10:25 am BST",
                "halt": "10",
                "duration": "00:33"
            },
            {
                "city": "Pangsha",
                "arrival_time": "10:59 am BST",
                "departure_time": "11:01 am BST",
                "halt": "02",
                "duration": "00:34"
            },
            {
                "city": "Kushtia_Court",
                "arrival_time": "11:35 am BST",
                "departure_time": "11:38 am BST",
                "halt": "03",
                "duration": "00:34"
            },
            {
                "city": "Poradaha",
                "arrival_time": "11:50 am BST",
                "departure_time": "11:53 am BST",
                "halt": "03",
                "duration": "00:12"
            },
            {
                "city": "Alamdanga",
                "arrival_time": "12:09 pm BST",
                "departure_time": "12:11 pm BST",
                "halt": "02",
                "duration": "00:16"
            },
            {
                "city": "Chuadanga",
                "arrival_time": "12:27 pm BST",
                "departure_time": "12:30 pm BST",
                "halt": "03",
                "duration": "00:16"
            },
            {
                "city": "Darshana_Halt",
                "arrival_time": "12:50 pm BST",
                "departure_time": "12:53 pm BST",
                "halt": "03",
                "duration": "00:20"
            },
            {
                "city": "Kotchandpur",
                "arrival_time": "01:16 pm BST",
                "departure_time": "01:18 pm BST",
                "halt": "02",
                "duration": "00:23"
            },
            {
                "city": "Mubarakganj",
                "arrival_time": "01:30 pm BST",
                "departure_time": "01:33 pm BST",
                "halt": "03",
                "duration": "00:12"
            },
            {
                "city": "Jashore",
                "arrival_time": "02:04 pm BST",
                "departure_time": "02:08 pm BST",
                "halt": "04",
                "duration": "00:31"
            },
            {
                "city": "Noapara",
                "arrival_time": "02:41 pm BST",
                "departure_time": "04:10 pm BST",
                "halt": "89",
                "duration": "00:33"
            },
            {
                "city": "Daulatpur",
                "arrival_time": "03:08 pm BST",
                "departure_time": "03:10 pm BST",
                "halt": "02",
                "duration": "01:02"
            },
            {
                "city": "Khulna",
                "arrival_time": "03:40 pm BST",
                "halt": null,
                "duration": "00:30",
                "departure_time": null
            }
        ],
        "total_duration": "07:40",
        "train_name": "SUNDARBAN EXPRESS (726)"
    },
    "extra": {
        "hash": "2BE019B52680D789BD58CC99C9907821"
    }
}