{
    "data": {
        "days": [
            "Fri",
            "Sat",
            "Sun",
            "Mon",
            "Wed",
            "Thu"
        ],
        "routes": [
            {
                "city": "Khulna",
                "departure_time": "09:45 pm BST",
                "halt": null,
                "duration": null,
                "arrival_time": null
            },
            {
                "city": "Daulatpur",
                "arrival_time": "09:57 pm BST",
                "departure_time": "09:59 pm BST",
                "halt": "02",
                "duration": "00:12"
            },
            {
                "city": "Noapara",
                "arrival_time": "10:22 pm BST",
                "departure_time": "10:25 pm BST",
                "halt": "03",
                "duration": "00:23"
            },
            {
                "city": "Jashore",
                "departure_time": "10:57 pm BST",
                "arrival_time": "10:53 pm BST",
                "halt": "04",
                "duration": "00:28"
            },
            {
                "city": "Mubarakganj",
                "arrival_time": "11:24 pm BST",
                "departure_time": "11:26 pm BST",
                "halt": "02",
                "duration": "00:27"
            },
            {
                "city": "Kotchandpur",
                "arrival_time": "11:38 pm BST",
                "departure_time": "11:40 pm BST",
                "halt": "02",
                "duration": "00:12"
            },
            {
                "city": "Chuadanga",
                "arrival_time": "12:21 am BST",
                "departure_time": "12:24 am BST",
                "halt": "03",
                "duration": "00:41"
            },
            {
                "city": "Alamdanga",
                "arrival_time": "12:40 am BST",
                "departure_time": "12:42 am BST",
                "halt": "02",
                "duration": "00:16"
            },
            {
                "city": "Poradaha",
                "arrival_time": "12:58 am BST",
                "departure_time": "01:00 am BST",
                "halt": "02",
                "duration": "00:16"
            },
            {
                "city": "Kushtia_Court",
                "arrival_time": "01:12 am BST",
                "departure_time": "01:15 am BST",
                "halt": "03",
                "duration": "00:12"
            },
            {
                "city": "Pangsha",
                "departure_time": "01:53 am BST",
                "arrival_time": "01:51 am BST",
                "halt": "02",
                "duration": "00:36"
            },
            {
                "city": "Rajbari",
                "departure_time": "02:40 am BST",
                "arrival_time": "02:30 am BST",
                "halt": "10",
                "duration": "00:37"
            },
            {
                "city": "Faridpur",
                "arrival_time": "03:12 am BST",
                "departure_time": "03:15 am BST",
                "halt": "03",
                "duration": "00:32"
            },
            {
                "city": "Bhanga",
                "arrival_time": "03:45 am BST",
                "departure_time": "03:47 am BST",
                "halt": "02",
                "duration": "00:30"
            },
            {
                "city": "Dhaka",
                "arrival_time": "05:10 am BST",
                "halt": null,
                "duration": "01:23",
                "departure_time": null
            }
        ],
        "total_duration": "07:25",
        "train_name": "SUNDARBAN EXPRESS (725)"
    },
    "extra": {
        "hash": "2E1B68AB3FFC1C6C577E36F562130B61"
    }
}