{
    "data": {
        "days": [
            "Fri",
            "Sat",
            "Sun",
            "Mon",
            "Tue",
            "Wed",
            "Thu"
        ],
        "routes": [
            {
                "city": "Dewanganj_Bazar",
                "departure_time": "04:20 pm BST",
                "halt": null,
                "duration": null,
                "arrival_time": null
            },
            {
                "city": "Islampur_Bazar",
                "departure_time": "04:38 pm BST",
                "arrival_time": "04:35 pm BST",
                "halt": "03",
                "duration": "00:15"
            },
            {
                "city": "Melandah_Bazar",
                "departure_time": "04:54 pm BST",
                "arrival_time": "04:52 pm BST",
                "halt": "02",
                "duration": "00:14"
            },
            {
                "city": "Jamalpur_Town",
                "departure_time": "05:13 pm BST",
                "arrival_time": "05:11 pm BST",
                "halt": "02",
                "duration": "00:17"
            },
            {
                "city": "Piyarpur",
                "departure_time": "06:07 pm BST",
                "arrival_time": "06:05 pm BST",
                "halt": "02",
                "duration": "00:52"
            },
            {
                "city": "Mymensingh",
                "departure_time": "06:45 pm BST",
                "arrival_time": "06:42 pm BST",
                "halt": "03",
                "duration": "00:35"
            },
            {
                "city": "Gafargaon",
                "departure_time": "07:57 pm BST",
                "arrival_time": "07:55 pm BST",
                "halt": "02",
                "duration": "01:10"
            },
            {
                "city": "Joydebpur",
                "departure_time": "10:05 pm BST",
                "arrival_time": "09:47 pm BST",
                "halt": "18",
                "duration": "01:50"
            },
            {
                "city": "Tongi",
                "arrival_time": "10:27 pm BST",
                "departure_time": "10:29 pm BST",
                "halt": "02",
                "duration": "00:22"
            },
            {
                "city": "Dhaka",
                "arrival_time": "11:20 pm BST",
                "halt": null,
                "duration": "00:51",
                "departure_time": null
            }
        ],
        "total_duration": "07:00",
        "train_name": "TISTA EID SPL 4 (04)"
    },
    "extra": {
        "hash": "2BE019B52680D789BD58CC99C9907821"
    }
}