{
    "data": {
        "days": [
            "Fri",
            "Sat",
            "Sun",
            "Mon",
            "Tue",
            "Thu"
        ],
        "routes": [
            {
                "city": "Chilahati",
                "departure_time": "03:00 pm BST",
                "halt": null,
                "duration": null,
                "arrival_time": null
            },
            {
                "city": "Domar",
                "departure_time": "03:24 pm BST",
                "arrival_time": "03:21 pm BST",
                "halt": "03",
                "duration": "00:21"
            },
            {
                "city": "Nilphamari",
                "departure_time": "04:42 pm BST",
                "arrival_time": "03:41 pm BST",
                "halt": "61",
                "duration": "00:17"
            },
            {
                "city": "Saidpur",
                "departure_time": "04:19 pm BST",
                "arrival_time": "04:15 pm BST",
                "halt": "04",
                "duration": "00:27"
            },
            {
                "city": "Parbatipur",
                "arrival_time": "04:35 pm BST",
                "departure_time": "04:55 pm BST",
                "halt": "20",
                "duration": "00:16"
            },
            {
                "city": "Fulbari",
                "departure_time": "05:16 pm BST",
                "arrival_time": "05:13 pm BST",
                "halt": "03",
                "duration": "00:18"
            },
            {
                "city": "Birampur",
                "departure_time": "05:30 pm BST",
                "arrival_time": "05:27 pm BST",
                "halt": "03",
                "duration": "00:11"
            },
            {
                "city": "Panchbibi",
                "arrival_time": "05:59 pm BST",
                "departure_time": "06:01 pm BST",
                "halt": "02",
                "duration": "00:29"
            },
            {
                "city": "Joypurhat",
                "arrival_time": "06:12 pm BST",
                "departure_time": "06:15 pm BST",
                "halt": "03",
                "duration": "00:11"
            },
            {
                "city": "Jamalganj",
                "arrival_time": "06:23 pm BST",
                "departure_time": "06:25 pm BST",
                "halt": "02",
                "duration": "00:08"
            },
            {
                "city": "Akkelpur",
                "arrival_time": "06:33 pm BST",
                "departure_time": "06:35 pm BST",
                "halt": "02",
                "duration": "00:08"
            },
            {
                "city": "Santahar",
                "arrival_time": "06:55 pm BST",
                "departure_time": "07:00 pm BST",
                "halt": "05",
                "duration": "00:20"
            },
            {
                "city": "Ahsanganj",
                "arrival_time": "07:22 pm BST",
                "departure_time": "07:24 pm BST",
                "halt": "02",
                "duration": "00:22"
            },
            {
                "city": "Madhnagar",
                "arrival_time": "07:33 pm BST",
                "departure_time": "07:35 pm BST",
                "halt": "02",
                "duration": "00:09"
            },
            {
                "city": "Natore",
                "arrival_time": "07:50 pm BST",
                "departure_time": "07:53 pm BST",
                "halt": "03",
                "duration": "00:15"
            },
            {
                "city": "Abdulpur",
                "arrival_time": "08:10 pm BST",
                "departure_time": "08:30 pm BST",
                "halt": "20",
                "duration": "00:17"
            },
            {
                "city": "Rajshahi",
                "arrival_time": "09:30 pm BST",
                "halt": null,
                "duration": "01:00",
                "departure_time": null
            }
        ],
        "total_duration": "06:30",
        "train_name": "TITUMIR EXPRESS (734)"
    },
    "extra": {
        "hash": "2BE019B52680D789BD58CC99C9907821"
    }
}