{
    "data": {
        "days": [
            "Fri",
            "Sat",
            "Sun",
            "Mon",
            "Wed",
            "Thu"
        ],
        "routes": [
            {
                "city": "Gobra",
                "departure_time": "06:30 am BST",
                "halt": null,
                "duration": null,
                "arrival_time": null
            },
            {
                "city": "Borashi",
                "arrival_time": "06:39 am BST",
                "departure_time": "06:41 am BST",
                "halt": "02",
                "duration": "00:09"
            },
            {
                "city": "Gopalganj",
                "departure_time": "06:53 am BST",
                "arrival_time": "06:50 am BST",
                "halt": "03",
                "duration": "00:09"
            },
            {
                "city": "Chandradighalia",
                "arrival_time": "07:05 am BST",
                "departure_time": "07:07 am BST",
                "halt": "02",
                "duration": "00:12"
            },
            {
                "city": "Choto Bahirbag",
                "arrival_time": "07:18 am BST",
                "departure_time": "07:20 am BST",
                "halt": "02",
                "duration": "00:11"
            },
            {
                "city": "Chapta",
                "arrival_time": "07:32 am BST",
                "departure_time": "07:34 am BST",
                "halt": "02",
                "duration": "00:12"
            },
            {
                "city": "Kashiani",
                "arrival_time": "07:44 am BST",
                "departure_time": "07:47 am BST",
                "halt": "03",
                "duration": "00:10"
            },
            {
                "city": "Boalmari_Bazar",
                "arrival_time": "08:09 am BST",
                "departure_time": "08:11 am BST",
                "halt": "02",
                "duration": "00:22"
            },
            {
                "city": "Madhukhali",
                "arrival_time": "08:30 am BST",
                "departure_time": "08:32 am BST",
                "halt": "02",
                "duration": "00:19"
            },
            {
                "city": "Baharpur",
                "arrival_time": "08:55 am BST",
                "departure_time": "08:57 am BST",
                "halt": "02",
                "duration": "00:23"
            },
            {
                "city": "Kalukhali",
                "arrival_time": "09:10 am BST",
                "departure_time": "09:12 am BST",
                "halt": "02",
                "duration": "00:13"
            },
            {
                "city": "Pangsha",
                "departure_time": "09:23 am BST",
                "arrival_time": "09:21 am BST",
                "halt": "02",
                "duration": "00:09"
            },
            {
                "city": "Khoksha",
                "departure_time": "09:38 am BST",
                "arrival_time": "09:36 am BST",
                "halt": "02",
                "duration": "00:13"
            },
            {
                "city": "Kumarkhali",
                "departure_time": "09:49 am BST",
                "arrival_time": "09:47 am BST",
                "halt": "02",
                "duration": "00:09"
            },
            {
                "city": "Kushtia_Court",
                "arrival_time": "10:06 am BST",
                "departure_time": "10:09 am BST",
                "halt": "03",
                "duration": "00:17"
            },
            {
                "city": "Poradaha",
                "arrival_time": "10:30 am BST",
                "departure_time": "11:00 am BST",
                "halt": "30",
                "duration": "00:21"
            },
            {
                "city": "Bheramara",
                "departure_time": "11:20 am BST",
                "arrival_time": "11:17 am BST",
                "halt": "03",
                "duration": "00:17"
            },
            {
                "city": "Ishwardi",
                "arrival_time": "11:40 am BST",
                "departure_time": "12:00 pm BST",
                "halt": "20",
                "duration": "00:20"
            },
            {
                "city": "Rajshahi",
                "arrival_time": "01:15 pm BST",
                "halt": null,
                "duration": "01:15",
                "departure_time": null
            }
        ],
        "total_duration": "06:45",
        "train_name": "TUNGIPARA EXPRESS (783)"
    },
    "extra": {
        "hash": "2BE019B52680D789BD58CC99C9907821"
    }
}