{
    "data": {
        "days": [
            "Fri",
            "Sat",
            "Sun",
            "Mon",
            "Tue",
            "Wed",
            "Thu"
        ],
        "routes": [
            {
                "city": "Dhaka",
                "departure_time": "11:15 pm BST",
                "halt": null,
                "duration": null,
                "arrival_time": null
            },
            {
                "city": "Biman_Bandar",
                "arrival_time": "11:38 pm BST",
                "departure_time": "11:43 pm BST",
                "halt": "05",
                "duration": "00:23"
            },
            {
                "city": "Bhairab_Bazar",
                "arrival_time": "12:49 am BST",
                "departure_time": "12:52 am BST",
                "halt": "03",
                "duration": "01:06"
            },
            {
                "city": "Brahmanbaria",
                "arrival_time": "01:12 am BST",
                "departure_time": "01:16 am BST",
                "halt": "04",
                "duration": "00:20"
            },
            {
                "city": "Akhaura",
                "arrival_time": "01:47 am BST",
                "departure_time": "01:50 am BST",
                "halt": "03",
                "duration": "00:31"
            },
            {
                "city": "Cumilla",
                "arrival_time": "02:33 am BST",
                "departure_time": "02:35 am BST",
                "halt": "02",
                "duration": "00:43"
            },
            {
                "city": "Laksam",
                "arrival_time": "02:58 am BST",
                "departure_time": "03:00 am BST",
                "halt": "02",
                "duration": "00:23"
            },
            {
                "city": "Feni",
                "arrival_time": "03:40 am BST",
                "departure_time": "03:42 am BST",
                "halt": "02",
                "duration": "00:40"
            },
            {
                "city": "Chattogram",
                "arrival_time": "05:15 am BST",
                "halt": null,
                "duration": "01:33",
                "departure_time": null
            }
        ],
        "total_duration": "06:00",
        "train_name": "TURNA (742)"
    },
    "extra": {
        "hash": "2BE019B52680D789BD58CC99C9907821"
    }
}