{
    "data": {
        "days": [
            "Fri",
            "Sat",
            "Sun",
            "Mon",
            "Tue",
            "Thu"
        ],
        "routes": [
            {
                "city": "Chattogram",
                "departure_time": "09:45 pm BST",
                "halt": null,
                "duration": null,
                "arrival_time": null
            },
            {
                "city": "Feni",
                "arrival_time": "11:04 pm BST",
                "departure_time": "11:07 pm BST",
                "halt": "03",
                "duration": "01:19"
            },
            {
                "city": "Laksam",
                "arrival_time": "11:45 pm BST",
                "departure_time": "11:47 pm BST",
                "halt": "02",
                "duration": "00:38"
            },
            {
                "city": "Cumilla",
                "arrival_time": "12:09 am BST",
                "departure_time": "12:12 am BST",
                "halt": "03",
                "duration": "00:22"
            },
            {
                "city": "Akhaura",
                "arrival_time": "01:05 am BST",
                "departure_time": "01:10 am BST",
                "halt": "05",
                "duration": "00:53"
            },
            {
                "city": "Shaistaganj",
                "arrival_time": "02:29 am BST",
                "departure_time": "02:32 am BST",
                "halt": "03",
                "duration": "01:19"
            },
            {
                "city": "Sreemangal",
                "arrival_time": "03:10 am BST",
                "departure_time": "03:13 am BST",
                "halt": "03",
                "duration": "00:38"
            },
            {
                "city": "Shamshernagar",
                "arrival_time": "03:38 am BST",
                "departure_time": "03:40 am BST",
                "halt": "02",
                "duration": "00:25"
            },
            {
                "city": "Kulaura",
                "arrival_time": "04:04 am BST",
                "departure_time": "04:07 am BST",
                "halt": "03",
                "duration": "00:24"
            },
            {
                "city": "Maijgaon",
                "arrival_time": "04:35 am BST",
                "departure_time": "04:37 am BST",
                "halt": "02",
                "duration": "00:28"
            },
            {
                "city": "Sylhet",
                "arrival_time": "05:45 am BST",
                "halt": null,
                "duration": "01:08",
                "departure_time": null
            }
        ],
        "total_duration": "08:00",
        "train_name": "UDAYAN EXPRESS (723)"
    },
    "extra": {
        "hash": "2BE019B52680D789BD58CC99C9907821"
    }
}