{
    "data": {
        "recommendations": [],
        "selected_seat_class": "S_CHAIR",
        "trains": [
            {
                "arrival_date_time": "21 Mar, 01:05 am",
                "boarding_points": [
                    {
                        "location_date": "21 Mar 2025",
                        "location_id": 2708,
                        "location_name": "Abdulpur Station",
                        "location_time": "12:07 AM",
                        "trip_point_id": 107718359
                    }
                ],
                "departure_date_time": "21 Mar, 12:07 am",
                "departure_date_time_jd": "Fri, 21 Mar 2025, 12:07 AM",
                "departure_full_date": "2025-03-21",
                "destination_city_name": "boral_bridge",
                "is_eid_trip": 0,
                "is_from_city_international": false,
                "is_international": 0,
                "is_open_for_all": true,
                "origin_city_name": "abdulpur",
                "parent_route": {
                    "arrival_date": "2025-03-21",
                    "arrival_time": "04:40:00",
                    "departure_date": "2025-03-20",
                    "departure_time": "23:20:00",
                    "destination_city_name": "dhaka",
                    "origin_city_name": "rajshahi"
                },
                "seat_types": [
                    {
                        "destination_city_seq": 7,
                        "fare": "110.00",
                        "key": 7,
                        "origin_city_seq": 4,
                        "route_id": 19562,
                        "seat_counts": {
                            "is_divided": true,
                            "offline": 0,
                            "online": 0
                        },
                        "trip_id": 8407934,
                        "trip_route_id": 52528364,
                        "type": "S_CHAIR",
                        "vat_amount": 0,
                        "vat_percent": 0
                    },
                    {
                        "destination_city_seq": 7,
                        "fare": "180.00",
                        "key": 3,
                        "origin_city_seq": 4,
                        "route_id": 19562,
                        "seat_counts": {
                            "is_divided": true,
                            "offline": 0,
                            "online": 0
                        },
                        "trip_id": 8407935,
                        "trip_route_id": 52528387,
                        "type": "SNIGDHA",
                        "vat_amount": 27,
                        "vat_percent": 15
                    },
                    {
                        "destination_city_seq": 7,
                        "fare": "320.00",
                        "key": 1,
                        "origin_city_seq": 4,
                        "route_id": 19562,
                        "seat_counts": {
                            "is_divided": true,
                            "offline": 0,
                            "online": 0
                        },
                        "trip_id": 8407936,
                        "trip_route_id": 52528408,
                        "type": "AC_B",
                        "vat_amount": 48,
                        "vat_percent": 15
                    }
                ],
                "train_model": "770",
                "travel_time": "00h 58m",
                "trip_number": "DHUMKETU EXPRESS (770)"
            },
            {
                "arrival_date_time": "21 Mar, 09:14 am",
                "boarding_points": [
                    {
                        "location_date": "21 Mar 2025",
                        "location_id": 2708,
                        "location_name": "Abdulpur Station",
                        "location_time": "08:22 AM",
                        "trip_point_id": 107731498
                    }
                ],
                "departure_date_time": "21 Mar, 08:22 am",
                "departure_date_time_jd": "Fri, 21 Mar 2025, 08:22 AM",
                "departure_full_date": "2025-03-21",
                "destination_city_name": "boral_bridge",
                "is_eid_trip": 0,
                "is_from_city_international": false,
                "is_international": 0,
                "is_open_for_all": true,
                "origin_city_name": "abdulpur",
                "parent_route": {
                    "arrival_date": "2025-03-21",
                    "arrival_time": "13:10:00",
                    "departure_date": "2025-03-21",
                    "departure_time": "07:40:00",
                    "destination_city_name": "dhaka",
                    "origin_city_name": "rajshahi"
                },
                "seat_types": [
                    {
                        "destination_city_seq": 7,
                        "fare": "215.00",
                        "key": 2,
                        "origin_city_seq": 4,
                        "route_id": 19562,
                        "seat_counts": {
                            "is_divided": true,
                            "offline": 0,
                            "online": 0
                        },
                        "trip_id": 8408629,
                        "trip_route_id": 52548551,
                        "type": "AC_S",
                        "vat_amount": 33,
                        "vat_percent": 15
                    },
                    {
                        "destination_city_seq": 7,
                        "fare": "180.00",
                        "key": 3,
                        "origin_city_seq": 4,
                        "route_id": 19562,
                        "seat_counts": {
                            "is_divided": true,
                            "offline": 0,
                            "online": 0
                        },
                        "trip_id": 8408631,
                        "trip_route_id": 52548633,
                        "type": "SNIGDHA",
                        "vat_amount": 27,
                        "vat_percent": 15
                    },
                    {
                        "destination_city_seq": 7,
                        "fare": "110.00",
                        "key": 7,
                        "origin_city_seq": 4,
                        "route_id": 19562,
                        "seat_counts": {
                            "is_divided": true,
                            "offline": 5,
                            "online": 5
                        },
                        "trip_id": 8408633,
                        "trip_route_id": 52548715,
                        "type": "S_CHAIR",
                        "vat_amount": 0,
                        "vat_percent": 0
                    }
                ],
                "train_model": "754",
                "travel_time": "00h 52m",
                "trip_number": "SILKCITY EXPRESS (754)"
            },
            {
                "arrival_date_time": "21 Mar, 05:38 pm",
                "boarding_points": [
                    {
                        "location_date": "21 Mar 2025",
                        "location_id": 2708,
                        "location_name": "Abdulpur Station",
                        "location_time": "04:47 PM",
                        "trip_point_id": 107731253
                    }
                ],
                "departure_date_time": "21 Mar, 04:47 pm",
                "departure_date_time_jd": "Fri, 21 Mar 2025, 04:47 PM",
                "departure_full_date": "2025-03-21",
                "destination_city_name": "boral_bridge",
                "is_eid_trip": 0,
                "is_from_city_international": false,
                "is_international": 0,
                "is_open_for_all": true,
                "origin_city_name": "abdulpur",
                "parent_route": {
                    "arrival_date": "2025-03-21",
                    "arrival_time": "21:15:00",
                    "departure_date": "2025-03-21",
                    "departure_time": "16:00:00",
                    "destination_city_name": "dhaka",
                    "origin_city_name": "rajshahi"
                },
                "seat_types": [
                    {
                        "destination_city_seq": 7,
                        "fare": "180.00",
                        "key": 3,
                        "origin_city_seq": 4,
                        "route_id": 19562,
                        "seat_counts": {
                            "is_divided": true,
                            "offline": 0,
                            "online": 0
                        },
                        "trip_id": 8408619,
                        "trip_route_id": 52548103,
                        "type": "SNIGDHA",
                        "vat_amount": 27,
                        "vat_percent": 15
                    },
                    {
                        "destination_city_seq": 7,
                        "fare": "110.00",
                        "key": 7,
                        "origin_city_seq": 4,
                        "route_id": 19562,
                        "seat_counts": {
                            "is_divided": true,
                            "offline": 0,
                            "online": 0
                        },
                        "trip_id": 8408621,
                        "trip_route_id": 52548181,
                        "type": "S_CHAIR",
                        "vat_amount": 0,
                        "vat_percent": 0
                    },
                    {
                        "destination_city_seq": 7,
                        "fare": "215.00",
                        "key": 2,
                        "origin_city_seq": 4,
                        "route_id": 19562,
                        "seat_counts": {
                            "is_divided": true,
                            "offline": 0,
                            "online": 0
                        },
                        "trip_id": 8408747,
                        "trip_route_id": 52556231,
                        "type": "AC_S",
                        "vat_amount": 33,
                        "vat_percent": 15
                    }
                ],
                "train_model": "760",
                "travel_time": "00h 51m",
                "trip_number": "PADMA EXPRESS (760)"
            }
        ]
    },
    "extra": {
        "hash": "2913D4E613EE77BA81FCAB988D4D7E11"
    }
}