{
    "data": {
        "recommendations": [
            {
                "destination": "Hili",
                "origin": "Natore"
            },
            {
                "destination": "Panchbibi",
                "origin": "Abdulpur"
            }
        ],
        "selected_seat_class": "S_CHAIR",
        "trains": [
            {
                "arrival_date_time": "21 Mar, 09:56 am",
                "boarding_points": [
                    {
                        "location_date": "21 Mar 2025",
                        "location_id": 2708,
                        "location_name": "Abdulpur Station",
                        "location_time": "07:20 AM",
                        "trip_point_id": 107735630
                    }
                ],
                "departure_date_time": "21 Mar, 07:20 am",
                "departure_date_time_jd": "Fri, 21 Mar 2025, 07:20 AM",
                "departure_full_date": "2025-03-21",
                "destination_city_name": "hili",
                "is_eid_trip": 0,
                "is_from_city_international": false,
                "is_international": 0,
                "is_open_for_all": true,
                "origin_city_name": "abdulpur",
                "parent_route": {
                    "arrival_date": "2025-03-21",
                    "arrival_time": "13:00:00",
                    "departure_date": "2025-03-21",
                    "departure_time": "06:20:00",
                    "destination_city_name": "chilahati",
                    "origin_city_name": "rajshahi"
                },
                "seat_types": [
                    {
                        "destination_city_seq": 11,
                        "fare": "140.00",
                        "key": 7,
                        "origin_city_seq": 2,
                        "route_id": 20165,
                        "seat_counts": {
                            "is_divided": true,
                            "offline": 0,
                            "online": 0
                        },
                        "trip_id": 8408763,
                        "trip_route_id": 52557267,
                        "type": "S_CHAIR",
                        "vat_amount": 0,
                        "vat_percent": 0
                    }
                ],
                "train_model": "733",
                "travel_time": "02h 36m",
                "trip_number": "TITUMIR EXPRESS (733)"
            }
        ]
    },
    "extra": {
        "hash": "2913D4E613EE77BA81FCAB988D4D7E11"
    }
}