{
    "data": {
        "recommendations": [],
        "selected_seat_class": "S_CHAIR",
        "trains": [
            {
                "arrival_date_time": "21 Mar, 04:00 am",
                "boarding_points": [
                    {
                        "location_date": "21 Mar 2025",
                        "location_id": 2708,
                        "location_name": "Abdulpur Station",
                        "location_time": "02:50 AM",
                        "trip_point_id": 107718410
                    }
                ],
                "departure_date_time": "21 Mar, 02:50 am",
                "departure_date_time_jd": "Fri, 21 Mar 2025, 02:50 AM",
                "departure_full_date": "2025-03-21",
                "destination_city_name": "rajshahi",
                "is_eid_trip": 0,
                "is_from_city_international": false,
                "is_international": 0,
                "is_open_for_all": true,
                "origin_city_name": "abdulpur",
                "parent_route": {
                    "arrival_date": "2025-03-21",
                    "arrival_time": "04:00:00",
                    "departure_date": "2025-03-20",
                    "departure_time": "22:45:00",
                    "destination_city_name": "rajshahi",
                    "origin_city_name": "dhaka"
                },
                "seat_types": [
                    {
                        "destination_city_seq": 16,
                        "fare": "150.00",
                        "key": 1,
                        "origin_city_seq": 13,
                        "route_id": 19542,
                        "seat_counts": {
                            "is_divided": true,
                            "offline": 0,
                            "online": 0
                        },
                        "trip_id": 8407937,
                        "trip_route_id": 52528453,
                        "type": "AC_B",
                        "vat_amount": 23,
                        "vat_percent": 15
                    },
                    {
                        "destination_city_seq": 16,
                        "fare": "100.00",
                        "key": 3,
                        "origin_city_seq": 13,
                        "route_id": 19542,
                        "seat_counts": {
                            "is_divided": true,
                            "offline": 2,
                            "online": 3
                        },
                        "trip_id": 8407938,
                        "trip_route_id": 52528500,
                        "type": "SNIGDHA",
                        "vat_amount": 15,
                        "vat_percent": 15
                    },
                    {
                        "destination_city_seq": 16,
                        "fare": "50.00",
                        "key": 7,
                        "origin_city_seq": 13,
                        "route_id": 19542,
                        "seat_counts": {
                            "is_divided": true,
                            "offline": 3,
                            "online": 4
                        },
                        "trip_id": 8407939,
                        "trip_route_id": 52528547,
                        "type": "S_CHAIR",
                        "vat_amount": 0,
                        "vat_percent": 0
                    }
                ],
                "train_model": "759",
                "travel_time": "01h 10m",
                "trip_number": "PADMA EXPRESS (759)"
            },
            {
                "arrival_date_time": "21 Mar, 09:00 am",
                "boarding_points": [
                    {
                        "location_date": "21 Mar 2025",
                        "location_id": 2708,
                        "location_name": "Abdulpur Station",
                        "location_time": "07:45 AM",
                        "trip_point_id": 107739297
                    }
                ],
                "departure_date_time": "21 Mar, 07:45 am",
                "departure_date_time_jd": "Fri, 21 Mar 2025, 07:45 AM",
                "departure_full_date": "2025-03-21",
                "destination_city_name": "rajshahi",
                "is_eid_trip": 0,
                "is_from_city_international": false,
                "is_international": 0,
                "is_open_for_all": true,
                "origin_city_name": "abdulpur",
                "parent_route": {
                    "arrival_date": "2025-03-21",
                    "arrival_time": "11:10:00",
                    "departure_date": "2025-03-21",
                    "departure_time": "07:00:00",
                    "destination_city_name": "rohanpur",
                    "origin_city_name": "ishwardi"
                },
                "seat_types": [
                    {
                        "destination_city_seq": 7,
                        "fare": "45.00",
                        "key": 8,
                        "origin_city_seq": 3,
                        "route_id": 23422,
                        "seat_counts": {
                            "is_divided": true,
                            "offline": 32,
                            "online": 32
                        },
                        "trip_id": 8408927,
                        "trip_route_id": 52563670,
                        "type": "SHOVAN",
                        "vat_amount": 0,
                        "vat_percent": 0
                    }
                ],
                "train_model": "57",
                "travel_time": "01h 15m",
                "trip_number": "RAJSHAHI COMMUTER (57)"
            },
            {
                "arrival_date_time": "21 Mar, 10:25 am",
                "boarding_points": [
                    {
                        "location_date": "21 Mar 2025",
                        "location_id": 2708,
                        "location_name": "Abdulpur Station",
                        "location_time": "09:27 AM",
                        "trip_point_id": 107739406
                    }
                ],
                "departure_date_time": "21 Mar, 09:27 am",
                "departure_date_time_jd": "Fri, 21 Mar 2025, 09:27 AM",
                "departure_full_date": "2025-03-21",
                "destination_city_name": "rajshahi",
                "is_eid_trip": 0,
                "is_from_city_international": false,
                "is_international": 0,
                "is_open_for_all": true,
                "origin_city_name": "abdulpur",
                "parent_route": {
                    "arrival_date": "2025-03-21",
                    "arrival_time": "10:25:00",
                    "departure_date": "2025-03-21",
                    "departure_time": "06:30:00",
                    "destination_city_name": "rajshahi",
                    "origin_city_name": "dhalarchar"
                },
                "seat_types": [
                    {
                        "destination_city_seq": 17,
                        "fare": "50.00",
                        "key": 7,
                        "origin_city_seq": 14,
                        "route_id": 27384,
                        "seat_counts": {
                            "is_divided": true,
                            "offline": 2,
                            "online": 3
                        },
                        "trip_id": 8408938,
                        "trip_route_id": 52563840,
                        "type": "S_CHAIR",
                        "vat_amount": 0,
                        "vat_percent": 0
                    },
                    {
                        "destination_city_seq": 17,
                        "fare": "45.00",
                        "key": 8,
                        "origin_city_seq": 14,
                        "route_id": 27384,
                        "seat_counts": {
                            "is_divided": true,
                            "offline": 10,
                            "online": 10
                        },
                        "trip_id": 8408953,
                        "trip_route_id": 52564167,
                        "type": "SHOVAN",
                        "vat_amount": 0,
                        "vat_percent": 0
                    }
                ],
                "train_model": "779",
                "travel_time": "00h 58m",
                "trip_number": "DHALARCHAR EXPRESS (779)"
            },
            {
                "arrival_date_time": "21 Mar, 11:10 am",
                "boarding_points": [
                    {
                        "location_date": "21 Mar 2025",
                        "location_id": 2708,
                        "location_name": "Abdulpur Station",
                        "location_time": "10:15 AM",
                        "trip_point_id": 107732330
                    }
                ],
                "departure_date_time": "21 Mar, 10:15 am",
                "departure_date_time_jd": "Fri, 21 Mar 2025, 10:15 AM",
                "departure_full_date": "2025-03-21",
                "destination_city_name": "rajshahi",
                "is_eid_trip": 0,
                "is_from_city_international": false,
                "is_international": 0,
                "is_open_for_all": true,
                "origin_city_name": "abdulpur",
                "parent_route": {
                    "arrival_date": "2025-03-21",
                    "arrival_time": "11:10:00",
                    "departure_date": "2025-03-21",
                    "departure_time": "05:00:00",
                    "destination_city_name": "rajshahi",
                    "origin_city_name": "chilahati"
                },
                "seat_types": [
                    {
                        "destination_city_seq": 19,
                        "fare": "50.00",
                        "key": 7,
                        "origin_city_seq": 18,
                        "route_id": 20354,
                        "seat_counts": {
                            "is_divided": true,
                            "offline": 60,
                            "online": 60
                        },
                        "trip_id": 8408666,
                        "trip_route_id": 52549936,
                        "type": "S_CHAIR",
                        "vat_amount": 0,
                        "vat_percent": 0
                    }
                ],
                "train_model": "732",
                "travel_time": "00h 55m",
                "trip_number": "BARENDRA EXPRESS (732)"
            },
            {
                "arrival_date_time": "21 Mar, 11:40 am",
                "boarding_points": [
                    {
                        "location_date": "21 Mar 2025",
                        "location_id": 2708,
                        "location_name": "Abdulpur Station",
                        "location_time": "10:36 AM",
                        "trip_point_id": 107730862
                    }
                ],
                "departure_date_time": "21 Mar, 10:36 am",
                "departure_date_time_jd": "Fri, 21 Mar 2025, 10:36 AM",
                "departure_full_date": "2025-03-21",
                "destination_city_name": "rajshahi",
                "is_eid_trip": 0,
                "is_from_city_international": false,
                "is_international": 0,
                "is_open_for_all": true,
                "origin_city_name": "abdulpur",
                "parent_route": {
                    "arrival_date": "2025-03-21",
                    "arrival_time": "11:40:00",
                    "departure_date": "2025-03-21",
                    "departure_time": "06:00:00",
                    "destination_city_name": "rajshahi",
                    "origin_city_name": "dhaka"
                },
                "seat_types": [
                    {
                        "destination_city_seq": 16,
                        "fare": "50.00",
                        "key": 7,
                        "origin_city_seq": 13,
                        "route_id": 19542,
                        "seat_counts": {
                            "is_divided": true,
                            "offline": 30,
                            "online": 30
                        },
                        "trip_id": 8408601,
                        "trip_route_id": 52547403,
                        "type": "S_CHAIR",
                        "vat_amount": 0,
                        "vat_percent": 0
                    },
                    {
                        "destination_city_seq": 16,
                        "fare": "100.00",
                        "key": 3,
                        "origin_city_seq": 13,
                        "route_id": 19542,
                        "seat_counts": {
                            "is_divided": true,
                            "offline": 2,
                            "online": 3
                        },
                        "trip_id": 8408603,
                        "trip_route_id": 52547502,
                        "type": "SNIGDHA",
                        "vat_amount": 15,
                        "vat_percent": 15
                    },
                    {
                        "destination_city_seq": 16,
                        "fare": "110.00",
                        "key": 2,
                        "origin_city_seq": 13,
                        "route_id": 19542,
                        "seat_counts": {
                            "is_divided": true,
                            "offline": 0,
                            "online": 0
                        },
                        "trip_id": 8408605,
                        "trip_route_id": 52547601,
                        "type": "AC_S",
                        "vat_amount": 17,
                        "vat_percent": 15
                    }
                ],
                "train_model": "769",
                "travel_time": "01h 04m",
                "trip_number": "DHUMKETU EXPRESS (769)"
            },
            {
                "arrival_date_time": "21 Mar, 05:15 pm",
                "boarding_points": [
                    {
                        "location_date": "21 Mar 2025",
                        "location_id": 2708,
                        "location_name": "Abdulpur Station",
                        "location_time": "04:15 PM",
                        "trip_point_id": 107733497
                    }
                ],
                "departure_date_time": "21 Mar, 04:15 pm",
                "departure_date_time_jd": "Fri, 21 Mar 2025, 04:15 PM",
                "departure_full_date": "2025-03-21",
                "destination_city_name": "rajshahi",
                "is_eid_trip": 0,
                "is_from_city_international": false,
                "is_international": 0,
                "is_open_for_all": true,
                "origin_city_name": "abdulpur",
                "parent_route": {
                    "arrival_date": "2025-03-21",
                    "arrival_time": "17:15:00",
                    "departure_date": "2025-03-21",
                    "departure_time": "09:00:00",
                    "destination_city_name": "rajshahi",
                    "origin_city_name": "panchagarh"
                },
                "seat_types": [
                    {
                        "destination_city_seq": 21,
                        "fare": "110.00",
                        "key": 2,
                        "origin_city_seq": 20,
                        "route_id": 21024,
                        "seat_counts": {
                            "is_divided": true,
                            "offline": 0,
                            "online": 0
                        },
                        "trip_id": 8408699,
                        "trip_route_id": 52552224,
                        "type": "AC_S",
                        "vat_amount": 17,
                        "vat_percent": 15
                    },
                    {
                        "destination_city_seq": 21,
                        "fare": "50.00",
                        "key": 7,
                        "origin_city_seq": 20,
                        "route_id": 21024,
                        "seat_counts": {
                            "is_divided": true,
                            "offline": 71,
                            "online": 71
                        },
                        "trip_id": 8408700,
                        "trip_route_id": 52552315,
                        "type": "S_CHAIR",
                        "vat_amount": 0,
                        "vat_percent": 0
                    }
                ],
                "train_model": "804",
                "travel_time": "01h 00m",
                "trip_number": "BANGLABANDHA EXPRESS (804)"
            },
            {
                "arrival_date_time": "21 Mar, 08:20 pm",
                "boarding_points": [
                    {
                        "location_date": "21 Mar 2025",
                        "location_id": 2708,
                        "location_name": "Abdulpur Station",
                        "location_time": "07:09 PM",
                        "trip_point_id": 107731343
                    }
                ],
                "departure_date_time": "21 Mar, 07:09 pm",
                "departure_date_time_jd": "Fri, 21 Mar 2025, 07:09 PM",
                "departure_full_date": "2025-03-21",
                "destination_city_name": "rajshahi",
                "is_eid_trip": 0,
                "is_from_city_international": false,
                "is_international": 0,
                "is_open_for_all": true,
                "origin_city_name": "abdulpur",
                "parent_route": {
                    "arrival_date": "2025-03-21",
                    "arrival_time": "20:20:00",
                    "departure_date": "2025-03-21",
                    "departure_time": "14:30:00",
                    "destination_city_name": "rajshahi",
                    "origin_city_name": "dhaka"
                },
                "seat_types": [
                    {
                        "destination_city_seq": 16,
                        "fare": "110.00",
                        "key": 2,
                        "origin_city_seq": 13,
                        "route_id": 19542,
                        "seat_counts": {
                            "is_divided": true,
                            "offline": 2,
                            "online": 2
                        },
                        "trip_id": 8408623,
                        "trip_route_id": 52548268,
                        "type": "AC_S",
                        "vat_amount": 17,
                        "vat_percent": 15
                    },
                    {
                        "destination_city_seq": 16,
                        "fare": "100.00",
                        "key": 3,
                        "origin_city_seq": 13,
                        "route_id": 19542,
                        "seat_counts": {
                            "is_divided": true,
                            "offline": 2,
                            "online": 3
                        },
                        "trip_id": 8408625,
                        "trip_route_id": 52548360,
                        "type": "SNIGDHA",
                        "vat_amount": 15,
                        "vat_percent": 15
                    },
                    {
                        "destination_city_seq": 16,
                        "fare": "50.00",
                        "key": 7,
                        "origin_city_seq": 13,
                        "route_id": 19542,
                        "seat_counts": {
                            "is_divided": true,
                            "offline": 27,
                            "online": 28
                        },
                        "trip_id": 8408627,
                        "trip_route_id": 52548458,
                        "type": "S_CHAIR",
                        "vat_amount": 0,
                        "vat_percent": 0
                    }
                ],
                "train_model": "753",
                "travel_time": "01h 11m",
                "trip_number": "SILKCITY EXPRESS (753)"
            },
            {
                "arrival_date_time": "21 Mar, 09:30 pm",
                "boarding_points": [
                    {
                        "location_date": "21 Mar 2025",
                        "location_id": 2708,
                        "location_name": "Abdulpur Station",
                        "location_time": "08:30 PM",
                        "trip_point_id": 107735488
                    }
                ],
                "departure_date_time": "21 Mar, 08:30 pm",
                "departure_date_time_jd": "Fri, 21 Mar 2025, 08:30 PM",
                "departure_full_date": "2025-03-21",
                "destination_city_name": "rajshahi",
                "is_eid_trip": 0,
                "is_from_city_international": false,
                "is_international": 0,
                "is_open_for_all": true,
                "origin_city_name": "abdulpur",
                "parent_route": {
                    "arrival_date": "2025-03-21",
                    "arrival_time": "21:30:00",
                    "departure_date": "2025-03-21",
                    "departure_time": "15:00:00",
                    "destination_city_name": "rajshahi",
                    "origin_city_name": "chilahati"
                },
                "seat_types": [
                    {
                        "destination_city_seq": 19,
                        "fare": "50.00",
                        "key": 7,
                        "origin_city_seq": 18,
                        "route_id": 20354,
                        "seat_counts": {
                            "is_divided": true,
                            "offline": 76,
                            "online": 77
                        },
                        "trip_id": 8408759,
                        "trip_route_id": 52556878,
                        "type": "S_CHAIR",
                        "vat_amount": 0,
                        "vat_percent": 0
                    }
                ],
                "train_model": "734",
                "travel_time": "01h 00m",
                "trip_number": "TITUMIR EXPRESS (734)"
            },
            {
                "arrival_date_time": "21 Mar, 10:00 pm",
                "boarding_points": [
                    {
                        "location_date": "21 Mar 2025",
                        "location_id": 2708,
                        "location_name": "Abdulpur Station",
                        "location_time": "08:56 PM",
                        "trip_point_id": 107737998
                    }
                ],
                "departure_date_time": "21 Mar, 08:56 pm",
                "departure_date_time_jd": "Fri, 21 Mar 2025, 08:56 PM",
                "departure_full_date": "2025-03-21",
                "destination_city_name": "rajshahi",
                "is_eid_trip": 0,
                "is_from_city_international": false,
                "is_international": 0,
                "is_open_for_all": true,
                "origin_city_name": "abdulpur",
                "parent_route": {
                    "arrival_date": "2025-03-21",
                    "arrival_time": "22:00:00",
                    "departure_date": "2025-03-21",
                    "departure_time": "16:00:00",
                    "destination_city_name": "rajshahi",
                    "origin_city_name": "khulna"
                },
                "seat_types": [
                    {
                        "destination_city_seq": 17,
                        "fare": "50.00",
                        "key": 7,
                        "origin_city_seq": 16,
                        "route_id": 21456,
                        "seat_counts": {
                            "is_divided": true,
                            "offline": 5,
                            "online": 5
                        },
                        "trip_id": 8408856,
                        "trip_route_id": 52561831,
                        "type": "S_CHAIR",
                        "vat_amount": 0,
                        "vat_percent": 0
                    }
                ],
                "train_model": "761",
                "travel_time": "01h 04m",
                "trip_number": "SAGARDARI EXPRESS (761)"
            }
        ]
    },
    "extra": {
        "hash": "2913D4E613EE77BA81FCAB988D4D7E11"
    }
}