{
    "data": {
        "recommendations": [
            {
                "destination": "Poradaha",
                "origin": "Natore"
            },
            {
                "destination": "Bheramara",
                "origin": "Ahsanganj"
            }
        ],
        "selected_seat_class": "S_CHAIR",
        "trains": [
            {
                "arrival_date_time": "21 Mar, 02:44 pm",
                "boarding_points": [
                    {
                        "location_date": "21 Mar 2025",
                        "location_id": 2707,
                        "location_name": "Ahsanganj Station",
                        "location_time": "12:31 PM",
                        "trip_point_id": 107733867
                    }
                ],
                "departure_date_time": "21 Mar, 12:31 pm",
                "departure_date_time_jd": "Fri, 21 Mar 2025, 12:31 PM",
                "departure_full_date": "2025-03-21",
                "destination_city_name": "poradaha",
                "is_eid_trip": 0,
                "is_from_city_international": false,
                "is_international": 0,
                "is_open_for_all": true,
                "origin_city_name": "ahsanganj",
                "parent_route": {
                    "arrival_date": "2025-03-21",
                    "arrival_time": "18:25:00",
                    "departure_date": "2025-03-21",
                    "departure_time": "08:30:00",
                    "destination_city_name": "khulna",
                    "origin_city_name": "chilahati"
                },
                "seat_types": [
                    {
                        "destination_city_seq": 16,
                        "fare": "315.00",
                        "key": 2,
                        "origin_city_seq": 11,
                        "route_id": 21352,
                        "seat_counts": {
                            "is_divided": true,
                            "offline": 0,
                            "online": 0
                        },
                        "trip_id": 8408715,
                        "trip_route_id": 52553058,
                        "type": "AC_S",
                        "vat_amount": 48,
                        "vat_percent": 15
                    },
                    {
                        "destination_city_seq": 16,
                        "fare": "265.00",
                        "key": 3,
                        "origin_city_seq": 11,
                        "route_id": 21352,
                        "seat_counts": {
                            "is_divided": true,
                            "offline": 0,
                            "online": 0
                        },
                        "trip_id": 8408735,
                        "trip_route_id": 52555010,
                        "type": "SNIGDHA",
                        "vat_amount": 40,
                        "vat_percent": 15
                    },
                    {
                        "destination_city_seq": 16,
                        "fare": "160.00",
                        "key": 7,
                        "origin_city_seq": 11,
                        "route_id": 21352,
                        "seat_counts": {
                            "is_divided": true,
                            "offline": 0,
                            "online": 0
                        },
                        "trip_id": 8408737,
                        "trip_route_id": 52555352,
                        "type": "S_CHAIR",
                        "vat_amount": 0,
                        "vat_percent": 0
                    }
                ],
                "train_model": "728",
                "travel_time": "02h 13m",
                "trip_number": "RUPSHA EXPRESS (728)"
            }
        ]
    },
    "extra": {
        "hash": "2913D4E613EE77BA81FCAB988D4D7E11"
    }
}