{
    "data": {
        "recommendations": [],
        "selected_seat_class": "S_CHAIR",
        "trains": [
            {
                "arrival_date_time": "21 Mar, 09:55 am",
                "boarding_points": [
                    {
                        "location_date": "21 Mar 2025",
                        "location_id": 2707,
                        "location_name": "Ahsanganj Station",
                        "location_time": "09:10 AM",
                        "trip_point_id": 107732329
                    }
                ],
                "departure_date_time": "21 Mar, 09:10 am",
                "departure_date_time_jd": "Fri, 21 Mar 2025, 09:10 AM",
                "departure_full_date": "2025-03-21",
                "destination_city_name": "abdulpur",
                "is_eid_trip": 0,
                "is_from_city_international": false,
                "is_international": 0,
                "is_open_for_all": true,
                "origin_city_name": "ahsanganj",
                "parent_route": {
                    "arrival_date": "2025-03-21",
                    "arrival_time": "11:10:00",
                    "departure_date": "2025-03-21",
                    "departure_time": "05:00:00",
                    "destination_city_name": "rajshahi",
                    "origin_city_name": "chilahati"
                },
                "seat_types": [
                    {
                        "destination_city_seq": 18,
                        "fare": "50.00",
                        "key": 7,
                        "origin_city_seq": 15,
                        "route_id": 26220,
                        "seat_counts": {
                            "is_divided": true,
                            "offline": 5,
                            "online": 5
                        },
                        "trip_id": 8408666,
                        "trip_route_id": 52549935,
                        "type": "S_CHAIR",
                        "vat_amount": 0,
                        "vat_percent": 0
                    }
                ],
                "train_model": "732",
                "travel_time": "00h 45m",
                "trip_number": "BARENDRA EXPRESS (732)"
            },
            {
                "arrival_date_time": "21 Mar, 03:55 pm",
                "boarding_points": [
                    {
                        "location_date": "21 Mar 2025",
                        "location_id": 2707,
                        "location_name": "Ahsanganj Station",
                        "location_time": "03:09 PM",
                        "trip_point_id": 107733533
                    }
                ],
                "departure_date_time": "21 Mar, 03:09 pm",
                "departure_date_time_jd": "Fri, 21 Mar 2025, 03:09 PM",
                "departure_full_date": "2025-03-21",
                "destination_city_name": "abdulpur",
                "is_eid_trip": 0,
                "is_from_city_international": false,
                "is_international": 0,
                "is_open_for_all": true,
                "origin_city_name": "ahsanganj",
                "parent_route": {
                    "arrival_date": "2025-03-21",
                    "arrival_time": "17:15:00",
                    "departure_date": "2025-03-21",
                    "departure_time": "09:00:00",
                    "destination_city_name": "rajshahi",
                    "origin_city_name": "panchagarh"
                },
                "seat_types": [
                    {
                        "destination_city_seq": 20,
                        "fare": "50.00",
                        "key": 7,
                        "origin_city_seq": 17,
                        "route_id": 26045,
                        "seat_counts": {
                            "is_divided": true,
                            "offline": 5,
                            "online": 5
                        },
                        "trip_id": 8408700,
                        "trip_route_id": 52552314,
                        "type": "S_CHAIR",
                        "vat_amount": 0,
                        "vat_percent": 0
                    }
                ],
                "train_model": "804",
                "travel_time": "00h 46m",
                "trip_number": "BANGLABANDHA EXPRESS (804)"
            },
            {
                "arrival_date_time": "21 Mar, 08:10 pm",
                "boarding_points": [
                    {
                        "location_date": "21 Mar 2025",
                        "location_id": 2707,
                        "location_name": "Ahsanganj Station",
                        "location_time": "07:24 PM",
                        "trip_point_id": 107735493
                    }
                ],
                "departure_date_time": "21 Mar, 07:24 pm",
                "departure_date_time_jd": "Fri, 21 Mar 2025, 07:24 PM",
                "departure_full_date": "2025-03-21",
                "destination_city_name": "abdulpur",
                "is_eid_trip": 0,
                "is_from_city_international": false,
                "is_international": 0,
                "is_open_for_all": true,
                "origin_city_name": "ahsanganj",
                "parent_route": {
                    "arrival_date": "2025-03-21",
                    "arrival_time": "21:30:00",
                    "departure_date": "2025-03-21",
                    "departure_time": "15:00:00",
                    "destination_city_name": "rajshahi",
                    "origin_city_name": "chilahati"
                },
                "seat_types": [
                    {
                        "destination_city_seq": 18,
                        "fare": "50.00",
                        "key": 7,
                        "origin_city_seq": 15,
                        "route_id": 26220,
                        "seat_counts": {
                            "is_divided": true,
                            "offline": 7,
                            "online": 8
                        },
                        "trip_id": 8408759,
                        "trip_route_id": 52556877,
                        "type": "S_CHAIR",
                        "vat_amount": 0,
                        "vat_percent": 0
                    }
                ],
                "train_model": "734",
                "travel_time": "00h 46m",
                "trip_number": "TITUMIR EXPRESS (734)"
            }
        ]
    },
    "extra": {
        "hash": "2913D4E613EE77BA81FCAB988D4D7E11"
    }
}