{
    "data": {
        "recommendations": [],
        "selected_seat_class": "S_CHAIR",
        "trains": [
            {
                "arrival_date_time": "21 Mar, 10:31 am",
                "boarding_points": [
                    {
                        "location_date": "21 Mar 2025",
                        "location_id": 2707,
                        "location_name": "Ahsanganj Station",
                        "location_time": "08:19 AM",
                        "trip_point_id": 107735629
                    }
                ],
                "departure_date_time": "21 Mar, 08:19 am",
                "departure_date_time_jd": "Fri, 21 Mar 2025, 08:19 AM",
                "departure_full_date": "2025-03-21",
                "destination_city_name": "fulbari",
                "is_eid_trip": 0,
                "is_from_city_international": false,
                "is_international": 0,
                "is_open_for_all": true,
                "origin_city_name": "ahsanganj",
                "parent_route": {
                    "arrival_date": "2025-03-21",
                    "arrival_time": "13:00:00",
                    "departure_date": "2025-03-21",
                    "departure_time": "06:20:00",
                    "destination_city_name": "chilahati",
                    "origin_city_name": "rajshahi"
                },
                "seat_types": [
                    {
                        "destination_city_seq": 13,
                        "fare": "120.00",
                        "key": 7,
                        "origin_city_seq": 5,
                        "route_id": 20200,
                        "seat_counts": {
                            "is_divided": true,
                            "offline": 2,
                            "online": 3
                        },
                        "trip_id": 8408763,
                        "trip_route_id": 52557248,
                        "type": "S_CHAIR",
                        "vat_amount": 0,
                        "vat_percent": 0
                    }
                ],
                "train_model": "733",
                "travel_time": "02h 12m",
                "trip_number": "TITUMIR EXPRESS (733)"
            },
            {
                "arrival_date_time": "21 Mar, 07:04 pm",
                "boarding_points": [
                    {
                        "location_date": "21 Mar 2025",
                        "location_id": 2707,
                        "location_name": "Ahsanganj Station",
                        "location_time": "04:44 PM",
                        "trip_point_id": 107732274
                    }
                ],
                "departure_date_time": "21 Mar, 04:44 pm",
                "departure_date_time_jd": "Fri, 21 Mar 2025, 04:44 PM",
                "departure_full_date": "2025-03-21",
                "destination_city_name": "fulbari",
                "is_eid_trip": 0,
                "is_from_city_international": false,
                "is_international": 0,
                "is_open_for_all": true,
                "origin_city_name": "ahsanganj",
                "parent_route": {
                    "arrival_date": "2025-03-21",
                    "arrival_time": "21:30:00",
                    "departure_date": "2025-03-21",
                    "departure_time": "15:00:00",
                    "destination_city_name": "chilahati",
                    "origin_city_name": "rajshahi"
                },
                "seat_types": [
                    {
                        "destination_city_seq": 13,
                        "fare": "120.00",
                        "key": 7,
                        "origin_city_seq": 5,
                        "route_id": 20200,
                        "seat_counts": {
                            "is_divided": true,
                            "offline": 5,
                            "online": 5
                        },
                        "trip_id": 8408664,
                        "trip_route_id": 52549771,
                        "type": "S_CHAIR",
                        "vat_amount": 0,
                        "vat_percent": 0
                    }
                ],
                "train_model": "731",
                "travel_time": "02h 20m",
                "trip_number": "BARENDRA EXPRESS (731)"
            }
        ]
    },
    "extra": {
        "hash": "2913D4E613EE77BA81FCAB988D4D7E11"
    }
}