{
    "data": {
        "recommendations": [],
        "selected_seat_class": "S_CHAIR",
        "trains": [
            {
                "arrival_date_time": "21 Mar, 02:37 am",
                "boarding_points": [
                    {
                        "location_date": "21 Mar 2025",
                        "location_id": 2707,
                        "location_name": "Ahsanganj Station",
                        "location_time": "01:16 AM",
                        "trip_point_id": 107719978
                    }
                ],
                "departure_date_time": "21 Mar, 01:16 am",
                "departure_date_time_jd": "Fri, 21 Mar 2025, 01:16 AM",
                "departure_full_date": "2025-03-21",
                "destination_city_name": "joypurhat",
                "is_eid_trip": 0,
                "is_from_city_international": false,
                "is_international": 0,
                "is_open_for_all": true,
                "origin_city_name": "ahsanganj",
                "parent_route": {
                    "arrival_date": "2025-03-21",
                    "arrival_time": "07:10:00",
                    "departure_date": "2025-03-20",
                    "departure_time": "20:45:00",
                    "destination_city_name": "panchagarh",
                    "origin_city_name": "dhaka"
                },
                "seat_types": [
                    {
                        "destination_city_seq": 15,
                        "fare": "110.00",
                        "key": 3,
                        "origin_city_seq": 12,
                        "route_id": 19597,
                        "seat_counts": {
                            "is_divided": true,
                            "offline": 0,
                            "online": 0
                        },
                        "trip_id": 8407996,
                        "trip_route_id": 52531232,
                        "type": "SNIGDHA",
                        "vat_amount": 17,
                        "vat_percent": 15
                    },
                    {
                        "destination_city_seq": 15,
                        "fare": "65.00",
                        "key": 7,
                        "origin_city_seq": 12,
                        "route_id": 19597,
                        "seat_counts": {
                            "is_divided": true,
                            "offline": 0,
                            "online": 0
                        },
                        "trip_id": 8408002,
                        "trip_route_id": 52531691,
                        "type": "S_CHAIR",
                        "vat_amount": 0,
                        "vat_percent": 0
                    },
                    {
                        "destination_city_seq": 15,
                        "fare": "195.00",
                        "key": 1,
                        "origin_city_seq": 12,
                        "route_id": 19597,
                        "seat_counts": {
                            "is_divided": true,
                            "offline": 0,
                            "online": 0
                        },
                        "trip_id": 8408018,
                        "trip_route_id": 52532766,
                        "type": "AC_B",
                        "vat_amount": 30,
                        "vat_percent": 15
                    }
                ],
                "train_model": "757",
                "travel_time": "01h 21m",
                "trip_number": "DRUTOJAN EXPRESS (757)"
            },
            {
                "arrival_date_time": "21 Mar, 09:30 am",
                "boarding_points": [
                    {
                        "location_date": "21 Mar 2025",
                        "location_id": 2707,
                        "location_name": "Ahsanganj Station",
                        "location_time": "08:19 AM",
                        "trip_point_id": 107735629
                    }
                ],
                "departure_date_time": "21 Mar, 08:19 am",
                "departure_date_time_jd": "Fri, 21 Mar 2025, 08:19 AM",
                "departure_full_date": "2025-03-21",
                "destination_city_name": "joypurhat",
                "is_eid_trip": 0,
                "is_from_city_international": false,
                "is_international": 0,
                "is_open_for_all": true,
                "origin_city_name": "ahsanganj",
                "parent_route": {
                    "arrival_date": "2025-03-21",
                    "arrival_time": "13:00:00",
                    "departure_date": "2025-03-21",
                    "departure_time": "06:20:00",
                    "destination_city_name": "chilahati",
                    "origin_city_name": "rajshahi"
                },
                "seat_types": [
                    {
                        "destination_city_seq": 9,
                        "fare": "65.00",
                        "key": 7,
                        "origin_city_seq": 5,
                        "route_id": 20198,
                        "seat_counts": {
                            "is_divided": true,
                            "offline": 5,
                            "online": 5
                        },
                        "trip_id": 8408763,
                        "trip_route_id": 52557255,
                        "type": "S_CHAIR",
                        "vat_amount": 0,
                        "vat_percent": 0
                    }
                ],
                "train_model": "733",
                "travel_time": "01h 11m",
                "trip_number": "TITUMIR EXPRESS (733)"
            },
            {
                "arrival_date_time": "21 Mar, 12:54 pm",
                "boarding_points": [
                    {
                        "location_date": "21 Mar 2025",
                        "location_id": 2707,
                        "location_name": "Ahsanganj Station",
                        "location_time": "11:22 AM",
                        "trip_point_id": 107733006
                    }
                ],
                "departure_date_time": "21 Mar, 11:22 am",
                "departure_date_time_jd": "Fri, 21 Mar 2025, 11:22 AM",
                "departure_full_date": "2025-03-21",
                "destination_city_name": "joypurhat",
                "is_eid_trip": 0,
                "is_from_city_international": false,
                "is_international": 0,
                "is_open_for_all": true,
                "origin_city_name": "ahsanganj",
                "parent_route": {
                    "arrival_date": "2025-03-21",
                    "arrival_time": "16:00:00",
                    "departure_date": "2025-03-21",
                    "departure_time": "06:45:00",
                    "destination_city_name": "chilahati",
                    "origin_city_name": "dhaka"
                },
                "seat_types": [
                    {
                        "destination_city_seq": 10,
                        "fare": "130.00",
                        "key": 2,
                        "origin_city_seq": 7,
                        "route_id": 19782,
                        "seat_counts": {
                            "is_divided": true,
                            "offline": 0,
                            "online": 0
                        },
                        "trip_id": 8408684,
                        "trip_route_id": 52551119,
                        "type": "AC_S",
                        "vat_amount": 20,
                        "vat_percent": 15
                    },
                    {
                        "destination_city_seq": 10,
                        "fare": "110.00",
                        "key": 3,
                        "origin_city_seq": 7,
                        "route_id": 19782,
                        "seat_counts": {
                            "is_divided": true,
                            "offline": 0,
                            "online": 0
                        },
                        "trip_id": 8408686,
                        "trip_route_id": 52551254,
                        "type": "SNIGDHA",
                        "vat_amount": 17,
                        "vat_percent": 15
                    },
                    {
                        "destination_city_seq": 10,
                        "fare": "65.00",
                        "key": 7,
                        "origin_city_seq": 7,
                        "route_id": 19782,
                        "seat_counts": {
                            "is_divided": true,
                            "offline": 5,
                            "online": 5
                        },
                        "trip_id": 8408688,
                        "trip_route_id": 52551399,
                        "type": "S_CHAIR",
                        "vat_amount": 0,
                        "vat_percent": 0
                    }
                ],
                "train_model": "765",
                "travel_time": "01h 32m",
                "trip_number": "NILSAGAR EXPRESS (765)"
            },
            {
                "arrival_date_time": "21 Mar, 02:05 pm",
                "boarding_points": [
                    {
                        "location_date": "21 Mar 2025",
                        "location_id": 2707,
                        "location_name": "Ahsanganj Station",
                        "location_time": "01:00 PM",
                        "trip_point_id": 107733746
                    }
                ],
                "departure_date_time": "21 Mar, 01:00 pm",
                "departure_date_time_jd": "Fri, 21 Mar 2025, 01:00 PM",
                "departure_full_date": "2025-03-21",
                "destination_city_name": "joypurhat",
                "is_eid_trip": 0,
                "is_from_city_international": false,
                "is_international": 0,
                "is_open_for_all": true,
                "origin_city_name": "ahsanganj",
                "parent_route": {
                    "arrival_date": "2025-03-21",
                    "arrival_time": "17:00:00",
                    "departure_date": "2025-03-21",
                    "departure_time": "07:15:00",
                    "destination_city_name": "chilahati",
                    "origin_city_name": "khulna"
                },
                "seat_types": [
                    {
                        "destination_city_seq": 18,
                        "fare": "130.00",
                        "key": 2,
                        "origin_city_seq": 15,
                        "route_id": 21316,
                        "seat_counts": {
                            "is_divided": true,
                            "offline": 0,
                            "online": 0
                        },
                        "trip_id": 8408707,
                        "trip_route_id": 52552709,
                        "type": "AC_S",
                        "vat_amount": 20,
                        "vat_percent": 15
                    },
                    {
                        "destination_city_seq": 18,
                        "fare": "110.00",
                        "key": 3,
                        "origin_city_seq": 15,
                        "route_id": 21316,
                        "seat_counts": {
                            "is_divided": true,
                            "offline": 0,
                            "online": 0
                        },
                        "trip_id": 8408731,
                        "trip_route_id": 52554379,
                        "type": "SNIGDHA",
                        "vat_amount": 17,
                        "vat_percent": 15
                    },
                    {
                        "destination_city_seq": 18,
                        "fare": "65.00",
                        "key": 7,
                        "origin_city_seq": 15,
                        "route_id": 21316,
                        "seat_counts": {
                            "is_divided": true,
                            "offline": 2,
                            "online": 3
                        },
                        "trip_id": 8408733,
                        "trip_route_id": 52554683,
                        "type": "S_CHAIR",
                        "vat_amount": 0,
                        "vat_percent": 0
                    }
                ],
                "train_model": "727",
                "travel_time": "01h 05m",
                "trip_number": "RUPSHA EXPRESS (727)"
            },
            {
                "arrival_date_time": "21 Mar, 06:07 pm",
                "boarding_points": [
                    {
                        "location_date": "21 Mar 2025",
                        "location_id": 2707,
                        "location_name": "Ahsanganj Station",
                        "location_time": "04:44 PM",
                        "trip_point_id": 107732274
                    }
                ],
                "departure_date_time": "21 Mar, 04:44 pm",
                "departure_date_time_jd": "Fri, 21 Mar 2025, 04:44 PM",
                "departure_full_date": "2025-03-21",
                "destination_city_name": "joypurhat",
                "is_eid_trip": 0,
                "is_from_city_international": false,
                "is_international": 0,
                "is_open_for_all": true,
                "origin_city_name": "ahsanganj",
                "parent_route": {
                    "arrival_date": "2025-03-21",
                    "arrival_time": "21:30:00",
                    "departure_date": "2025-03-21",
                    "departure_time": "15:00:00",
                    "destination_city_name": "chilahati",
                    "origin_city_name": "rajshahi"
                },
                "seat_types": [
                    {
                        "destination_city_seq": 9,
                        "fare": "65.00",
                        "key": 7,
                        "origin_city_seq": 5,
                        "route_id": 20198,
                        "seat_counts": {
                            "is_divided": true,
                            "offline": 5,
                            "online": 5
                        },
                        "trip_id": 8408664,
                        "trip_route_id": 52549775,
                        "type": "S_CHAIR",
                        "vat_amount": 0,
                        "vat_percent": 0
                    }
                ],
                "train_model": "731",
                "travel_time": "01h 23m",
                "trip_number": "BARENDRA EXPRESS (731)"
            }
        ]
    },
    "extra": {
        "hash": "2913D4E613EE77BA81FCAB988D4D7E11"
    }
}