{
    "data": {
        "recommendations": [],
        "selected_seat_class": "S_CHAIR",
        "trains": [
            {
                "arrival_date_time": "21 Mar, 11:47 am",
                "boarding_points": [
                    {
                        "location_date": "21 Mar 2025",
                        "location_id": 2707,
                        "location_name": "Ahsanganj Station",
                        "location_time": "08:19 AM",
                        "trip_point_id": 107735629
                    }
                ],
                "departure_date_time": "21 Mar, 08:19 am",
                "departure_date_time_jd": "Fri, 21 Mar 2025, 08:19 AM",
                "departure_full_date": "2025-03-21",
                "destination_city_name": "saidpur",
                "is_eid_trip": 0,
                "is_from_city_international": false,
                "is_international": 0,
                "is_open_for_all": true,
                "origin_city_name": "ahsanganj",
                "parent_route": {
                    "arrival_date": "2025-03-21",
                    "arrival_time": "13:00:00",
                    "departure_date": "2025-03-21",
                    "departure_time": "06:20:00",
                    "destination_city_name": "chilahati",
                    "origin_city_name": "rajshahi"
                },
                "seat_types": [
                    {
                        "destination_city_seq": 16,
                        "fare": "160.00",
                        "key": 7,
                        "origin_city_seq": 5,
                        "route_id": 20202,
                        "seat_counts": {
                            "is_divided": true,
                            "offline": 5,
                            "online": 5
                        },
                        "trip_id": 8408763,
                        "trip_route_id": 52557250,
                        "type": "S_CHAIR",
                        "vat_amount": 0,
                        "vat_percent": 0
                    }
                ],
                "train_model": "733",
                "travel_time": "03h 28m",
                "trip_number": "TITUMIR EXPRESS (733)"
            },
            {
                "arrival_date_time": "21 Mar, 02:27 pm",
                "boarding_points": [
                    {
                        "location_date": "21 Mar 2025",
                        "location_id": 2707,
                        "location_name": "Ahsanganj Station",
                        "location_time": "11:22 AM",
                        "trip_point_id": 107733006
                    }
                ],
                "departure_date_time": "21 Mar, 11:22 am",
                "departure_date_time_jd": "Fri, 21 Mar 2025, 11:22 AM",
                "departure_full_date": "2025-03-21",
                "destination_city_name": "saidpur",
                "is_eid_trip": 0,
                "is_from_city_international": false,
                "is_international": 0,
                "is_open_for_all": true,
                "origin_city_name": "ahsanganj",
                "parent_route": {
                    "arrival_date": "2025-03-21",
                    "arrival_time": "16:00:00",
                    "departure_date": "2025-03-21",
                    "departure_time": "06:45:00",
                    "destination_city_name": "chilahati",
                    "origin_city_name": "dhaka"
                },
                "seat_types": [
                    {
                        "destination_city_seq": 14,
                        "fare": "315.00",
                        "key": 2,
                        "origin_city_seq": 7,
                        "route_id": 19784,
                        "seat_counts": {
                            "is_divided": true,
                            "offline": 0,
                            "online": 0
                        },
                        "trip_id": 8408684,
                        "trip_route_id": 52551116,
                        "type": "AC_S",
                        "vat_amount": 48,
                        "vat_percent": 15
                    },
                    {
                        "destination_city_seq": 14,
                        "fare": "265.00",
                        "key": 3,
                        "origin_city_seq": 7,
                        "route_id": 19784,
                        "seat_counts": {
                            "is_divided": true,
                            "offline": 1,
                            "online": 2
                        },
                        "trip_id": 8408686,
                        "trip_route_id": 52551251,
                        "type": "SNIGDHA",
                        "vat_amount": 40,
                        "vat_percent": 15
                    },
                    {
                        "destination_city_seq": 14,
                        "fare": "160.00",
                        "key": 7,
                        "origin_city_seq": 7,
                        "route_id": 19784,
                        "seat_counts": {
                            "is_divided": true,
                            "offline": 5,
                            "online": 5
                        },
                        "trip_id": 8408688,
                        "trip_route_id": 52551396,
                        "type": "S_CHAIR",
                        "vat_amount": 0,
                        "vat_percent": 0
                    }
                ],
                "train_model": "765",
                "travel_time": "03h 05m",
                "trip_number": "NILSAGAR EXPRESS (765)"
            },
            {
                "arrival_date_time": "21 Mar, 03:37 pm",
                "boarding_points": [
                    {
                        "location_date": "21 Mar 2025",
                        "location_id": 2707,
                        "location_name": "Ahsanganj Station",
                        "location_time": "01:00 PM",
                        "trip_point_id": 107733746
                    }
                ],
                "departure_date_time": "21 Mar, 01:00 pm",
                "departure_date_time_jd": "Fri, 21 Mar 2025, 01:00 PM",
                "departure_full_date": "2025-03-21",
                "destination_city_name": "saidpur",
                "is_eid_trip": 0,
                "is_from_city_international": false,
                "is_international": 0,
                "is_open_for_all": true,
                "origin_city_name": "ahsanganj",
                "parent_route": {
                    "arrival_date": "2025-03-21",
                    "arrival_time": "17:00:00",
                    "departure_date": "2025-03-21",
                    "departure_time": "07:15:00",
                    "destination_city_name": "chilahati",
                    "origin_city_name": "khulna"
                },
                "seat_types": [
                    {
                        "destination_city_seq": 22,
                        "fare": "315.00",
                        "key": 2,
                        "origin_city_seq": 15,
                        "route_id": 21318,
                        "seat_counts": {
                            "is_divided": true,
                            "offline": 0,
                            "online": 0
                        },
                        "trip_id": 8408707,
                        "trip_route_id": 52552706,
                        "type": "AC_S",
                        "vat_amount": 48,
                        "vat_percent": 15
                    },
                    {
                        "destination_city_seq": 22,
                        "fare": "265.00",
                        "key": 3,
                        "origin_city_seq": 15,
                        "route_id": 21318,
                        "seat_counts": {
                            "is_divided": true,
                            "offline": 0,
                            "online": 0
                        },
                        "trip_id": 8408731,
                        "trip_route_id": 52554376,
                        "type": "SNIGDHA",
                        "vat_amount": 40,
                        "vat_percent": 15
                    },
                    {
                        "destination_city_seq": 22,
                        "fare": "160.00",
                        "key": 7,
                        "origin_city_seq": 15,
                        "route_id": 21318,
                        "seat_counts": {
                            "is_divided": true,
                            "offline": 2,
                            "online": 2
                        },
                        "trip_id": 8408733,
                        "trip_route_id": 52554680,
                        "type": "S_CHAIR",
                        "vat_amount": 0,
                        "vat_percent": 0
                    }
                ],
                "train_model": "727",
                "travel_time": "02h 37m",
                "trip_number": "RUPSHA EXPRESS (727)"
            },
            {
                "arrival_date_time": "21 Mar, 08:11 pm",
                "boarding_points": [
                    {
                        "location_date": "21 Mar 2025",
                        "location_id": 2707,
                        "location_name": "Ahsanganj Station",
                        "location_time": "04:44 PM",
                        "trip_point_id": 107732274
                    }
                ],
                "departure_date_time": "21 Mar, 04:44 pm",
                "departure_date_time_jd": "Fri, 21 Mar 2025, 04:44 PM",
                "departure_full_date": "2025-03-21",
                "destination_city_name": "saidpur",
                "is_eid_trip": 0,
                "is_from_city_international": false,
                "is_international": 0,
                "is_open_for_all": true,
                "origin_city_name": "ahsanganj",
                "parent_route": {
                    "arrival_date": "2025-03-21",
                    "arrival_time": "21:30:00",
                    "departure_date": "2025-03-21",
                    "departure_time": "15:00:00",
                    "destination_city_name": "chilahati",
                    "origin_city_name": "rajshahi"
                },
                "seat_types": [
                    {
                        "destination_city_seq": 16,
                        "fare": "160.00",
                        "key": 7,
                        "origin_city_seq": 5,
                        "route_id": 20202,
                        "seat_counts": {
                            "is_divided": true,
                            "offline": 5,
                            "online": 5
                        },
                        "trip_id": 8408664,
                        "trip_route_id": 52549772,
                        "type": "S_CHAIR",
                        "vat_amount": 0,
                        "vat_percent": 0
                    }
                ],
                "train_model": "731",
                "travel_time": "03h 27m",
                "trip_number": "BARENDRA EXPRESS (731)"
            }
        ]
    },
    "extra": {
        "hash": "2913D4E613EE77BA81FCAB988D4D7E11"
    }
}