{
    "data": {
        "recommendations": [
            {
                "destination": "Mymensingh",
                "origin": "Bhairab_bazar"
            },
            {
                "destination": "Gouripur_myn",
                "origin": "Akhaura"
            }
        ],
        "selected_seat_class": "S_CHAIR",
        "trains": [
            {
                "arrival_date_time": "21 Mar, 04:23 pm",
                "boarding_points": [
                    {
                        "location_date": "21 Mar 2025",
                        "location_id": 2828,
                        "location_name": "Akhaura Station",
                        "location_time": "12:40 PM",
                        "trip_point_id": 107729378
                    }
                ],
                "departure_date_time": "21 Mar, 12:40 pm",
                "departure_date_time_jd": "Fri, 21 Mar 2025, 12:40 PM",
                "departure_full_date": "2025-03-21",
                "destination_city_name": "mymensingh",
                "is_eid_trip": 0,
                "is_from_city_international": false,
                "is_international": 0,
                "is_open_for_all": true,
                "origin_city_name": "akhaura",
                "parent_route": {
                    "arrival_date": "2025-03-21",
                    "arrival_time": "18:00:00",
                    "departure_date": "2025-03-21",
                    "departure_time": "09:15:00",
                    "destination_city_name": "jamalpur_town",
                    "origin_city_name": "chattogram"
                },
                "seat_types": [
                    {
                        "destination_city_seq": 12,
                        "fare": "225.00",
                        "key": 7,
                        "origin_city_seq": 6,
                        "route_id": 23095,
                        "seat_counts": {
                            "is_divided": true,
                            "offline": 0,
                            "online": 0
                        },
                        "trip_id": 8408477,
                        "trip_route_id": 52545800,
                        "type": "S_CHAIR",
                        "vat_amount": 0,
                        "vat_percent": 0
                    },
                    {
                        "destination_city_seq": 12,
                        "fare": "445.00",
                        "key": 2,
                        "origin_city_seq": 6,
                        "route_id": 23095,
                        "seat_counts": {
                            "is_divided": true,
                            "offline": 0,
                            "online": 0
                        },
                        "trip_id": 8408479,
                        "trip_route_id": 52545859,
                        "type": "AC_S",
                        "vat_amount": 67,
                        "vat_percent": 15
                    },
                    {
                        "destination_city_seq": 12,
                        "fare": "370.00",
                        "key": 3,
                        "origin_city_seq": 6,
                        "route_id": 23095,
                        "seat_counts": {
                            "is_divided": true,
                            "offline": 0,
                            "online": 0
                        },
                        "trip_id": 8408481,
                        "trip_route_id": 52545906,
                        "type": "SNIGDHA",
                        "vat_amount": 56,
                        "vat_percent": 15
                    }
                ],
                "train_model": "785",
                "travel_time": "03h 43m",
                "trip_number": "BIJOY EXPRESS (785)"
            }
        ]
    },
    "extra": {
        "hash": "2913D4E613EE77BA81FCAB988D4D7E11"
    }
}