{
    "data": {
        "recommendations": [],
        "selected_seat_class": "S_CHAIR",
        "trains": [
            {
                "arrival_date_time": "21 Mar, 01:30 pm",
                "boarding_points": [
                    {
                        "location_date": "21 Mar 2025",
                        "location_id": 2828,
                        "location_name": "Akhaura Station",
                        "location_time": "11:35 AM",
                        "trip_point_id": 107726367
                    }
                ],
                "departure_date_time": "21 Mar, 11:35 am",
                "departure_date_time_jd": "Fri, 21 Mar 2025, 11:35 AM",
                "departure_full_date": "2025-03-21",
                "destination_city_name": "sreemangal",
                "is_eid_trip": 0,
                "is_from_city_international": false,
                "is_international": 0,
                "is_open_for_all": true,
                "origin_city_name": "akhaura",
                "parent_route": {
                    "arrival_date": "2025-03-21",
                    "arrival_time": "15:55:00",
                    "departure_date": "2025-03-21",
                    "departure_time": "07:50:00",
                    "destination_city_name": "sylhet",
                    "origin_city_name": "chattogram"
                },
                "seat_types": [
                    {
                        "destination_city_seq": 11,
                        "fare": "175.00",
                        "key": 3,
                        "origin_city_seq": 7,
                        "route_id": 22410,
                        "seat_counts": {
                            "is_divided": true,
                            "offline": 0,
                            "online": 0
                        },
                        "trip_id": 8408311,
                        "trip_route_id": 52541432,
                        "type": "SNIGDHA",
                        "vat_amount": 27,
                        "vat_percent": 15
                    },
                    {
                        "destination_city_seq": 11,
                        "fare": "210.00",
                        "key": 2,
                        "origin_city_seq": 7,
                        "route_id": 22410,
                        "seat_counts": {
                            "is_divided": true,
                            "offline": 0,
                            "online": 0
                        },
                        "trip_id": 8408313,
                        "trip_route_id": 52541481,
                        "type": "AC_S",
                        "vat_amount": 32,
                        "vat_percent": 15
                    },
                    {
                        "destination_city_seq": 11,
                        "fare": "105.00",
                        "key": 7,
                        "origin_city_seq": 7,
                        "route_id": 22410,
                        "seat_counts": {
                            "is_divided": true,
                            "offline": 3,
                            "online": 3
                        },
                        "trip_id": 8408315,
                        "trip_route_id": 52541539,
                        "type": "S_CHAIR",
                        "vat_amount": 0,
                        "vat_percent": 0
                    }
                ],
                "train_model": "719",
                "travel_time": "01h 55m",
                "trip_number": "PAHARIKA EXPRESS (719)"
            }
        ]
    },
    "extra": {
        "hash": "2913D4E613EE77BA81FCAB988D4D7E11"
    }
}