{
    "data": {
        "recommendations": [],
        "selected_seat_class": "S_CHAIR",
        "trains": [
            {
                "arrival_date_time": "21 Mar, 05:00 am",
                "boarding_points": [
                    {
                        "location_date": "21 Mar 2025",
                        "location_id": 2828,
                        "location_name": "Akhaura Station",
                        "location_time": "01:25 AM",
                        "trip_point_id": 107717784
                    }
                ],
                "departure_date_time": "21 Mar, 01:25 am",
                "departure_date_time_jd": "Fri, 21 Mar 2025, 01:25 AM",
                "departure_full_date": "2025-03-21",
                "destination_city_name": "chattogram",
                "is_eid_trip": 0,
                "is_from_city_international": false,
                "is_international": 0,
                "is_open_for_all": true,
                "origin_city_name": "akhaura",
                "parent_route": {
                    "arrival_date": "2025-03-21",
                    "arrival_time": "05:00:00",
                    "departure_date": "2025-03-20",
                    "departure_time": "20:00:00",
                    "destination_city_name": "chattogram",
                    "origin_city_name": "jamalpur_town"
                },
                "seat_types": [
                    {
                        "destination_city_seq": 14,
                        "fare": "240.00",
                        "key": 7,
                        "origin_city_seq": 9,
                        "route_id": 23118,
                        "seat_counts": {
                            "is_divided": true,
                            "offline": 5,
                            "online": 5
                        },
                        "trip_id": 8407879,
                        "trip_route_id": 52527750,
                        "type": "S_CHAIR",
                        "vat_amount": 0,
                        "vat_percent": 0
                    },
                    {
                        "destination_city_seq": 14,
                        "fare": "400.00",
                        "key": 3,
                        "origin_city_seq": 9,
                        "route_id": 23118,
                        "seat_counts": {
                            "is_divided": true,
                            "offline": 0,
                            "online": 0
                        },
                        "trip_id": 8407880,
                        "trip_route_id": 52527788,
                        "type": "SNIGDHA",
                        "vat_amount": 60,
                        "vat_percent": 15
                    },
                    {
                        "destination_city_seq": 14,
                        "fare": "720.00",
                        "key": 1,
                        "origin_city_seq": 9,
                        "route_id": 23118,
                        "seat_counts": {
                            "is_divided": true,
                            "offline": 0,
                            "online": 0
                        },
                        "trip_id": 8407881,
                        "trip_route_id": 52527815,
                        "type": "AC_B",
                        "vat_amount": 108,
                        "vat_percent": 15
                    }
                ],
                "train_model": "786",
                "travel_time": "03h 35m",
                "trip_number": "BIJOY EXPRESS (786)"
            },
            {
                "arrival_date_time": "21 Mar, 05:15 am",
                "boarding_points": [
                    {
                        "location_date": "21 Mar 2025",
                        "location_id": 2828,
                        "location_name": "Akhaura Station",
                        "location_time": "01:50 AM",
                        "trip_point_id": 107716950
                    }
                ],
                "departure_date_time": "21 Mar, 01:50 am",
                "departure_date_time_jd": "Fri, 21 Mar 2025, 01:50 AM",
                "departure_full_date": "2025-03-21",
                "destination_city_name": "chattogram",
                "is_eid_trip": 0,
                "is_from_city_international": false,
                "is_international": 0,
                "is_open_for_all": true,
                "origin_city_name": "akhaura",
                "parent_route": {
                    "arrival_date": "2025-03-21",
                    "arrival_time": "05:15:00",
                    "departure_date": "2025-03-20",
                    "departure_time": "23:15:00",
                    "destination_city_name": "chattogram",
                    "origin_city_name": "dhaka"
                },
                "seat_types": [
                    {
                        "destination_city_seq": 9,
                        "fare": "240.00",
                        "key": 7,
                        "origin_city_seq": 5,
                        "route_id": 22838,
                        "seat_counts": {
                            "is_divided": true,
                            "offline": 2,
                            "online": 2
                        },
                        "trip_id": 8407830,
                        "trip_route_id": 52526518,
                        "type": "S_CHAIR",
                        "vat_amount": 0,
                        "vat_percent": 0
                    },
                    {
                        "destination_city_seq": 9,
                        "fare": "480.00",
                        "key": 4,
                        "origin_city_seq": 5,
                        "route_id": 22838,
                        "seat_counts": {
                            "is_divided": true,
                            "offline": 0,
                            "online": 0
                        },
                        "trip_id": 8407831,
                        "trip_route_id": 52526532,
                        "type": "F_BERTH",
                        "vat_amount": 72,
                        "vat_percent": 15
                    },
                    {
                        "destination_city_seq": 9,
                        "fare": "720.00",
                        "key": 1,
                        "origin_city_seq": 5,
                        "route_id": 22838,
                        "seat_counts": {
                            "is_divided": true,
                            "offline": 0,
                            "online": 0
                        },
                        "trip_id": 8407832,
                        "trip_route_id": 52526546,
                        "type": "AC_B",
                        "vat_amount": 108,
                        "vat_percent": 15
                    },
                    {
                        "destination_city_seq": 9,
                        "fare": "400.00",
                        "key": 3,
                        "origin_city_seq": 5,
                        "route_id": 22838,
                        "seat_counts": {
                            "is_divided": true,
                            "offline": 0,
                            "online": 0
                        },
                        "trip_id": 8407833,
                        "trip_route_id": 52526561,
                        "type": "SNIGDHA",
                        "vat_amount": 60,
                        "vat_percent": 15
                    }
                ],
                "train_model": "742",
                "travel_time": "03h 25m",
                "trip_number": "TURNA (742)"
            },
            {
                "arrival_date_time": "21 Mar, 05:35 am",
                "boarding_points": [
                    {
                        "location_date": "21 Mar 2025",
                        "location_id": 2828,
                        "location_name": "Akhaura Station",
                        "location_time": "02:20 AM",
                        "trip_point_id": 107716321
                    }
                ],
                "departure_date_time": "21 Mar, 02:20 am",
                "departure_date_time_jd": "Fri, 21 Mar 2025, 02:20 AM",
                "departure_full_date": "2025-03-21",
                "destination_city_name": "chattogram",
                "is_eid_trip": 0,
                "is_from_city_international": false,
                "is_international": 0,
                "is_open_for_all": true,
                "origin_city_name": "akhaura",
                "parent_route": {
                    "arrival_date": "2025-03-21",
                    "arrival_time": "05:35:00",
                    "departure_date": "2025-03-20",
                    "departure_time": "22:00:00",
                    "destination_city_name": "chattogram",
                    "origin_city_name": "sylhet"
                },
                "seat_types": [
                    {
                        "destination_city_seq": 12,
                        "fare": "720.00",
                        "key": 1,
                        "origin_city_seq": 8,
                        "route_id": 22601,
                        "seat_counts": {
                            "is_divided": true,
                            "offline": 0,
                            "online": 0
                        },
                        "trip_id": 8407793,
                        "trip_route_id": 52525604,
                        "type": "AC_B",
                        "vat_amount": 108,
                        "vat_percent": 15
                    },
                    {
                        "destination_city_seq": 12,
                        "fare": "240.00",
                        "key": 7,
                        "origin_city_seq": 8,
                        "route_id": 22601,
                        "seat_counts": {
                            "is_divided": true,
                            "offline": 9,
                            "online": 9
                        },
                        "trip_id": 8407794,
                        "trip_route_id": 52525634,
                        "type": "S_CHAIR",
                        "vat_amount": 0,
                        "vat_percent": 0
                    },
                    {
                        "destination_city_seq": 12,
                        "fare": "400.00",
                        "key": 3,
                        "origin_city_seq": 8,
                        "route_id": 22601,
                        "seat_counts": {
                            "is_divided": true,
                            "offline": 0,
                            "online": 0
                        },
                        "trip_id": 8407795,
                        "trip_route_id": 52525657,
                        "type": "SNIGDHA",
                        "vat_amount": 60,
                        "vat_percent": 15
                    }
                ],
                "train_model": "724",
                "travel_time": "03h 15m",
                "trip_number": "UDAYAN EXPRESS (724)"
            },
            {
                "arrival_date_time": "21 Mar, 01:35 pm",
                "boarding_points": [
                    {
                        "location_date": "21 Mar 2025",
                        "location_id": 2828,
                        "location_name": "Akhaura Station",
                        "location_time": "10:08 AM",
                        "trip_point_id": 107725055
                    }
                ],
                "departure_date_time": "21 Mar, 10:08 am",
                "departure_date_time_jd": "Fri, 21 Mar 2025, 10:08 AM",
                "departure_full_date": "2025-03-21",
                "destination_city_name": "chattogram",
                "is_eid_trip": 0,
                "is_from_city_international": false,
                "is_international": 0,
                "is_open_for_all": true,
                "origin_city_name": "akhaura",
                "parent_route": {
                    "arrival_date": "2025-03-21",
                    "arrival_time": "13:35:00",
                    "departure_date": "2025-03-21",
                    "departure_time": "07:45:00",
                    "destination_city_name": "chattogram",
                    "origin_city_name": "dhaka"
                },
                "seat_types": [
                    {
                        "destination_city_seq": 10,
                        "fare": "240.00",
                        "key": 7,
                        "origin_city_seq": 5,
                        "route_id": 22058,
                        "seat_counts": {
                            "is_divided": true,
                            "offline": 0,
                            "online": 0
                        },
                        "trip_id": 8408251,
                        "trip_route_id": 52539254,
                        "type": "S_CHAIR",
                        "vat_amount": 0,
                        "vat_percent": 0
                    },
                    {
                        "destination_city_seq": 10,
                        "fare": "320.00",
                        "key": 5,
                        "origin_city_seq": 5,
                        "route_id": 22058,
                        "seat_counts": {
                            "is_divided": true,
                            "offline": 0,
                            "online": 0
                        },
                        "trip_id": 8408253,
                        "trip_route_id": 52539304,
                        "type": "F_SEAT",
                        "vat_amount": 48,
                        "vat_percent": 15
                    },
                    {
                        "destination_city_seq": 10,
                        "fare": "480.00",
                        "key": 2,
                        "origin_city_seq": 5,
                        "route_id": 22058,
                        "seat_counts": {
                            "is_divided": true,
                            "offline": 0,
                            "online": 0
                        },
                        "trip_id": 8408255,
                        "trip_route_id": 52539354,
                        "type": "AC_S",
                        "vat_amount": 72,
                        "vat_percent": 15
                    },
                    {
                        "destination_city_seq": 10,
                        "fare": "400.00",
                        "key": 3,
                        "origin_city_seq": 5,
                        "route_id": 22058,
                        "seat_counts": {
                            "is_divided": true,
                            "offline": 1,
                            "online": 2
                        },
                        "trip_id": 8408257,
                        "trip_route_id": 52539404,
                        "type": "SNIGDHA",
                        "vat_amount": 60,
                        "vat_percent": 15
                    }
                ],
                "train_model": "704",
                "travel_time": "03h 27m",
                "trip_number": "MAHANAGAR PROVATI (704)"
            },
            {
                "arrival_date_time": "21 Mar, 06:55 pm",
                "boarding_points": [
                    {
                        "location_date": "21 Mar 2025",
                        "location_id": 2828,
                        "location_name": "Akhaura Station",
                        "location_time": "03:25 PM",
                        "trip_point_id": 107726512
                    }
                ],
                "departure_date_time": "21 Mar, 03:25 pm",
                "departure_date_time_jd": "Fri, 21 Mar 2025, 03:25 PM",
                "departure_full_date": "2025-03-21",
                "destination_city_name": "chattogram",
                "is_eid_trip": 0,
                "is_from_city_international": false,
                "is_international": 0,
                "is_open_for_all": true,
                "origin_city_name": "akhaura",
                "parent_route": {
                    "arrival_date": "2025-03-21",
                    "arrival_time": "18:55:00",
                    "departure_date": "2025-03-21",
                    "departure_time": "10:30:00",
                    "destination_city_name": "chattogram",
                    "origin_city_name": "sylhet"
                },
                "seat_types": [
                    {
                        "destination_city_seq": 16,
                        "fare": "480.00",
                        "key": 2,
                        "origin_city_seq": 10,
                        "route_id": 22462,
                        "seat_counts": {
                            "is_divided": true,
                            "offline": 0,
                            "online": 0
                        },
                        "trip_id": 8408317,
                        "trip_route_id": 52541625,
                        "type": "AC_S",
                        "vat_amount": 72,
                        "vat_percent": 15
                    },
                    {
                        "destination_city_seq": 16,
                        "fare": "240.00",
                        "key": 7,
                        "origin_city_seq": 10,
                        "route_id": 22462,
                        "seat_counts": {
                            "is_divided": true,
                            "offline": 12,
                            "online": 13
                        },
                        "trip_id": 8408319,
                        "trip_route_id": 52541722,
                        "type": "S_CHAIR",
                        "vat_amount": 0,
                        "vat_percent": 0
                    },
                    {
                        "destination_city_seq": 16,
                        "fare": "400.00",
                        "key": 3,
                        "origin_city_seq": 10,
                        "route_id": 22462,
                        "seat_counts": {
                            "is_divided": true,
                            "offline": 0,
                            "online": 0
                        },
                        "trip_id": 8408321,
                        "trip_route_id": 52541819,
                        "type": "SNIGDHA",
                        "vat_amount": 60,
                        "vat_percent": 15
                    }
                ],
                "train_model": "720",
                "travel_time": "03h 30m",
                "trip_number": "PAHARIKA EXPRESS (720)"
            },
            {
                "arrival_date_time": "22 Mar, 03:30 am",
                "boarding_points": [
                    {
                        "location_date": "21 Mar 2025",
                        "location_id": 2828,
                        "location_name": "Akhaura Station",
                        "location_time": "11:58 PM",
                        "trip_point_id": 107726819
                    }
                ],
                "departure_date_time": "21 Mar, 11:58 pm",
                "departure_date_time_jd": "Fri, 21 Mar 2025, 11:58 PM",
                "departure_full_date": "2025-03-21",
                "destination_city_name": "chattogram",
                "is_eid_trip": 0,
                "is_from_city_international": false,
                "is_international": 0,
                "is_open_for_all": true,
                "origin_city_name": "akhaura",
                "parent_route": {
                    "arrival_date": "2025-03-22",
                    "arrival_time": "03:30:00",
                    "departure_date": "2025-03-21",
                    "departure_time": "21:20:00",
                    "destination_city_name": "chattogram",
                    "origin_city_name": "dhaka"
                },
                "seat_types": [
                    {
                        "destination_city_seq": 14,
                        "fare": "240.00",
                        "key": 7,
                        "origin_city_seq": 7,
                        "route_id": 22533,
                        "seat_counts": {
                            "is_divided": true,
                            "offline": 9,
                            "online": 10
                        },
                        "trip_id": 8408329,
                        "trip_route_id": 52542151,
                        "type": "S_CHAIR",
                        "vat_amount": 0,
                        "vat_percent": 0
                    },
                    {
                        "destination_city_seq": 14,
                        "fare": "720.00",
                        "key": 1,
                        "origin_city_seq": 7,
                        "route_id": 22533,
                        "seat_counts": {
                            "is_divided": true,
                            "offline": 0,
                            "online": 0
                        },
                        "trip_id": 8408331,
                        "trip_route_id": 52542205,
                        "type": "AC_B",
                        "vat_amount": 108,
                        "vat_percent": 15
                    },
                    {
                        "destination_city_seq": 14,
                        "fare": "400.00",
                        "key": 3,
                        "origin_city_seq": 7,
                        "route_id": 22533,
                        "seat_counts": {
                            "is_divided": true,
                            "offline": 2,
                            "online": 3
                        },
                        "trip_id": 8408333,
                        "trip_route_id": 52542256,
                        "type": "SNIGDHA",
                        "vat_amount": 60,
                        "vat_percent": 15
                    }
                ],
                "train_model": "722",
                "travel_time": "03h 32m",
                "trip_number": "MOHANAGAR EXPRESS (722)"
            }
        ]
    },
    "extra": {
        "hash": "2913D4E613EE77BA81FCAB988D4D7E11"
    }
}