{
    "data": {
        "recommendations": [],
        "selected_seat_class": "S_CHAIR",
        "trains": [
            {
                "arrival_date_time": "21 Mar, 03:27 am",
                "boarding_points": [
                    {
                        "location_date": "21 Mar 2025",
                        "location_id": 2828,
                        "location_name": "Akhaura Station",
                        "location_time": "02:20 AM",
                        "trip_point_id": 107716321
                    }
                ],
                "departure_date_time": "21 Mar, 02:20 am",
                "departure_date_time_jd": "Fri, 21 Mar 2025, 02:20 AM",
                "departure_full_date": "2025-03-21",
                "destination_city_name": "laksam",
                "is_eid_trip": 0,
                "is_from_city_international": false,
                "is_international": 0,
                "is_open_for_all": true,
                "origin_city_name": "akhaura",
                "parent_route": {
                    "arrival_date": "2025-03-21",
                    "arrival_time": "05:35:00",
                    "departure_date": "2025-03-20",
                    "departure_time": "22:00:00",
                    "destination_city_name": "chattogram",
                    "origin_city_name": "sylhet"
                },
                "seat_types": [
                    {
                        "destination_city_seq": 10,
                        "fare": "260.00",
                        "key": 1,
                        "origin_city_seq": 8,
                        "route_id": 22599,
                        "seat_counts": {
                            "is_divided": true,
                            "offline": 0,
                            "online": 0
                        },
                        "trip_id": 8407793,
                        "trip_route_id": 52525606,
                        "type": "AC_B",
                        "vat_amount": 39,
                        "vat_percent": 15
                    },
                    {
                        "destination_city_seq": 10,
                        "fare": "90.00",
                        "key": 7,
                        "origin_city_seq": 8,
                        "route_id": 22599,
                        "seat_counts": {
                            "is_divided": true,
                            "offline": 2,
                            "online": 3
                        },
                        "trip_id": 8407794,
                        "trip_route_id": 52525636,
                        "type": "S_CHAIR",
                        "vat_amount": 0,
                        "vat_percent": 0
                    },
                    {
                        "destination_city_seq": 10,
                        "fare": "145.00",
                        "key": 3,
                        "origin_city_seq": 8,
                        "route_id": 22599,
                        "seat_counts": {
                            "is_divided": true,
                            "offline": 0,
                            "online": 0
                        },
                        "trip_id": 8407795,
                        "trip_route_id": 52525659,
                        "type": "SNIGDHA",
                        "vat_amount": 22,
                        "vat_percent": 15
                    }
                ],
                "train_model": "724",
                "travel_time": "01h 07m",
                "trip_number": "UDAYAN EXPRESS (724)"
            },
            {
                "arrival_date_time": "21 Mar, 04:38 pm",
                "boarding_points": [
                    {
                        "location_date": "21 Mar 2025",
                        "location_id": 2828,
                        "location_name": "Akhaura Station",
                        "location_time": "03:25 PM",
                        "trip_point_id": 107726512
                    }
                ],
                "departure_date_time": "21 Mar, 03:25 pm",
                "departure_date_time_jd": "Fri, 21 Mar 2025, 03:25 PM",
                "departure_full_date": "2025-03-21",
                "destination_city_name": "laksam",
                "is_eid_trip": 0,
                "is_from_city_international": false,
                "is_international": 0,
                "is_open_for_all": true,
                "origin_city_name": "akhaura",
                "parent_route": {
                    "arrival_date": "2025-03-21",
                    "arrival_time": "18:55:00",
                    "departure_date": "2025-03-21",
                    "departure_time": "10:30:00",
                    "destination_city_name": "chattogram",
                    "origin_city_name": "sylhet"
                },
                "seat_types": [
                    {
                        "destination_city_seq": 13,
                        "fare": "175.00",
                        "key": 2,
                        "origin_city_seq": 10,
                        "route_id": 22461,
                        "seat_counts": {
                            "is_divided": true,
                            "offline": 0,
                            "online": 0
                        },
                        "trip_id": 8408317,
                        "trip_route_id": 52541627,
                        "type": "AC_S",
                        "vat_amount": 27,
                        "vat_percent": 15
                    },
                    {
                        "destination_city_seq": 13,
                        "fare": "90.00",
                        "key": 7,
                        "origin_city_seq": 10,
                        "route_id": 22461,
                        "seat_counts": {
                            "is_divided": true,
                            "offline": 2,
                            "online": 2
                        },
                        "trip_id": 8408319,
                        "trip_route_id": 52541724,
                        "type": "S_CHAIR",
                        "vat_amount": 0,
                        "vat_percent": 0
                    },
                    {
                        "destination_city_seq": 13,
                        "fare": "145.00",
                        "key": 3,
                        "origin_city_seq": 10,
                        "route_id": 22461,
                        "seat_counts": {
                            "is_divided": true,
                            "offline": 0,
                            "online": 0
                        },
                        "trip_id": 8408321,
                        "trip_route_id": 52541821,
                        "type": "SNIGDHA",
                        "vat_amount": 22,
                        "vat_percent": 15
                    }
                ],
                "train_model": "720",
                "travel_time": "01h 13m",
                "trip_number": "PAHARIKA EXPRESS (720)"
            }
        ]
    },
    "extra": {
        "hash": "2913D4E613EE77BA81FCAB988D4D7E11"
    }
}