{
    "data": {
        "recommendations": [],
        "selected_seat_class": "S_CHAIR",
        "trains": [
            {
                "arrival_date_time": "21 Mar, 05:45 am",
                "boarding_points": [
                    {
                        "location_date": "21 Mar 2025",
                        "location_id": 2828,
                        "location_name": "Akhaura Station",
                        "location_time": "01:10 AM",
                        "trip_point_id": 107716261
                    }
                ],
                "departure_date_time": "21 Mar, 01:10 am",
                "departure_date_time_jd": "Fri, 21 Mar 2025, 01:10 AM",
                "departure_full_date": "2025-03-21",
                "destination_city_name": "sylhet",
                "is_eid_trip": 0,
                "is_from_city_international": false,
                "is_international": 0,
                "is_open_for_all": true,
                "origin_city_name": "akhaura",
                "parent_route": {
                    "arrival_date": "2025-03-21",
                    "arrival_time": "05:45:00",
                    "departure_date": "2025-03-20",
                    "departure_time": "21:45:00",
                    "destination_city_name": "sylhet",
                    "origin_city_name": "chattogram"
                },
                "seat_types": [
                    {
                        "destination_city_seq": 11,
                        "fare": "210.00",
                        "key": 7,
                        "origin_city_seq": 5,
                        "route_id": 22564,
                        "seat_counts": {
                            "is_divided": true,
                            "offline": 12,
                            "online": 13
                        },
                        "trip_id": 8407790,
                        "trip_route_id": 52525522,
                        "type": "S_CHAIR",
                        "vat_amount": 0,
                        "vat_percent": 0
                    }
                ],
                "train_model": "723",
                "travel_time": "04h 35m",
                "trip_number": "UDAYAN EXPRESS (723)"
            },
            {
                "arrival_date_time": "21 Mar, 03:55 pm",
                "boarding_points": [
                    {
                        "location_date": "21 Mar 2025",
                        "location_id": 2828,
                        "location_name": "Akhaura Station",
                        "location_time": "11:35 AM",
                        "trip_point_id": 107726367
                    }
                ],
                "departure_date_time": "21 Mar, 11:35 am",
                "departure_date_time_jd": "Fri, 21 Mar 2025, 11:35 AM",
                "departure_full_date": "2025-03-21",
                "destination_city_name": "sylhet",
                "is_eid_trip": 0,
                "is_from_city_international": false,
                "is_international": 0,
                "is_open_for_all": true,
                "origin_city_name": "akhaura",
                "parent_route": {
                    "arrival_date": "2025-03-21",
                    "arrival_time": "15:55:00",
                    "departure_date": "2025-03-21",
                    "departure_time": "07:50:00",
                    "destination_city_name": "sylhet",
                    "origin_city_name": "chattogram"
                },
                "seat_types": [
                    {
                        "destination_city_seq": 17,
                        "fare": "350.00",
                        "key": 3,
                        "origin_city_seq": 7,
                        "route_id": 22412,
                        "seat_counts": {
                            "is_divided": true,
                            "offline": 0,
                            "online": 0
                        },
                        "trip_id": 8408311,
                        "trip_route_id": 52541430,
                        "type": "SNIGDHA",
                        "vat_amount": 53,
                        "vat_percent": 15
                    },
                    {
                        "destination_city_seq": 17,
                        "fare": "415.00",
                        "key": 2,
                        "origin_city_seq": 7,
                        "route_id": 22412,
                        "seat_counts": {
                            "is_divided": true,
                            "offline": 0,
                            "online": 0
                        },
                        "trip_id": 8408313,
                        "trip_route_id": 52541479,
                        "type": "AC_S",
                        "vat_amount": 63,
                        "vat_percent": 15
                    },
                    {
                        "destination_city_seq": 17,
                        "fare": "210.00",
                        "key": 7,
                        "origin_city_seq": 7,
                        "route_id": 22412,
                        "seat_counts": {
                            "is_divided": true,
                            "offline": 10,
                            "online": 10
                        },
                        "trip_id": 8408315,
                        "trip_route_id": 52541537,
                        "type": "S_CHAIR",
                        "vat_amount": 0,
                        "vat_percent": 0
                    }
                ],
                "train_model": "719",
                "travel_time": "04h 20m",
                "trip_number": "PAHARIKA EXPRESS (719)"
            }
        ]
    },
    "extra": {
        "hash": "2913D4E613EE77BA81FCAB988D4D7E11"
    }
}