{
    "data": {
        "recommendations": [],
        "selected_seat_class": "S_CHAIR",
        "trains": [
            {
                "arrival_date_time": "21 Mar, 04:45 am",
                "boarding_points": [
                    {
                        "location_date": "21 Mar 2025",
                        "location_id": 2758,
                        "location_name": "Akkelpur Station",
                        "location_time": "02:22 AM",
                        "trip_point_id": 107719971
                    }
                ],
                "departure_date_time": "21 Mar, 02:22 am",
                "departure_date_time_jd": "Fri, 21 Mar 2025, 02:22 AM",
                "departure_full_date": "2025-03-21",
                "destination_city_name": "dinajpur",
                "is_eid_trip": 0,
                "is_from_city_international": false,
                "is_international": 0,
                "is_open_for_all": true,
                "origin_city_name": "akkelpur",
                "parent_route": {
                    "arrival_date": "2025-03-21",
                    "arrival_time": "07:10:00",
                    "departure_date": "2025-03-20",
                    "departure_time": "20:45:00",
                    "destination_city_name": "panchagarh",
                    "origin_city_name": "dhaka"
                },
                "seat_types": [
                    {
                        "destination_city_seq": 21,
                        "fare": "215.00",
                        "key": 3,
                        "origin_city_seq": 14,
                        "route_id": 19364,
                        "seat_counts": {
                            "is_divided": true,
                            "offline": 0,
                            "online": 0
                        },
                        "trip_id": 8407996,
                        "trip_route_id": 52531218,
                        "type": "SNIGDHA",
                        "vat_amount": 33,
                        "vat_percent": 15
                    },
                    {
                        "destination_city_seq": 21,
                        "fare": "130.00",
                        "key": 7,
                        "origin_city_seq": 14,
                        "route_id": 19364,
                        "seat_counts": {
                            "is_divided": true,
                            "offline": 5,
                            "online": 5
                        },
                        "trip_id": 8408002,
                        "trip_route_id": 52531674,
                        "type": "S_CHAIR",
                        "vat_amount": 0,
                        "vat_percent": 0
                    },
                    {
                        "destination_city_seq": 21,
                        "fare": "390.00",
                        "key": 1,
                        "origin_city_seq": 14,
                        "route_id": 19364,
                        "seat_counts": {
                            "is_divided": true,
                            "offline": 0,
                            "online": 0
                        },
                        "trip_id": 8408018,
                        "trip_route_id": 52532752,
                        "type": "AC_B",
                        "vat_amount": 59,
                        "vat_percent": 15
                    }
                ],
                "train_model": "757",
                "travel_time": "02h 23m",
                "trip_number": "DRUTOJAN EXPRESS (757)"
            },
            {
                "arrival_date_time": "21 Mar, 07:00 pm",
                "boarding_points": [
                    {
                        "location_date": "21 Mar 2025",
                        "location_id": 2758,
                        "location_name": "Akkelpur Station",
                        "location_time": "04:27 PM",
                        "trip_point_id": 107732389
                    }
                ],
                "departure_date_time": "21 Mar, 04:27 pm",
                "departure_date_time_jd": "Fri, 21 Mar 2025, 04:27 PM",
                "departure_full_date": "2025-03-21",
                "destination_city_name": "dinajpur",
                "is_eid_trip": 0,
                "is_from_city_international": false,
                "is_international": 0,
                "is_open_for_all": true,
                "origin_city_name": "akkelpur",
                "parent_route": {
                    "arrival_date": "2025-03-21",
                    "arrival_time": "21:00:00",
                    "departure_date": "2025-03-21",
                    "departure_time": "10:15:00",
                    "destination_city_name": "panchagarh",
                    "origin_city_name": "dhaka"
                },
                "seat_types": [
                    {
                        "destination_city_seq": 21,
                        "fare": "215.00",
                        "key": 3,
                        "origin_city_seq": 14,
                        "route_id": 19364,
                        "seat_counts": {
                            "is_divided": true,
                            "offline": 0,
                            "online": 0
                        },
                        "trip_id": 8408668,
                        "trip_route_id": 52550072,
                        "type": "SNIGDHA",
                        "vat_amount": 33,
                        "vat_percent": 15
                    },
                    {
                        "destination_city_seq": 21,
                        "fare": "130.00",
                        "key": 7,
                        "origin_city_seq": 14,
                        "route_id": 19364,
                        "seat_counts": {
                            "is_divided": true,
                            "offline": 7,
                            "online": 8
                        },
                        "trip_id": 8408670,
                        "trip_route_id": 52550249,
                        "type": "S_CHAIR",
                        "vat_amount": 0,
                        "vat_percent": 0
                    },
                    {
                        "destination_city_seq": 21,
                        "fare": "260.00",
                        "key": 2,
                        "origin_city_seq": 14,
                        "route_id": 19364,
                        "seat_counts": {
                            "is_divided": true,
                            "offline": 0,
                            "online": 0
                        },
                        "trip_id": 8408672,
                        "trip_route_id": 52550450,
                        "type": "AC_S",
                        "vat_amount": 39,
                        "vat_percent": 15
                    }
                ],
                "train_model": "705",
                "travel_time": "02h 33m",
                "trip_number": "EKOTA EXPRESS (705)"
            }
        ]
    },
    "extra": {
        "hash": "2913D4E613EE77BA81FCAB988D4D7E11"
    }
}