{
    "data": {
        "recommendations": [
            {
                "destination": "Chuadanga",
                "origin": "Santahar"
            },
            {
                "destination": "Alamdanga",
                "origin": "Akkelpur"
            }
        ],
        "selected_seat_class": "S_CHAIR",
        "trains": [
            {
                "arrival_date_time": "21 Mar, 03:20 pm",
                "boarding_points": [
                    {
                        "location_date": "21 Mar 2025",
                        "location_id": 2758,
                        "location_name": "Akkelpur Station",
                        "location_time": "11:41 AM",
                        "trip_point_id": 107733871
                    }
                ],
                "departure_date_time": "21 Mar, 11:41 am",
                "departure_date_time_jd": "Fri, 21 Mar 2025, 11:41 AM",
                "departure_full_date": "2025-03-21",
                "destination_city_name": "chuadanga",
                "is_eid_trip": 0,
                "is_from_city_international": false,
                "is_international": 0,
                "is_open_for_all": true,
                "origin_city_name": "akkelpur",
                "parent_route": {
                    "arrival_date": "2025-03-21",
                    "arrival_time": "18:25:00",
                    "departure_date": "2025-03-21",
                    "departure_time": "08:30:00",
                    "destination_city_name": "khulna",
                    "origin_city_name": "chilahati"
                },
                "seat_types": [
                    {
                        "destination_city_seq": 18,
                        "fare": "485.00",
                        "key": 2,
                        "origin_city_seq": 9,
                        "route_id": 21347,
                        "seat_counts": {
                            "is_divided": true,
                            "offline": 0,
                            "online": 0
                        },
                        "trip_id": 8408715,
                        "trip_route_id": 52553040,
                        "type": "AC_S",
                        "vat_amount": 73,
                        "vat_percent": 15
                    },
                    {
                        "destination_city_seq": 18,
                        "fare": "405.00",
                        "key": 3,
                        "origin_city_seq": 9,
                        "route_id": 21347,
                        "seat_counts": {
                            "is_divided": true,
                            "offline": 0,
                            "online": 0
                        },
                        "trip_id": 8408735,
                        "trip_route_id": 52554992,
                        "type": "SNIGDHA",
                        "vat_amount": 61,
                        "vat_percent": 15
                    },
                    {
                        "destination_city_seq": 18,
                        "fare": "245.00",
                        "key": 7,
                        "origin_city_seq": 9,
                        "route_id": 21347,
                        "seat_counts": {
                            "is_divided": true,
                            "offline": 0,
                            "online": 0
                        },
                        "trip_id": 8408737,
                        "trip_route_id": 52555333,
                        "type": "S_CHAIR",
                        "vat_amount": 0,
                        "vat_percent": 0
                    }
                ],
                "train_model": "728",
                "travel_time": "03h 39m",
                "trip_number": "RUPSHA EXPRESS (728)"
            }
        ]
    },
    "extra": {
        "hash": "2913D4E613EE77BA81FCAB988D4D7E11"
    }
}