{
    "data": {
        "recommendations": [],
        "selected_seat_class": "S_CHAIR",
        "trains": [
            {
                "arrival_date_time": "21 Mar, 04:58 pm",
                "boarding_points": [
                    {
                        "location_date": "21 Mar 2025",
                        "location_id": 2758,
                        "location_name": "Akkelpur Station",
                        "location_time": "11:41 AM",
                        "trip_point_id": 107733871
                    }
                ],
                "departure_date_time": "21 Mar, 11:41 am",
                "departure_date_time_jd": "Fri, 21 Mar 2025, 11:41 AM",
                "departure_full_date": "2025-03-21",
                "destination_city_name": "jashore",
                "is_eid_trip": 0,
                "is_from_city_international": false,
                "is_international": 0,
                "is_open_for_all": true,
                "origin_city_name": "akkelpur",
                "parent_route": {
                    "arrival_date": "2025-03-21",
                    "arrival_time": "18:25:00",
                    "departure_date": "2025-03-21",
                    "departure_time": "08:30:00",
                    "destination_city_name": "khulna",
                    "origin_city_name": "chilahati"
                },
                "seat_types": [
                    {
                        "destination_city_seq": 22,
                        "fare": "680.00",
                        "key": 2,
                        "origin_city_seq": 9,
                        "route_id": 20105,
                        "seat_counts": {
                            "is_divided": true,
                            "offline": 0,
                            "online": 0
                        },
                        "trip_id": 8408715,
                        "trip_route_id": 52553037,
                        "type": "AC_S",
                        "vat_amount": 102,
                        "vat_percent": 15
                    },
                    {
                        "destination_city_seq": 22,
                        "fare": "565.00",
                        "key": 3,
                        "origin_city_seq": 9,
                        "route_id": 20105,
                        "seat_counts": {
                            "is_divided": true,
                            "offline": 0,
                            "online": 0
                        },
                        "trip_id": 8408735,
                        "trip_route_id": 52554989,
                        "type": "SNIGDHA",
                        "vat_amount": 85,
                        "vat_percent": 15
                    },
                    {
                        "destination_city_seq": 22,
                        "fare": "340.00",
                        "key": 7,
                        "origin_city_seq": 9,
                        "route_id": 20105,
                        "seat_counts": {
                            "is_divided": true,
                            "offline": 5,
                            "online": 5
                        },
                        "trip_id": 8408737,
                        "trip_route_id": 52555330,
                        "type": "S_CHAIR",
                        "vat_amount": 0,
                        "vat_percent": 0
                    }
                ],
                "train_model": "728",
                "travel_time": "05h 17m",
                "trip_number": "RUPSHA EXPRESS (728)"
            },
            {
                "arrival_date_time": "22 Mar, 02:41 am",
                "boarding_points": [
                    {
                        "location_date": "21 Mar 2025",
                        "location_id": 2758,
                        "location_name": "Akkelpur Station",
                        "location_time": "09:33 PM",
                        "trip_point_id": 107737437
                    }
                ],
                "departure_date_time": "21 Mar, 09:33 pm",
                "departure_date_time_jd": "Fri, 21 Mar 2025, 09:33 PM",
                "departure_full_date": "2025-03-21",
                "destination_city_name": "jashore",
                "is_eid_trip": 0,
                "is_from_city_international": false,
                "is_international": 0,
                "is_open_for_all": true,
                "origin_city_name": "akkelpur",
                "parent_route": {
                    "arrival_date": "2025-03-22",
                    "arrival_time": "04:10:00",
                    "departure_date": "2025-03-21",
                    "departure_time": "18:30:00",
                    "destination_city_name": "khulna",
                    "origin_city_name": "chilahati"
                },
                "seat_types": [
                    {
                        "destination_city_seq": 22,
                        "fare": "340.00",
                        "key": 7,
                        "origin_city_seq": 9,
                        "route_id": 20105,
                        "seat_counts": {
                            "is_divided": true,
                            "offline": 4,
                            "online": 5
                        },
                        "trip_id": 8408840,
                        "trip_route_id": 52560393,
                        "type": "S_CHAIR",
                        "vat_amount": 0,
                        "vat_percent": 0
                    },
                    {
                        "destination_city_seq": 22,
                        "fare": "1015.00",
                        "key": 1,
                        "origin_city_seq": 9,
                        "route_id": 20105,
                        "seat_counts": {
                            "is_divided": true,
                            "offline": 0,
                            "online": 0
                        },
                        "trip_id": 8408842,
                        "trip_route_id": 52560640,
                        "type": "AC_B",
                        "vat_amount": 153,
                        "vat_percent": 15
                    },
                    {
                        "destination_city_seq": 22,
                        "fare": "565.00",
                        "key": 3,
                        "origin_city_seq": 9,
                        "route_id": 20105,
                        "seat_counts": {
                            "is_divided": true,
                            "offline": 0,
                            "online": 0
                        },
                        "trip_id": 8408844,
                        "trip_route_id": 52560869,
                        "type": "SNIGDHA",
                        "vat_amount": 85,
                        "vat_percent": 15
                    }
                ],
                "train_model": "748",
                "travel_time": "05h 08m",
                "trip_number": "SIMANTA EXPRESS (748)"
            }
        ]
    },
    "extra": {
        "hash": "2913D4E613EE77BA81FCAB988D4D7E11"
    }
}