{
    "data": {
        "recommendations": [],
        "selected_seat_class": "S_CHAIR",
        "trains": [
            {
                "arrival_date_time": "21 Mar, 03:50 am",
                "boarding_points": [
                    {
                        "location_date": "21 Mar 2025",
                        "location_id": 2758,
                        "location_name": "Akkelpur Station",
                        "location_time": "02:22 AM",
                        "trip_point_id": 107720210
                    }
                ],
                "departure_date_time": "21 Mar, 02:22 am",
                "departure_date_time_jd": "Fri, 21 Mar 2025, 02:22 AM",
                "departure_full_date": "2025-03-21",
                "destination_city_name": "parbatipur",
                "is_eid_trip": 0,
                "is_from_city_international": false,
                "is_international": 0,
                "is_open_for_all": true,
                "origin_city_name": "akkelpur",
                "parent_route": {
                    "arrival_date": "2025-03-21",
                    "arrival_time": "07:10:00",
                    "departure_date": "2025-03-20",
                    "departure_time": "20:45:00",
                    "destination_city_name": "panchagarh",
                    "origin_city_name": "dhaka"
                },
                "seat_types": [
                    {
                        "destination_city_seq": 19,
                        "fare": "95.00",
                        "key": 7,
                        "origin_city_seq": 14,
                        "route_id": 23394,
                        "seat_counts": {
                            "is_divided": true,
                            "offline": 0,
                            "online": 0
                        },
                        "trip_id": 8408002,
                        "trip_route_id": 52531676,
                        "type": "S_CHAIR",
                        "vat_amount": 0,
                        "vat_percent": 0
                    }
                ],
                "train_model": "757",
                "travel_time": "01h 28m",
                "trip_number": "DRUTOJAN EXPRESS (757)"
            },
            {
                "arrival_date_time": "21 Mar, 11:10 am",
                "boarding_points": [
                    {
                        "location_date": "21 Mar 2025",
                        "location_id": 2758,
                        "location_name": "Akkelpur Station",
                        "location_time": "09:12 AM",
                        "trip_point_id": 107735627
                    }
                ],
                "departure_date_time": "21 Mar, 09:12 am",
                "departure_date_time_jd": "Fri, 21 Mar 2025, 09:12 AM",
                "departure_full_date": "2025-03-21",
                "destination_city_name": "parbatipur",
                "is_eid_trip": 0,
                "is_from_city_international": false,
                "is_international": 0,
                "is_open_for_all": true,
                "origin_city_name": "akkelpur",
                "parent_route": {
                    "arrival_date": "2025-03-21",
                    "arrival_time": "13:00:00",
                    "departure_date": "2025-03-21",
                    "departure_time": "06:20:00",
                    "destination_city_name": "chilahati",
                    "origin_city_name": "rajshahi"
                },
                "seat_types": [
                    {
                        "destination_city_seq": 14,
                        "fare": "95.00",
                        "key": 7,
                        "origin_city_seq": 7,
                        "route_id": 20216,
                        "seat_counts": {
                            "is_divided": true,
                            "offline": 5,
                            "online": 5
                        },
                        "trip_id": 8408763,
                        "trip_route_id": 52557241,
                        "type": "S_CHAIR",
                        "vat_amount": 0,
                        "vat_percent": 0
                    }
                ],
                "train_model": "733",
                "travel_time": "01h 58m",
                "trip_number": "TITUMIR EXPRESS (733)"
            },
            {
                "arrival_date_time": "21 Mar, 02:00 pm",
                "boarding_points": [
                    {
                        "location_date": "21 Mar 2025",
                        "location_id": 2758,
                        "location_name": "Akkelpur Station",
                        "location_time": "12:40 PM",
                        "trip_point_id": 107733001
                    }
                ],
                "departure_date_time": "21 Mar, 12:40 pm",
                "departure_date_time_jd": "Fri, 21 Mar 2025, 12:40 PM",
                "departure_full_date": "2025-03-21",
                "destination_city_name": "parbatipur",
                "is_eid_trip": 0,
                "is_from_city_international": false,
                "is_international": 0,
                "is_open_for_all": true,
                "origin_city_name": "akkelpur",
                "parent_route": {
                    "arrival_date": "2025-03-21",
                    "arrival_time": "16:00:00",
                    "departure_date": "2025-03-21",
                    "departure_time": "06:45:00",
                    "destination_city_name": "chilahati",
                    "origin_city_name": "dhaka"
                },
                "seat_types": [
                    {
                        "destination_city_seq": 13,
                        "fare": "185.00",
                        "key": 2,
                        "origin_city_seq": 9,
                        "route_id": 19792,
                        "seat_counts": {
                            "is_divided": true,
                            "offline": 0,
                            "online": 0
                        },
                        "trip_id": 8408684,
                        "trip_route_id": 52551100,
                        "type": "AC_S",
                        "vat_amount": 28,
                        "vat_percent": 15
                    },
                    {
                        "destination_city_seq": 13,
                        "fare": "155.00",
                        "key": 3,
                        "origin_city_seq": 9,
                        "route_id": 19792,
                        "seat_counts": {
                            "is_divided": true,
                            "offline": 0,
                            "online": 0
                        },
                        "trip_id": 8408686,
                        "trip_route_id": 52551234,
                        "type": "SNIGDHA",
                        "vat_amount": 24,
                        "vat_percent": 15
                    },
                    {
                        "destination_city_seq": 13,
                        "fare": "95.00",
                        "key": 7,
                        "origin_city_seq": 9,
                        "route_id": 19792,
                        "seat_counts": {
                            "is_divided": true,
                            "offline": 2,
                            "online": 3
                        },
                        "trip_id": 8408688,
                        "trip_route_id": 52551375,
                        "type": "S_CHAIR",
                        "vat_amount": 0,
                        "vat_percent": 0
                    }
                ],
                "train_model": "765",
                "travel_time": "01h 20m",
                "trip_number": "NILSAGAR EXPRESS (765)"
            },
            {
                "arrival_date_time": "21 Mar, 03:10 pm",
                "boarding_points": [
                    {
                        "location_date": "21 Mar 2025",
                        "location_id": 2758,
                        "location_name": "Akkelpur Station",
                        "location_time": "01:52 PM",
                        "trip_point_id": 107733750
                    }
                ],
                "departure_date_time": "21 Mar, 01:52 pm",
                "departure_date_time_jd": "Fri, 21 Mar 2025, 01:52 PM",
                "departure_full_date": "2025-03-21",
                "destination_city_name": "parbatipur",
                "is_eid_trip": 0,
                "is_from_city_international": false,
                "is_international": 0,
                "is_open_for_all": true,
                "origin_city_name": "akkelpur",
                "parent_route": {
                    "arrival_date": "2025-03-21",
                    "arrival_time": "17:00:00",
                    "departure_date": "2025-03-21",
                    "departure_time": "07:15:00",
                    "destination_city_name": "chilahati",
                    "origin_city_name": "khulna"
                },
                "seat_types": [
                    {
                        "destination_city_seq": 21,
                        "fare": "185.00",
                        "key": 2,
                        "origin_city_seq": 17,
                        "route_id": 21320,
                        "seat_counts": {
                            "is_divided": true,
                            "offline": 0,
                            "online": 0
                        },
                        "trip_id": 8408707,
                        "trip_route_id": 52552688,
                        "type": "AC_S",
                        "vat_amount": 28,
                        "vat_percent": 15
                    },
                    {
                        "destination_city_seq": 21,
                        "fare": "155.00",
                        "key": 3,
                        "origin_city_seq": 17,
                        "route_id": 21320,
                        "seat_counts": {
                            "is_divided": true,
                            "offline": 0,
                            "online": 0
                        },
                        "trip_id": 8408731,
                        "trip_route_id": 52554358,
                        "type": "SNIGDHA",
                        "vat_amount": 24,
                        "vat_percent": 15
                    },
                    {
                        "destination_city_seq": 21,
                        "fare": "95.00",
                        "key": 7,
                        "origin_city_seq": 17,
                        "route_id": 21320,
                        "seat_counts": {
                            "is_divided": true,
                            "offline": 0,
                            "online": 0
                        },
                        "trip_id": 8408733,
                        "trip_route_id": 52554662,
                        "type": "S_CHAIR",
                        "vat_amount": 0,
                        "vat_percent": 0
                    }
                ],
                "train_model": "727",
                "travel_time": "01h 18m",
                "trip_number": "RUPSHA EXPRESS (727)"
            },
            {
                "arrival_date_time": "21 Mar, 06:15 pm",
                "boarding_points": [
                    {
                        "location_date": "21 Mar 2025",
                        "location_id": 2758,
                        "location_name": "Akkelpur Station",
                        "location_time": "04:27 PM",
                        "trip_point_id": 107732481
                    }
                ],
                "departure_date_time": "21 Mar, 04:27 pm",
                "departure_date_time_jd": "Fri, 21 Mar 2025, 04:27 PM",
                "departure_full_date": "2025-03-21",
                "destination_city_name": "parbatipur",
                "is_eid_trip": 0,
                "is_from_city_international": false,
                "is_international": 0,
                "is_open_for_all": true,
                "origin_city_name": "akkelpur",
                "parent_route": {
                    "arrival_date": "2025-03-21",
                    "arrival_time": "21:00:00",
                    "departure_date": "2025-03-21",
                    "departure_time": "10:15:00",
                    "destination_city_name": "panchagarh",
                    "origin_city_name": "dhaka"
                },
                "seat_types": [
                    {
                        "destination_city_seq": 19,
                        "fare": "95.00",
                        "key": 7,
                        "origin_city_seq": 14,
                        "route_id": 26419,
                        "seat_counts": {
                            "is_divided": true,
                            "offline": 4,
                            "online": 5
                        },
                        "trip_id": 8408670,
                        "trip_route_id": 52550250,
                        "type": "S_CHAIR",
                        "vat_amount": 0,
                        "vat_percent": 0
                    }
                ],
                "train_model": "705",
                "travel_time": "01h 48m",
                "trip_number": "EKOTA EXPRESS (705)"
            },
            {
                "arrival_date_time": "21 Mar, 07:25 pm",
                "boarding_points": [
                    {
                        "location_date": "21 Mar 2025",
                        "location_id": 2758,
                        "location_name": "Akkelpur Station",
                        "location_time": "05:52 PM",
                        "trip_point_id": 107732273
                    }
                ],
                "departure_date_time": "21 Mar, 05:52 pm",
                "departure_date_time_jd": "Fri, 21 Mar 2025, 05:52 PM",
                "departure_full_date": "2025-03-21",
                "destination_city_name": "parbatipur",
                "is_eid_trip": 0,
                "is_from_city_international": false,
                "is_international": 0,
                "is_open_for_all": true,
                "origin_city_name": "akkelpur",
                "parent_route": {
                    "arrival_date": "2025-03-21",
                    "arrival_time": "21:30:00",
                    "departure_date": "2025-03-21",
                    "departure_time": "15:00:00",
                    "destination_city_name": "chilahati",
                    "origin_city_name": "rajshahi"
                },
                "seat_types": [
                    {
                        "destination_city_seq": 14,
                        "fare": "95.00",
                        "key": 7,
                        "origin_city_seq": 7,
                        "route_id": 20216,
                        "seat_counts": {
                            "is_divided": true,
                            "offline": 2,
                            "online": 3
                        },
                        "trip_id": 8408664,
                        "trip_route_id": 52549770,
                        "type": "S_CHAIR",
                        "vat_amount": 0,
                        "vat_percent": 0
                    }
                ],
                "train_model": "731",
                "travel_time": "01h 33m",
                "trip_number": "BARENDRA EXPRESS (731)"
            }
        ]
    },
    "extra": {
        "hash": "2913D4E613EE77BA81FCAB988D4D7E11"
    }
}