{
    "data": {
        "recommendations": [],
        "selected_seat_class": "S_CHAIR",
        "trains": [
            {
                "arrival_date_time": "21 Mar, 06:45 am",
                "boarding_points": [
                    {
                        "location_date": "21 Mar 2025",
                        "location_id": 2788,
                        "location_name": "Alamdanga Station",
                        "location_time": "12:18 AM",
                        "trip_point_id": 107721400
                    }
                ],
                "departure_date_time": "21 Mar, 12:18 am",
                "departure_date_time_jd": "Fri, 21 Mar 2025, 12:18 AM",
                "departure_full_date": "2025-03-21",
                "destination_city_name": "chilahati",
                "is_eid_trip": 0,
                "is_from_city_international": false,
                "is_international": 0,
                "is_open_for_all": true,
                "origin_city_name": "alamdanga",
                "parent_route": {
                    "arrival_date": "2025-03-21",
                    "arrival_time": "06:45:00",
                    "departure_date": "2025-03-20",
                    "departure_time": "21:15:00",
                    "destination_city_name": "chilahati",
                    "origin_city_name": "khulna"
                },
                "seat_types": [
                    {
                        "destination_city_seq": 25,
                        "fare": "395.00",
                        "key": 7,
                        "origin_city_seq": 9,
                        "route_id": 21308,
                        "seat_counts": {
                            "is_divided": true,
                            "offline": 3,
                            "online": 4
                        },
                        "trip_id": 8408045,
                        "trip_route_id": 52534125,
                        "type": "S_CHAIR",
                        "vat_amount": 0,
                        "vat_percent": 0
                    },
                    {
                        "destination_city_seq": 25,
                        "fare": "655.00",
                        "key": 3,
                        "origin_city_seq": 9,
                        "route_id": 21308,
                        "seat_counts": {
                            "is_divided": true,
                            "offline": 0,
                            "online": 0
                        },
                        "trip_id": 8408046,
                        "trip_route_id": 52534247,
                        "type": "SNIGDHA",
                        "vat_amount": 99,
                        "vat_percent": 15
                    }
                ],
                "train_model": "747",
                "travel_time": "06h 27m",
                "trip_number": "SIMANTA EXPRESS (747)"
            },
            {
                "arrival_date_time": "21 Mar, 05:00 pm",
                "boarding_points": [
                    {
                        "location_date": "21 Mar 2025",
                        "location_id": 2788,
                        "location_name": "Alamdanga Station",
                        "location_time": "10:23 AM",
                        "trip_point_id": 107733739
                    }
                ],
                "departure_date_time": "21 Mar, 10:23 am",
                "departure_date_time_jd": "Fri, 21 Mar 2025, 10:23 AM",
                "departure_full_date": "2025-03-21",
                "destination_city_name": "chilahati",
                "is_eid_trip": 0,
                "is_from_city_international": false,
                "is_international": 0,
                "is_open_for_all": true,
                "origin_city_name": "alamdanga",
                "parent_route": {
                    "arrival_date": "2025-03-21",
                    "arrival_time": "17:00:00",
                    "departure_date": "2025-03-21",
                    "departure_time": "07:15:00",
                    "destination_city_name": "chilahati",
                    "origin_city_name": "khulna"
                },
                "seat_types": [
                    {
                        "destination_city_seq": 25,
                        "fare": "785.00",
                        "key": 2,
                        "origin_city_seq": 9,
                        "route_id": 21308,
                        "seat_counts": {
                            "is_divided": true,
                            "offline": 0,
                            "online": 0
                        },
                        "trip_id": 8408707,
                        "trip_route_id": 52552701,
                        "type": "AC_S",
                        "vat_amount": 118,
                        "vat_percent": 15
                    },
                    {
                        "destination_city_seq": 25,
                        "fare": "655.00",
                        "key": 3,
                        "origin_city_seq": 9,
                        "route_id": 21308,
                        "seat_counts": {
                            "is_divided": true,
                            "offline": 0,
                            "online": 0
                        },
                        "trip_id": 8408731,
                        "trip_route_id": 52554371,
                        "type": "SNIGDHA",
                        "vat_amount": 99,
                        "vat_percent": 15
                    },
                    {
                        "destination_city_seq": 25,
                        "fare": "395.00",
                        "key": 7,
                        "origin_city_seq": 9,
                        "route_id": 21308,
                        "seat_counts": {
                            "is_divided": true,
                            "offline": 2,
                            "online": 3
                        },
                        "trip_id": 8408733,
                        "trip_route_id": 52554675,
                        "type": "S_CHAIR",
                        "vat_amount": 0,
                        "vat_percent": 0
                    }
                ],
                "train_model": "727",
                "travel_time": "06h 37m",
                "trip_number": "RUPSHA EXPRESS (727)"
            }
        ]
    },
    "extra": {
        "hash": "5774175E127C005DF8037B98B8BA9472"
    }
}