{
    "data": {
        "recommendations": [],
        "selected_seat_class": "S_CHAIR",
        "trains": [
            {
                "arrival_date_time": "21 Mar, 11:20 am",
                "boarding_points": [
                    {
                        "location_date": "21 Mar 2025",
                        "location_id": 2841,
                        "location_name": "Ashuganj Station",
                        "location_time": "09:32 AM",
                        "trip_point_id": 107725792
                    }
                ],
                "departure_date_time": "21 Mar, 09:32 am",
                "departure_date_time_jd": "Fri, 21 Mar 2025, 09:32 AM",
                "departure_full_date": "2025-03-21",
                "destination_city_name": "dhaka",
                "is_eid_trip": 0,
                "is_from_city_international": false,
                "is_international": 0,
                "is_open_for_all": true,
                "origin_city_name": "ashuganj",
                "parent_route": {
                    "arrival_date": "2025-03-21",
                    "arrival_time": "11:20:00",
                    "departure_date": "2025-03-21",
                    "departure_time": "06:00:00",
                    "destination_city_name": "dhaka",
                    "origin_city_name": "noakhali"
                },
                "seat_types": [
                    {
                        "destination_city_seq": 15,
                        "fare": "220.00",
                        "key": 3,
                        "origin_city_seq": 12,
                        "route_id": 22258,
                        "seat_counts": {
                            "is_divided": true,
                            "offline": 0,
                            "online": 0
                        },
                        "trip_id": 8408291,
                        "trip_route_id": 52540476,
                        "type": "SNIGDHA",
                        "vat_amount": 33,
                        "vat_percent": 15
                    },
                    {
                        "destination_city_seq": 15,
                        "fare": "130.00",
                        "key": 7,
                        "origin_city_seq": 12,
                        "route_id": 22258,
                        "seat_counts": {
                            "is_divided": true,
                            "offline": 0,
                            "online": 0
                        },
                        "trip_id": 8408293,
                        "trip_route_id": 52540618,
                        "type": "S_CHAIR",
                        "vat_amount": 0,
                        "vat_percent": 0
                    }
                ],
                "train_model": "711",
                "travel_time": "01h 48m",
                "trip_number": "UPAKUL EXPRESS (711)"
            },
            {
                "arrival_date_time": "21 Mar, 06:40 pm",
                "boarding_points": [
                    {
                        "location_date": "21 Mar 2025",
                        "location_id": 2841,
                        "location_name": "Ashuganj Station",
                        "location_time": "04:47 PM",
                        "trip_point_id": 107726671
                    }
                ],
                "departure_date_time": "21 Mar, 04:47 pm",
                "departure_date_time_jd": "Fri, 21 Mar 2025, 04:47 PM",
                "departure_full_date": "2025-03-21",
                "destination_city_name": "dhaka",
                "is_eid_trip": 0,
                "is_from_city_international": false,
                "is_international": 0,
                "is_open_for_all": true,
                "origin_city_name": "ashuganj",
                "parent_route": {
                    "arrival_date": "2025-03-21",
                    "arrival_time": "18:40:00",
                    "departure_date": "2025-03-21",
                    "departure_time": "12:30:00",
                    "destination_city_name": "dhaka",
                    "origin_city_name": "chattogram"
                },
                "seat_types": [
                    {
                        "destination_city_seq": 13,
                        "fare": "130.00",
                        "key": 7,
                        "origin_city_seq": 10,
                        "route_id": 23407,
                        "seat_counts": {
                            "is_divided": true,
                            "offline": 0,
                            "online": 0
                        },
                        "trip_id": 8408323,
                        "trip_route_id": 52541894,
                        "type": "S_CHAIR",
                        "vat_amount": 0,
                        "vat_percent": 0
                    },
                    {
                        "destination_city_seq": 13,
                        "fare": "220.00",
                        "key": 3,
                        "origin_city_seq": 10,
                        "route_id": 22507,
                        "seat_counts": {
                            "is_divided": true,
                            "offline": 0,
                            "online": 0
                        },
                        "trip_id": 8408327,
                        "trip_route_id": 52542056,
                        "type": "SNIGDHA",
                        "vat_amount": 33,
                        "vat_percent": 15
                    }
                ],
                "train_model": "721",
                "travel_time": "01h 53m",
                "trip_number": "MOHANAGAR EXPRESS (721)"
            },
            {
                "arrival_date_time": "21 Mar, 07:15 pm",
                "boarding_points": [
                    {
                        "location_date": "21 Mar 2025",
                        "location_id": 2841,
                        "location_name": "Ashuganj Station",
                        "location_time": "05:30 PM",
                        "trip_point_id": 107726174
                    }
                ],
                "departure_date_time": "21 Mar, 05:30 pm",
                "departure_date_time_jd": "Fri, 21 Mar 2025, 05:30 PM",
                "departure_full_date": "2025-03-21",
                "destination_city_name": "dhaka",
                "is_eid_trip": 0,
                "is_from_city_international": false,
                "is_international": 0,
                "is_open_for_all": true,
                "origin_city_name": "ashuganj",
                "parent_route": {
                    "arrival_date": "2025-03-21",
                    "arrival_time": "19:15:00",
                    "departure_date": "2025-03-21",
                    "departure_time": "12:00:00",
                    "destination_city_name": "dhaka",
                    "origin_city_name": "sylhet"
                },
                "seat_types": [
                    {
                        "destination_city_seq": 16,
                        "fare": "130.00",
                        "key": 7,
                        "origin_city_seq": 14,
                        "route_id": 22379,
                        "seat_counts": {
                            "is_divided": true,
                            "offline": 12,
                            "online": 13
                        },
                        "trip_id": 8408305,
                        "trip_route_id": 52541100,
                        "type": "S_CHAIR",
                        "vat_amount": 0,
                        "vat_percent": 0
                    },
                    {
                        "destination_city_seq": 16,
                        "fare": "260.00",
                        "key": 2,
                        "origin_city_seq": 14,
                        "route_id": 22379,
                        "seat_counts": {
                            "is_divided": true,
                            "offline": 0,
                            "online": 0
                        },
                        "trip_id": 8408307,
                        "trip_route_id": 52541224,
                        "type": "AC_S",
                        "vat_amount": 39,
                        "vat_percent": 15
                    },
                    {
                        "destination_city_seq": 16,
                        "fare": "220.00",
                        "key": 3,
                        "origin_city_seq": 14,
                        "route_id": 22379,
                        "seat_counts": {
                            "is_divided": true,
                            "offline": 0,
                            "online": 0
                        },
                        "trip_id": 8408309,
                        "trip_route_id": 52541322,
                        "type": "SNIGDHA",
                        "vat_amount": 33,
                        "vat_percent": 15
                    }
                ],
                "train_model": "718",
                "travel_time": "01h 45m",
                "trip_number": "JAYENTIKA EXPRESS (718)"
            }
        ]
    },
    "extra": {
        "hash": "2913D4E613EE77BA81FCAB988D4D7E11"
    }
}