{
    "data": {
        "recommendations": [],
        "selected_seat_class": "S_CHAIR",
        "trains": [
            {
                "arrival_date_time": "21 Mar, 08:19 am",
                "boarding_points": [
                    {
                        "location_date": "21 Mar 2025",
                        "location_id": 2755,
                        "location_name": "Azim Nagar Station",
                        "location_time": "06:53 AM",
                        "trip_point_id": 107738105
                    }
                ],
                "departure_date_time": "21 Mar, 06:53 am",
                "departure_date_time_jd": "Fri, 21 Mar 2025, 06:53 AM",
                "departure_full_date": "2025-03-21",
                "destination_city_name": "poradaha",
                "is_eid_trip": 0,
                "is_from_city_international": false,
                "is_international": 0,
                "is_open_for_all": true,
                "origin_city_name": "azim nagar",
                "parent_route": {
                    "arrival_date": "2025-03-21",
                    "arrival_time": "12:10:00",
                    "departure_date": "2025-03-21",
                    "departure_time": "06:00:00",
                    "destination_city_name": "khulna",
                    "origin_city_name": "rajshahi"
                },
                "seat_types": [
                    {
                        "destination_city_seq": 8,
                        "fare": "105.00",
                        "key": 7,
                        "origin_city_seq": 3,
                        "route_id": 21475,
                        "seat_counts": {
                            "is_divided": true,
                            "offline": 2,
                            "online": 3
                        },
                        "trip_id": 8408862,
                        "trip_route_id": 52562020,
                        "type": "S_CHAIR",
                        "vat_amount": 0,
                        "vat_percent": 0
                    }
                ],
                "train_model": "762",
                "travel_time": "01h 26m",
                "trip_number": "SAGARDARI EXPRESS (762)"
            }
        ]
    },
    "extra": {
        "hash": "2913D4E613EE77BA81FCAB988D4D7E11"
    }
}