{
    "data": {
        "recommendations": [],
        "selected_seat_class": "S_CHAIR",
        "trains": [
            {
                "arrival_date_time": "21 Mar, 02:35 am",
                "boarding_points": [
                    {
                        "location_date": "21 Mar 2025",
                        "location_id": 2755,
                        "location_name": "Azim Nagar Station",
                        "location_time": "02:09 AM",
                        "trip_point_id": 107718837
                    }
                ],
                "departure_date_time": "21 Mar, 02:09 am",
                "departure_date_time_jd": "Fri, 21 Mar 2025, 02:09 AM",
                "departure_full_date": "2025-03-21",
                "destination_city_name": "natore",
                "is_eid_trip": 0,
                "is_from_city_international": false,
                "is_international": 0,
                "is_open_for_all": true,
                "origin_city_name": "azim nagar",
                "parent_route": {
                    "arrival_date": "2025-03-21",
                    "arrival_time": "07:20:00",
                    "departure_date": "2025-03-20",
                    "departure_time": "21:45:00",
                    "destination_city_name": "lalmonirhat",
                    "origin_city_name": "dhaka"
                },
                "seat_types": [
                    {
                        "destination_city_seq": 10,
                        "fare": "50.00",
                        "key": 7,
                        "origin_city_seq": 9,
                        "route_id": 24048,
                        "seat_counts": {
                            "is_divided": true,
                            "offline": 2,
                            "online": 3
                        },
                        "trip_id": 8407955,
                        "trip_route_id": 52529174,
                        "type": "S_CHAIR",
                        "vat_amount": 0,
                        "vat_percent": 0
                    }
                ],
                "train_model": "751",
                "travel_time": "00h 26m",
                "trip_number": "LALMONI EXPRESS (751)"
            }
        ]
    },
    "extra": {
        "hash": "2913D4E613EE77BA81FCAB988D4D7E11"
    }
}