{
    "data": {
        "recommendations": [
            {
                "destination": "Parbatipur",
                "origin": "Parbatipur"
            },
            {
                "destination": "Badarganj",
                "origin": "Badarganj"
            }
        ],
        "selected_seat_class": "S_CHAIR",
        "trains": [
            {
                "arrival_date_time": "21 Mar, 09:25 am",
                "boarding_points": [
                    {
                        "location_date": "21 Mar 2025",
                        "location_id": 2732,
                        "location_name": "Badarganj Station",
                        "location_time": "08:54 AM",
                        "trip_point_id": 107732103
                    }
                ],
                "departure_date_time": "21 Mar, 08:54 am",
                "departure_date_time_jd": "Fri, 21 Mar 2025, 08:54 AM",
                "departure_full_date": "2025-03-21",
                "destination_city_name": "parbatipur",
                "is_eid_trip": 0,
                "is_from_city_international": false,
                "is_international": 0,
                "is_open_for_all": true,
                "origin_city_name": "badarganj",
                "parent_route": {
                    "arrival_date": "2025-03-21",
                    "arrival_time": "17:05:00",
                    "departure_date": "2025-03-21",
                    "departure_time": "07:10:00",
                    "destination_city_name": "dhaka",
                    "origin_city_name": "kurigram"
                },
                "seat_types": [
                    {
                        "destination_city_seq": 5,
                        "fare": "110.00",
                        "key": 2,
                        "origin_city_seq": 4,
                        "route_id": 19735,
                        "seat_counts": {
                            "is_divided": true,
                            "offline": 0,
                            "online": 0
                        },
                        "trip_id": 8408655,
                        "trip_route_id": 52549467,
                        "type": "AC_S",
                        "vat_amount": 17,
                        "vat_percent": 15
                    },
                    {
                        "destination_city_seq": 5,
                        "fare": "100.00",
                        "key": 3,
                        "origin_city_seq": 4,
                        "route_id": 19735,
                        "seat_counts": {
                            "is_divided": true,
                            "offline": 0,
                            "online": 0
                        },
                        "trip_id": 8408659,
                        "trip_route_id": 52549590,
                        "type": "SNIGDHA",
                        "vat_amount": 15,
                        "vat_percent": 15
                    },
                    {
                        "destination_city_seq": 5,
                        "fare": "50.00",
                        "key": 7,
                        "origin_city_seq": 4,
                        "route_id": 19735,
                        "seat_counts": {
                            "is_divided": true,
                            "offline": 0,
                            "online": 0
                        },
                        "trip_id": 8408661,
                        "trip_route_id": 52549650,
                        "type": "S_CHAIR",
                        "vat_amount": 0,
                        "vat_percent": 0
                    }
                ],
                "train_model": "798",
                "travel_time": "00h 31m",
                "trip_number": "KURIGRAM EXPRESS (798)"
            }
        ]
    },
    "extra": {
        "hash": "2913D4E613EE77BA81FCAB988D4D7E11"
    }
}