{
    "data": {
        "recommendations": [],
        "selected_seat_class": "S_CHAIR",
        "trains": [
            {
                "arrival_date_time": "21 Mar, 01:40 pm",
                "boarding_points": [
                    {
                        "location_date": "21 Mar 2025",
                        "location_id": 2864,
                        "location_name": "Bajitpur Station",
                        "location_time": "01:06 PM",
                        "trip_point_id": 107729177
                    }
                ],
                "departure_date_time": "21 Mar, 01:06 pm",
                "departure_date_time_jd": "Fri, 21 Mar 2025, 01:06 PM",
                "departure_full_date": "2025-03-21",
                "destination_city_name": "gachihata",
                "is_eid_trip": 0,
                "is_from_city_international": false,
                "is_international": 0,
                "is_open_for_all": true,
                "origin_city_name": "bajitpur",
                "parent_route": {
                    "arrival_date": "2025-03-21",
                    "arrival_time": "14:10:00",
                    "departure_date": "2025-03-21",
                    "departure_time": "10:30:00",
                    "destination_city_name": "kishorganj",
                    "origin_city_name": "dhaka"
                },
                "seat_types": [
                    {
                        "destination_city_seq": 10,
                        "fare": "50.00",
                        "key": 7,
                        "origin_city_seq": 7,
                        "route_id": 23345,
                        "seat_counts": {
                            "is_divided": true,
                            "offline": 2,
                            "online": 3
                        },
                        "trip_id": 8408465,
                        "trip_route_id": 52545514,
                        "type": "S_CHAIR",
                        "vat_amount": 0,
                        "vat_percent": 0
                    }
                ],
                "train_model": "781",
                "travel_time": "00h 34m",
                "trip_number": "KISHORGANJ EXPRESS (781)"
            }
        ]
    },
    "extra": {
        "hash": "2913D4E613EE77BA81FCAB988D4D7E11"
    }
}