{
    "data": {
        "recommendations": [],
        "selected_seat_class": "S_CHAIR",
        "trains": [
            {
                "arrival_date_time": "22 Mar, 06:00 am",
                "boarding_points": [
                    {
                        "location_date": "21 Mar 2025",
                        "location_id": 2717,
                        "location_name": "Bamondanga Station",
                        "location_time": "09:18 PM",
                        "trip_point_id": 107730664
                    }
                ],
                "departure_date_time": "21 Mar, 09:18 pm",
                "departure_date_time_jd": "Fri, 21 Mar 2025, 09:18 PM",
                "departure_full_date": "2025-03-21",
                "destination_city_name": "dhaka",
                "is_eid_trip": 0,
                "is_from_city_international": false,
                "is_international": 0,
                "is_open_for_all": true,
                "origin_city_name": "bamondanga",
                "parent_route": {
                    "arrival_date": "2025-03-22",
                    "arrival_time": "06:00:00",
                    "departure_date": "2025-03-21",
                    "departure_time": "20:00:00",
                    "destination_city_name": "dhaka",
                    "origin_city_name": "rangpur"
                },
                "seat_types": [
                    {
                        "destination_city_seq": 14,
                        "fare": "1040.00",
                        "key": 3,
                        "origin_city_seq": 5,
                        "route_id": 19490,
                        "seat_counts": {
                            "is_divided": true,
                            "offline": 2,
                            "online": 2
                        },
                        "trip_id": 8408593,
                        "trip_route_id": 52547142,
                        "type": "SNIGDHA",
                        "vat_amount": 156,
                        "vat_percent": 15
                    },
                    {
                        "destination_city_seq": 14,
                        "fare": "625.00",
                        "key": 7,
                        "origin_city_seq": 5,
                        "route_id": 19490,
                        "seat_counts": {
                            "is_divided": true,
                            "offline": 15,
                            "online": 15
                        },
                        "trip_id": 8408599,
                        "trip_route_id": 52547327,
                        "type": "S_CHAIR",
                        "vat_amount": 0,
                        "vat_percent": 0
                    },
                    {
                        "destination_city_seq": 14,
                        "fare": "1870.00",
                        "key": 1,
                        "origin_city_seq": 5,
                        "route_id": 19490,
                        "seat_counts": {
                            "is_divided": true,
                            "offline": 0,
                            "online": 0
                        },
                        "trip_id": 8408775,
                        "trip_route_id": 52557870,
                        "type": "AC_B",
                        "vat_amount": 281,
                        "vat_percent": 15
                    }
                ],
                "train_model": "772",
                "travel_time": "08h 42m",
                "trip_number": "RANGPUR EXPRESS (772)"
            }
        ]
    },
    "extra": {
        "hash": "2913D4E613EE77BA81FCAB988D4D7E11"
    }
}