{
    "data": {
        "recommendations": [],
        "selected_seat_class": "S_CHAIR",
        "trains": [
            {
                "arrival_date_time": "21 Mar, 07:20 am",
                "boarding_points": [
                    {
                        "location_date": "21 Mar 2025",
                        "location_id": 2717,
                        "location_name": "Bamondanga Station",
                        "location_time": "06:11 AM",
                        "trip_point_id": 107718764
                    }
                ],
                "departure_date_time": "21 Mar, 06:11 am",
                "departure_date_time_jd": "Fri, 21 Mar 2025, 06:11 AM",
                "departure_full_date": "2025-03-21",
                "destination_city_name": "lalmonirhat",
                "is_eid_trip": 0,
                "is_from_city_international": false,
                "is_international": 0,
                "is_open_for_all": true,
                "origin_city_name": "bamondanga",
                "parent_route": {
                    "arrival_date": "2025-03-21",
                    "arrival_time": "07:20:00",
                    "departure_date": "2025-03-20",
                    "departure_time": "21:45:00",
                    "destination_city_name": "lalmonirhat",
                    "origin_city_name": "dhaka"
                },
                "seat_types": [
                    {
                        "destination_city_seq": 20,
                        "fare": "165.00",
                        "key": 1,
                        "origin_city_seq": 16,
                        "route_id": 19648,
                        "seat_counts": {
                            "is_divided": true,
                            "offline": 0,
                            "online": 0
                        },
                        "trip_id": 8407953,
                        "trip_route_id": 52529083,
                        "type": "AC_B",
                        "vat_amount": 25,
                        "vat_percent": 15
                    },
                    {
                        "destination_city_seq": 20,
                        "fare": "100.00",
                        "key": 3,
                        "origin_city_seq": 16,
                        "route_id": 19648,
                        "seat_counts": {
                            "is_divided": true,
                            "offline": 0,
                            "online": 0
                        },
                        "trip_id": 8407954,
                        "trip_route_id": 52529118,
                        "type": "SNIGDHA",
                        "vat_amount": 15,
                        "vat_percent": 15
                    },
                    {
                        "destination_city_seq": 20,
                        "fare": "55.00",
                        "key": 7,
                        "origin_city_seq": 16,
                        "route_id": 19648,
                        "seat_counts": {
                            "is_divided": true,
                            "offline": 10,
                            "online": 10
                        },
                        "trip_id": 8407955,
                        "trip_route_id": 52529171,
                        "type": "S_CHAIR",
                        "vat_amount": 0,
                        "vat_percent": 0
                    }
                ],
                "train_model": "751",
                "travel_time": "01h 09m",
                "trip_number": "LALMONI EXPRESS (751)"
            },
            {
                "arrival_date_time": "21 Mar, 01:40 pm",
                "boarding_points": [
                    {
                        "location_date": "21 Mar 2025",
                        "location_id": 2717,
                        "location_name": "Bamondanga Station",
                        "location_time": "12:35 PM",
                        "trip_point_id": 107735430
                    }
                ],
                "departure_date_time": "21 Mar, 12:35 pm",
                "departure_date_time_jd": "Fri, 21 Mar 2025, 12:35 PM",
                "departure_full_date": "2025-03-21",
                "destination_city_name": "lalmonirhat",
                "is_eid_trip": 0,
                "is_from_city_international": false,
                "is_international": 0,
                "is_open_for_all": true,
                "origin_city_name": "bamondanga",
                "parent_route": {
                    "arrival_date": "2025-03-21",
                    "arrival_time": "16:00:00",
                    "departure_date": "2025-03-21",
                    "departure_time": "09:25:00",
                    "destination_city_name": "burimari",
                    "origin_city_name": "santahar"
                },
                "seat_types": [
                    {
                        "destination_city_seq": 11,
                        "fare": "55.00",
                        "key": 7,
                        "origin_city_seq": 7,
                        "route_id": 21162,
                        "seat_counts": {
                            "is_divided": true,
                            "offline": 5,
                            "online": 5
                        },
                        "trip_id": 8408757,
                        "trip_route_id": 52556664,
                        "type": "S_CHAIR",
                        "vat_amount": 0,
                        "vat_percent": 0
                    }
                ],
                "train_model": "713",
                "travel_time": "01h 05m",
                "trip_number": "KOROTOA EXPRESS (713)"
            }
        ]
    },
    "extra": {
        "hash": "2913D4E613EE77BA81FCAB988D4D7E11"
    }
}