{
    "data": {
        "recommendations": [],
        "selected_seat_class": "S_CHAIR",
        "trains": [
            {
                "arrival_date_time": "22 Mar, 05:35 am",
                "boarding_points": [
                    {
                        "location_date": "21 Mar 2025",
                        "location_id": 2863,
                        "location_name": "Baramchal Station",
                        "location_time": "11:00 PM",
                        "trip_point_id": 107727112
                    }
                ],
                "departure_date_time": "21 Mar, 11:00 pm",
                "departure_date_time_jd": "Fri, 21 Mar 2025, 11:00 PM",
                "departure_full_date": "2025-03-21",
                "destination_city_name": "chattogram",
                "is_eid_trip": 0,
                "is_from_city_international": false,
                "is_international": 0,
                "is_open_for_all": true,
                "origin_city_name": "baramchal",
                "parent_route": {
                    "arrival_date": "2025-03-22",
                    "arrival_time": "05:35:00",
                    "departure_date": "2025-03-21",
                    "departure_time": "22:00:00",
                    "destination_city_name": "chattogram",
                    "origin_city_name": "sylhet"
                },
                "seat_types": [
                    {
                        "destination_city_seq": 12,
                        "fare": "405.00",
                        "key": 7,
                        "origin_city_seq": 3,
                        "route_id": 22585,
                        "seat_counts": {
                            "is_divided": true,
                            "offline": 2,
                            "online": 3
                        },
                        "trip_id": 8408343,
                        "trip_route_id": 52542547,
                        "type": "S_CHAIR",
                        "vat_amount": 0,
                        "vat_percent": 0
                    }
                ],
                "train_model": "724",
                "travel_time": "06h 35m",
                "trip_number": "UDAYAN EXPRESS (724)"
            }
        ]
    },
    "extra": {
        "hash": "2913D4E613EE77BA81FCAB988D4D7E11"
    }
}