{
    "data": {
        "recommendations": [],
        "selected_seat_class": "S_CHAIR",
        "trains": [
            {
                "arrival_date_time": "21 Mar, 05:40 am",
                "boarding_points": [
                    {
                        "location_date": "21 Mar 2025",
                        "location_id": 2863,
                        "location_name": "Baramchal Station",
                        "location_time": "12:30 AM",
                        "trip_point_id": 107716851
                    }
                ],
                "departure_date_time": "21 Mar, 12:30 am",
                "departure_date_time_jd": "Fri, 21 Mar 2025, 12:30 AM",
                "departure_full_date": "2025-03-21",
                "destination_city_name": "dhaka",
                "is_eid_trip": 0,
                "is_from_city_international": false,
                "is_international": 0,
                "is_open_for_all": true,
                "origin_city_name": "baramchal",
                "parent_route": {
                    "arrival_date": "2025-03-21",
                    "arrival_time": "05:40:00",
                    "departure_date": "2025-03-20",
                    "departure_time": "23:30:00",
                    "destination_city_name": "dhaka",
                    "origin_city_name": "sylhet"
                },
                "seat_types": [
                    {
                        "destination_city_seq": 11,
                        "fare": "330.00",
                        "key": 7,
                        "origin_city_seq": 3,
                        "route_id": 22801,
                        "seat_counts": {
                            "is_divided": true,
                            "offline": 2,
                            "online": 3
                        },
                        "trip_id": 8407823,
                        "trip_route_id": 52526409,
                        "type": "S_CHAIR",
                        "vat_amount": 0,
                        "vat_percent": 0
                    }
                ],
                "train_model": "740",
                "travel_time": "05h 10m",
                "trip_number": "UPABAN EXPRESS (740)"
            }
        ]
    },
    "extra": {
        "hash": "2913D4E613EE77BA81FCAB988D4D7E11"
    }
}