{
    "data": {
        "recommendations": [],
        "selected_seat_class": "S_CHAIR",
        "trains": [
            {
                "arrival_date_time": "21 Mar, 10:40 pm",
                "boarding_points": [
                    {
                        "location_date": "21 Mar 2025",
                        "location_id": 2783,
                        "location_name": "Barkhata Station",
                        "location_time": "05:04 PM",
                        "trip_point_id": 107735565
                    }
                ],
                "departure_date_time": "21 Mar, 05:04 pm",
                "departure_date_time_jd": "Fri, 21 Mar 2025, 05:04 PM",
                "departure_full_date": "2025-03-21",
                "destination_city_name": "santahar",
                "is_eid_trip": 0,
                "is_from_city_international": false,
                "is_international": 0,
                "is_open_for_all": true,
                "origin_city_name": "barkhata",
                "parent_route": {
                    "arrival_date": "2025-03-21",
                    "arrival_time": "22:40:00",
                    "departure_date": "2025-03-21",
                    "departure_time": "16:20:00",
                    "destination_city_name": "santahar",
                    "origin_city_name": "burimari"
                },
                "seat_types": [
                    {
                        "destination_city_seq": 18,
                        "fare": "270.00",
                        "key": 7,
                        "origin_city_seq": 3,
                        "route_id": 21220,
                        "seat_counts": {
                            "is_divided": true,
                            "offline": 2,
                            "online": 3
                        },
                        "trip_id": 8408761,
                        "trip_route_id": 52557066,
                        "type": "S_CHAIR",
                        "vat_amount": 0,
                        "vat_percent": 0
                    }
                ],
                "train_model": "714",
                "travel_time": "05h 36m",
                "trip_number": "KOROTOA EXPRESS (714)"
            }
        ]
    },
    "extra": {
        "hash": "2913D4E613EE77BA81FCAB988D4D7E11"
    }
}