{
    "data": {
        "recommendations": [],
        "selected_seat_class": "S_CHAIR",
        "trains": [
            {
                "arrival_date_time": "22 Mar, 08:50 am",
                "boarding_points": [
                    {
                        "location_date": "21 Mar 2025",
                        "location_id": 2783,
                        "location_name": "Barkhata Station",
                        "location_time": "08:20 PM",
                        "trip_point_id": 107739001
                    }
                ],
                "departure_date_time": "21 Mar, 08:20 pm",
                "departure_date_time_jd": "Fri, 21 Mar 2025, 08:20 PM",
                "departure_full_date": "2025-03-21",
                "destination_city_name": "dhaka",
                "is_eid_trip": 0,
                "is_from_city_international": false,
                "is_international": 0,
                "is_open_for_all": true,
                "origin_city_name": "barkhata",
                "parent_route": {
                    "arrival_date": "2025-03-22",
                    "arrival_time": "08:50:00",
                    "departure_date": "2025-03-21",
                    "departure_time": "23:20:00",
                    "destination_city_name": "dhaka",
                    "origin_city_name": "lalmonirhat"
                },
                "seat_types": [
                    {
                        "destination_city_seq": 14,
                        "fare": "740.00",
                        "key": 7,
                        "origin_city_seq": 4,
                        "route_id": 27165,
                        "seat_counts": {
                            "is_divided": true,
                            "offline": 10,
                            "online": 10
                        },
                        "trip_id": 8408901,
                        "trip_route_id": 52563344,
                        "type": "S_CHAIR",
                        "vat_amount": 0,
                        "vat_percent": 0
                    }
                ],
                "train_model": "810",
                "travel_time": "12h 30m",
                "trip_number": "BURIMARI EXPRESS (810)"
            }
        ]
    },
    "extra": {
        "hash": "2913D4E613EE77BA81FCAB988D4D7E11"
    }
}