{
    "data": {
        "recommendations": [],
        "selected_seat_class": "S_CHAIR",
        "trains": [
            {
                "arrival_date_time": "21 Mar, 05:30 pm",
                "boarding_points": [
                    {
                        "location_date": "21 Mar 2025",
                        "location_id": 2784,
                        "location_name": "Benapole Station",
                        "location_time": "12:25 PM",
                        "trip_point_id": 107735269
                    }
                ],
                "departure_date_time": "21 Mar, 12:25 pm",
                "departure_date_time_jd": "Fri, 21 Mar 2025, 12:25 PM",
                "departure_full_date": "2025-03-21",
                "destination_city_name": "rajbari",
                "is_eid_trip": 0,
                "is_from_city_international": false,
                "is_international": 0,
                "is_open_for_all": true,
                "origin_city_name": "benapole",
                "parent_route": {
                    "arrival_date": "2025-03-21",
                    "arrival_time": "20:30:00",
                    "departure_date": "2025-03-21",
                    "departure_time": "12:25:00",
                    "destination_city_name": "dhaka",
                    "origin_city_name": "benapole"
                },
                "seat_types": [
                    {
                        "destination_city_seq": 11,
                        "fare": "260.00",
                        "key": 7,
                        "origin_city_seq": 1,
                        "route_id": 25319,
                        "seat_counts": {
                            "is_divided": true,
                            "offline": 5,
                            "online": 5
                        },
                        "trip_id": 8408751,
                        "trip_route_id": 52556310,
                        "type": "S_CHAIR",
                        "vat_amount": 0,
                        "vat_percent": 0
                    },
                    {
                        "destination_city_seq": 11,
                        "fare": "435.00",
                        "key": 3,
                        "origin_city_seq": 1,
                        "route_id": 25319,
                        "seat_counts": {
                            "is_divided": true,
                            "offline": 2,
                            "online": 3
                        },
                        "trip_id": 8408789,
                        "trip_route_id": 52558559,
                        "type": "SNIGDHA",
                        "vat_amount": 66,
                        "vat_percent": 15
                    }
                ],
                "train_model": "795",
                "travel_time": "05h 05m",
                "trip_number": "BENAPOLE EXPRESS (795)"
            }
        ]
    },
    "extra": {
        "hash": "2913D4E613EE77BA81FCAB988D4D7E11"
    }
}