{
    "data": {
        "recommendations": [],
        "selected_seat_class": "S_CHAIR",
        "trains": [
            {
                "arrival_date_time": "21 Mar, 05:08 pm",
                "boarding_points": [
                    {
                        "location_date": "21 Mar 2025",
                        "location_id": 2784,
                        "location_name": "Benapole Station",
                        "location_time": "03:25 PM",
                        "trip_point_id": 107739170
                    }
                ],
                "departure_date_time": "21 Mar, 03:25 pm",
                "departure_date_time_jd": "Fri, 21 Mar 2025, 03:25 PM",
                "departure_full_date": "2025-03-21",
                "destination_city_name": "kashiani",
                "is_eid_trip": 0,
                "is_from_city_international": false,
                "is_international": 0,
                "is_open_for_all": true,
                "origin_city_name": "benapole",
                "parent_route": {
                    "arrival_date": "2025-03-21",
                    "arrival_time": "19:00:00",
                    "departure_date": "2025-03-21",
                    "departure_time": "15:25:00",
                    "destination_city_name": "dhaka",
                    "origin_city_name": "benapole"
                },
                "seat_types": [
                    {
                        "destination_city_seq": 4,
                        "fare": "150.00",
                        "key": 7,
                        "origin_city_seq": 1,
                        "route_id": 26971,
                        "seat_counts": {
                            "is_divided": true,
                            "offline": 5,
                            "online": 5
                        },
                        "trip_id": 8408915,
                        "trip_route_id": 52563527,
                        "type": "S_CHAIR",
                        "vat_amount": 0,
                        "vat_percent": 0
                    },
                    {
                        "destination_city_seq": 4,
                        "fare": "250.00",
                        "key": 3,
                        "origin_city_seq": 1,
                        "route_id": 26971,
                        "seat_counts": {
                            "is_divided": true,
                            "offline": 10,
                            "online": 10
                        },
                        "trip_id": 8408917,
                        "trip_route_id": 52563554,
                        "type": "SNIGDHA",
                        "vat_amount": 38,
                        "vat_percent": 15
                    },
                    {
                        "destination_city_seq": 4,
                        "fare": "300.00",
                        "key": 2,
                        "origin_city_seq": 1,
                        "route_id": 26971,
                        "seat_counts": {
                            "is_divided": true,
                            "offline": 2,
                            "online": 2
                        },
                        "trip_id": 8408919,
                        "trip_route_id": 52563572,
                        "type": "AC_S",
                        "vat_amount": 45,
                        "vat_percent": 15
                    }
                ],
                "train_model": "827",
                "travel_time": "01h 43m",
                "trip_number": "RUPOSHI BANGLA EXPRESS (827)"
            }
        ]
    },
    "extra": {
        "hash": "2913D4E613EE77BA81FCAB988D4D7E11"
    }
}