{
    "data": {
        "recommendations": [],
        "selected_seat_class": "S_CHAIR",
        "trains": [
            {
                "arrival_date_time": "21 Mar, 05:10 am",
                "boarding_points": [
                    {
                        "location_date": "21 Mar 2025",
                        "location_id": 2829,
                        "location_name": "Bhairab_Bazar Station",
                        "location_time": "03:33 AM",
                        "trip_point_id": 107716894
                    }
                ],
                "departure_date_time": "21 Mar, 03:33 am",
                "departure_date_time_jd": "Fri, 21 Mar 2025, 03:33 AM",
                "departure_full_date": "2025-03-21",
                "destination_city_name": "dhaka",
                "is_eid_trip": 0,
                "is_from_city_international": false,
                "is_international": 0,
                "is_open_for_all": true,
                "origin_city_name": "bhairab_bazar",
                "parent_route": {
                    "arrival_date": "2025-03-21",
                    "arrival_time": "05:10:00",
                    "departure_date": "2025-03-20",
                    "departure_time": "23:30:00",
                    "destination_city_name": "dhaka",
                    "origin_city_name": "chattogram"
                },
                "seat_types": [
                    {
                        "destination_city_seq": 8,
                        "fare": "105.00",
                        "key": 7,
                        "origin_city_seq": 7,
                        "route_id": 22826,
                        "seat_counts": {
                            "is_divided": true,
                            "offline": 0,
                            "online": 0
                        },
                        "trip_id": 8407826,
                        "trip_route_id": 52526465,
                        "type": "S_CHAIR",
                        "vat_amount": 0,
                        "vat_percent": 0
                    },
                    {
                        "destination_city_seq": 8,
                        "fare": "205.00",
                        "key": 4,
                        "origin_city_seq": 7,
                        "route_id": 22826,
                        "seat_counts": {
                            "is_divided": true,
                            "offline": 0,
                            "online": 0
                        },
                        "trip_id": 8407827,
                        "trip_route_id": 52526478,
                        "type": "F_BERTH",
                        "vat_amount": 31,
                        "vat_percent": 15
                    },
                    {
                        "destination_city_seq": 8,
                        "fare": "305.00",
                        "key": 1,
                        "origin_city_seq": 7,
                        "route_id": 22826,
                        "seat_counts": {
                            "is_divided": true,
                            "offline": 0,
                            "online": 0
                        },
                        "trip_id": 8407828,
                        "trip_route_id": 52526491,
                        "type": "AC_B",
                        "vat_amount": 46,
                        "vat_percent": 15
                    },
                    {
                        "destination_city_seq": 8,
                        "fare": "170.00",
                        "key": 3,
                        "origin_city_seq": 7,
                        "route_id": 22826,
                        "seat_counts": {
                            "is_divided": true,
                            "offline": 2,
                            "online": 3
                        },
                        "trip_id": 8407829,
                        "trip_route_id": 52526504,
                        "type": "SNIGDHA",
                        "vat_amount": 26,
                        "vat_percent": 15
                    }
                ],
                "train_model": "741",
                "travel_time": "01h 37m",
                "trip_number": "TURNA (741)"
            },
            {
                "arrival_date_time": "21 Mar, 05:40 am",
                "boarding_points": [
                    {
                        "location_date": "21 Mar 2025",
                        "location_id": 2829,
                        "location_name": "Bhairab_Bazar Station",
                        "location_time": "04:06 AM",
                        "trip_point_id": 107716838
                    }
                ],
                "departure_date_time": "21 Mar, 04:06 am",
                "departure_date_time_jd": "Fri, 21 Mar 2025, 04:06 AM",
                "departure_full_date": "2025-03-21",
                "destination_city_name": "dhaka",
                "is_eid_trip": 0,
                "is_from_city_international": false,
                "is_international": 0,
                "is_open_for_all": true,
                "origin_city_name": "bhairab_bazar",
                "parent_route": {
                    "arrival_date": "2025-03-21",
                    "arrival_time": "05:40:00",
                    "departure_date": "2025-03-20",
                    "departure_time": "23:30:00",
                    "destination_city_name": "dhaka",
                    "origin_city_name": "sylhet"
                },
                "seat_types": [
                    {
                        "destination_city_seq": 11,
                        "fare": "105.00",
                        "key": 7,
                        "origin_city_seq": 9,
                        "route_id": 22813,
                        "seat_counts": {
                            "is_divided": true,
                            "offline": 8,
                            "online": 8
                        },
                        "trip_id": 8407823,
                        "trip_route_id": 52526401,
                        "type": "S_CHAIR",
                        "vat_amount": 0,
                        "vat_percent": 0
                    },
                    {
                        "destination_city_seq": 11,
                        "fare": "305.00",
                        "key": 1,
                        "origin_city_seq": 9,
                        "route_id": 22813,
                        "seat_counts": {
                            "is_divided": true,
                            "offline": 0,
                            "online": 0
                        },
                        "trip_id": 8407824,
                        "trip_route_id": 52526423,
                        "type": "AC_B",
                        "vat_amount": 46,
                        "vat_percent": 15
                    },
                    {
                        "destination_city_seq": 11,
                        "fare": "170.00",
                        "key": 3,
                        "origin_city_seq": 9,
                        "route_id": 22813,
                        "seat_counts": {
                            "is_divided": true,
                            "offline": 0,
                            "online": 0
                        },
                        "trip_id": 8407825,
                        "trip_route_id": 52526445,
                        "type": "SNIGDHA",
                        "vat_amount": 26,
                        "vat_percent": 15
                    }
                ],
                "train_model": "740",
                "travel_time": "01h 34m",
                "trip_number": "UPABAN EXPRESS (740)"
            },
            {
                "arrival_date_time": "21 Mar, 10:35 am",
                "boarding_points": [
                    {
                        "location_date": "21 Mar 2025",
                        "location_id": 2829,
                        "location_name": "Bhairab_Bazar Station",
                        "location_time": "08:20 AM",
                        "trip_point_id": 107727854
                    }
                ],
                "departure_date_time": "21 Mar, 08:20 am",
                "departure_date_time_jd": "Fri, 21 Mar 2025, 08:20 AM",
                "departure_full_date": "2025-03-21",
                "destination_city_name": "dhaka",
                "is_eid_trip": 0,
                "is_from_city_international": false,
                "is_international": 0,
                "is_open_for_all": true,
                "origin_city_name": "bhairab_bazar",
                "parent_route": {
                    "arrival_date": "2025-03-21",
                    "arrival_time": "10:35:00",
                    "departure_date": "2025-03-21",
                    "departure_time": "06:30:00",
                    "destination_city_name": "dhaka",
                    "origin_city_name": "kishorganj"
                },
                "seat_types": [
                    {
                        "destination_city_seq": 11,
                        "fare": "85.00",
                        "key": 8,
                        "origin_city_seq": 7,
                        "route_id": 22756,
                        "seat_counts": {
                            "is_divided": true,
                            "offline": 0,
                            "online": 0
                        },
                        "trip_id": 8408387,
                        "trip_route_id": 52543746,
                        "type": "SHOVAN",
                        "vat_amount": 0,
                        "vat_percent": 0
                    },
                    {
                        "destination_city_seq": 11,
                        "fare": "105.00",
                        "key": 7,
                        "origin_city_seq": 7,
                        "route_id": 22756,
                        "seat_counts": {
                            "is_divided": true,
                            "offline": 0,
                            "online": 0
                        },
                        "trip_id": 8408389,
                        "trip_route_id": 52543800,
                        "type": "S_CHAIR",
                        "vat_amount": 0,
                        "vat_percent": 0
                    },
                    {
                        "destination_city_seq": 11,
                        "fare": "135.00",
                        "key": 6,
                        "origin_city_seq": 7,
                        "route_id": 22756,
                        "seat_counts": {
                            "is_divided": true,
                            "offline": 0,
                            "online": 0
                        },
                        "trip_id": 8408391,
                        "trip_route_id": 52543848,
                        "type": "F_CHAIR",
                        "vat_amount": 21,
                        "vat_percent": 15
                    },
                    {
                        "destination_city_seq": 11,
                        "fare": "135.00",
                        "key": 5,
                        "origin_city_seq": 7,
                        "route_id": 22756,
                        "seat_counts": {
                            "is_divided": true,
                            "offline": 0,
                            "online": 0
                        },
                        "trip_id": 8408393,
                        "trip_route_id": 52543896,
                        "type": "F_SEAT",
                        "vat_amount": 21,
                        "vat_percent": 15
                    }
                ],
                "train_model": "738",
                "travel_time": "02h 15m",
                "trip_number": "EGAROSINDHUR PROVATI (738)"
            },
            {
                "arrival_date_time": "21 Mar, 04:45 pm",
                "boarding_points": [
                    {
                        "location_date": "21 Mar 2025",
                        "location_id": 2829,
                        "location_name": "Bhairab_Bazar Station",
                        "location_time": "03:00 PM",
                        "trip_point_id": 107729002
                    }
                ],
                "departure_date_time": "21 Mar, 03:00 pm",
                "departure_date_time_jd": "Fri, 21 Mar 2025, 03:00 PM",
                "departure_full_date": "2025-03-21",
                "destination_city_name": "dhaka",
                "is_eid_trip": 0,
                "is_from_city_international": false,
                "is_international": 0,
                "is_open_for_all": true,
                "origin_city_name": "bhairab_bazar",
                "parent_route": {
                    "arrival_date": "2025-03-21",
                    "arrival_time": "16:45:00",
                    "departure_date": "2025-03-21",
                    "departure_time": "12:50:00",
                    "destination_city_name": "dhaka",
                    "origin_city_name": "kishorganj"
                },
                "seat_types": [
                    {
                        "destination_city_seq": 11,
                        "fare": "135.00",
                        "key": 5,
                        "origin_city_seq": 7,
                        "route_id": 22756,
                        "seat_counts": {
                            "is_divided": true,
                            "offline": 0,
                            "online": 0
                        },
                        "trip_id": 8408455,
                        "trip_route_id": 52545259,
                        "type": "F_SEAT",
                        "vat_amount": 21,
                        "vat_percent": 15
                    },
                    {
                        "destination_city_seq": 11,
                        "fare": "135.00",
                        "key": 6,
                        "origin_city_seq": 7,
                        "route_id": 22756,
                        "seat_counts": {
                            "is_divided": true,
                            "offline": 0,
                            "online": 0
                        },
                        "trip_id": 8408457,
                        "trip_route_id": 52545305,
                        "type": "F_CHAIR",
                        "vat_amount": 21,
                        "vat_percent": 15
                    },
                    {
                        "destination_city_seq": 11,
                        "fare": "105.00",
                        "key": 7,
                        "origin_city_seq": 7,
                        "route_id": 22756,
                        "seat_counts": {
                            "is_divided": true,
                            "offline": 0,
                            "online": 0
                        },
                        "trip_id": 8408459,
                        "trip_route_id": 52545351,
                        "type": "S_CHAIR",
                        "vat_amount": 0,
                        "vat_percent": 0
                    },
                    {
                        "destination_city_seq": 11,
                        "fare": "85.00",
                        "key": 8,
                        "origin_city_seq": 7,
                        "route_id": 22756,
                        "seat_counts": {
                            "is_divided": true,
                            "offline": 17,
                            "online": 17
                        },
                        "trip_id": 8408461,
                        "trip_route_id": 52545397,
                        "type": "SHOVAN",
                        "vat_amount": 0,
                        "vat_percent": 0
                    }
                ],
                "train_model": "750",
                "travel_time": "01h 45m",
                "trip_number": "EGAROSINDHUR GODHULI (750)"
            },
            {
                "arrival_date_time": "21 Mar, 06:40 pm",
                "boarding_points": [
                    {
                        "location_date": "21 Mar 2025",
                        "location_id": 2829,
                        "location_name": "Bhairab_Bazar Station",
                        "location_time": "04:57 PM",
                        "trip_point_id": 107726679
                    }
                ],
                "departure_date_time": "21 Mar, 04:57 pm",
                "departure_date_time_jd": "Fri, 21 Mar 2025, 04:57 PM",
                "departure_full_date": "2025-03-21",
                "destination_city_name": "dhaka",
                "is_eid_trip": 0,
                "is_from_city_international": false,
                "is_international": 0,
                "is_open_for_all": true,
                "origin_city_name": "bhairab_bazar",
                "parent_route": {
                    "arrival_date": "2025-03-21",
                    "arrival_time": "18:40:00",
                    "departure_date": "2025-03-21",
                    "departure_time": "12:30:00",
                    "destination_city_name": "dhaka",
                    "origin_city_name": "chattogram"
                },
                "seat_types": [
                    {
                        "destination_city_seq": 13,
                        "fare": "105.00",
                        "key": 7,
                        "origin_city_seq": 11,
                        "route_id": 22508,
                        "seat_counts": {
                            "is_divided": true,
                            "offline": 12,
                            "online": 12
                        },
                        "trip_id": 8408323,
                        "trip_route_id": 52541920,
                        "type": "S_CHAIR",
                        "vat_amount": 0,
                        "vat_percent": 0
                    },
                    {
                        "destination_city_seq": 13,
                        "fare": "205.00",
                        "key": 2,
                        "origin_city_seq": 11,
                        "route_id": 22508,
                        "seat_counts": {
                            "is_divided": true,
                            "offline": 0,
                            "online": 0
                        },
                        "trip_id": 8408325,
                        "trip_route_id": 52542001,
                        "type": "AC_S",
                        "vat_amount": 31,
                        "vat_percent": 15
                    },
                    {
                        "destination_city_seq": 13,
                        "fare": "170.00",
                        "key": 3,
                        "origin_city_seq": 11,
                        "route_id": 22508,
                        "seat_counts": {
                            "is_divided": true,
                            "offline": 0,
                            "online": 0
                        },
                        "trip_id": 8408327,
                        "trip_route_id": 52542082,
                        "type": "SNIGDHA",
                        "vat_amount": 26,
                        "vat_percent": 15
                    }
                ],
                "train_model": "721",
                "travel_time": "01h 43m",
                "trip_number": "MOHANAGAR EXPRESS (721)"
            },
            {
                "arrival_date_time": "21 Mar, 08:00 pm",
                "boarding_points": [
                    {
                        "location_date": "21 Mar 2025",
                        "location_id": 2829,
                        "location_name": "Bhairab_Bazar Station",
                        "location_time": "05:48 PM",
                        "trip_point_id": 107729252
                    }
                ],
                "departure_date_time": "21 Mar, 05:48 pm",
                "departure_date_time_jd": "Fri, 21 Mar 2025, 05:48 PM",
                "departure_full_date": "2025-03-21",
                "destination_city_name": "dhaka",
                "is_eid_trip": 0,
                "is_from_city_international": false,
                "is_international": 0,
                "is_open_for_all": true,
                "origin_city_name": "bhairab_bazar",
                "parent_route": {
                    "arrival_date": "2025-03-21",
                    "arrival_time": "20:00:00",
                    "departure_date": "2025-03-21",
                    "departure_time": "16:00:00",
                    "destination_city_name": "dhaka",
                    "origin_city_name": "kishorganj"
                },
                "seat_types": [
                    {
                        "destination_city_seq": 11,
                        "fare": "170.00",
                        "key": 3,
                        "origin_city_seq": 7,
                        "route_id": 22756,
                        "seat_counts": {
                            "is_divided": true,
                            "offline": 0,
                            "online": 0
                        },
                        "trip_id": 8408469,
                        "trip_route_id": 52545626,
                        "type": "SNIGDHA",
                        "vat_amount": 26,
                        "vat_percent": 15
                    },
                    {
                        "destination_city_seq": 11,
                        "fare": "205.00",
                        "key": 2,
                        "origin_city_seq": 7,
                        "route_id": 22756,
                        "seat_counts": {
                            "is_divided": true,
                            "offline": 0,
                            "online": 0
                        },
                        "trip_id": 8408471,
                        "trip_route_id": 52545675,
                        "type": "AC_S",
                        "vat_amount": 31,
                        "vat_percent": 15
                    },
                    {
                        "destination_city_seq": 11,
                        "fare": "105.00",
                        "key": 7,
                        "origin_city_seq": 7,
                        "route_id": 22756,
                        "seat_counts": {
                            "is_divided": true,
                            "offline": 17,
                            "online": 17
                        },
                        "trip_id": 8408473,
                        "trip_route_id": 52545722,
                        "type": "S_CHAIR",
                        "vat_amount": 0,
                        "vat_percent": 0
                    }
                ],
                "train_model": "782",
                "travel_time": "02h 12m",
                "trip_number": "KISHORGANJ EXPRESS (782)"
            },
            {
                "arrival_date_time": "21 Mar, 08:45 pm",
                "boarding_points": [
                    {
                        "location_date": "21 Mar 2025",
                        "location_id": 2829,
                        "location_name": "Bhairab_Bazar Station",
                        "location_time": "07:08 PM",
                        "trip_point_id": 107724929
                    }
                ],
                "departure_date_time": "21 Mar, 07:08 pm",
                "departure_date_time_jd": "Fri, 21 Mar 2025, 07:08 PM",
                "departure_full_date": "2025-03-21",
                "destination_city_name": "dhaka",
                "is_eid_trip": 0,
                "is_from_city_international": false,
                "is_international": 0,
                "is_open_for_all": true,
                "origin_city_name": "bhairab_bazar",
                "parent_route": {
                    "arrival_date": "2025-03-21",
                    "arrival_time": "20:45:00",
                    "departure_date": "2025-03-21",
                    "departure_time": "15:00:00",
                    "destination_city_name": "dhaka",
                    "origin_city_name": "chattogram"
                },
                "seat_types": [
                    {
                        "destination_city_seq": 9,
                        "fare": "170.00",
                        "key": 3,
                        "origin_city_seq": 8,
                        "route_id": 22037,
                        "seat_counts": {
                            "is_divided": true,
                            "offline": 0,
                            "online": 0
                        },
                        "trip_id": 8408243,
                        "trip_route_id": 52539086,
                        "type": "SNIGDHA",
                        "vat_amount": 26,
                        "vat_percent": 15
                    },
                    {
                        "destination_city_seq": 9,
                        "fare": "105.00",
                        "key": 7,
                        "origin_city_seq": 8,
                        "route_id": 22037,
                        "seat_counts": {
                            "is_divided": true,
                            "offline": 19,
                            "online": 19
                        },
                        "trip_id": 8408245,
                        "trip_route_id": 52539129,
                        "type": "S_CHAIR",
                        "vat_amount": 0,
                        "vat_percent": 0
                    },
                    {
                        "destination_city_seq": 9,
                        "fare": "205.00",
                        "key": 2,
                        "origin_city_seq": 8,
                        "route_id": 22037,
                        "seat_counts": {
                            "is_divided": true,
                            "offline": 0,
                            "online": 0
                        },
                        "trip_id": 8408249,
                        "trip_route_id": 52539212,
                        "type": "AC_S",
                        "vat_amount": 31,
                        "vat_percent": 15
                    }
                ],
                "train_model": "703",
                "travel_time": "01h 37m",
                "trip_number": "MAHANAGAR GODHULI (703)"
            },
            {
                "arrival_date_time": "21 Mar, 10:40 pm",
                "boarding_points": [
                    {
                        "location_date": "21 Mar 2025",
                        "location_id": 2829,
                        "location_name": "Bhairab_Bazar Station",
                        "location_time": "08:58 PM",
                        "trip_point_id": 107725629
                    }
                ],
                "departure_date_time": "21 Mar, 08:58 pm",
                "departure_date_time_jd": "Fri, 21 Mar 2025, 08:58 PM",
                "departure_full_date": "2025-03-21",
                "destination_city_name": "dhaka",
                "is_eid_trip": 0,
                "is_from_city_international": false,
                "is_international": 0,
                "is_open_for_all": true,
                "origin_city_name": "bhairab_bazar",
                "parent_route": {
                    "arrival_date": "2025-03-21",
                    "arrival_time": "22:40:00",
                    "departure_date": "2025-03-21",
                    "departure_time": "16:00:00",
                    "destination_city_name": "dhaka",
                    "origin_city_name": "sylhet"
                },
                "seat_types": [
                    {
                        "destination_city_seq": 12,
                        "fare": "170.00",
                        "key": 3,
                        "origin_city_seq": 10,
                        "route_id": 22189,
                        "seat_counts": {
                            "is_divided": true,
                            "offline": 0,
                            "online": 0
                        },
                        "trip_id": 8408283,
                        "trip_route_id": 52540188,
                        "type": "SNIGDHA",
                        "vat_amount": 26,
                        "vat_percent": 15
                    },
                    {
                        "destination_city_seq": 12,
                        "fare": "105.00",
                        "key": 7,
                        "origin_city_seq": 10,
                        "route_id": 22189,
                        "seat_counts": {
                            "is_divided": true,
                            "offline": 2,
                            "online": 3
                        },
                        "trip_id": 8408285,
                        "trip_route_id": 52540268,
                        "type": "S_CHAIR",
                        "vat_amount": 0,
                        "vat_percent": 0
                    },
                    {
                        "destination_city_seq": 12,
                        "fare": "135.00",
                        "key": 5,
                        "origin_city_seq": 10,
                        "route_id": 22189,
                        "seat_counts": {
                            "is_divided": true,
                            "offline": 0,
                            "online": 0
                        },
                        "trip_id": 8408287,
                        "trip_route_id": 52540354,
                        "type": "F_SEAT",
                        "vat_amount": 21,
                        "vat_percent": 15
                    },
                    {
                        "destination_city_seq": 12,
                        "fare": "205.00",
                        "key": 2,
                        "origin_city_seq": 10,
                        "route_id": 22189,
                        "seat_counts": {
                            "is_divided": true,
                            "offline": 0,
                            "online": 0
                        },
                        "trip_id": 8408289,
                        "trip_route_id": 52540426,
                        "type": "AC_S",
                        "vat_amount": 31,
                        "vat_percent": 15
                    }
                ],
                "train_model": "710",
                "travel_time": "01h 42m",
                "trip_number": "PARABAT EXPRESS (710)"
            }
        ]
    },
    "extra": {
        "hash": "2913D4E613EE77BA81FCAB988D4D7E11"
    }
}