{
    "data": {
        "recommendations": [],
        "selected_seat_class": "S_CHAIR",
        "trains": [
            {
                "arrival_date_time": "21 Mar, 08:38 am",
                "boarding_points": [
                    {
                        "location_date": "21 Mar 2025",
                        "location_id": 2829,
                        "location_name": "Bhairab_Bazar Station",
                        "location_time": "08:20 AM",
                        "trip_point_id": 107727854
                    }
                ],
                "departure_date_time": "21 Mar, 08:20 am",
                "departure_date_time_jd": "Fri, 21 Mar 2025, 08:20 AM",
                "departure_full_date": "2025-03-21",
                "destination_city_name": "methikanda",
                "is_eid_trip": 0,
                "is_from_city_international": false,
                "is_international": 0,
                "is_open_for_all": true,
                "origin_city_name": "bhairab_bazar",
                "parent_route": {
                    "arrival_date": "2025-03-21",
                    "arrival_time": "10:35:00",
                    "departure_date": "2025-03-21",
                    "departure_time": "06:30:00",
                    "destination_city_name": "dhaka",
                    "origin_city_name": "kishorganj"
                },
                "seat_types": [
                    {
                        "destination_city_seq": 8,
                        "fare": "45.00",
                        "key": 8,
                        "origin_city_seq": 7,
                        "route_id": 27242,
                        "seat_counts": {
                            "is_divided": true,
                            "offline": 5,
                            "online": 5
                        },
                        "trip_id": 8408387,
                        "trip_route_id": 52543749,
                        "type": "SHOVAN",
                        "vat_amount": 0,
                        "vat_percent": 0
                    }
                ],
                "train_model": "738",
                "travel_time": "00h 18m",
                "trip_number": "EGAROSINDHUR PROVATI (738)"
            }
        ]
    },
    "extra": {
        "hash": "2913D4E613EE77BA81FCAB988D4D7E11"
    }
}