{
    "data": {
        "recommendations": [],
        "selected_seat_class": "S_CHAIR",
        "trains": [
            {
                "arrival_date_time": "21 Mar, 11:35 am",
                "boarding_points": [
                    {
                        "location_date": "21 Mar 2025",
                        "location_id": 2752,
                        "location_name": "Bhanga Station",
                        "location_time": "09:09 AM",
                        "trip_point_id": 107733189
                    }
                ],
                "departure_date_time": "21 Mar, 09:09 am",
                "departure_date_time_jd": "Fri, 21 Mar 2025, 09:09 AM",
                "departure_full_date": "2025-03-21",
                "destination_city_name": "kushtia_court",
                "is_eid_trip": 0,
                "is_from_city_international": false,
                "is_international": 0,
                "is_open_for_all": true,
                "origin_city_name": "bhanga",
                "parent_route": {
                    "arrival_date": "2025-03-21",
                    "arrival_time": "15:40:00",
                    "departure_date": "2025-03-21",
                    "departure_time": "08:00:00",
                    "destination_city_name": "khulna",
                    "origin_city_name": "dhaka"
                },
                "seat_types": [
                    {
                        "destination_city_seq": 6,
                        "fare": "295.00",
                        "key": 2,
                        "origin_city_seq": 2,
                        "route_id": 25221,
                        "seat_counts": {
                            "is_divided": true,
                            "offline": 0,
                            "online": 0
                        },
                        "trip_id": 8408690,
                        "trip_route_id": 52551510,
                        "type": "AC_S",
                        "vat_amount": 45,
                        "vat_percent": 15
                    },
                    {
                        "destination_city_seq": 6,
                        "fare": "150.00",
                        "key": 7,
                        "origin_city_seq": 2,
                        "route_id": 25221,
                        "seat_counts": {
                            "is_divided": true,
                            "offline": 1,
                            "online": 1
                        },
                        "trip_id": 8408692,
                        "trip_route_id": 52551625,
                        "type": "S_CHAIR",
                        "vat_amount": 0,
                        "vat_percent": 0
                    },
                    {
                        "destination_city_seq": 6,
                        "fare": "245.00",
                        "key": 3,
                        "origin_city_seq": 2,
                        "route_id": 25221,
                        "seat_counts": {
                            "is_divided": true,
                            "offline": 0,
                            "online": 1
                        },
                        "trip_id": 8408799,
                        "trip_route_id": 52558967,
                        "type": "SNIGDHA",
                        "vat_amount": 37,
                        "vat_percent": 15
                    }
                ],
                "train_model": "726",
                "travel_time": "02h 26m",
                "trip_number": "SUNDARBAN EXPRESS (726)"
            },
            {
                "arrival_date_time": "21 Mar, 07:22 pm",
                "boarding_points": [
                    {
                        "location_date": "21 Mar 2025",
                        "location_id": 2752,
                        "location_name": "Bhanga Station",
                        "location_time": "04:30 PM",
                        "trip_point_id": 107757674
                    }
                ],
                "departure_date_time": "21 Mar, 04:30 pm",
                "departure_date_time_jd": "Fri, 21 Mar 2025, 04:30 PM",
                "departure_full_date": "2025-03-21",
                "destination_city_name": "kushtia_court",
                "is_eid_trip": 0,
                "is_from_city_international": false,
                "is_international": 0,
                "is_open_for_all": true,
                "origin_city_name": "bhanga",
                "parent_route": {
                    "arrival_date": "2025-03-21",
                    "arrival_time": "22:30:00",
                    "departure_date": "2025-03-21",
                    "departure_time": "15:00:00",
                    "destination_city_name": "rajshahi",
                    "origin_city_name": "dhaka"
                },
                "seat_types": [
                    {
                        "destination_city_seq": 16,
                        "fare": "150.00",
                        "key": 7,
                        "origin_city_seq": 5,
                        "route_id": 25783,
                        "seat_counts": {
                            "is_divided": true,
                            "offline": 2,
                            "online": 3
                        },
                        "trip_id": 8409866,
                        "trip_route_id": 52595750,
                        "type": "S_CHAIR",
                        "vat_amount": 0,
                        "vat_percent": 0
                    }
                ],
                "train_model": "755",
                "travel_time": "02h 52m",
                "trip_number": "MADHUMATI EXPRESS (755)"
            }
        ]
    },
    "extra": {
        "hash": "2913D4E613EE77BA81FCAB988D4D7E11"
    }
}