{
    "data": {
        "recommendations": [],
        "selected_seat_class": "S_CHAIR",
        "trains": [
            {
                "arrival_date_time": "21 Mar, 03:20 am",
                "boarding_points": [
                    {
                        "location_date": "21 Mar 2025",
                        "location_id": 2752,
                        "location_name": "Bhanga Station",
                        "location_time": "12:42 AM",
                        "trip_point_id": 107719830
                    }
                ],
                "departure_date_time": "21 Mar, 12:42 am",
                "departure_date_time_jd": "Fri, 21 Mar 2025, 12:42 AM",
                "departure_full_date": "2025-03-21",
                "destination_city_name": "poradaha",
                "is_eid_trip": 0,
                "is_from_city_international": false,
                "is_international": 0,
                "is_open_for_all": true,
                "origin_city_name": "bhanga",
                "parent_route": {
                    "arrival_date": "2025-03-21",
                    "arrival_time": "07:00:00",
                    "departure_date": "2025-03-20",
                    "departure_time": "23:30:00",
                    "destination_city_name": "benapole",
                    "origin_city_name": "dhaka"
                },
                "seat_types": [
                    {
                        "destination_city_seq": 7,
                        "fare": "160.00",
                        "key": 7,
                        "origin_city_seq": 2,
                        "route_id": 25403,
                        "seat_counts": {
                            "is_divided": true,
                            "offline": 0,
                            "online": 0
                        },
                        "trip_id": 8407987,
                        "trip_route_id": 52531005,
                        "type": "S_CHAIR",
                        "vat_amount": 0,
                        "vat_percent": 0
                    }
                ],
                "train_model": "796",
                "travel_time": "02h 38m",
                "trip_number": "BENAPOLE EXPRESS (796)"
            },
            {
                "arrival_date_time": "21 Mar, 11:50 am",
                "boarding_points": [
                    {
                        "location_date": "21 Mar 2025",
                        "location_id": 2752,
                        "location_name": "Bhanga Station",
                        "location_time": "09:09 AM",
                        "trip_point_id": 107733189
                    }
                ],
                "departure_date_time": "21 Mar, 09:09 am",
                "departure_date_time_jd": "Fri, 21 Mar 2025, 09:09 AM",
                "departure_full_date": "2025-03-21",
                "destination_city_name": "poradaha",
                "is_eid_trip": 0,
                "is_from_city_international": false,
                "is_international": 0,
                "is_open_for_all": true,
                "origin_city_name": "bhanga",
                "parent_route": {
                    "arrival_date": "2025-03-21",
                    "arrival_time": "15:40:00",
                    "departure_date": "2025-03-21",
                    "departure_time": "08:00:00",
                    "destination_city_name": "khulna",
                    "origin_city_name": "dhaka"
                },
                "seat_types": [
                    {
                        "destination_city_seq": 7,
                        "fare": "320.00",
                        "key": 2,
                        "origin_city_seq": 2,
                        "route_id": 25222,
                        "seat_counts": {
                            "is_divided": true,
                            "offline": 0,
                            "online": 0
                        },
                        "trip_id": 8408690,
                        "trip_route_id": 52551509,
                        "type": "AC_S",
                        "vat_amount": 48,
                        "vat_percent": 15
                    },
                    {
                        "destination_city_seq": 7,
                        "fare": "160.00",
                        "key": 7,
                        "origin_city_seq": 2,
                        "route_id": 25222,
                        "seat_counts": {
                            "is_divided": true,
                            "offline": 0,
                            "online": 1
                        },
                        "trip_id": 8408692,
                        "trip_route_id": 52551624,
                        "type": "S_CHAIR",
                        "vat_amount": 0,
                        "vat_percent": 0
                    },
                    {
                        "destination_city_seq": 7,
                        "fare": "265.00",
                        "key": 3,
                        "origin_city_seq": 2,
                        "route_id": 25222,
                        "seat_counts": {
                            "is_divided": true,
                            "offline": 0,
                            "online": 0
                        },
                        "trip_id": 8408799,
                        "trip_route_id": 52558966,
                        "type": "SNIGDHA",
                        "vat_amount": 40,
                        "vat_percent": 15
                    }
                ],
                "train_model": "726",
                "travel_time": "02h 41m",
                "trip_number": "SUNDARBAN EXPRESS (726)"
            },
            {
                "arrival_date_time": "21 Mar, 07:45 pm",
                "boarding_points": [
                    {
                        "location_date": "21 Mar 2025",
                        "location_id": 2752,
                        "location_name": "Bhanga Station",
                        "location_time": "04:30 PM",
                        "trip_point_id": 107757674
                    }
                ],
                "departure_date_time": "21 Mar, 04:30 pm",
                "departure_date_time_jd": "Fri, 21 Mar 2025, 04:30 PM",
                "departure_full_date": "2025-03-21",
                "destination_city_name": "poradaha",
                "is_eid_trip": 0,
                "is_from_city_international": false,
                "is_international": 0,
                "is_open_for_all": true,
                "origin_city_name": "bhanga",
                "parent_route": {
                    "arrival_date": "2025-03-21",
                    "arrival_time": "22:30:00",
                    "departure_date": "2025-03-21",
                    "departure_time": "15:00:00",
                    "destination_city_name": "rajshahi",
                    "origin_city_name": "dhaka"
                },
                "seat_types": [
                    {
                        "destination_city_seq": 17,
                        "fare": "160.00",
                        "key": 7,
                        "origin_city_seq": 5,
                        "route_id": 25784,
                        "seat_counts": {
                            "is_divided": true,
                            "offline": 2,
                            "online": 2
                        },
                        "trip_id": 8409866,
                        "trip_route_id": 52595749,
                        "type": "S_CHAIR",
                        "vat_amount": 0,
                        "vat_percent": 0
                    }
                ],
                "train_model": "755",
                "travel_time": "03h 15m",
                "trip_number": "MADHUMATI EXPRESS (755)"
            }
        ]
    },
    "extra": {
        "hash": "2913D4E613EE77BA81FCAB988D4D7E11"
    }
}