{
    "data": {
        "recommendations": [],
        "selected_seat_class": "S_CHAIR",
        "trains": [
            {
                "arrival_date_time": "21 Mar, 01:15 pm",
                "boarding_points": [
                    {
                        "location_date": "21 Mar 2025",
                        "location_id": 2943,
                        "location_name": "Bhanga_Junction Station",
                        "location_time": "11:50 AM",
                        "trip_point_id": 107739246
                    }
                ],
                "departure_date_time": "21 Mar, 11:50 am",
                "departure_date_time_jd": "Fri, 21 Mar 2025, 11:50 AM",
                "departure_full_date": "2025-03-21",
                "destination_city_name": "jashore",
                "is_eid_trip": 0,
                "is_from_city_international": false,
                "is_international": 0,
                "is_open_for_all": true,
                "origin_city_name": "bhanga_junction",
                "parent_route": {
                    "arrival_date": "2025-03-21",
                    "arrival_time": "14:25:00",
                    "departure_date": "2025-03-21",
                    "departure_time": "10:45:00",
                    "destination_city_name": "benapole",
                    "origin_city_name": "dhaka"
                },
                "seat_types": [
                    {
                        "destination_city_seq": 5,
                        "fare": "255.00",
                        "key": 3,
                        "origin_city_seq": 2,
                        "route_id": 26960,
                        "seat_counts": {
                            "is_divided": true,
                            "offline": 0,
                            "online": 0
                        },
                        "trip_id": 8408923,
                        "trip_route_id": 52563605,
                        "type": "SNIGDHA",
                        "vat_amount": 39,
                        "vat_percent": 15
                    },
                    {
                        "destination_city_seq": 5,
                        "fare": "155.00",
                        "key": 7,
                        "origin_city_seq": 2,
                        "route_id": 26960,
                        "seat_counts": {
                            "is_divided": true,
                            "offline": 2,
                            "online": 3
                        },
                        "trip_id": 8408925,
                        "trip_route_id": 52563632,
                        "type": "S_CHAIR",
                        "vat_amount": 0,
                        "vat_percent": 0
                    }
                ],
                "train_model": "828",
                "travel_time": "01h 25m",
                "trip_number": "RUPOSHI BANGLA EXPRESS (828)"
            }
        ]
    },
    "extra": {
        "hash": "2913D4E613EE77BA81FCAB988D4D7E11"
    }
}