{
    "data": {
        "recommendations": [],
        "selected_seat_class": "S_CHAIR",
        "trains": [
            {
                "arrival_date_time": "21 Mar, 06:55 pm",
                "boarding_points": [
                    {
                        "location_date": "21 Mar 2025",
                        "location_id": 2837,
                        "location_name": "Bhanugach Station",
                        "location_time": "12:34 PM",
                        "trip_point_id": 107726574
                    }
                ],
                "departure_date_time": "21 Mar, 12:34 pm",
                "departure_date_time_jd": "Fri, 21 Mar 2025, 12:34 PM",
                "departure_full_date": "2025-03-21",
                "destination_city_name": "chattogram",
                "is_eid_trip": 0,
                "is_from_city_international": false,
                "is_international": 0,
                "is_open_for_all": true,
                "origin_city_name": "bhanugach",
                "parent_route": {
                    "arrival_date": "2025-03-21",
                    "arrival_time": "18:55:00",
                    "departure_date": "2025-03-21",
                    "departure_time": "10:30:00",
                    "destination_city_name": "chattogram",
                    "origin_city_name": "sylhet"
                },
                "seat_types": [
                    {
                        "destination_city_seq": 16,
                        "fare": "360.00",
                        "key": 7,
                        "origin_city_seq": 5,
                        "route_id": 22447,
                        "seat_counts": {
                            "is_divided": true,
                            "offline": 5,
                            "online": 5
                        },
                        "trip_id": 8408319,
                        "trip_route_id": 52541727,
                        "type": "S_CHAIR",
                        "vat_amount": 0,
                        "vat_percent": 0
                    }
                ],
                "train_model": "720",
                "travel_time": "06h 21m",
                "trip_number": "PAHARIKA EXPRESS (720)"
            }
        ]
    },
    "extra": {
        "hash": "2913D4E613EE77BA81FCAB988D4D7E11"
    }
}