{
    "data": {
        "recommendations": [],
        "selected_seat_class": "S_CHAIR",
        "trains": [
            {
                "arrival_date_time": "21 Mar, 07:00 am",
                "boarding_points": [
                    {
                        "location_date": "21 Mar 2025",
                        "location_id": 2752,
                        "location_name": "Bhanga Station",
                        "location_time": "12:42 AM",
                        "trip_point_id": 107719830
                    }
                ],
                "departure_date_time": "21 Mar, 12:42 am",
                "departure_date_time_jd": "Fri, 21 Mar 2025, 12:42 AM",
                "departure_full_date": "2025-03-21",
                "destination_city_name": "benapole",
                "is_eid_trip": 0,
                "is_from_city_international": false,
                "is_international": 0,
                "is_open_for_all": true,
                "origin_city_name": "bhanga",
                "parent_route": {
                    "arrival_date": "2025-03-21",
                    "arrival_time": "07:00:00",
                    "departure_date": "2025-03-20",
                    "departure_time": "23:30:00",
                    "destination_city_name": "benapole",
                    "origin_city_name": "dhaka"
                },
                "seat_types": [
                    {
                        "destination_city_seq": 14,
                        "fare": "335.00",
                        "key": 7,
                        "origin_city_seq": 2,
                        "route_id": 25410,
                        "seat_counts": {
                            "is_divided": true,
                            "offline": 3,
                            "online": 4
                        },
                        "trip_id": 8407987,
                        "trip_route_id": 52531003,
                        "type": "S_CHAIR",
                        "vat_amount": 0,
                        "vat_percent": 0
                    },
                    {
                        "destination_city_seq": 14,
                        "fare": "560.00",
                        "key": 3,
                        "origin_city_seq": 2,
                        "route_id": 25410,
                        "seat_counts": {
                            "is_divided": true,
                            "offline": 2,
                            "online": 3
                        },
                        "trip_id": 8408028,
                        "trip_route_id": 52533220,
                        "type": "SNIGDHA",
                        "vat_amount": 84,
                        "vat_percent": 15
                    }
                ],
                "train_model": "796",
                "travel_time": "06h 18m",
                "trip_number": "BENAPOLE EXPRESS (796)"
            }
        ]
    },
    "extra": {
        "hash": "2913D4E613EE77BA81FCAB988D4D7E11"
    }
}