{
    "data": {
        "recommendations": [],
        "selected_seat_class": "S_CHAIR",
        "trains": [
            {
                "arrival_date_time": "21 Mar, 06:45 am",
                "boarding_points": [
                    {
                        "location_date": "21 Mar 2025",
                        "location_id": 2779,
                        "location_name": "Bheramara Station",
                        "location_time": "12:57 AM",
                        "trip_point_id": 107721373
                    }
                ],
                "departure_date_time": "21 Mar, 12:57 am",
                "departure_date_time_jd": "Fri, 21 Mar 2025, 12:57 AM",
                "departure_full_date": "2025-03-21",
                "destination_city_name": "chilahati",
                "is_eid_trip": 0,
                "is_from_city_international": false,
                "is_international": 0,
                "is_open_for_all": true,
                "origin_city_name": "bheramara",
                "parent_route": {
                    "arrival_date": "2025-03-21",
                    "arrival_time": "06:45:00",
                    "departure_date": "2025-03-20",
                    "departure_time": "21:15:00",
                    "destination_city_name": "chilahati",
                    "origin_city_name": "khulna"
                },
                "seat_types": [
                    {
                        "destination_city_seq": 25,
                        "fare": "355.00",
                        "key": 7,
                        "origin_city_seq": 11,
                        "route_id": 19981,
                        "seat_counts": {
                            "is_divided": true,
                            "offline": 7,
                            "online": 8
                        },
                        "trip_id": 8408045,
                        "trip_route_id": 52534107,
                        "type": "S_CHAIR",
                        "vat_amount": 0,
                        "vat_percent": 0
                    },
                    {
                        "destination_city_seq": 25,
                        "fare": "590.00",
                        "key": 3,
                        "origin_city_seq": 11,
                        "route_id": 19981,
                        "seat_counts": {
                            "is_divided": true,
                            "offline": 0,
                            "online": 0
                        },
                        "trip_id": 8408046,
                        "trip_route_id": 52534233,
                        "type": "SNIGDHA",
                        "vat_amount": 89,
                        "vat_percent": 15
                    },
                    {
                        "destination_city_seq": 25,
                        "fare": "1060.00",
                        "key": 1,
                        "origin_city_seq": 11,
                        "route_id": 19981,
                        "seat_counts": {
                            "is_divided": true,
                            "offline": 0,
                            "online": 0
                        },
                        "trip_id": 8408047,
                        "trip_route_id": 52534350,
                        "type": "AC_B",
                        "vat_amount": 159,
                        "vat_percent": 15
                    }
                ],
                "train_model": "747",
                "travel_time": "05h 48m",
                "trip_number": "SIMANTA EXPRESS (747)"
            },
            {
                "arrival_date_time": "21 Mar, 05:00 pm",
                "boarding_points": [
                    {
                        "location_date": "21 Mar 2025",
                        "location_id": 2779,
                        "location_name": "Bheramara Station",
                        "location_time": "11:02 AM",
                        "trip_point_id": 107733735
                    }
                ],
                "departure_date_time": "21 Mar, 11:02 am",
                "departure_date_time_jd": "Fri, 21 Mar 2025, 11:02 AM",
                "departure_full_date": "2025-03-21",
                "destination_city_name": "chilahati",
                "is_eid_trip": 0,
                "is_from_city_international": false,
                "is_international": 0,
                "is_open_for_all": true,
                "origin_city_name": "bheramara",
                "parent_route": {
                    "arrival_date": "2025-03-21",
                    "arrival_time": "17:00:00",
                    "departure_date": "2025-03-21",
                    "departure_time": "07:15:00",
                    "destination_city_name": "chilahati",
                    "origin_city_name": "khulna"
                },
                "seat_types": [
                    {
                        "destination_city_seq": 25,
                        "fare": "705.00",
                        "key": 2,
                        "origin_city_seq": 11,
                        "route_id": 19981,
                        "seat_counts": {
                            "is_divided": true,
                            "offline": 0,
                            "online": 0
                        },
                        "trip_id": 8408707,
                        "trip_route_id": 52552684,
                        "type": "AC_S",
                        "vat_amount": 106,
                        "vat_percent": 15
                    },
                    {
                        "destination_city_seq": 25,
                        "fare": "590.00",
                        "key": 3,
                        "origin_city_seq": 11,
                        "route_id": 19981,
                        "seat_counts": {
                            "is_divided": true,
                            "offline": 0,
                            "online": 0
                        },
                        "trip_id": 8408731,
                        "trip_route_id": 52554354,
                        "type": "SNIGDHA",
                        "vat_amount": 89,
                        "vat_percent": 15
                    },
                    {
                        "destination_city_seq": 25,
                        "fare": "355.00",
                        "key": 7,
                        "origin_city_seq": 11,
                        "route_id": 19981,
                        "seat_counts": {
                            "is_divided": true,
                            "offline": 2,
                            "online": 3
                        },
                        "trip_id": 8408733,
                        "trip_route_id": 52554657,
                        "type": "S_CHAIR",
                        "vat_amount": 0,
                        "vat_percent": 0
                    }
                ],
                "train_model": "727",
                "travel_time": "05h 58m",
                "trip_number": "RUPSHA EXPRESS (727)"
            }
        ]
    },
    "extra": {
        "hash": "2913D4E613EE77BA81FCAB988D4D7E11"
    }
}