{
    "data": {
        "recommendations": [],
        "selected_seat_class": "S_CHAIR",
        "trains": [
            {
                "arrival_date_time": "21 Mar, 09:20 am",
                "boarding_points": [
                    {
                        "location_date": "21 Mar 2025",
                        "location_id": 2779,
                        "location_name": "Bheramara Station",
                        "location_time": "07:57 AM",
                        "trip_point_id": 107738098
                    }
                ],
                "departure_date_time": "21 Mar, 07:57 am",
                "departure_date_time_jd": "Fri, 21 Mar 2025, 07:57 AM",
                "departure_full_date": "2025-03-21",
                "destination_city_name": "darshana_halt",
                "is_eid_trip": 0,
                "is_from_city_international": false,
                "is_international": 0,
                "is_open_for_all": true,
                "origin_city_name": "bheramara",
                "parent_route": {
                    "arrival_date": "2025-03-21",
                    "arrival_time": "12:10:00",
                    "departure_date": "2025-03-21",
                    "departure_time": "06:00:00",
                    "destination_city_name": "khulna",
                    "origin_city_name": "rajshahi"
                },
                "seat_types": [
                    {
                        "destination_city_seq": 11,
                        "fare": "80.00",
                        "key": 7,
                        "origin_city_seq": 6,
                        "route_id": 21489,
                        "seat_counts": {
                            "is_divided": true,
                            "offline": 5,
                            "online": 5
                        },
                        "trip_id": 8408862,
                        "trip_route_id": 52561991,
                        "type": "S_CHAIR",
                        "vat_amount": 0,
                        "vat_percent": 0
                    }
                ],
                "train_model": "762",
                "travel_time": "01h 23m",
                "trip_number": "SAGARDARI EXPRESS (762)"
            },
            {
                "arrival_date_time": "21 Mar, 03:45 pm",
                "boarding_points": [
                    {
                        "location_date": "21 Mar 2025",
                        "location_id": 2779,
                        "location_name": "Bheramara Station",
                        "location_time": "02:27 PM",
                        "trip_point_id": 107733856
                    }
                ],
                "departure_date_time": "21 Mar, 02:27 pm",
                "departure_date_time_jd": "Fri, 21 Mar 2025, 02:27 PM",
                "departure_full_date": "2025-03-21",
                "destination_city_name": "darshana_halt",
                "is_eid_trip": 0,
                "is_from_city_international": false,
                "is_international": 0,
                "is_open_for_all": true,
                "origin_city_name": "bheramara",
                "parent_route": {
                    "arrival_date": "2025-03-21",
                    "arrival_time": "18:25:00",
                    "departure_date": "2025-03-21",
                    "departure_time": "08:30:00",
                    "destination_city_name": "khulna",
                    "origin_city_name": "chilahati"
                },
                "seat_types": [
                    {
                        "destination_city_seq": 19,
                        "fare": "155.00",
                        "key": 2,
                        "origin_city_seq": 15,
                        "route_id": 21369,
                        "seat_counts": {
                            "is_divided": true,
                            "offline": 0,
                            "online": 0
                        },
                        "trip_id": 8408715,
                        "trip_route_id": 52553036,
                        "type": "AC_S",
                        "vat_amount": 24,
                        "vat_percent": 15
                    },
                    {
                        "destination_city_seq": 19,
                        "fare": "130.00",
                        "key": 3,
                        "origin_city_seq": 15,
                        "route_id": 21369,
                        "seat_counts": {
                            "is_divided": true,
                            "offline": 0,
                            "online": 0
                        },
                        "trip_id": 8408735,
                        "trip_route_id": 52554988,
                        "type": "SNIGDHA",
                        "vat_amount": 20,
                        "vat_percent": 15
                    },
                    {
                        "destination_city_seq": 19,
                        "fare": "80.00",
                        "key": 7,
                        "origin_city_seq": 15,
                        "route_id": 21369,
                        "seat_counts": {
                            "is_divided": true,
                            "offline": 0,
                            "online": 0
                        },
                        "trip_id": 8408737,
                        "trip_route_id": 52555329,
                        "type": "S_CHAIR",
                        "vat_amount": 0,
                        "vat_percent": 0
                    }
                ],
                "train_model": "728",
                "travel_time": "01h 18m",
                "trip_number": "RUPSHA EXPRESS (728)"
            }
        ]
    },
    "extra": {
        "hash": "2913D4E613EE77BA81FCAB988D4D7E11"
    }
}