{
    "data": {
        "recommendations": [
            {
                "destination": "Ullapara",
                "origin": "Ishwardi"
            },
            {
                "destination": "Boral_bridge",
                "origin": "Bheramara"
            }
        ],
        "selected_seat_class": "S_CHAIR",
        "trains": [
            {
                "arrival_date_time": "21 Mar, 02:27 pm",
                "boarding_points": [
                    {
                        "location_date": "21 Mar 2025",
                        "location_id": 2779,
                        "location_name": "Bheramara Station",
                        "location_time": "12:55 PM",
                        "trip_point_id": 107734204
                    }
                ],
                "departure_date_time": "21 Mar, 12:55 pm",
                "departure_date_time_jd": "Fri, 21 Mar 2025, 12:55 PM",
                "departure_full_date": "2025-03-21",
                "destination_city_name": "ullapara",
                "is_eid_trip": 0,
                "is_from_city_international": false,
                "is_international": 0,
                "is_open_for_all": true,
                "origin_city_name": "bheramara",
                "parent_route": {
                    "arrival_date": "2025-03-21",
                    "arrival_time": "18:05:00",
                    "departure_date": "2025-03-21",
                    "departure_time": "09:00:00",
                    "destination_city_name": "dhaka",
                    "origin_city_name": "khulna"
                },
                "seat_types": [
                    {
                        "destination_city_seq": 16,
                        "fare": "140.00",
                        "key": 7,
                        "origin_city_seq": 12,
                        "route_id": 26987,
                        "seat_counts": {
                            "is_divided": true,
                            "offline": 0,
                            "online": 0
                        },
                        "trip_id": 8408723,
                        "trip_route_id": 52553693,
                        "type": "S_CHAIR",
                        "vat_amount": 0,
                        "vat_percent": 0
                    }
                ],
                "train_model": "763",
                "travel_time": "01h 32m",
                "trip_number": "CHITRA EXPRESS (763)"
            }
        ]
    },
    "extra": {
        "hash": "2913D4E613EE77BA81FCAB988D4D7E11"
    }
}