{
    "data": {
        "recommendations": [],
        "selected_seat_class": "S_CHAIR",
        "trains": [
            {
                "arrival_date_time": "21 Mar, 07:22 pm",
                "boarding_points": [
                    {
                        "location_date": "21 Mar 2025",
                        "location_id": 2852,
                        "location_name": "Bhuapur Station",
                        "location_time": "05:15 PM",
                        "trip_point_id": 107729981
                    }
                ],
                "departure_date_time": "21 Mar, 05:15 pm",
                "departure_date_time_jd": "Fri, 21 Mar 2025, 05:15 PM",
                "departure_full_date": "2025-03-21",
                "destination_city_name": "jamalpur_town",
                "is_eid_trip": 0,
                "is_from_city_international": false,
                "is_international": 0,
                "is_open_for_all": true,
                "origin_city_name": "bhuapur",
                "parent_route": {
                    "arrival_date": "2025-03-21",
                    "arrival_time": "23:55:00",
                    "departure_date": "2025-03-21",
                    "departure_time": "17:15:00",
                    "destination_city_name": "dhaka",
                    "origin_city_name": "bhuapur"
                },
                "seat_types": [
                    {
                        "destination_city_seq": 7,
                        "fare": "70.00",
                        "key": 7,
                        "origin_city_seq": 1,
                        "route_id": 24183,
                        "seat_counts": {
                            "is_divided": true,
                            "offline": 142,
                            "online": 143
                        },
                        "trip_id": 8408523,
                        "trip_route_id": 52546482,
                        "type": "S_CHAIR",
                        "vat_amount": 0,
                        "vat_percent": 0
                    },
                    {
                        "destination_city_seq": 7,
                        "fare": "115.00",
                        "key": 3,
                        "origin_city_seq": 1,
                        "route_id": 24183,
                        "seat_counts": {
                            "is_divided": true,
                            "offline": 37,
                            "online": 38
                        },
                        "trip_id": 8408525,
                        "trip_route_id": 52546520,
                        "type": "SNIGDHA",
                        "vat_amount": 18,
                        "vat_percent": 15
                    }
                ],
                "train_model": "800",
                "travel_time": "02h 07m",
                "trip_number": "JAMALPUR EXPRESS (800)"
            }
        ]
    },
    "extra": {
        "hash": "2913D4E613EE77BA81FCAB988D4D7E11"
    }
}