{
    "data": {
        "recommendations": [],
        "selected_seat_class": "S_CHAIR",
        "trains": [
            {
                "arrival_date_time": "21 Mar, 02:27 pm",
                "boarding_points": [
                    {
                        "location_date": "21 Mar 2025",
                        "location_id": 2702,
                        "location_name": "Biman_Bandar Station",
                        "location_time": "07:13 AM",
                        "trip_point_id": 107733003
                    }
                ],
                "departure_date_time": "21 Mar, 07:13 am",
                "departure_date_time_jd": "Fri, 21 Mar 2025, 07:13 AM",
                "departure_full_date": "2025-03-21",
                "destination_city_name": "saidpur",
                "is_eid_trip": 0,
                "is_from_city_international": false,
                "is_international": 0,
                "is_open_for_all": true,
                "origin_city_name": "biman_bandar",
                "parent_route": {
                    "arrival_date": "2025-03-21",
                    "arrival_time": "16:00:00",
                    "departure_date": "2025-03-21",
                    "departure_time": "06:45:00",
                    "destination_city_name": "chilahati",
                    "origin_city_name": "dhaka"
                },
                "seat_types": [
                    {
                        "destination_city_seq": 14,
                        "fare": "1205.00",
                        "key": 2,
                        "origin_city_seq": 2,
                        "route_id": 19765,
                        "seat_counts": {
                            "is_divided": true,
                            "offline": 0,
                            "online": 0
                        },
                        "trip_id": 8408684,
                        "trip_route_id": 52551105,
                        "type": "AC_S",
                        "vat_amount": 181,
                        "vat_percent": 15
                    },
                    {
                        "destination_city_seq": 14,
                        "fare": "1005.00",
                        "key": 3,
                        "origin_city_seq": 2,
                        "route_id": 19765,
                        "seat_counts": {
                            "is_divided": true,
                            "offline": 0,
                            "online": 0
                        },
                        "trip_id": 8408686,
                        "trip_route_id": 52551239,
                        "type": "SNIGDHA",
                        "vat_amount": 151,
                        "vat_percent": 15
                    },
                    {
                        "destination_city_seq": 14,
                        "fare": "605.00",
                        "key": 7,
                        "origin_city_seq": 2,
                        "route_id": 19765,
                        "seat_counts": {
                            "is_divided": true,
                            "offline": 0,
                            "online": 0
                        },
                        "trip_id": 8408688,
                        "trip_route_id": 52551380,
                        "type": "S_CHAIR",
                        "vat_amount": 0,
                        "vat_percent": 0
                    }
                ],
                "train_model": "765",
                "travel_time": "07h 14m",
                "trip_number": "NILSAGAR EXPRESS (765)"
            },
            {
                "arrival_date_time": "22 Mar, 01:17 am",
                "boarding_points": [
                    {
                        "location_date": "21 Mar 2025",
                        "location_id": 2702,
                        "location_name": "Biman_Bandar Station",
                        "location_time": "05:28 PM",
                        "trip_point_id": 107736523
                    }
                ],
                "departure_date_time": "21 Mar, 05:28 pm",
                "departure_date_time_jd": "Fri, 21 Mar 2025, 05:28 PM",
                "departure_full_date": "2025-03-21",
                "destination_city_name": "saidpur",
                "is_eid_trip": 0,
                "is_from_city_international": false,
                "is_international": 0,
                "is_open_for_all": true,
                "origin_city_name": "biman_bandar",
                "parent_route": {
                    "arrival_date": "2025-03-22",
                    "arrival_time": "02:45:00",
                    "departure_date": "2025-03-21",
                    "departure_time": "17:00:00",
                    "destination_city_name": "chilahati",
                    "origin_city_name": "dhaka"
                },
                "seat_types": [
                    {
                        "destination_city_seq": 11,
                        "fare": "1005.00",
                        "key": 3,
                        "origin_city_seq": 2,
                        "route_id": 24693,
                        "seat_counts": {
                            "is_divided": true,
                            "offline": 2,
                            "online": 3
                        },
                        "trip_id": 8408796,
                        "trip_route_id": 52558844,
                        "type": "SNIGDHA",
                        "vat_amount": 151,
                        "vat_percent": 15
                    },
                    {
                        "destination_city_seq": 11,
                        "fare": "605.00",
                        "key": 7,
                        "origin_city_seq": 2,
                        "route_id": 24693,
                        "seat_counts": {
                            "is_divided": true,
                            "offline": 4,
                            "online": 4
                        },
                        "trip_id": 8408798,
                        "trip_route_id": 52558912,
                        "type": "S_CHAIR",
                        "vat_amount": 0,
                        "vat_percent": 0
                    }
                ],
                "train_model": "805",
                "travel_time": "07h 49m",
                "trip_number": "CHILAHATI EXPRESS (805)"
            }
        ]
    },
    "extra": {
        "hash": "2913D4E613EE77BA81FCAB988D4D7E11"
    }
}