{
    "data": {
        "recommendations": [],
        "selected_seat_class": "S_CHAIR",
        "trains": [
            {
                "arrival_date_time": "22 Mar, 01:53 am",
                "boarding_points": [
                    {
                        "location_date": "21 Mar 2025",
                        "location_id": 2702,
                        "location_name": "Biman_Bandar Station",
                        "location_time": "09:48 PM",
                        "trip_point_id": 107726818
                    }
                ],
                "departure_date_time": "21 Mar, 09:48 pm",
                "departure_date_time_jd": "Fri, 21 Mar 2025, 09:48 PM",
                "departure_full_date": "2025-03-21",
                "destination_city_name": "feni",
                "is_eid_trip": 0,
                "is_from_city_international": false,
                "is_international": 0,
                "is_open_for_all": true,
                "origin_city_name": "biman_bandar",
                "parent_route": {
                    "arrival_date": "2025-03-22",
                    "arrival_time": "03:30:00",
                    "departure_date": "2025-03-21",
                    "departure_time": "21:20:00",
                    "destination_city_name": "chattogram",
                    "origin_city_name": "dhaka"
                },
                "seat_types": [
                    {
                        "destination_city_seq": 12,
                        "fare": "300.00",
                        "key": 7,
                        "origin_city_seq": 2,
                        "route_id": 22527,
                        "seat_counts": {
                            "is_divided": true,
                            "offline": 2,
                            "online": 3
                        },
                        "trip_id": 8408329,
                        "trip_route_id": 52542147,
                        "type": "S_CHAIR",
                        "vat_amount": 0,
                        "vat_percent": 0
                    },
                    {
                        "destination_city_seq": 12,
                        "fare": "900.00",
                        "key": 1,
                        "origin_city_seq": 2,
                        "route_id": 22527,
                        "seat_counts": {
                            "is_divided": true,
                            "offline": 0,
                            "online": 0
                        },
                        "trip_id": 8408331,
                        "trip_route_id": 52542201,
                        "type": "AC_B",
                        "vat_amount": 135,
                        "vat_percent": 15
                    },
                    {
                        "destination_city_seq": 12,
                        "fare": "500.00",
                        "key": 3,
                        "origin_city_seq": 2,
                        "route_id": 22527,
                        "seat_counts": {
                            "is_divided": true,
                            "offline": 0,
                            "online": 0
                        },
                        "trip_id": 8408333,
                        "trip_route_id": 52542252,
                        "type": "SNIGDHA",
                        "vat_amount": 75,
                        "vat_percent": 15
                    }
                ],
                "train_model": "722",
                "travel_time": "04h 05m",
                "trip_number": "MOHANAGAR EXPRESS (722)"
            }
        ]
    },
    "extra": {
        "hash": "2913D4E613EE77BA81FCAB988D4D7E11"
    }
}