{
    "data": {
        "recommendations": [
            {
                "destination": "Joydebpur",
                "origin": "Joydebpur"
            },
            {
                "destination": "Biman_bandar",
                "origin": "Biman_bandar"
            }
        ],
        "selected_seat_class": "S_CHAIR",
        "trains": [
            {
                "arrival_date_time": "21 Mar, 05:38 pm",
                "boarding_points": [
                    {
                        "location_date": "21 Mar 2025",
                        "location_id": 2702,
                        "location_name": "Biman_Bandar Station",
                        "location_time": "05:13 PM",
                        "trip_point_id": 107728602
                    }
                ],
                "departure_date_time": "21 Mar, 05:13 pm",
                "departure_date_time_jd": "Fri, 21 Mar 2025, 05:13 PM",
                "departure_full_date": "2025-03-21",
                "destination_city_name": "joydebpur",
                "is_eid_trip": 0,
                "is_from_city_international": false,
                "is_international": 0,
                "is_open_for_all": true,
                "origin_city_name": "biman_bandar",
                "parent_route": {
                    "arrival_date": "2025-03-21",
                    "arrival_time": "23:30:00",
                    "departure_date": "2025-03-21",
                    "departure_time": "16:45:00",
                    "destination_city_name": "tarakandi",
                    "origin_city_name": "dhaka"
                },
                "seat_types": [
                    {
                        "destination_city_seq": 3,
                        "fare": "45.00",
                        "key": 8,
                        "origin_city_seq": 2,
                        "route_id": 23222,
                        "seat_counts": {
                            "is_divided": true,
                            "offline": 0,
                            "online": 0
                        },
                        "trip_id": 8408431,
                        "trip_route_id": 52544683,
                        "type": "SHOVAN",
                        "vat_amount": 0,
                        "vat_percent": 0
                    }
                ],
                "train_model": "745",
                "travel_time": "00h 25m",
                "trip_number": "JAMUNA EXPRESS (745)"
            }
        ]
    },
    "extra": {
        "hash": "2913D4E613EE77BA81FCAB988D4D7E11"
    }
}