{
    "data": {
        "recommendations": [],
        "selected_seat_class": "S_CHAIR",
        "trains": [
            {
                "arrival_date_time": "21 Mar, 07:00 pm",
                "boarding_points": [
                    {
                        "location_date": "21 Mar 2025",
                        "location_id": 2702,
                        "location_name": "Biman_Bandar Station",
                        "location_time": "10:43 AM",
                        "trip_point_id": 107732392
                    }
                ],
                "departure_date_time": "21 Mar, 10:43 am",
                "departure_date_time_jd": "Fri, 21 Mar 2025, 10:43 AM",
                "departure_full_date": "2025-03-21",
                "destination_city_name": "dinajpur",
                "is_eid_trip": 0,
                "is_from_city_international": false,
                "is_international": 0,
                "is_open_for_all": true,
                "origin_city_name": "biman_bandar",
                "parent_route": {
                    "arrival_date": "2025-03-21",
                    "arrival_time": "21:00:00",
                    "departure_date": "2025-03-21",
                    "departure_time": "10:15:00",
                    "destination_city_name": "panchagarh",
                    "origin_city_name": "dhaka"
                },
                "seat_types": [
                    {
                        "destination_city_seq": 21,
                        "fare": "1050.00",
                        "key": 3,
                        "origin_city_seq": 2,
                        "route_id": 19337,
                        "seat_counts": {
                            "is_divided": true,
                            "offline": 0,
                            "online": 0
                        },
                        "trip_id": 8408668,
                        "trip_route_id": 52550077,
                        "type": "SNIGDHA",
                        "vat_amount": 158,
                        "vat_percent": 15
                    },
                    {
                        "destination_city_seq": 21,
                        "fare": "630.00",
                        "key": 7,
                        "origin_city_seq": 2,
                        "route_id": 19337,
                        "seat_counts": {
                            "is_divided": true,
                            "offline": 0,
                            "online": 0
                        },
                        "trip_id": 8408670,
                        "trip_route_id": 52550256,
                        "type": "S_CHAIR",
                        "vat_amount": 0,
                        "vat_percent": 0
                    },
                    {
                        "destination_city_seq": 21,
                        "fare": "1255.00",
                        "key": 2,
                        "origin_city_seq": 2,
                        "route_id": 19337,
                        "seat_counts": {
                            "is_divided": true,
                            "offline": 0,
                            "online": 0
                        },
                        "trip_id": 8408672,
                        "trip_route_id": 52550455,
                        "type": "AC_S",
                        "vat_amount": 189,
                        "vat_percent": 15
                    }
                ],
                "train_model": "705",
                "travel_time": "08h 17m",
                "trip_number": "EKOTA EXPRESS (705)"
            },
            {
                "arrival_date_time": "21 Mar, 04:45 am",
                "boarding_points": [
                    {
                        "location_date": "21 Mar 2025",
                        "location_id": 2702,
                        "location_name": "Biman_Bandar Station",
                        "location_time": "09:13 PM",
                        "trip_point_id": 107734040
                    }
                ],
                "departure_date_time": "21 Mar, 09:13 pm",
                "departure_date_time_jd": "Fri, 21 Mar 2025, 09:13 PM",
                "departure_full_date": "2025-03-21",
                "destination_city_name": "dinajpur",
                "is_eid_trip": 0,
                "is_from_city_international": false,
                "is_international": 0,
                "is_open_for_all": true,
                "origin_city_name": "biman_bandar",
                "parent_route": {
                    "arrival_date": "2025-03-22",
                    "arrival_time": "07:10:00",
                    "departure_date": "2025-03-21",
                    "departure_time": "20:45:00",
                    "destination_city_name": "panchagarh",
                    "origin_city_name": "dhaka"
                },
                "seat_types": [
                    {
                        "destination_city_seq": 21,
                        "fare": "1050.00",
                        "key": 3,
                        "origin_city_seq": 2,
                        "route_id": 19337,
                        "seat_counts": {
                            "is_divided": true,
                            "offline": 0,
                            "online": 0
                        },
                        "trip_id": 8408719,
                        "trip_route_id": 52553431,
                        "type": "SNIGDHA",
                        "vat_amount": 158,
                        "vat_percent": 15
                    },
                    {
                        "destination_city_seq": 21,
                        "fare": "630.00",
                        "key": 7,
                        "origin_city_seq": 2,
                        "route_id": 19337,
                        "seat_counts": {
                            "is_divided": true,
                            "offline": 0,
                            "online": 0
                        },
                        "trip_id": 8408739,
                        "trip_route_id": 52555623,
                        "type": "S_CHAIR",
                        "vat_amount": 0,
                        "vat_percent": 0
                    },
                    {
                        "destination_city_seq": 21,
                        "fare": "1885.00",
                        "key": 1,
                        "origin_city_seq": 2,
                        "route_id": 19337,
                        "seat_counts": {
                            "is_divided": true,
                            "offline": 0,
                            "online": 0
                        },
                        "trip_id": 8408767,
                        "trip_route_id": 52557608,
                        "type": "AC_B",
                        "vat_amount": 283,
                        "vat_percent": 15
                    }
                ],
                "train_model": "757",
                "travel_time": "16h 28m",
                "trip_number": "DRUTOJAN EXPRESS (757)"
            },
            {
                "arrival_date_time": "22 Mar, 06:58 am",
                "boarding_points": [
                    {
                        "location_date": "21 Mar 2025",
                        "location_id": 2702,
                        "location_name": "Biman_Bandar Station",
                        "location_time": "11:58 PM",
                        "trip_point_id": 107731641
                    }
                ],
                "departure_date_time": "21 Mar, 11:58 pm",
                "departure_date_time_jd": "Fri, 21 Mar 2025, 11:58 PM",
                "departure_full_date": "2025-03-21",
                "destination_city_name": "dinajpur",
                "is_eid_trip": 0,
                "is_from_city_international": false,
                "is_international": 0,
                "is_open_for_all": true,
                "origin_city_name": "biman_bandar",
                "parent_route": {
                    "arrival_date": "2025-03-22",
                    "arrival_time": "09:50:00",
                    "departure_date": "2025-03-21",
                    "departure_time": "23:30:00",
                    "destination_city_name": "panchagarh",
                    "origin_city_name": "dhaka"
                },
                "seat_types": [
                    {
                        "destination_city_seq": 21,
                        "fare": "1050.00",
                        "key": 3,
                        "origin_city_seq": 2,
                        "route_id": 19337,
                        "seat_counts": {
                            "is_divided": true,
                            "offline": 0,
                            "online": 0
                        },
                        "trip_id": 8408635,
                        "trip_route_id": 52548796,
                        "type": "SNIGDHA",
                        "vat_amount": 158,
                        "vat_percent": 15
                    },
                    {
                        "destination_city_seq": 21,
                        "fare": "630.00",
                        "key": 7,
                        "origin_city_seq": 2,
                        "route_id": 19337,
                        "seat_counts": {
                            "is_divided": true,
                            "offline": 14,
                            "online": 14
                        },
                        "trip_id": 8408637,
                        "trip_route_id": 52548868,
                        "type": "S_CHAIR",
                        "vat_amount": 0,
                        "vat_percent": 0
                    },
                    {
                        "destination_city_seq": 21,
                        "fare": "1885.00",
                        "key": 1,
                        "origin_city_seq": 2,
                        "route_id": 19337,
                        "seat_counts": {
                            "is_divided": true,
                            "offline": 0,
                            "online": 0
                        },
                        "trip_id": 8408769,
                        "trip_route_id": 52557719,
                        "type": "AC_B",
                        "vat_amount": 283,
                        "vat_percent": 15
                    }
                ],
                "train_model": "793",
                "travel_time": "07h 00m",
                "trip_number": "PANCHAGARH EXPRESS (793)"
            }
        ]
    },
    "extra": {
        "hash": "2913D4E613EE77BA81FCAB988D4D7E11"
    }
}