{
    "data": {
        "recommendations": [],
        "selected_seat_class": "S_CHAIR",
        "trains": [
            {
                "arrival_date_time": "21 Mar, 06:33 pm",
                "boarding_points": [
                    {
                        "location_date": "21 Mar 2025",
                        "location_id": 2702,
                        "location_name": "Biman_Bandar Station",
                        "location_time": "04:43 PM",
                        "trip_point_id": 107732246
                    }
                ],
                "departure_date_time": "21 Mar, 04:43 pm",
                "departure_date_time_jd": "Fri, 21 Mar 2025, 04:43 PM",
                "departure_full_date": "2025-03-21",
                "destination_city_name": "ibrahimabad",
                "is_eid_trip": 0,
                "is_from_city_international": false,
                "is_international": 0,
                "is_open_for_all": true,
                "origin_city_name": "biman_bandar",
                "parent_route": {
                    "arrival_date": "2025-03-21",
                    "arrival_time": "20:10:00",
                    "departure_date": "2025-03-21",
                    "departure_time": "16:15:00",
                    "destination_city_name": "sirajganj_bazar",
                    "origin_city_name": "dhaka"
                },
                "seat_types": [
                    {
                        "destination_city_seq": 6,
                        "fare": "120.00",
                        "key": 8,
                        "origin_city_seq": 2,
                        "route_id": 19867,
                        "seat_counts": {
                            "is_divided": true,
                            "offline": 3,
                            "online": 4
                        },
                        "trip_id": 8408663,
                        "trip_route_id": 52549696,
                        "type": "SHOVAN",
                        "vat_amount": 0,
                        "vat_percent": 0
                    },
                    {
                        "destination_city_seq": 6,
                        "fare": "140.00",
                        "key": 7,
                        "origin_city_seq": 2,
                        "route_id": 19867,
                        "seat_counts": {
                            "is_divided": true,
                            "offline": 0,
                            "online": 0
                        },
                        "trip_id": 8408754,
                        "trip_route_id": 52556516,
                        "type": "S_CHAIR",
                        "vat_amount": 0,
                        "vat_percent": 0
                    },
                    {
                        "destination_city_seq": 6,
                        "fare": "185.00",
                        "key": 5,
                        "origin_city_seq": 2,
                        "route_id": 19867,
                        "seat_counts": {
                            "is_divided": true,
                            "offline": 0,
                            "online": 0
                        },
                        "trip_id": 8408780,
                        "trip_route_id": 52558099,
                        "type": "F_SEAT",
                        "vat_amount": 28,
                        "vat_percent": 15
                    }
                ],
                "train_model": "776",
                "travel_time": "01h 50m",
                "trip_number": "SIRAJGANJ EXPRESS (776)"
            }
        ]
    },
    "extra": {
        "hash": "2913D4E613EE77BA81FCAB988D4D7E11"
    }
}