{
    "data": {
        "recommendations": [],
        "selected_seat_class": "S_CHAIR",
        "trains": [
            {
                "arrival_date_time": "21 Mar, 05:00 pm",
                "boarding_points": [
                    {
                        "location_date": "21 Mar 2025",
                        "location_id": 2702,
                        "location_name": "Biman_Bandar Station",
                        "location_time": "03:38 PM",
                        "trip_point_id": 107725906
                    }
                ],
                "departure_date_time": "21 Mar, 03:38 pm",
                "departure_date_time_jd": "Fri, 21 Mar 2025, 03:38 PM",
                "departure_full_date": "2025-03-21",
                "destination_city_name": "ashuganj",
                "is_eid_trip": 0,
                "is_from_city_international": false,
                "is_international": 0,
                "is_open_for_all": true,
                "origin_city_name": "biman_bandar",
                "parent_route": {
                    "arrival_date": "2025-03-21",
                    "arrival_time": "20:40:00",
                    "departure_date": "2025-03-21",
                    "departure_time": "15:10:00",
                    "destination_city_name": "noakhali",
                    "origin_city_name": "dhaka"
                },
                "seat_types": [
                    {
                        "destination_city_seq": 5,
                        "fare": "130.00",
                        "key": 7,
                        "origin_city_seq": 2,
                        "route_id": 22276,
                        "seat_counts": {
                            "is_divided": true,
                            "offline": 1,
                            "online": 2
                        },
                        "trip_id": 8408295,
                        "trip_route_id": 52540780,
                        "type": "S_CHAIR",
                        "vat_amount": 0,
                        "vat_percent": 0
                    },
                    {
                        "destination_city_seq": 5,
                        "fare": "220.00",
                        "key": 3,
                        "origin_city_seq": 2,
                        "route_id": 22276,
                        "seat_counts": {
                            "is_divided": true,
                            "offline": 0,
                            "online": 0
                        },
                        "trip_id": 8408297,
                        "trip_route_id": 52540837,
                        "type": "SNIGDHA",
                        "vat_amount": 33,
                        "vat_percent": 15
                    }
                ],
                "train_model": "712",
                "travel_time": "01h 22m",
                "trip_number": "UPAKUL EXPRESS (712)"
            }
        ]
    },
    "extra": {
        "hash": "2913D4E613EE77BA81FCAB988D4D7E11"
    }
}