{
    "data": {
        "recommendations": [],
        "selected_seat_class": "S_CHAIR",
        "trains": [
            {
                "arrival_date_time": "21 Mar, 11:36 am",
                "boarding_points": [
                    {
                        "location_date": "21 Mar 2025",
                        "location_id": 2702,
                        "location_name": "Biman_Bandar Station",
                        "location_time": "07:58 AM",
                        "trip_point_id": 107725194
                    }
                ],
                "departure_date_time": "21 Mar, 07:58 am",
                "departure_date_time_jd": "Fri, 21 Mar 2025, 07:58 AM",
                "departure_full_date": "2025-03-21",
                "destination_city_name": "jamalpur_town",
                "is_eid_trip": 0,
                "is_from_city_international": false,
                "is_international": 0,
                "is_open_for_all": true,
                "origin_city_name": "biman_bandar",
                "parent_route": {
                    "arrival_date": "2025-03-21",
                    "arrival_time": "12:50:00",
                    "departure_date": "2025-03-21",
                    "departure_time": "07:30:00",
                    "destination_city_name": "dewanganj_bazar",
                    "origin_city_name": "dhaka"
                },
                "seat_types": [
                    {
                        "destination_city_seq": 8,
                        "fare": "415.00",
                        "key": 2,
                        "origin_city_seq": 2,
                        "route_id": 22074,
                        "seat_counts": {
                            "is_divided": true,
                            "offline": 0,
                            "online": 0
                        },
                        "trip_id": 8408259,
                        "trip_route_id": 52539449,
                        "type": "AC_S",
                        "vat_amount": 63,
                        "vat_percent": 15
                    },
                    {
                        "destination_city_seq": 8,
                        "fare": "280.00",
                        "key": 5,
                        "origin_city_seq": 2,
                        "route_id": 22074,
                        "seat_counts": {
                            "is_divided": true,
                            "offline": 0,
                            "online": 0
                        },
                        "trip_id": 8408261,
                        "trip_route_id": 52539507,
                        "type": "F_SEAT",
                        "vat_amount": 42,
                        "vat_percent": 15
                    },
                    {
                        "destination_city_seq": 8,
                        "fare": "210.00",
                        "key": 7,
                        "origin_city_seq": 2,
                        "route_id": 22074,
                        "seat_counts": {
                            "is_divided": true,
                            "offline": 0,
                            "online": 0
                        },
                        "trip_id": 8408263,
                        "trip_route_id": 52539565,
                        "type": "S_CHAIR",
                        "vat_amount": 0,
                        "vat_percent": 0
                    },
                    {
                        "destination_city_seq": 8,
                        "fare": "350.00",
                        "key": 3,
                        "origin_city_seq": 2,
                        "route_id": 22074,
                        "seat_counts": {
                            "is_divided": true,
                            "offline": 0,
                            "online": 0
                        },
                        "trip_id": 8408265,
                        "trip_route_id": 52539623,
                        "type": "SNIGDHA",
                        "vat_amount": 53,
                        "vat_percent": 15
                    }
                ],
                "train_model": "707",
                "travel_time": "03h 38m",
                "trip_number": "TISTA EXPRESS (707)"
            },
            {
                "arrival_date_time": "21 Mar, 02:25 pm",
                "boarding_points": [
                    {
                        "location_date": "21 Mar 2025",
                        "location_id": 2702,
                        "location_name": "Biman_Bandar Station",
                        "location_time": "10:27 AM",
                        "trip_point_id": 107729904
                    }
                ],
                "departure_date_time": "21 Mar, 10:27 am",
                "departure_date_time_jd": "Fri, 21 Mar 2025, 10:27 AM",
                "departure_full_date": "2025-03-21",
                "destination_city_name": "jamalpur_town",
                "is_eid_trip": 0,
                "is_from_city_international": false,
                "is_international": 0,
                "is_open_for_all": true,
                "origin_city_name": "biman_bandar",
                "parent_route": {
                    "arrival_date": "2025-03-21",
                    "arrival_time": "16:45:00",
                    "departure_date": "2025-03-21",
                    "departure_time": "10:00:00",
                    "destination_city_name": "bhuapur",
                    "origin_city_name": "dhaka"
                },
                "seat_types": [
                    {
                        "destination_city_seq": 9,
                        "fare": "210.00",
                        "key": 7,
                        "origin_city_seq": 2,
                        "route_id": 24117,
                        "seat_counts": {
                            "is_divided": true,
                            "offline": 0,
                            "online": 0
                        },
                        "trip_id": 8408519,
                        "trip_route_id": 52546393,
                        "type": "S_CHAIR",
                        "vat_amount": 0,
                        "vat_percent": 0
                    },
                    {
                        "destination_city_seq": 9,
                        "fare": "350.00",
                        "key": 3,
                        "origin_city_seq": 2,
                        "route_id": 24117,
                        "seat_counts": {
                            "is_divided": true,
                            "offline": 0,
                            "online": 0
                        },
                        "trip_id": 8408521,
                        "trip_route_id": 52546443,
                        "type": "SNIGDHA",
                        "vat_amount": 53,
                        "vat_percent": 15
                    }
                ],
                "train_model": "799",
                "travel_time": "03h 58m",
                "trip_number": "JAMALPUR EXPRESS (799)"
            },
            {
                "arrival_date_time": "21 Mar, 03:38 pm",
                "boarding_points": [
                    {
                        "location_date": "21 Mar 2025",
                        "location_id": 2702,
                        "location_name": "Biman_Bandar Station",
                        "location_time": "11:58 AM",
                        "trip_point_id": 107727494
                    }
                ],
                "departure_date_time": "21 Mar, 11:58 am",
                "departure_date_time_jd": "Fri, 21 Mar 2025, 11:58 AM",
                "departure_full_date": "2025-03-21",
                "destination_city_name": "jamalpur_town",
                "is_eid_trip": 0,
                "is_from_city_international": false,
                "is_international": 0,
                "is_open_for_all": true,
                "origin_city_name": "biman_bandar",
                "parent_route": {
                    "arrival_date": "2025-03-21",
                    "arrival_time": "17:00:00",
                    "departure_date": "2025-03-21",
                    "departure_time": "11:30:00",
                    "destination_city_name": "tarakandi",
                    "origin_city_name": "dhaka"
                },
                "seat_types": [
                    {
                        "destination_city_seq": 6,
                        "fare": "175.00",
                        "key": 8,
                        "origin_city_seq": 2,
                        "route_id": 22685,
                        "seat_counts": {
                            "is_divided": true,
                            "offline": 0,
                            "online": 0
                        },
                        "trip_id": 8408363,
                        "trip_route_id": 52543227,
                        "type": "SHOVAN",
                        "vat_amount": 0,
                        "vat_percent": 0
                    },
                    {
                        "destination_city_seq": 6,
                        "fare": "210.00",
                        "key": 7,
                        "origin_city_seq": 2,
                        "route_id": 22685,
                        "seat_counts": {
                            "is_divided": true,
                            "offline": 0,
                            "online": 0
                        },
                        "trip_id": 8408365,
                        "trip_route_id": 52543275,
                        "type": "S_CHAIR",
                        "vat_amount": 0,
                        "vat_percent": 0
                    },
                    {
                        "destination_city_seq": 6,
                        "fare": "280.00",
                        "key": 6,
                        "origin_city_seq": 2,
                        "route_id": 22685,
                        "seat_counts": {
                            "is_divided": true,
                            "offline": 0,
                            "online": 0
                        },
                        "trip_id": 8408367,
                        "trip_route_id": 52543320,
                        "type": "F_CHAIR",
                        "vat_amount": 42,
                        "vat_percent": 15
                    },
                    {
                        "destination_city_seq": 6,
                        "fare": "280.00",
                        "key": 5,
                        "origin_city_seq": 2,
                        "route_id": 22685,
                        "seat_counts": {
                            "is_divided": true,
                            "offline": 0,
                            "online": 0
                        },
                        "trip_id": 8408369,
                        "trip_route_id": 52543354,
                        "type": "F_SEAT",
                        "vat_amount": 42,
                        "vat_percent": 15
                    }
                ],
                "train_model": "735",
                "travel_time": "03h 40m",
                "trip_number": "AGHNIBINA EXPRESS (735)"
            },
            {
                "arrival_date_time": "21 Mar, 10:05 pm",
                "boarding_points": [
                    {
                        "location_date": "21 Mar 2025",
                        "location_id": 2702,
                        "location_name": "Biman_Bandar Station",
                        "location_time": "05:13 PM",
                        "trip_point_id": 107728602
                    }
                ],
                "departure_date_time": "21 Mar, 05:13 pm",
                "departure_date_time_jd": "Fri, 21 Mar 2025, 05:13 PM",
                "departure_full_date": "2025-03-21",
                "destination_city_name": "jamalpur_town",
                "is_eid_trip": 0,
                "is_from_city_international": false,
                "is_international": 0,
                "is_open_for_all": true,
                "origin_city_name": "biman_bandar",
                "parent_route": {
                    "arrival_date": "2025-03-21",
                    "arrival_time": "23:30:00",
                    "departure_date": "2025-03-21",
                    "departure_time": "16:45:00",
                    "destination_city_name": "tarakandi",
                    "origin_city_name": "dhaka"
                },
                "seat_types": [
                    {
                        "destination_city_seq": 11,
                        "fare": "175.00",
                        "key": 8,
                        "origin_city_seq": 2,
                        "route_id": 23225,
                        "seat_counts": {
                            "is_divided": true,
                            "offline": 0,
                            "online": 0
                        },
                        "trip_id": 8408431,
                        "trip_route_id": 52544685,
                        "type": "SHOVAN",
                        "vat_amount": 0,
                        "vat_percent": 0
                    },
                    {
                        "destination_city_seq": 11,
                        "fare": "210.00",
                        "key": 7,
                        "origin_city_seq": 2,
                        "route_id": 23225,
                        "seat_counts": {
                            "is_divided": true,
                            "offline": 0,
                            "online": 0
                        },
                        "trip_id": 8408433,
                        "trip_route_id": 52544746,
                        "type": "S_CHAIR",
                        "vat_amount": 0,
                        "vat_percent": 0
                    },
                    {
                        "destination_city_seq": 11,
                        "fare": "280.00",
                        "key": 6,
                        "origin_city_seq": 2,
                        "route_id": 23225,
                        "seat_counts": {
                            "is_divided": true,
                            "offline": 0,
                            "online": 0
                        },
                        "trip_id": 8408435,
                        "trip_route_id": 52544794,
                        "type": "F_CHAIR",
                        "vat_amount": 42,
                        "vat_percent": 15
                    },
                    {
                        "destination_city_seq": 11,
                        "fare": "280.00",
                        "key": 5,
                        "origin_city_seq": 2,
                        "route_id": 23225,
                        "seat_counts": {
                            "is_divided": true,
                            "offline": 0,
                            "online": 0
                        },
                        "trip_id": 8408437,
                        "trip_route_id": 52544834,
                        "type": "F_SEAT",
                        "vat_amount": 42,
                        "vat_percent": 15
                    }
                ],
                "train_model": "745",
                "travel_time": "04h 52m",
                "trip_number": "JAMUNA EXPRESS (745)"
            },
            {
                "arrival_date_time": "21 Mar, 10:39 pm",
                "boarding_points": [
                    {
                        "location_date": "21 Mar 2025",
                        "location_id": 2702,
                        "location_name": "Biman_Bandar Station",
                        "location_time": "06:43 PM",
                        "trip_point_id": 107728454
                    }
                ],
                "departure_date_time": "21 Mar, 06:43 pm",
                "departure_date_time_jd": "Fri, 21 Mar 2025, 06:43 PM",
                "departure_full_date": "2025-03-21",
                "destination_city_name": "jamalpur_town",
                "is_eid_trip": 0,
                "is_from_city_international": false,
                "is_international": 0,
                "is_open_for_all": true,
                "origin_city_name": "biman_bandar",
                "parent_route": {
                    "arrival_date": "2025-03-21",
                    "arrival_time": "23:50:00",
                    "departure_date": "2025-03-21",
                    "departure_time": "18:15:00",
                    "destination_city_name": "dewanganj_bazar",
                    "origin_city_name": "dhaka"
                },
                "seat_types": [
                    {
                        "destination_city_seq": 8,
                        "fare": "210.00",
                        "key": 7,
                        "origin_city_seq": 2,
                        "route_id": 22074,
                        "seat_counts": {
                            "is_divided": true,
                            "offline": 2,
                            "online": 2
                        },
                        "trip_id": 8408423,
                        "trip_route_id": 52544442,
                        "type": "S_CHAIR",
                        "vat_amount": 0,
                        "vat_percent": 0
                    },
                    {
                        "destination_city_seq": 8,
                        "fare": "350.00",
                        "key": 3,
                        "origin_city_seq": 2,
                        "route_id": 22074,
                        "seat_counts": {
                            "is_divided": true,
                            "offline": 2,
                            "online": 2
                        },
                        "trip_id": 8408425,
                        "trip_route_id": 52544502,
                        "type": "SNIGDHA",
                        "vat_amount": 53,
                        "vat_percent": 15
                    }
                ],
                "train_model": "743",
                "travel_time": "03h 56m",
                "trip_number": "BHRAMMAPUTRA EXPRESS (743)"
            }
        ]
    },
    "extra": {
        "hash": "2913D4E613EE77BA81FCAB988D4D7E11"
    }
}