{
    "data": {
        "recommendations": [],
        "selected_seat_class": "S_CHAIR",
        "trains": [
            {
                "arrival_date_time": "22 Mar, 05:10 am",
                "boarding_points": [
                    {
                        "location_date": "21 Mar 2025",
                        "location_id": 2702,
                        "location_name": "Biman_Bandar Station",
                        "location_time": "08:28 PM",
                        "trip_point_id": 107732024
                    }
                ],
                "departure_date_time": "21 Mar, 08:28 pm",
                "departure_date_time_jd": "Fri, 21 Mar 2025, 08:28 PM",
                "departure_full_date": "2025-03-21",
                "destination_city_name": "kurigram",
                "is_eid_trip": 0,
                "is_from_city_international": false,
                "is_international": 0,
                "is_open_for_all": true,
                "origin_city_name": "biman_bandar",
                "parent_route": {
                    "arrival_date": "2025-03-22",
                    "arrival_time": "05:10:00",
                    "departure_date": "2025-03-21",
                    "departure_time": "20:00:00",
                    "destination_city_name": "kurigram",
                    "origin_city_name": "dhaka"
                },
                "seat_types": [
                    {
                        "destination_city_seq": 11,
                        "fare": "2050.00",
                        "key": 1,
                        "origin_city_seq": 2,
                        "route_id": 19695,
                        "seat_counts": {
                            "is_divided": true,
                            "offline": 0,
                            "online": 0
                        },
                        "trip_id": 8408651,
                        "trip_route_id": 52549344,
                        "type": "AC_B",
                        "vat_amount": 308,
                        "vat_percent": 15
                    },
                    {
                        "destination_city_seq": 11,
                        "fare": "1140.00",
                        "key": 3,
                        "origin_city_seq": 2,
                        "route_id": 19695,
                        "seat_counts": {
                            "is_divided": true,
                            "offline": 1,
                            "online": 1
                        },
                        "trip_id": 8408653,
                        "trip_route_id": 52549406,
                        "type": "SNIGDHA",
                        "vat_amount": 171,
                        "vat_percent": 15
                    },
                    {
                        "destination_city_seq": 11,
                        "fare": "685.00",
                        "key": 7,
                        "origin_city_seq": 2,
                        "route_id": 19695,
                        "seat_counts": {
                            "is_divided": true,
                            "offline": 0,
                            "online": 1
                        },
                        "trip_id": 8408657,
                        "trip_route_id": 52549527,
                        "type": "S_CHAIR",
                        "vat_amount": 0,
                        "vat_percent": 0
                    }
                ],
                "train_model": "797",
                "travel_time": "08h 42m",
                "trip_number": "KURIGRAM EXPRESS (797)"
            }
        ]
    },
    "extra": {
        "hash": "2913D4E613EE77BA81FCAB988D4D7E11"
    }
}