{
    "data": {
        "recommendations": [
            {
                "destination": "Bajitpur",
                "origin": "Narsingdi"
            },
            {
                "destination": "Kuliarchar",
                "origin": "Biman_bandar"
            }
        ],
        "selected_seat_class": "S_CHAIR",
        "trains": [
            {
                "arrival_date_time": "21 Mar, 09:42 am",
                "boarding_points": [
                    {
                        "location_date": "21 Mar 2025",
                        "location_id": 2702,
                        "location_name": "Biman_Bandar Station",
                        "location_time": "07:43 AM",
                        "trip_point_id": 107727710
                    }
                ],
                "departure_date_time": "21 Mar, 07:43 am",
                "departure_date_time_jd": "Fri, 21 Mar 2025, 07:43 AM",
                "departure_full_date": "2025-03-21",
                "destination_city_name": "bajitpur",
                "is_eid_trip": 0,
                "is_from_city_international": false,
                "is_international": 0,
                "is_open_for_all": true,
                "origin_city_name": "biman_bandar",
                "parent_route": {
                    "arrival_date": "2025-03-21",
                    "arrival_time": "11:10:00",
                    "departure_date": "2025-03-21",
                    "departure_time": "07:15:00",
                    "destination_city_name": "kishorganj",
                    "origin_city_name": "dhaka"
                },
                "seat_types": [
                    {
                        "destination_city_seq": 7,
                        "fare": "105.00",
                        "key": 8,
                        "origin_city_seq": 2,
                        "route_id": 22724,
                        "seat_counts": {
                            "is_divided": true,
                            "offline": 0,
                            "online": 0
                        },
                        "trip_id": 8408379,
                        "trip_route_id": 52543563,
                        "type": "SHOVAN",
                        "vat_amount": 0,
                        "vat_percent": 0
                    },
                    {
                        "destination_city_seq": 7,
                        "fare": "125.00",
                        "key": 7,
                        "origin_city_seq": 2,
                        "route_id": 22724,
                        "seat_counts": {
                            "is_divided": true,
                            "offline": 0,
                            "online": 0
                        },
                        "trip_id": 8408381,
                        "trip_route_id": 52543609,
                        "type": "S_CHAIR",
                        "vat_amount": 0,
                        "vat_percent": 0
                    },
                    {
                        "destination_city_seq": 7,
                        "fare": "170.00",
                        "key": 5,
                        "origin_city_seq": 2,
                        "route_id": 22724,
                        "seat_counts": {
                            "is_divided": true,
                            "offline": 0,
                            "online": 0
                        },
                        "trip_id": 8408385,
                        "trip_route_id": 52543701,
                        "type": "F_SEAT",
                        "vat_amount": 26,
                        "vat_percent": 15
                    }
                ],
                "train_model": "737",
                "travel_time": "01h 59m",
                "trip_number": "EGAROSINDHUR PROVATI (737)"
            },
            {
                "arrival_date_time": "21 Mar, 01:04 pm",
                "boarding_points": [
                    {
                        "location_date": "21 Mar 2025",
                        "location_id": 2702,
                        "location_name": "Biman_Bandar Station",
                        "location_time": "10:57 AM",
                        "trip_point_id": 107729138
                    }
                ],
                "departure_date_time": "21 Mar, 10:57 am",
                "departure_date_time_jd": "Fri, 21 Mar 2025, 10:57 AM",
                "departure_full_date": "2025-03-21",
                "destination_city_name": "bajitpur",
                "is_eid_trip": 0,
                "is_from_city_international": false,
                "is_international": 0,
                "is_open_for_all": true,
                "origin_city_name": "biman_bandar",
                "parent_route": {
                    "arrival_date": "2025-03-21",
                    "arrival_time": "14:10:00",
                    "departure_date": "2025-03-21",
                    "departure_time": "10:30:00",
                    "destination_city_name": "kishorganj",
                    "origin_city_name": "dhaka"
                },
                "seat_types": [
                    {
                        "destination_city_seq": 7,
                        "fare": "250.00",
                        "key": 2,
                        "origin_city_seq": 2,
                        "route_id": 22724,
                        "seat_counts": {
                            "is_divided": true,
                            "offline": 0,
                            "online": 0
                        },
                        "trip_id": 8408463,
                        "trip_route_id": 52545448,
                        "type": "AC_S",
                        "vat_amount": 38,
                        "vat_percent": 15
                    },
                    {
                        "destination_city_seq": 7,
                        "fare": "125.00",
                        "key": 7,
                        "origin_city_seq": 2,
                        "route_id": 22724,
                        "seat_counts": {
                            "is_divided": true,
                            "offline": 0,
                            "online": 0
                        },
                        "trip_id": 8408465,
                        "trip_route_id": 52545499,
                        "type": "S_CHAIR",
                        "vat_amount": 0,
                        "vat_percent": 0
                    },
                    {
                        "destination_city_seq": 7,
                        "fare": "210.00",
                        "key": 3,
                        "origin_city_seq": 2,
                        "route_id": 22724,
                        "seat_counts": {
                            "is_divided": true,
                            "offline": 0,
                            "online": 0
                        },
                        "trip_id": 8408467,
                        "trip_route_id": 52545580,
                        "type": "SNIGDHA",
                        "vat_amount": 32,
                        "vat_percent": 15
                    }
                ],
                "train_model": "781",
                "travel_time": "02h 07m",
                "trip_number": "KISHORGANJ EXPRESS (781)"
            },
            {
                "arrival_date_time": "21 Mar, 09:20 pm",
                "boarding_points": [
                    {
                        "location_date": "21 Mar 2025",
                        "location_id": 2702,
                        "location_name": "Biman_Bandar Station",
                        "location_time": "07:13 PM",
                        "trip_point_id": 107728856
                    }
                ],
                "departure_date_time": "21 Mar, 07:13 pm",
                "departure_date_time_jd": "Fri, 21 Mar 2025, 07:13 PM",
                "departure_full_date": "2025-03-21",
                "destination_city_name": "bajitpur",
                "is_eid_trip": 0,
                "is_from_city_international": false,
                "is_international": 0,
                "is_open_for_all": true,
                "origin_city_name": "biman_bandar",
                "parent_route": {
                    "arrival_date": "2025-03-21",
                    "arrival_time": "22:40:00",
                    "departure_date": "2025-03-21",
                    "departure_time": "18:45:00",
                    "destination_city_name": "kishorganj",
                    "origin_city_name": "dhaka"
                },
                "seat_types": [
                    {
                        "destination_city_seq": 7,
                        "fare": "105.00",
                        "key": 8,
                        "origin_city_seq": 2,
                        "route_id": 22724,
                        "seat_counts": {
                            "is_divided": true,
                            "offline": 0,
                            "online": 0
                        },
                        "trip_id": 8408447,
                        "trip_route_id": 52545082,
                        "type": "SHOVAN",
                        "vat_amount": 0,
                        "vat_percent": 0
                    },
                    {
                        "destination_city_seq": 7,
                        "fare": "125.00",
                        "key": 7,
                        "origin_city_seq": 2,
                        "route_id": 22724,
                        "seat_counts": {
                            "is_divided": true,
                            "offline": 0,
                            "online": 0
                        },
                        "trip_id": 8408449,
                        "trip_route_id": 52545131,
                        "type": "S_CHAIR",
                        "vat_amount": 0,
                        "vat_percent": 0
                    },
                    {
                        "destination_city_seq": 7,
                        "fare": "170.00",
                        "key": 6,
                        "origin_city_seq": 2,
                        "route_id": 22724,
                        "seat_counts": {
                            "is_divided": true,
                            "offline": 0,
                            "online": 0
                        },
                        "trip_id": 8408451,
                        "trip_route_id": 52545174,
                        "type": "F_CHAIR",
                        "vat_amount": 26,
                        "vat_percent": 15
                    },
                    {
                        "destination_city_seq": 7,
                        "fare": "170.00",
                        "key": 5,
                        "origin_city_seq": 2,
                        "route_id": 22724,
                        "seat_counts": {
                            "is_divided": true,
                            "offline": 0,
                            "online": 0
                        },
                        "trip_id": 8408453,
                        "trip_route_id": 52545217,
                        "type": "F_SEAT",
                        "vat_amount": 26,
                        "vat_percent": 15
                    }
                ],
                "train_model": "749",
                "travel_time": "02h 07m",
                "trip_number": "EGAROSINDHUR GODHULI (749)"
            }
        ]
    },
    "extra": {
        "hash": "2913D4E613EE77BA81FCAB988D4D7E11"
    }
}