{
    "data": {
        "recommendations": [
            {
                "destination": "Boral_bridge",
                "origin": "Joydebpur"
            },
            {
                "destination": "Ullapara",
                "origin": "Biman_bandar"
            }
        ],
        "selected_seat_class": "S_CHAIR",
        "trains": [
            {
                "arrival_date_time": "21 Mar, 09:28 am",
                "boarding_points": [
                    {
                        "location_date": "21 Mar 2025",
                        "location_id": 2702,
                        "location_name": "Biman_Bandar Station",
                        "location_time": "06:28 AM",
                        "trip_point_id": 107730857
                    }
                ],
                "departure_date_time": "21 Mar, 06:28 am",
                "departure_date_time_jd": "Fri, 21 Mar 2025, 06:28 AM",
                "departure_full_date": "2025-03-21",
                "destination_city_name": "boral_bridge",
                "is_eid_trip": 0,
                "is_from_city_international": false,
                "is_international": 0,
                "is_open_for_all": true,
                "origin_city_name": "biman_bandar",
                "parent_route": {
                    "arrival_date": "2025-03-21",
                    "arrival_time": "11:40:00",
                    "departure_date": "2025-03-21",
                    "departure_time": "06:00:00",
                    "destination_city_name": "rajshahi",
                    "origin_city_name": "dhaka"
                },
                "seat_types": [
                    {
                        "destination_city_seq": 10,
                        "fare": "345.00",
                        "key": 7,
                        "origin_city_seq": 2,
                        "route_id": 19514,
                        "seat_counts": {
                            "is_divided": true,
                            "offline": 0,
                            "online": 0
                        },
                        "trip_id": 8408601,
                        "trip_route_id": 52547388,
                        "type": "S_CHAIR",
                        "vat_amount": 0,
                        "vat_percent": 0
                    },
                    {
                        "destination_city_seq": 10,
                        "fare": "575.00",
                        "key": 3,
                        "origin_city_seq": 2,
                        "route_id": 19514,
                        "seat_counts": {
                            "is_divided": true,
                            "offline": 0,
                            "online": 0
                        },
                        "trip_id": 8408603,
                        "trip_route_id": 52547484,
                        "type": "SNIGDHA",
                        "vat_amount": 87,
                        "vat_percent": 15
                    },
                    {
                        "destination_city_seq": 10,
                        "fare": "690.00",
                        "key": 2,
                        "origin_city_seq": 2,
                        "route_id": 19514,
                        "seat_counts": {
                            "is_divided": true,
                            "offline": 0,
                            "online": 0
                        },
                        "trip_id": 8408605,
                        "trip_route_id": 52547586,
                        "type": "AC_S",
                        "vat_amount": 104,
                        "vat_percent": 15
                    }
                ],
                "train_model": "769",
                "travel_time": "03h 00m",
                "trip_number": "DHUMKETU EXPRESS (769)"
            },
            {
                "arrival_date_time": "21 Mar, 06:06 pm",
                "boarding_points": [
                    {
                        "location_date": "21 Mar 2025",
                        "location_id": 2702,
                        "location_name": "Biman_Bandar Station",
                        "location_time": "02:58 PM",
                        "trip_point_id": 107731338
                    }
                ],
                "departure_date_time": "21 Mar, 02:58 pm",
                "departure_date_time_jd": "Fri, 21 Mar 2025, 02:58 PM",
                "departure_full_date": "2025-03-21",
                "destination_city_name": "boral_bridge",
                "is_eid_trip": 0,
                "is_from_city_international": false,
                "is_international": 0,
                "is_open_for_all": true,
                "origin_city_name": "biman_bandar",
                "parent_route": {
                    "arrival_date": "2025-03-21",
                    "arrival_time": "20:20:00",
                    "departure_date": "2025-03-21",
                    "departure_time": "14:30:00",
                    "destination_city_name": "rajshahi",
                    "origin_city_name": "dhaka"
                },
                "seat_types": [
                    {
                        "destination_city_seq": 10,
                        "fare": "690.00",
                        "key": 2,
                        "origin_city_seq": 2,
                        "route_id": 19514,
                        "seat_counts": {
                            "is_divided": true,
                            "offline": 0,
                            "online": 0
                        },
                        "trip_id": 8408623,
                        "trip_route_id": 52548255,
                        "type": "AC_S",
                        "vat_amount": 104,
                        "vat_percent": 15
                    },
                    {
                        "destination_city_seq": 10,
                        "fare": "575.00",
                        "key": 3,
                        "origin_city_seq": 2,
                        "route_id": 19514,
                        "seat_counts": {
                            "is_divided": true,
                            "offline": 0,
                            "online": 0
                        },
                        "trip_id": 8408625,
                        "trip_route_id": 52548347,
                        "type": "SNIGDHA",
                        "vat_amount": 87,
                        "vat_percent": 15
                    },
                    {
                        "destination_city_seq": 10,
                        "fare": "345.00",
                        "key": 7,
                        "origin_city_seq": 2,
                        "route_id": 19514,
                        "seat_counts": {
                            "is_divided": true,
                            "offline": 0,
                            "online": 0
                        },
                        "trip_id": 8408627,
                        "trip_route_id": 52548440,
                        "type": "S_CHAIR",
                        "vat_amount": 0,
                        "vat_percent": 0
                    }
                ],
                "train_model": "753",
                "travel_time": "03h 08m",
                "trip_number": "SILKCITY EXPRESS (753)"
            },
            {
                "arrival_date_time": "22 Mar, 01:51 am",
                "boarding_points": [
                    {
                        "location_date": "21 Mar 2025",
                        "location_id": 2702,
                        "location_name": "Biman_Bandar Station",
                        "location_time": "11:13 PM",
                        "trip_point_id": 107731109
                    }
                ],
                "departure_date_time": "21 Mar, 11:13 pm",
                "departure_date_time_jd": "Fri, 21 Mar 2025, 11:13 PM",
                "departure_full_date": "2025-03-21",
                "destination_city_name": "boral_bridge",
                "is_eid_trip": 0,
                "is_from_city_international": false,
                "is_international": 0,
                "is_open_for_all": true,
                "origin_city_name": "biman_bandar",
                "parent_route": {
                    "arrival_date": "2025-03-22",
                    "arrival_time": "04:00:00",
                    "departure_date": "2025-03-21",
                    "departure_time": "22:45:00",
                    "destination_city_name": "rajshahi",
                    "origin_city_name": "dhaka"
                },
                "seat_types": [
                    {
                        "destination_city_seq": 10,
                        "fare": "1030.00",
                        "key": 1,
                        "origin_city_seq": 2,
                        "route_id": 19514,
                        "seat_counts": {
                            "is_divided": true,
                            "offline": 0,
                            "online": 0
                        },
                        "trip_id": 8408613,
                        "trip_route_id": 52547813,
                        "type": "AC_B",
                        "vat_amount": 155,
                        "vat_percent": 15
                    },
                    {
                        "destination_city_seq": 10,
                        "fare": "575.00",
                        "key": 3,
                        "origin_city_seq": 2,
                        "route_id": 19514,
                        "seat_counts": {
                            "is_divided": true,
                            "offline": 0,
                            "online": 0
                        },
                        "trip_id": 8408615,
                        "trip_route_id": 52547907,
                        "type": "SNIGDHA",
                        "vat_amount": 87,
                        "vat_percent": 15
                    },
                    {
                        "destination_city_seq": 10,
                        "fare": "345.00",
                        "key": 7,
                        "origin_city_seq": 2,
                        "route_id": 19514,
                        "seat_counts": {
                            "is_divided": true,
                            "offline": 0,
                            "online": 0
                        },
                        "trip_id": 8408617,
                        "trip_route_id": 52548001,
                        "type": "S_CHAIR",
                        "vat_amount": 0,
                        "vat_percent": 0
                    }
                ],
                "train_model": "759",
                "travel_time": "02h 38m",
                "trip_number": "PADMA EXPRESS (759)"
            }
        ]
    },
    "extra": {
        "hash": "2913D4E613EE77BA81FCAB988D4D7E11"
    }
}