{
    "data": {
        "recommendations": [
            {
                "destination": "Chuadanga",
                "origin": "Joydebpur"
            },
            {
                "destination": "Alamdanga",
                "origin": "Biman_bandar"
            }
        ],
        "selected_seat_class": "S_CHAIR",
        "trains": [
            {
                "arrival_date_time": "22 Mar, 01:24 am",
                "boarding_points": [
                    {
                        "location_date": "21 Mar 2025",
                        "location_id": 2702,
                        "location_name": "Biman_Bandar Station",
                        "location_time": "07:58 PM",
                        "trip_point_id": 107733385
                    }
                ],
                "departure_date_time": "21 Mar, 07:58 pm",
                "departure_date_time_jd": "Fri, 21 Mar 2025, 07:58 PM",
                "departure_full_date": "2025-03-21",
                "destination_city_name": "chuadanga",
                "is_eid_trip": 0,
                "is_from_city_international": false,
                "is_international": 0,
                "is_open_for_all": true,
                "origin_city_name": "biman_bandar",
                "parent_route": {
                    "arrival_date": "2025-03-22",
                    "arrival_time": "04:40:00",
                    "departure_date": "2025-03-21",
                    "departure_time": "19:30:00",
                    "destination_city_name": "khulna",
                    "origin_city_name": "dhaka"
                },
                "seat_types": [
                    {
                        "destination_city_seq": 17,
                        "fare": "855.00",
                        "key": 3,
                        "origin_city_seq": 2,
                        "route_id": 20625,
                        "seat_counts": {
                            "is_divided": true,
                            "offline": 0,
                            "online": 0
                        },
                        "trip_id": 8408696,
                        "trip_route_id": 52551952,
                        "type": "SNIGDHA",
                        "vat_amount": 129,
                        "vat_percent": 15
                    },
                    {
                        "destination_city_seq": 17,
                        "fare": "1540.00",
                        "key": 1,
                        "origin_city_seq": 2,
                        "route_id": 20625,
                        "seat_counts": {
                            "is_divided": true,
                            "offline": 0,
                            "online": 0
                        },
                        "trip_id": 8408727,
                        "trip_route_id": 52553993,
                        "type": "AC_B",
                        "vat_amount": 231,
                        "vat_percent": 15
                    },
                    {
                        "destination_city_seq": 17,
                        "fare": "515.00",
                        "key": 7,
                        "origin_city_seq": 2,
                        "route_id": 20625,
                        "seat_counts": {
                            "is_divided": true,
                            "offline": 0,
                            "online": 0
                        },
                        "trip_id": 8408729,
                        "trip_route_id": 52554126,
                        "type": "S_CHAIR",
                        "vat_amount": 0,
                        "vat_percent": 0
                    }
                ],
                "train_model": "764",
                "travel_time": "05h 26m",
                "trip_number": "CHITRA EXPRESS (764)"
            }
        ]
    },
    "extra": {
        "hash": "2913D4E613EE77BA81FCAB988D4D7E11"
    }
}