{
    "data": {
        "recommendations": [],
        "selected_seat_class": "S_CHAIR",
        "trains": [
            {
                "arrival_date_time": "21 Mar, 08:40 am",
                "boarding_points": [
                    {
                        "location_date": "21 Mar 2025",
                        "location_id": 2781,
                        "location_name": "Birampur Station",
                        "location_time": "07:20 AM",
                        "trip_point_id": 107732320
                    }
                ],
                "departure_date_time": "21 Mar, 07:20 am",
                "departure_date_time_jd": "Fri, 21 Mar 2025, 07:20 AM",
                "departure_full_date": "2025-03-21",
                "destination_city_name": "santahar",
                "is_eid_trip": 0,
                "is_from_city_international": false,
                "is_international": 0,
                "is_open_for_all": true,
                "origin_city_name": "birampur",
                "parent_route": {
                    "arrival_date": "2025-03-21",
                    "arrival_time": "11:10:00",
                    "departure_date": "2025-03-21",
                    "departure_time": "05:00:00",
                    "destination_city_name": "rajshahi",
                    "origin_city_name": "chilahati"
                },
                "seat_types": [
                    {
                        "destination_city_seq": 14,
                        "fare": "80.00",
                        "key": 7,
                        "origin_city_seq": 8,
                        "route_id": 20328,
                        "seat_counts": {
                            "is_divided": true,
                            "offline": 6,
                            "online": 6
                        },
                        "trip_id": 8408666,
                        "trip_route_id": 52549867,
                        "type": "S_CHAIR",
                        "vat_amount": 0,
                        "vat_percent": 0
                    }
                ],
                "train_model": "732",
                "travel_time": "01h 20m",
                "trip_number": "BARENDRA EXPRESS (732)"
            },
            {
                "arrival_date_time": "21 Mar, 09:15 am",
                "boarding_points": [
                    {
                        "location_date": "21 Mar 2025",
                        "location_id": 2781,
                        "location_name": "Birampur Station",
                        "location_time": "08:03 AM",
                        "trip_point_id": 107736467
                    }
                ],
                "departure_date_time": "21 Mar, 08:03 am",
                "departure_date_time_jd": "Fri, 21 Mar 2025, 08:03 AM",
                "departure_full_date": "2025-03-21",
                "destination_city_name": "santahar",
                "is_eid_trip": 0,
                "is_from_city_international": false,
                "is_international": 0,
                "is_open_for_all": true,
                "origin_city_name": "birampur",
                "parent_route": {
                    "arrival_date": "2025-03-21",
                    "arrival_time": "14:55:00",
                    "departure_date": "2025-03-21",
                    "departure_time": "06:00:00",
                    "destination_city_name": "dhaka",
                    "origin_city_name": "chilahati"
                },
                "seat_types": [
                    {
                        "destination_city_seq": 9,
                        "fare": "80.00",
                        "key": 7,
                        "origin_city_seq": 7,
                        "route_id": 24811,
                        "seat_counts": {
                            "is_divided": true,
                            "offline": 1,
                            "online": 1
                        },
                        "trip_id": 8408794,
                        "trip_route_id": 52558736,
                        "type": "S_CHAIR",
                        "vat_amount": 0,
                        "vat_percent": 0
                    }
                ],
                "train_model": "806",
                "travel_time": "01h 12m",
                "trip_number": "CHILAHATI EXPRESS (806)"
            },
            {
                "arrival_date_time": "21 Mar, 06:55 pm",
                "boarding_points": [
                    {
                        "location_date": "21 Mar 2025",
                        "location_id": 2781,
                        "location_name": "Birampur Station",
                        "location_time": "05:30 PM",
                        "trip_point_id": 107735499
                    }
                ],
                "departure_date_time": "21 Mar, 05:30 pm",
                "departure_date_time_jd": "Fri, 21 Mar 2025, 05:30 PM",
                "departure_full_date": "2025-03-21",
                "destination_city_name": "santahar",
                "is_eid_trip": 0,
                "is_from_city_international": false,
                "is_international": 0,
                "is_open_for_all": true,
                "origin_city_name": "birampur",
                "parent_route": {
                    "arrival_date": "2025-03-21",
                    "arrival_time": "21:30:00",
                    "departure_date": "2025-03-21",
                    "departure_time": "15:00:00",
                    "destination_city_name": "rajshahi",
                    "origin_city_name": "chilahati"
                },
                "seat_types": [
                    {
                        "destination_city_seq": 14,
                        "fare": "80.00",
                        "key": 7,
                        "origin_city_seq": 8,
                        "route_id": 20328,
                        "seat_counts": {
                            "is_divided": true,
                            "offline": 5,
                            "online": 5
                        },
                        "trip_id": 8408759,
                        "trip_route_id": 52556795,
                        "type": "S_CHAIR",
                        "vat_amount": 0,
                        "vat_percent": 0
                    }
                ],
                "train_model": "734",
                "travel_time": "01h 25m",
                "trip_number": "TITUMIR EXPRESS (734)"
            }
        ]
    },
    "extra": {
        "hash": "2913D4E613EE77BA81FCAB988D4D7E11"
    }
}