{
    "data": {
        "recommendations": [
            {
                "destination": "Domar",
                "origin": "Fulbari"
            },
            {
                "destination": "Nilphamari",
                "origin": "Birampur"
            }
        ],
        "selected_seat_class": "S_CHAIR",
        "trains": [
            {
                "arrival_date_time": "21 Mar, 06:01 am",
                "boarding_points": [
                    {
                        "location_date": "21 Mar 2025",
                        "location_id": 2781,
                        "location_name": "Birampur Station",
                        "location_time": "04:19 AM",
                        "trip_point_id": 107721360
                    }
                ],
                "departure_date_time": "21 Mar, 04:19 am",
                "departure_date_time_jd": "Fri, 21 Mar 2025, 04:19 AM",
                "departure_full_date": "2025-03-21",
                "destination_city_name": "domar",
                "is_eid_trip": 0,
                "is_from_city_international": false,
                "is_international": 0,
                "is_open_for_all": true,
                "origin_city_name": "birampur",
                "parent_route": {
                    "arrival_date": "2025-03-21",
                    "arrival_time": "06:45:00",
                    "departure_date": "2025-03-20",
                    "departure_time": "21:15:00",
                    "destination_city_name": "chilahati",
                    "origin_city_name": "khulna"
                },
                "seat_types": [
                    {
                        "destination_city_seq": 24,
                        "fare": "120.00",
                        "key": 7,
                        "origin_city_seq": 19,
                        "route_id": 20015,
                        "seat_counts": {
                            "is_divided": true,
                            "offline": 0,
                            "online": 0
                        },
                        "trip_id": 8408045,
                        "trip_route_id": 52534019,
                        "type": "S_CHAIR",
                        "vat_amount": 0,
                        "vat_percent": 0
                    },
                    {
                        "destination_city_seq": 24,
                        "fare": "195.00",
                        "key": 3,
                        "origin_city_seq": 19,
                        "route_id": 20015,
                        "seat_counts": {
                            "is_divided": true,
                            "offline": 0,
                            "online": 0
                        },
                        "trip_id": 8408046,
                        "trip_route_id": 52534148,
                        "type": "SNIGDHA",
                        "vat_amount": 30,
                        "vat_percent": 15
                    },
                    {
                        "destination_city_seq": 24,
                        "fare": "350.00",
                        "key": 1,
                        "origin_city_seq": 19,
                        "route_id": 20015,
                        "seat_counts": {
                            "is_divided": true,
                            "offline": 0,
                            "online": 0
                        },
                        "trip_id": 8408047,
                        "trip_route_id": 52534266,
                        "type": "AC_B",
                        "vat_amount": 53,
                        "vat_percent": 15
                    }
                ],
                "train_model": "747",
                "travel_time": "01h 42m",
                "trip_number": "SIMANTA EXPRESS (747)"
            },
            {
                "arrival_date_time": "21 Mar, 12:30 pm",
                "boarding_points": [
                    {
                        "location_date": "21 Mar 2025",
                        "location_id": 2781,
                        "location_name": "Birampur Station",
                        "location_time": "10:13 AM",
                        "trip_point_id": 107735617
                    }
                ],
                "departure_date_time": "21 Mar, 10:13 am",
                "departure_date_time_jd": "Fri, 21 Mar 2025, 10:13 AM",
                "departure_full_date": "2025-03-21",
                "destination_city_name": "domar",
                "is_eid_trip": 0,
                "is_from_city_international": false,
                "is_international": 0,
                "is_open_for_all": true,
                "origin_city_name": "birampur",
                "parent_route": {
                    "arrival_date": "2025-03-21",
                    "arrival_time": "13:00:00",
                    "departure_date": "2025-03-21",
                    "departure_time": "06:20:00",
                    "destination_city_name": "chilahati",
                    "origin_city_name": "rajshahi"
                },
                "seat_types": [
                    {
                        "destination_city_seq": 18,
                        "fare": "120.00",
                        "key": 7,
                        "origin_city_seq": 12,
                        "route_id": 20244,
                        "seat_counts": {
                            "is_divided": true,
                            "offline": 0,
                            "online": 0
                        },
                        "trip_id": 8408763,
                        "trip_route_id": 52557174,
                        "type": "S_CHAIR",
                        "vat_amount": 0,
                        "vat_percent": 0
                    }
                ],
                "train_model": "733",
                "travel_time": "02h 17m",
                "trip_number": "TITUMIR EXPRESS (733)"
            },
            {
                "arrival_date_time": "21 Mar, 04:24 pm",
                "boarding_points": [
                    {
                        "location_date": "21 Mar 2025",
                        "location_id": 2781,
                        "location_name": "Birampur Station",
                        "location_time": "02:38 PM",
                        "trip_point_id": 107733752
                    }
                ],
                "departure_date_time": "21 Mar, 02:38 pm",
                "departure_date_time_jd": "Fri, 21 Mar 2025, 02:38 PM",
                "departure_full_date": "2025-03-21",
                "destination_city_name": "domar",
                "is_eid_trip": 0,
                "is_from_city_international": false,
                "is_international": 0,
                "is_open_for_all": true,
                "origin_city_name": "birampur",
                "parent_route": {
                    "arrival_date": "2025-03-21",
                    "arrival_time": "17:00:00",
                    "departure_date": "2025-03-21",
                    "departure_time": "07:15:00",
                    "destination_city_name": "chilahati",
                    "origin_city_name": "khulna"
                },
                "seat_types": [
                    {
                        "destination_city_seq": 24,
                        "fare": "235.00",
                        "key": 2,
                        "origin_city_seq": 19,
                        "route_id": 20015,
                        "seat_counts": {
                            "is_divided": true,
                            "offline": 0,
                            "online": 0
                        },
                        "trip_id": 8408707,
                        "trip_route_id": 52552584,
                        "type": "AC_S",
                        "vat_amount": 36,
                        "vat_percent": 15
                    },
                    {
                        "destination_city_seq": 24,
                        "fare": "195.00",
                        "key": 3,
                        "origin_city_seq": 19,
                        "route_id": 20015,
                        "seat_counts": {
                            "is_divided": true,
                            "offline": 0,
                            "online": 0
                        },
                        "trip_id": 8408731,
                        "trip_route_id": 52554254,
                        "type": "SNIGDHA",
                        "vat_amount": 30,
                        "vat_percent": 15
                    },
                    {
                        "destination_city_seq": 24,
                        "fare": "120.00",
                        "key": 7,
                        "origin_city_seq": 19,
                        "route_id": 20015,
                        "seat_counts": {
                            "is_divided": true,
                            "offline": 0,
                            "online": 0
                        },
                        "trip_id": 8408733,
                        "trip_route_id": 52554556,
                        "type": "S_CHAIR",
                        "vat_amount": 0,
                        "vat_percent": 0
                    }
                ],
                "train_model": "727",
                "travel_time": "01h 46m",
                "trip_number": "RUPSHA EXPRESS (727)"
            },
            {
                "arrival_date_time": "22 Mar, 02:00 am",
                "boarding_points": [
                    {
                        "location_date": "21 Mar 2025",
                        "location_id": 2781,
                        "location_name": "Birampur Station",
                        "location_time": "11:53 PM",
                        "trip_point_id": 107736551
                    }
                ],
                "departure_date_time": "21 Mar, 11:53 pm",
                "departure_date_time_jd": "Fri, 21 Mar 2025, 11:53 PM",
                "departure_full_date": "2025-03-21",
                "destination_city_name": "domar",
                "is_eid_trip": 0,
                "is_from_city_international": false,
                "is_international": 0,
                "is_open_for_all": true,
                "origin_city_name": "birampur",
                "parent_route": {
                    "arrival_date": "2025-03-22",
                    "arrival_time": "02:45:00",
                    "departure_date": "2025-03-21",
                    "departure_time": "17:00:00",
                    "destination_city_name": "chilahati",
                    "origin_city_name": "dhaka"
                },
                "seat_types": [
                    {
                        "destination_city_seq": 13,
                        "fare": "120.00",
                        "key": 7,
                        "origin_city_seq": 8,
                        "route_id": 24736,
                        "seat_counts": {
                            "is_divided": true,
                            "offline": 0,
                            "online": 0
                        },
                        "trip_id": 8408798,
                        "trip_route_id": 52558881,
                        "type": "S_CHAIR",
                        "vat_amount": 0,
                        "vat_percent": 0
                    }
                ],
                "train_model": "805",
                "travel_time": "02h 07m",
                "trip_number": "CHILAHATI EXPRESS (805)"
            }
        ]
    },
    "extra": {
        "hash": "2913D4E613EE77BA81FCAB988D4D7E11"
    }
}