{
    "data": {
        "recommendations": [],
        "selected_seat_class": "S_CHAIR",
        "trains": [
            {
                "arrival_date_time": "21 Mar, 04:50 am",
                "boarding_points": [
                    {
                        "location_date": "21 Mar 2025",
                        "location_id": 2781,
                        "location_name": "Birampur Station",
                        "location_time": "04:19 AM",
                        "trip_point_id": 107721360
                    }
                ],
                "departure_date_time": "21 Mar, 04:19 am",
                "departure_date_time_jd": "Fri, 21 Mar 2025, 04:19 AM",
                "departure_full_date": "2025-03-21",
                "destination_city_name": "parbatipur",
                "is_eid_trip": 0,
                "is_from_city_international": false,
                "is_international": 0,
                "is_open_for_all": true,
                "origin_city_name": "birampur",
                "parent_route": {
                    "arrival_date": "2025-03-21",
                    "arrival_time": "06:45:00",
                    "departure_date": "2025-03-20",
                    "departure_time": "21:15:00",
                    "destination_city_name": "chilahati",
                    "origin_city_name": "khulna"
                },
                "seat_types": [
                    {
                        "destination_city_seq": 21,
                        "fare": "50.00",
                        "key": 7,
                        "origin_city_seq": 19,
                        "route_id": 20012,
                        "seat_counts": {
                            "is_divided": true,
                            "offline": 0,
                            "online": 0
                        },
                        "trip_id": 8408045,
                        "trip_route_id": 52534021,
                        "type": "S_CHAIR",
                        "vat_amount": 0,
                        "vat_percent": 0
                    },
                    {
                        "destination_city_seq": 21,
                        "fare": "100.00",
                        "key": 3,
                        "origin_city_seq": 19,
                        "route_id": 20012,
                        "seat_counts": {
                            "is_divided": true,
                            "offline": 0,
                            "online": 0
                        },
                        "trip_id": 8408046,
                        "trip_route_id": 52534150,
                        "type": "SNIGDHA",
                        "vat_amount": 15,
                        "vat_percent": 15
                    },
                    {
                        "destination_city_seq": 21,
                        "fare": "130.00",
                        "key": 1,
                        "origin_city_seq": 19,
                        "route_id": 20012,
                        "seat_counts": {
                            "is_divided": true,
                            "offline": 0,
                            "online": 0
                        },
                        "trip_id": 8408047,
                        "trip_route_id": 52534268,
                        "type": "AC_B",
                        "vat_amount": 20,
                        "vat_percent": 15
                    }
                ],
                "train_model": "747",
                "travel_time": "00h 31m",
                "trip_number": "SIMANTA EXPRESS (747)"
            },
            {
                "arrival_date_time": "21 Mar, 11:10 am",
                "boarding_points": [
                    {
                        "location_date": "21 Mar 2025",
                        "location_id": 2781,
                        "location_name": "Birampur Station",
                        "location_time": "10:13 AM",
                        "trip_point_id": 107735617
                    }
                ],
                "departure_date_time": "21 Mar, 10:13 am",
                "departure_date_time_jd": "Fri, 21 Mar 2025, 10:13 AM",
                "departure_full_date": "2025-03-21",
                "destination_city_name": "parbatipur",
                "is_eid_trip": 0,
                "is_from_city_international": false,
                "is_international": 0,
                "is_open_for_all": true,
                "origin_city_name": "birampur",
                "parent_route": {
                    "arrival_date": "2025-03-21",
                    "arrival_time": "13:00:00",
                    "departure_date": "2025-03-21",
                    "departure_time": "06:20:00",
                    "destination_city_name": "chilahati",
                    "origin_city_name": "rajshahi"
                },
                "seat_types": [
                    {
                        "destination_city_seq": 14,
                        "fare": "50.00",
                        "key": 7,
                        "origin_city_seq": 12,
                        "route_id": 20241,
                        "seat_counts": {
                            "is_divided": true,
                            "offline": 5,
                            "online": 5
                        },
                        "trip_id": 8408763,
                        "trip_route_id": 52557176,
                        "type": "S_CHAIR",
                        "vat_amount": 0,
                        "vat_percent": 0
                    }
                ],
                "train_model": "733",
                "travel_time": "00h 57m",
                "trip_number": "TITUMIR EXPRESS (733)"
            },
            {
                "arrival_date_time": "21 Mar, 02:00 pm",
                "boarding_points": [
                    {
                        "location_date": "21 Mar 2025",
                        "location_id": 2781,
                        "location_name": "Birampur Station",
                        "location_time": "01:28 PM",
                        "trip_point_id": 107733121
                    }
                ],
                "departure_date_time": "21 Mar, 01:28 pm",
                "departure_date_time_jd": "Fri, 21 Mar 2025, 01:28 PM",
                "departure_full_date": "2025-03-21",
                "destination_city_name": "parbatipur",
                "is_eid_trip": 0,
                "is_from_city_international": false,
                "is_international": 0,
                "is_open_for_all": true,
                "origin_city_name": "birampur",
                "parent_route": {
                    "arrival_date": "2025-03-21",
                    "arrival_time": "16:00:00",
                    "departure_date": "2025-03-21",
                    "departure_time": "06:45:00",
                    "destination_city_name": "chilahati",
                    "origin_city_name": "dhaka"
                },
                "seat_types": [
                    {
                        "destination_city_seq": 13,
                        "fare": "50.00",
                        "key": 7,
                        "origin_city_seq": 11,
                        "route_id": 26539,
                        "seat_counts": {
                            "is_divided": true,
                            "offline": 2,
                            "online": 3
                        },
                        "trip_id": 8408688,
                        "trip_route_id": 52551345,
                        "type": "S_CHAIR",
                        "vat_amount": 0,
                        "vat_percent": 0
                    }
                ],
                "train_model": "765",
                "travel_time": "00h 32m",
                "trip_number": "NILSAGAR EXPRESS (765)"
            },
            {
                "arrival_date_time": "21 Mar, 03:10 pm",
                "boarding_points": [
                    {
                        "location_date": "21 Mar 2025",
                        "location_id": 2781,
                        "location_name": "Birampur Station",
                        "location_time": "02:38 PM",
                        "trip_point_id": 107733752
                    }
                ],
                "departure_date_time": "21 Mar, 02:38 pm",
                "departure_date_time_jd": "Fri, 21 Mar 2025, 02:38 PM",
                "departure_full_date": "2025-03-21",
                "destination_city_name": "parbatipur",
                "is_eid_trip": 0,
                "is_from_city_international": false,
                "is_international": 0,
                "is_open_for_all": true,
                "origin_city_name": "birampur",
                "parent_route": {
                    "arrival_date": "2025-03-21",
                    "arrival_time": "17:00:00",
                    "departure_date": "2025-03-21",
                    "departure_time": "07:15:00",
                    "destination_city_name": "chilahati",
                    "origin_city_name": "khulna"
                },
                "seat_types": [
                    {
                        "destination_city_seq": 21,
                        "fare": "110.00",
                        "key": 2,
                        "origin_city_seq": 19,
                        "route_id": 20012,
                        "seat_counts": {
                            "is_divided": true,
                            "offline": 0,
                            "online": 0
                        },
                        "trip_id": 8408707,
                        "trip_route_id": 52552586,
                        "type": "AC_S",
                        "vat_amount": 17,
                        "vat_percent": 15
                    },
                    {
                        "destination_city_seq": 21,
                        "fare": "100.00",
                        "key": 3,
                        "origin_city_seq": 19,
                        "route_id": 20012,
                        "seat_counts": {
                            "is_divided": true,
                            "offline": 0,
                            "online": 0
                        },
                        "trip_id": 8408731,
                        "trip_route_id": 52554256,
                        "type": "SNIGDHA",
                        "vat_amount": 15,
                        "vat_percent": 15
                    },
                    {
                        "destination_city_seq": 21,
                        "fare": "50.00",
                        "key": 7,
                        "origin_city_seq": 19,
                        "route_id": 20012,
                        "seat_counts": {
                            "is_divided": true,
                            "offline": 0,
                            "online": 0
                        },
                        "trip_id": 8408733,
                        "trip_route_id": 52554558,
                        "type": "S_CHAIR",
                        "vat_amount": 0,
                        "vat_percent": 0
                    }
                ],
                "train_model": "727",
                "travel_time": "00h 32m",
                "trip_number": "RUPSHA EXPRESS (727)"
            },
            {
                "arrival_date_time": "21 Mar, 06:15 pm",
                "boarding_points": [
                    {
                        "location_date": "21 Mar 2025",
                        "location_id": 2781,
                        "location_name": "Birampur Station",
                        "location_time": "05:37 PM",
                        "trip_point_id": 107732470
                    }
                ],
                "departure_date_time": "21 Mar, 05:37 pm",
                "departure_date_time_jd": "Fri, 21 Mar 2025, 05:37 PM",
                "departure_full_date": "2025-03-21",
                "destination_city_name": "parbatipur",
                "is_eid_trip": 0,
                "is_from_city_international": false,
                "is_international": 0,
                "is_open_for_all": true,
                "origin_city_name": "birampur",
                "parent_route": {
                    "arrival_date": "2025-03-21",
                    "arrival_time": "21:00:00",
                    "departure_date": "2025-03-21",
                    "departure_time": "10:15:00",
                    "destination_city_name": "panchagarh",
                    "origin_city_name": "dhaka"
                },
                "seat_types": [
                    {
                        "destination_city_seq": 19,
                        "fare": "50.00",
                        "key": 7,
                        "origin_city_seq": 17,
                        "route_id": 26410,
                        "seat_counts": {
                            "is_divided": true,
                            "offline": 7,
                            "online": 8
                        },
                        "trip_id": 8408670,
                        "trip_route_id": 52550202,
                        "type": "S_CHAIR",
                        "vat_amount": 0,
                        "vat_percent": 0
                    }
                ],
                "train_model": "705",
                "travel_time": "00h 38m",
                "trip_number": "EKOTA EXPRESS (705)"
            },
            {
                "arrival_date_time": "21 Mar, 07:25 pm",
                "boarding_points": [
                    {
                        "location_date": "21 Mar 2025",
                        "location_id": 2781,
                        "location_name": "Birampur Station",
                        "location_time": "06:53 PM",
                        "trip_point_id": 107732264
                    }
                ],
                "departure_date_time": "21 Mar, 06:53 pm",
                "departure_date_time_jd": "Fri, 21 Mar 2025, 06:53 PM",
                "departure_full_date": "2025-03-21",
                "destination_city_name": "parbatipur",
                "is_eid_trip": 0,
                "is_from_city_international": false,
                "is_international": 0,
                "is_open_for_all": true,
                "origin_city_name": "birampur",
                "parent_route": {
                    "arrival_date": "2025-03-21",
                    "arrival_time": "21:30:00",
                    "departure_date": "2025-03-21",
                    "departure_time": "15:00:00",
                    "destination_city_name": "chilahati",
                    "origin_city_name": "rajshahi"
                },
                "seat_types": [
                    {
                        "destination_city_seq": 14,
                        "fare": "50.00",
                        "key": 7,
                        "origin_city_seq": 12,
                        "route_id": 20241,
                        "seat_counts": {
                            "is_divided": true,
                            "offline": 6,
                            "online": 6
                        },
                        "trip_id": 8408664,
                        "trip_route_id": 52549717,
                        "type": "S_CHAIR",
                        "vat_amount": 0,
                        "vat_percent": 0
                    }
                ],
                "train_model": "731",
                "travel_time": "00h 32m",
                "trip_number": "BARENDRA EXPRESS (731)"
            },
            {
                "arrival_date_time": "22 Mar, 12:40 am",
                "boarding_points": [
                    {
                        "location_date": "21 Mar 2025",
                        "location_id": 2781,
                        "location_name": "Birampur Station",
                        "location_time": "11:53 PM",
                        "trip_point_id": 107736551
                    }
                ],
                "departure_date_time": "21 Mar, 11:53 pm",
                "departure_date_time_jd": "Fri, 21 Mar 2025, 11:53 PM",
                "departure_full_date": "2025-03-21",
                "destination_city_name": "parbatipur",
                "is_eid_trip": 0,
                "is_from_city_international": false,
                "is_international": 0,
                "is_open_for_all": true,
                "origin_city_name": "birampur",
                "parent_route": {
                    "arrival_date": "2025-03-22",
                    "arrival_time": "02:45:00",
                    "departure_date": "2025-03-21",
                    "departure_time": "17:00:00",
                    "destination_city_name": "chilahati",
                    "origin_city_name": "dhaka"
                },
                "seat_types": [
                    {
                        "destination_city_seq": 10,
                        "fare": "50.00",
                        "key": 7,
                        "origin_city_seq": 8,
                        "route_id": 24733,
                        "seat_counts": {
                            "is_divided": true,
                            "offline": 5,
                            "online": 5
                        },
                        "trip_id": 8408798,
                        "trip_route_id": 52558883,
                        "type": "S_CHAIR",
                        "vat_amount": 0,
                        "vat_percent": 0
                    }
                ],
                "train_model": "805",
                "travel_time": "00h 47m",
                "trip_number": "CHILAHATI EXPRESS (805)"
            }
        ]
    },
    "extra": {
        "hash": "2913D4E613EE77BA81FCAB988D4D7E11"
    }
}