{
    "data": {
        "recommendations": [],
        "selected_seat_class": "S_CHAIR",
        "trains": [
            {
                "arrival_date_time": "21 Mar, 04:40 am",
                "boarding_points": [
                    {
                        "location_date": "21 Mar 2025",
                        "location_id": 2781,
                        "location_name": "Birampur Station",
                        "location_time": "12:40 AM",
                        "trip_point_id": 107719690
                    }
                ],
                "departure_date_time": "21 Mar, 12:40 am",
                "departure_date_time_jd": "Fri, 21 Mar 2025, 12:40 AM",
                "departure_full_date": "2025-03-21",
                "destination_city_name": "panchagarh",
                "is_eid_trip": 0,
                "is_from_city_international": false,
                "is_international": 0,
                "is_open_for_all": true,
                "origin_city_name": "birampur",
                "parent_route": {
                    "arrival_date": "2025-03-21",
                    "arrival_time": "04:40:00",
                    "departure_date": "2025-03-20",
                    "departure_time": "21:00:00",
                    "destination_city_name": "panchagarh",
                    "origin_city_name": "rajshahi"
                },
                "seat_types": [
                    {
                        "destination_city_seq": 21,
                        "fare": "530.00",
                        "key": 1,
                        "origin_city_seq": 10,
                        "route_id": 20905,
                        "seat_counts": {
                            "is_divided": true,
                            "offline": 0,
                            "online": 0
                        },
                        "trip_id": 8407983,
                        "trip_route_id": 52530696,
                        "type": "AC_B",
                        "vat_amount": 80,
                        "vat_percent": 15
                    },
                    {
                        "destination_city_seq": 21,
                        "fare": "195.00",
                        "key": 7,
                        "origin_city_seq": 10,
                        "route_id": 20905,
                        "seat_counts": {
                            "is_divided": true,
                            "offline": 7,
                            "online": 8
                        },
                        "trip_id": 8408009,
                        "trip_route_id": 52532048,
                        "type": "S_CHAIR",
                        "vat_amount": 0,
                        "vat_percent": 0
                    }
                ],
                "train_model": "803",
                "travel_time": "04h 00m",
                "trip_number": "BANGLABANDHA EXPRESS (803)"
            },
            {
                "arrival_date_time": "21 Mar, 07:10 am",
                "boarding_points": [
                    {
                        "location_date": "21 Mar 2025",
                        "location_id": 2781,
                        "location_name": "Birampur Station",
                        "location_time": "03:14 AM",
                        "trip_point_id": 107719961
                    }
                ],
                "departure_date_time": "21 Mar, 03:14 am",
                "departure_date_time_jd": "Fri, 21 Mar 2025, 03:14 AM",
                "departure_full_date": "2025-03-21",
                "destination_city_name": "panchagarh",
                "is_eid_trip": 0,
                "is_from_city_international": false,
                "is_international": 0,
                "is_open_for_all": true,
                "origin_city_name": "birampur",
                "parent_route": {
                    "arrival_date": "2025-03-21",
                    "arrival_time": "07:10:00",
                    "departure_date": "2025-03-20",
                    "departure_time": "20:45:00",
                    "destination_city_name": "panchagarh",
                    "origin_city_name": "dhaka"
                },
                "seat_types": [
                    {
                        "destination_city_seq": 27,
                        "fare": "320.00",
                        "key": 3,
                        "origin_city_seq": 17,
                        "route_id": 19373,
                        "seat_counts": {
                            "is_divided": true,
                            "offline": 2,
                            "online": 3
                        },
                        "trip_id": 8407996,
                        "trip_route_id": 52531190,
                        "type": "SNIGDHA",
                        "vat_amount": 48,
                        "vat_percent": 15
                    },
                    {
                        "destination_city_seq": 27,
                        "fare": "195.00",
                        "key": 7,
                        "origin_city_seq": 17,
                        "route_id": 19373,
                        "seat_counts": {
                            "is_divided": true,
                            "offline": 5,
                            "online": 5
                        },
                        "trip_id": 8408002,
                        "trip_route_id": 52531636,
                        "type": "S_CHAIR",
                        "vat_amount": 0,
                        "vat_percent": 0
                    },
                    {
                        "destination_city_seq": 27,
                        "fare": "575.00",
                        "key": 1,
                        "origin_city_seq": 17,
                        "route_id": 19373,
                        "seat_counts": {
                            "is_divided": true,
                            "offline": 0,
                            "online": 0
                        },
                        "trip_id": 8408018,
                        "trip_route_id": 52532725,
                        "type": "AC_B",
                        "vat_amount": 87,
                        "vat_percent": 15
                    }
                ],
                "train_model": "757",
                "travel_time": "03h 56m",
                "trip_number": "DRUTOJAN EXPRESS (757)"
            },
            {
                "arrival_date_time": "21 Mar, 09:00 pm",
                "boarding_points": [
                    {
                        "location_date": "21 Mar 2025",
                        "location_id": 2781,
                        "location_name": "Birampur Station",
                        "location_time": "05:37 PM",
                        "trip_point_id": 107732378
                    }
                ],
                "departure_date_time": "21 Mar, 05:37 pm",
                "departure_date_time_jd": "Fri, 21 Mar 2025, 05:37 PM",
                "departure_full_date": "2025-03-21",
                "destination_city_name": "panchagarh",
                "is_eid_trip": 0,
                "is_from_city_international": false,
                "is_international": 0,
                "is_open_for_all": true,
                "origin_city_name": "birampur",
                "parent_route": {
                    "arrival_date": "2025-03-21",
                    "arrival_time": "21:00:00",
                    "departure_date": "2025-03-21",
                    "departure_time": "10:15:00",
                    "destination_city_name": "panchagarh",
                    "origin_city_name": "dhaka"
                },
                "seat_types": [
                    {
                        "destination_city_seq": 27,
                        "fare": "320.00",
                        "key": 3,
                        "origin_city_seq": 17,
                        "route_id": 19373,
                        "seat_counts": {
                            "is_divided": true,
                            "offline": 2,
                            "online": 3
                        },
                        "trip_id": 8408668,
                        "trip_route_id": 52550041,
                        "type": "SNIGDHA",
                        "vat_amount": 48,
                        "vat_percent": 15
                    },
                    {
                        "destination_city_seq": 27,
                        "fare": "195.00",
                        "key": 7,
                        "origin_city_seq": 17,
                        "route_id": 19373,
                        "seat_counts": {
                            "is_divided": true,
                            "offline": 0,
                            "online": 0
                        },
                        "trip_id": 8408670,
                        "trip_route_id": 52550204,
                        "type": "S_CHAIR",
                        "vat_amount": 0,
                        "vat_percent": 0
                    },
                    {
                        "destination_city_seq": 27,
                        "fare": "385.00",
                        "key": 2,
                        "origin_city_seq": 17,
                        "route_id": 19373,
                        "seat_counts": {
                            "is_divided": true,
                            "offline": 0,
                            "online": 0
                        },
                        "trip_id": 8408672,
                        "trip_route_id": 52550419,
                        "type": "AC_S",
                        "vat_amount": 58,
                        "vat_percent": 15
                    }
                ],
                "train_model": "705",
                "travel_time": "03h 23m",
                "trip_number": "EKOTA EXPRESS (705)"
            }
        ]
    },
    "extra": {
        "hash": "2913D4E613EE77BA81FCAB988D4D7E11"
    }
}