{
    "data": {
        "recommendations": [],
        "selected_seat_class": "S_CHAIR",
        "trains": [
            {
                "arrival_date_time": "21 Mar, 02:25 am",
                "boarding_points": [
                    {
                        "location_date": "21 Mar 2025",
                        "location_id": 2781,
                        "location_name": "Birampur Station",
                        "location_time": "12:40 AM",
                        "trip_point_id": 107719690
                    }
                ],
                "departure_date_time": "21 Mar, 12:40 am",
                "departure_date_time_jd": "Fri, 21 Mar 2025, 12:40 AM",
                "departure_full_date": "2025-03-21",
                "destination_city_name": "dinajpur",
                "is_eid_trip": 0,
                "is_from_city_international": false,
                "is_international": 0,
                "is_open_for_all": true,
                "origin_city_name": "birampur",
                "parent_route": {
                    "arrival_date": "2025-03-21",
                    "arrival_time": "04:40:00",
                    "departure_date": "2025-03-20",
                    "departure_time": "21:00:00",
                    "destination_city_name": "panchagarh",
                    "origin_city_name": "rajshahi"
                },
                "seat_types": [
                    {
                        "destination_city_seq": 14,
                        "fare": "220.00",
                        "key": 1,
                        "origin_city_seq": 10,
                        "route_id": 20902,
                        "seat_counts": {
                            "is_divided": true,
                            "offline": 0,
                            "online": 0
                        },
                        "trip_id": 8407983,
                        "trip_route_id": 52530693,
                        "type": "AC_B",
                        "vat_amount": 33,
                        "vat_percent": 15
                    },
                    {
                        "destination_city_seq": 14,
                        "fare": "75.00",
                        "key": 7,
                        "origin_city_seq": 10,
                        "route_id": 20902,
                        "seat_counts": {
                            "is_divided": true,
                            "offline": 2,
                            "online": 3
                        },
                        "trip_id": 8408009,
                        "trip_route_id": 52532045,
                        "type": "S_CHAIR",
                        "vat_amount": 0,
                        "vat_percent": 0
                    }
                ],
                "train_model": "803",
                "travel_time": "01h 45m",
                "trip_number": "BANGLABANDHA EXPRESS (803)"
            },
            {
                "arrival_date_time": "21 Mar, 04:45 am",
                "boarding_points": [
                    {
                        "location_date": "21 Mar 2025",
                        "location_id": 2781,
                        "location_name": "Birampur Station",
                        "location_time": "03:14 AM",
                        "trip_point_id": 107719961
                    }
                ],
                "departure_date_time": "21 Mar, 03:14 am",
                "departure_date_time_jd": "Fri, 21 Mar 2025, 03:14 AM",
                "departure_full_date": "2025-03-21",
                "destination_city_name": "dinajpur",
                "is_eid_trip": 0,
                "is_from_city_international": false,
                "is_international": 0,
                "is_open_for_all": true,
                "origin_city_name": "birampur",
                "parent_route": {
                    "arrival_date": "2025-03-21",
                    "arrival_time": "07:10:00",
                    "departure_date": "2025-03-20",
                    "departure_time": "20:45:00",
                    "destination_city_name": "panchagarh",
                    "origin_city_name": "dhaka"
                },
                "seat_types": [
                    {
                        "destination_city_seq": 21,
                        "fare": "125.00",
                        "key": 3,
                        "origin_city_seq": 17,
                        "route_id": 19372,
                        "seat_counts": {
                            "is_divided": true,
                            "offline": 0,
                            "online": 0
                        },
                        "trip_id": 8407996,
                        "trip_route_id": 52531189,
                        "type": "SNIGDHA",
                        "vat_amount": 19,
                        "vat_percent": 15
                    },
                    {
                        "destination_city_seq": 21,
                        "fare": "75.00",
                        "key": 7,
                        "origin_city_seq": 17,
                        "route_id": 19372,
                        "seat_counts": {
                            "is_divided": true,
                            "offline": 5,
                            "online": 5
                        },
                        "trip_id": 8408002,
                        "trip_route_id": 52531634,
                        "type": "S_CHAIR",
                        "vat_amount": 0,
                        "vat_percent": 0
                    },
                    {
                        "destination_city_seq": 21,
                        "fare": "220.00",
                        "key": 1,
                        "origin_city_seq": 17,
                        "route_id": 19372,
                        "seat_counts": {
                            "is_divided": true,
                            "offline": 0,
                            "online": 0
                        },
                        "trip_id": 8408018,
                        "trip_route_id": 52532724,
                        "type": "AC_B",
                        "vat_amount": 33,
                        "vat_percent": 15
                    }
                ],
                "train_model": "757",
                "travel_time": "01h 31m",
                "trip_number": "DRUTOJAN EXPRESS (757)"
            },
            {
                "arrival_date_time": "21 Mar, 07:00 pm",
                "boarding_points": [
                    {
                        "location_date": "21 Mar 2025",
                        "location_id": 2781,
                        "location_name": "Birampur Station",
                        "location_time": "05:37 PM",
                        "trip_point_id": 107732378
                    }
                ],
                "departure_date_time": "21 Mar, 05:37 pm",
                "departure_date_time_jd": "Fri, 21 Mar 2025, 05:37 PM",
                "departure_full_date": "2025-03-21",
                "destination_city_name": "dinajpur",
                "is_eid_trip": 0,
                "is_from_city_international": false,
                "is_international": 0,
                "is_open_for_all": true,
                "origin_city_name": "birampur",
                "parent_route": {
                    "arrival_date": "2025-03-21",
                    "arrival_time": "21:00:00",
                    "departure_date": "2025-03-21",
                    "departure_time": "10:15:00",
                    "destination_city_name": "panchagarh",
                    "origin_city_name": "dhaka"
                },
                "seat_types": [
                    {
                        "destination_city_seq": 21,
                        "fare": "125.00",
                        "key": 3,
                        "origin_city_seq": 17,
                        "route_id": 19372,
                        "seat_counts": {
                            "is_divided": true,
                            "offline": 0,
                            "online": 0
                        },
                        "trip_id": 8408668,
                        "trip_route_id": 52550040,
                        "type": "SNIGDHA",
                        "vat_amount": 19,
                        "vat_percent": 15
                    },
                    {
                        "destination_city_seq": 21,
                        "fare": "75.00",
                        "key": 7,
                        "origin_city_seq": 17,
                        "route_id": 19372,
                        "seat_counts": {
                            "is_divided": true,
                            "offline": 5,
                            "online": 5
                        },
                        "trip_id": 8408670,
                        "trip_route_id": 52550201,
                        "type": "S_CHAIR",
                        "vat_amount": 0,
                        "vat_percent": 0
                    },
                    {
                        "destination_city_seq": 21,
                        "fare": "150.00",
                        "key": 2,
                        "origin_city_seq": 17,
                        "route_id": 19372,
                        "seat_counts": {
                            "is_divided": true,
                            "offline": 0,
                            "online": 0
                        },
                        "trip_id": 8408672,
                        "trip_route_id": 52550418,
                        "type": "AC_S",
                        "vat_amount": 23,
                        "vat_percent": 15
                    }
                ],
                "train_model": "705",
                "travel_time": "01h 23m",
                "trip_number": "EKOTA EXPRESS (705)"
            }
        ]
    },
    "extra": {
        "hash": "2913D4E613EE77BA81FCAB988D4D7E11"
    }
}