{
    "data": {
        "recommendations": [],
        "selected_seat_class": "S_CHAIR",
        "trains": [
            {
                "arrival_date_time": "21 Mar, 08:50 am",
                "boarding_points": [
                    {
                        "location_date": "21 Mar 2025",
                        "location_id": 2726,
                        "location_name": "Bogura Station",
                        "location_time": "02:16 AM",
                        "trip_point_id": 107738871
                    }
                ],
                "departure_date_time": "21 Mar, 02:16 am",
                "departure_date_time_jd": "Fri, 21 Mar 2025, 02:16 AM",
                "departure_full_date": "2025-03-21",
                "destination_city_name": "dhaka",
                "is_eid_trip": 0,
                "is_from_city_international": false,
                "is_international": 0,
                "is_open_for_all": true,
                "origin_city_name": "bogura",
                "parent_route": {
                    "arrival_date": "2025-03-21",
                    "arrival_time": "08:50:00",
                    "departure_date": "2025-03-20",
                    "departure_time": "23:20:00",
                    "destination_city_name": "dhaka",
                    "origin_city_name": "lalmonirhat"
                },
                "seat_types": [
                    {
                        "destination_city_seq": 14,
                        "fare": "870.00",
                        "key": 3,
                        "origin_city_seq": 11,
                        "route_id": 26215,
                        "seat_counts": {
                            "is_divided": true,
                            "offline": 5,
                            "online": 5
                        },
                        "trip_id": 8408895,
                        "trip_route_id": 52563215,
                        "type": "SNIGDHA",
                        "vat_amount": 131,
                        "vat_percent": 15
                    },
                    {
                        "destination_city_seq": 14,
                        "fare": "525.00",
                        "key": 7,
                        "origin_city_seq": 11,
                        "route_id": 26215,
                        "seat_counts": {
                            "is_divided": true,
                            "offline": 20,
                            "online": 20
                        },
                        "trip_id": 8408900,
                        "trip_route_id": 52563301,
                        "type": "S_CHAIR",
                        "vat_amount": 0,
                        "vat_percent": 0
                    }
                ],
                "train_model": "810",
                "travel_time": "06h 34m",
                "trip_number": "BURIMARI EXPRESS (810)"
            },
            {
                "arrival_date_time": "22 Mar, 06:00 am",
                "boarding_points": [
                    {
                        "location_date": "21 Mar 2025",
                        "location_id": 2726,
                        "location_name": "Bogura Station",
                        "location_time": "11:20 PM",
                        "trip_point_id": 107730654
                    }
                ],
                "departure_date_time": "21 Mar, 11:20 pm",
                "departure_date_time_jd": "Fri, 21 Mar 2025, 11:20 PM",
                "departure_full_date": "2025-03-21",
                "destination_city_name": "dhaka",
                "is_eid_trip": 0,
                "is_from_city_international": false,
                "is_international": 0,
                "is_open_for_all": true,
                "origin_city_name": "bogura",
                "parent_route": {
                    "arrival_date": "2025-03-22",
                    "arrival_time": "06:00:00",
                    "departure_date": "2025-03-21",
                    "departure_time": "20:00:00",
                    "destination_city_name": "dhaka",
                    "origin_city_name": "rangpur"
                },
                "seat_types": [
                    {
                        "destination_city_seq": 14,
                        "fare": "870.00",
                        "key": 3,
                        "origin_city_seq": 9,
                        "route_id": 19494,
                        "seat_counts": {
                            "is_divided": true,
                            "offline": 3,
                            "online": 4
                        },
                        "trip_id": 8408593,
                        "trip_route_id": 52547132,
                        "type": "SNIGDHA",
                        "vat_amount": 131,
                        "vat_percent": 15
                    },
                    {
                        "destination_city_seq": 14,
                        "fare": "525.00",
                        "key": 7,
                        "origin_city_seq": 9,
                        "route_id": 19494,
                        "seat_counts": {
                            "is_divided": true,
                            "offline": 15,
                            "online": 15
                        },
                        "trip_id": 8408599,
                        "trip_route_id": 52547310,
                        "type": "S_CHAIR",
                        "vat_amount": 0,
                        "vat_percent": 0
                    },
                    {
                        "destination_city_seq": 14,
                        "fare": "1565.00",
                        "key": 1,
                        "origin_city_seq": 9,
                        "route_id": 19494,
                        "seat_counts": {
                            "is_divided": true,
                            "offline": 0,
                            "online": 0
                        },
                        "trip_id": 8408775,
                        "trip_route_id": 52557860,
                        "type": "AC_B",
                        "vat_amount": 235,
                        "vat_percent": 15
                    }
                ],
                "train_model": "772",
                "travel_time": "06h 40m",
                "trip_number": "RANGPUR EXPRESS (772)"
            }
        ]
    },
    "extra": {
        "hash": "2913D4E613EE77BA81FCAB988D4D7E11"
    }
}