{
    "data": {
        "recommendations": [],
        "selected_seat_class": "S_CHAIR",
        "trains": [
            {
                "arrival_date_time": "21 Mar, 07:20 am",
                "boarding_points": [
                    {
                        "location_date": "21 Mar 2025",
                        "location_id": 2711,
                        "location_name": "Bonar_Para Station",
                        "location_time": "05:14 AM",
                        "trip_point_id": 107718762
                    }
                ],
                "departure_date_time": "21 Mar, 05:14 am",
                "departure_date_time_jd": "Fri, 21 Mar 2025, 05:14 AM",
                "departure_full_date": "2025-03-21",
                "destination_city_name": "lalmonirhat",
                "is_eid_trip": 0,
                "is_from_city_international": false,
                "is_international": 0,
                "is_open_for_all": true,
                "origin_city_name": "bonar_para",
                "parent_route": {
                    "arrival_date": "2025-03-21",
                    "arrival_time": "07:20:00",
                    "departure_date": "2025-03-20",
                    "departure_time": "21:45:00",
                    "destination_city_name": "lalmonirhat",
                    "origin_city_name": "dhaka"
                },
                "seat_types": [
                    {
                        "destination_city_seq": 20,
                        "fare": "320.00",
                        "key": 1,
                        "origin_city_seq": 14,
                        "route_id": 19646,
                        "seat_counts": {
                            "is_divided": true,
                            "offline": 1,
                            "online": 1
                        },
                        "trip_id": 8407953,
                        "trip_route_id": 52529081,
                        "type": "AC_B",
                        "vat_amount": 48,
                        "vat_percent": 15
                    },
                    {
                        "destination_city_seq": 20,
                        "fare": "180.00",
                        "key": 3,
                        "origin_city_seq": 14,
                        "route_id": 19646,
                        "seat_counts": {
                            "is_divided": true,
                            "offline": 5,
                            "online": 5
                        },
                        "trip_id": 8407954,
                        "trip_route_id": 52529116,
                        "type": "SNIGDHA",
                        "vat_amount": 27,
                        "vat_percent": 15
                    },
                    {
                        "destination_city_seq": 20,
                        "fare": "110.00",
                        "key": 7,
                        "origin_city_seq": 14,
                        "route_id": 19646,
                        "seat_counts": {
                            "is_divided": true,
                            "offline": 10,
                            "online": 10
                        },
                        "trip_id": 8407955,
                        "trip_route_id": 52529165,
                        "type": "S_CHAIR",
                        "vat_amount": 0,
                        "vat_percent": 0
                    }
                ],
                "train_model": "751",
                "travel_time": "02h 06m",
                "trip_number": "LALMONI EXPRESS (751)"
            },
            {
                "arrival_date_time": "21 Mar, 01:40 pm",
                "boarding_points": [
                    {
                        "location_date": "21 Mar 2025",
                        "location_id": 2711,
                        "location_name": "Bonar_Para Station",
                        "location_time": "11:20 AM",
                        "trip_point_id": 107735428
                    }
                ],
                "departure_date_time": "21 Mar, 11:20 am",
                "departure_date_time_jd": "Fri, 21 Mar 2025, 11:20 AM",
                "departure_full_date": "2025-03-21",
                "destination_city_name": "lalmonirhat",
                "is_eid_trip": 0,
                "is_from_city_international": false,
                "is_international": 0,
                "is_open_for_all": true,
                "origin_city_name": "bonar_para",
                "parent_route": {
                    "arrival_date": "2025-03-21",
                    "arrival_time": "16:00:00",
                    "departure_date": "2025-03-21",
                    "departure_time": "09:25:00",
                    "destination_city_name": "burimari",
                    "origin_city_name": "santahar"
                },
                "seat_types": [
                    {
                        "destination_city_seq": 11,
                        "fare": "110.00",
                        "key": 7,
                        "origin_city_seq": 5,
                        "route_id": 21151,
                        "seat_counts": {
                            "is_divided": true,
                            "offline": 5,
                            "online": 5
                        },
                        "trip_id": 8408757,
                        "trip_route_id": 52556647,
                        "type": "S_CHAIR",
                        "vat_amount": 0,
                        "vat_percent": 0
                    }
                ],
                "train_model": "713",
                "travel_time": "02h 20m",
                "trip_number": "KOROTOA EXPRESS (713)"
            },
            {
                "arrival_date_time": "21 Mar, 06:10 pm",
                "boarding_points": [
                    {
                        "location_date": "21 Mar 2025",
                        "location_id": 2711,
                        "location_name": "Bonar_Para Station",
                        "location_time": "04:03 PM",
                        "trip_point_id": 107736967
                    }
                ],
                "departure_date_time": "21 Mar, 04:03 pm",
                "departure_date_time_jd": "Fri, 21 Mar 2025, 04:03 PM",
                "departure_full_date": "2025-03-21",
                "destination_city_name": "lalmonirhat",
                "is_eid_trip": 0,
                "is_from_city_international": false,
                "is_international": 0,
                "is_open_for_all": true,
                "origin_city_name": "bonar_para",
                "parent_route": {
                    "arrival_date": "2025-03-21",
                    "arrival_time": "18:10:00",
                    "departure_date": "2025-03-21",
                    "departure_time": "08:30:00",
                    "destination_city_name": "lalmonirhat",
                    "origin_city_name": "dhaka"
                },
                "seat_types": [
                    {
                        "destination_city_seq": 11,
                        "fare": "180.00",
                        "key": 3,
                        "origin_city_seq": 8,
                        "route_id": 26187,
                        "seat_counts": {
                            "is_divided": true,
                            "offline": 5,
                            "online": 5
                        },
                        "trip_id": 8408821,
                        "trip_route_id": 52559528,
                        "type": "SNIGDHA",
                        "vat_amount": 27,
                        "vat_percent": 15
                    },
                    {
                        "destination_city_seq": 11,
                        "fare": "110.00",
                        "key": 7,
                        "origin_city_seq": 8,
                        "route_id": 26187,
                        "seat_counts": {
                            "is_divided": true,
                            "offline": 20,
                            "online": 20
                        },
                        "trip_id": 8408826,
                        "trip_route_id": 52559810,
                        "type": "S_CHAIR",
                        "vat_amount": 0,
                        "vat_percent": 0
                    }
                ],
                "train_model": "809",
                "travel_time": "02h 07m",
                "trip_number": "BURIMARI EXPRESS (809)"
            }
        ]
    },
    "extra": {
        "hash": "2913D4E613EE77BA81FCAB988D4D7E11"
    }
}