{
    "data": {
        "recommendations": [],
        "selected_seat_class": "S_CHAIR",
        "trains": [
            {
                "arrival_date_time": "21 Mar, 02:49 pm",
                "boarding_points": [
                    {
                        "location_date": "21 Mar 2025",
                        "location_id": 2711,
                        "location_name": "Bonar_Para Station",
                        "location_time": "01:48 PM",
                        "trip_point_id": 107734285
                    }
                ],
                "departure_date_time": "21 Mar, 01:48 pm",
                "departure_date_time_jd": "Fri, 21 Mar 2025, 01:48 PM",
                "departure_full_date": "2025-03-21",
                "destination_city_name": "bogura",
                "is_eid_trip": 0,
                "is_from_city_international": false,
                "is_international": 0,
                "is_open_for_all": true,
                "origin_city_name": "bonar_para",
                "parent_route": {
                    "arrival_date": "2025-03-21",
                    "arrival_time": "16:15:00",
                    "departure_date": "2025-03-21",
                    "departure_time": "06:00:00",
                    "destination_city_name": "santahar",
                    "origin_city_name": "panchagarh"
                },
                "seat_types": [
                    {
                        "destination_city_seq": 22,
                        "fare": "55.00",
                        "key": 7,
                        "origin_city_seq": 19,
                        "route_id": 23688,
                        "seat_counts": {
                            "is_divided": true,
                            "offline": 5,
                            "online": 5
                        },
                        "trip_id": 8408725,
                        "trip_route_id": 52553852,
                        "type": "S_CHAIR",
                        "vat_amount": 0,
                        "vat_percent": 0
                    },
                    {
                        "destination_city_seq": 22,
                        "fare": "45.00",
                        "key": 8,
                        "origin_city_seq": 19,
                        "route_id": 23688,
                        "seat_counts": {
                            "is_divided": true,
                            "offline": 9,
                            "online": 9
                        },
                        "trip_id": 8408783,
                        "trip_route_id": 52558364,
                        "type": "SHOVAN",
                        "vat_amount": 0,
                        "vat_percent": 0
                    }
                ],
                "train_model": "768",
                "travel_time": "01h 01m",
                "trip_number": "DOLONCHAPA EXPRESS (768)"
            },
            {
                "arrival_date_time": "21 Mar, 09:45 pm",
                "boarding_points": [
                    {
                        "location_date": "21 Mar 2025",
                        "location_id": 2711,
                        "location_name": "Bonar_Para Station",
                        "location_time": "08:50 PM",
                        "trip_point_id": 107735558
                    }
                ],
                "departure_date_time": "21 Mar, 08:50 pm",
                "departure_date_time_jd": "Fri, 21 Mar 2025, 08:50 PM",
                "departure_full_date": "2025-03-21",
                "destination_city_name": "bogura",
                "is_eid_trip": 0,
                "is_from_city_international": false,
                "is_international": 0,
                "is_open_for_all": true,
                "origin_city_name": "bonar_para",
                "parent_route": {
                    "arrival_date": "2025-03-21",
                    "arrival_time": "22:40:00",
                    "departure_date": "2025-03-21",
                    "departure_time": "16:20:00",
                    "destination_city_name": "santahar",
                    "origin_city_name": "burimari"
                },
                "seat_types": [
                    {
                        "destination_city_seq": 17,
                        "fare": "55.00",
                        "key": 7,
                        "origin_city_seq": 14,
                        "route_id": 21276,
                        "seat_counts": {
                            "is_divided": true,
                            "offline": 25,
                            "online": 25
                        },
                        "trip_id": 8408761,
                        "trip_route_id": 52557039,
                        "type": "S_CHAIR",
                        "vat_amount": 0,
                        "vat_percent": 0
                    }
                ],
                "train_model": "714",
                "travel_time": "00h 55m",
                "trip_number": "KOROTOA EXPRESS (714)"
            }
        ]
    },
    "extra": {
        "hash": "2913D4E613EE77BA81FCAB988D4D7E11"
    }
}