{
    "data": {
        "recommendations": [],
        "selected_seat_class": "S_CHAIR",
        "trains": [
            {
                "arrival_date_time": "21 Mar, 03:48 pm",
                "boarding_points": [
                    {
                        "location_date": "21 Mar 2025",
                        "location_id": 2711,
                        "location_name": "Bonar_Para Station",
                        "location_time": "01:18 PM",
                        "trip_point_id": 107735693
                    }
                ],
                "departure_date_time": "21 Mar, 01:18 pm",
                "departure_date_time_jd": "Fri, 21 Mar 2025, 01:18 PM",
                "departure_full_date": "2025-03-21",
                "destination_city_name": "rangpur",
                "is_eid_trip": 0,
                "is_from_city_international": false,
                "is_international": 0,
                "is_open_for_all": true,
                "origin_city_name": "bonar_para",
                "parent_route": {
                    "arrival_date": "2025-03-21",
                    "arrival_time": "20:40:00",
                    "departure_date": "2025-03-21",
                    "departure_time": "11:00:00",
                    "destination_city_name": "panchagarh",
                    "origin_city_name": "santahar"
                },
                "seat_types": [
                    {
                        "destination_city_seq": 12,
                        "fare": "110.00",
                        "key": 7,
                        "origin_city_seq": 6,
                        "route_id": 23548,
                        "seat_counts": {
                            "is_divided": true,
                            "offline": 5,
                            "online": 5
                        },
                        "trip_id": 8408765,
                        "trip_route_id": 52557458,
                        "type": "S_CHAIR",
                        "vat_amount": 0,
                        "vat_percent": 0
                    },
                    {
                        "destination_city_seq": 12,
                        "fare": "90.00",
                        "key": 8,
                        "origin_city_seq": 6,
                        "route_id": 23548,
                        "seat_counts": {
                            "is_divided": true,
                            "offline": 5,
                            "online": 5
                        },
                        "trip_id": 8408781,
                        "trip_route_id": 52558192,
                        "type": "SHOVAN",
                        "vat_amount": 0,
                        "vat_percent": 0
                    }
                ],
                "train_model": "767",
                "travel_time": "02h 30m",
                "trip_number": "DOLONCHAPA EXPRESS (767)"
            },
            {
                "arrival_date_time": "21 Mar, 07:00 pm",
                "boarding_points": [
                    {
                        "location_date": "21 Mar 2025",
                        "location_id": 2711,
                        "location_name": "Bonar_Para Station",
                        "location_time": "04:40 PM",
                        "trip_point_id": 107738282
                    }
                ],
                "departure_date_time": "21 Mar, 04:40 pm",
                "departure_date_time_jd": "Fri, 21 Mar 2025, 04:40 PM",
                "departure_full_date": "2025-03-21",
                "destination_city_name": "rangpur",
                "is_eid_trip": 0,
                "is_from_city_international": false,
                "is_international": 0,
                "is_open_for_all": true,
                "origin_city_name": "bonar_para",
                "parent_route": {
                    "arrival_date": "2025-03-21",
                    "arrival_time": "19:00:00",
                    "departure_date": "2025-03-21",
                    "departure_time": "09:10:00",
                    "destination_city_name": "rangpur",
                    "origin_city_name": "dhaka"
                },
                "seat_types": [
                    {
                        "destination_city_seq": 16,
                        "fare": "110.00",
                        "key": 7,
                        "origin_city_seq": 10,
                        "route_id": 19468,
                        "seat_counts": {
                            "is_divided": true,
                            "offline": 10,
                            "online": 10
                        },
                        "trip_id": 8408868,
                        "trip_route_id": 52562366,
                        "type": "S_CHAIR",
                        "vat_amount": 0,
                        "vat_percent": 0
                    },
                    {
                        "destination_city_seq": 16,
                        "fare": "180.00",
                        "key": 3,
                        "origin_city_seq": 10,
                        "route_id": 19468,
                        "seat_counts": {
                            "is_divided": true,
                            "offline": 2,
                            "online": 3
                        },
                        "trip_id": 8408874,
                        "trip_route_id": 52562635,
                        "type": "SNIGDHA",
                        "vat_amount": 27,
                        "vat_percent": 15
                    },
                    {
                        "destination_city_seq": 16,
                        "fare": "215.00",
                        "key": 2,
                        "origin_city_seq": 10,
                        "route_id": 19468,
                        "seat_counts": {
                            "is_divided": true,
                            "offline": 1,
                            "online": 2
                        },
                        "trip_id": 8408880,
                        "trip_route_id": 52562817,
                        "type": "AC_S",
                        "vat_amount": 33,
                        "vat_percent": 15
                    }
                ],
                "train_model": "771",
                "travel_time": "02h 20m",
                "trip_number": "RANGPUR EXPRESS (771)"
            }
        ]
    },
    "extra": {
        "hash": "2913D4E613EE77BA81FCAB988D4D7E11"
    }
}