{
    "data": {
        "recommendations": [],
        "selected_seat_class": "S_CHAIR",
        "trains": [
            {
                "arrival_date_time": "21 Mar, 04:00 pm",
                "boarding_points": [
                    {
                        "location_date": "21 Mar 2025",
                        "location_id": 2711,
                        "location_name": "Bonar_Para Station",
                        "location_time": "11:20 AM",
                        "trip_point_id": 107735428
                    }
                ],
                "departure_date_time": "21 Mar, 11:20 am",
                "departure_date_time_jd": "Fri, 21 Mar 2025, 11:20 AM",
                "departure_full_date": "2025-03-21",
                "destination_city_name": "burimari",
                "is_eid_trip": 0,
                "is_from_city_international": false,
                "is_international": 0,
                "is_open_for_all": true,
                "origin_city_name": "bonar_para",
                "parent_route": {
                    "arrival_date": "2025-03-21",
                    "arrival_time": "16:00:00",
                    "departure_date": "2025-03-21",
                    "departure_time": "09:25:00",
                    "destination_city_name": "burimari",
                    "origin_city_name": "santahar"
                },
                "seat_types": [
                    {
                        "destination_city_seq": 18,
                        "fare": "205.00",
                        "key": 7,
                        "origin_city_seq": 5,
                        "route_id": 21152,
                        "seat_counts": {
                            "is_divided": true,
                            "offline": 3,
                            "online": 4
                        },
                        "trip_id": 8408757,
                        "trip_route_id": 52556650,
                        "type": "S_CHAIR",
                        "vat_amount": 0,
                        "vat_percent": 0
                    }
                ],
                "train_model": "713",
                "travel_time": "04h 40m",
                "trip_number": "KOROTOA EXPRESS (713)"
            },
            {
                "arrival_date_time": "21 Mar, 09:45 pm",
                "boarding_points": [
                    {
                        "location_date": "21 Mar 2025",
                        "location_id": 2711,
                        "location_name": "Bonar_Para Station",
                        "location_time": "04:03 PM",
                        "trip_point_id": 107737086
                    }
                ],
                "departure_date_time": "21 Mar, 04:03 pm",
                "departure_date_time_jd": "Fri, 21 Mar 2025, 04:03 PM",
                "departure_full_date": "2025-03-21",
                "destination_city_name": "burimari",
                "is_eid_trip": 0,
                "is_from_city_international": false,
                "is_international": 0,
                "is_open_for_all": true,
                "origin_city_name": "bonar_para",
                "parent_route": {
                    "arrival_date": "2025-03-21",
                    "arrival_time": "21:45:00",
                    "departure_date": "2025-03-21",
                    "departure_time": "08:30:00",
                    "destination_city_name": "burimari",
                    "origin_city_name": "dhaka"
                },
                "seat_types": [
                    {
                        "destination_city_seq": 16,
                        "fare": "205.00",
                        "key": 7,
                        "origin_city_seq": 8,
                        "route_id": 26445,
                        "seat_counts": {
                            "is_divided": true,
                            "offline": 2,
                            "online": 3
                        },
                        "trip_id": 8408826,
                        "trip_route_id": 52559812,
                        "type": "S_CHAIR",
                        "vat_amount": 0,
                        "vat_percent": 0
                    }
                ],
                "train_model": "809",
                "travel_time": "05h 42m",
                "trip_number": "BURIMARI EXPRESS (809)"
            }
        ]
    },
    "extra": {
        "hash": "2913D4E613EE77BA81FCAB988D4D7E11"
    }
}