{
    "data": {
        "recommendations": [],
        "selected_seat_class": "S_CHAIR",
        "trains": [
            {
                "arrival_date_time": "21 Mar, 09:36 am",
                "boarding_points": [
                    {
                        "location_date": "21 Mar 2025",
                        "location_id": 2706,
                        "location_name": "Boral_Bridge Station",
                        "location_time": "09:17 AM",
                        "trip_point_id": 107731497
                    }
                ],
                "departure_date_time": "21 Mar, 09:17 am",
                "departure_date_time_jd": "Fri, 21 Mar 2025, 09:17 AM",
                "departure_full_date": "2025-03-21",
                "destination_city_name": "ullapara",
                "is_eid_trip": 0,
                "is_from_city_international": false,
                "is_international": 0,
                "is_open_for_all": true,
                "origin_city_name": "boral_bridge",
                "parent_route": {
                    "arrival_date": "2025-03-21",
                    "arrival_time": "13:10:00",
                    "departure_date": "2025-03-21",
                    "departure_time": "07:40:00",
                    "destination_city_name": "dhaka",
                    "origin_city_name": "rajshahi"
                },
                "seat_types": [
                    {
                        "destination_city_seq": 8,
                        "fare": "110.00",
                        "key": 2,
                        "origin_city_seq": 7,
                        "route_id": 19574,
                        "seat_counts": {
                            "is_divided": true,
                            "offline": 0,
                            "online": 0
                        },
                        "trip_id": 8408629,
                        "trip_route_id": 52548545,
                        "type": "AC_S",
                        "vat_amount": 17,
                        "vat_percent": 15
                    },
                    {
                        "destination_city_seq": 8,
                        "fare": "100.00",
                        "key": 3,
                        "origin_city_seq": 7,
                        "route_id": 19574,
                        "seat_counts": {
                            "is_divided": true,
                            "offline": 0,
                            "online": 0
                        },
                        "trip_id": 8408631,
                        "trip_route_id": 52548627,
                        "type": "SNIGDHA",
                        "vat_amount": 15,
                        "vat_percent": 15
                    },
                    {
                        "destination_city_seq": 8,
                        "fare": "50.00",
                        "key": 7,
                        "origin_city_seq": 7,
                        "route_id": 19574,
                        "seat_counts": {
                            "is_divided": true,
                            "offline": 5,
                            "online": 5
                        },
                        "trip_id": 8408633,
                        "trip_route_id": 52548709,
                        "type": "S_CHAIR",
                        "vat_amount": 0,
                        "vat_percent": 0
                    }
                ],
                "train_model": "754",
                "travel_time": "00h 19m",
                "trip_number": "SILKCITY EXPRESS (754)"
            },
            {
                "arrival_date_time": "21 Mar, 05:59 pm",
                "boarding_points": [
                    {
                        "location_date": "21 Mar 2025",
                        "location_id": 2706,
                        "location_name": "Boral_Bridge Station",
                        "location_time": "05:40 PM",
                        "trip_point_id": 107731252
                    }
                ],
                "departure_date_time": "21 Mar, 05:40 pm",
                "departure_date_time_jd": "Fri, 21 Mar 2025, 05:40 PM",
                "departure_full_date": "2025-03-21",
                "destination_city_name": "ullapara",
                "is_eid_trip": 0,
                "is_from_city_international": false,
                "is_international": 0,
                "is_open_for_all": true,
                "origin_city_name": "boral_bridge",
                "parent_route": {
                    "arrival_date": "2025-03-21",
                    "arrival_time": "21:15:00",
                    "departure_date": "2025-03-21",
                    "departure_time": "16:00:00",
                    "destination_city_name": "dhaka",
                    "origin_city_name": "rajshahi"
                },
                "seat_types": [
                    {
                        "destination_city_seq": 8,
                        "fare": "100.00",
                        "key": 3,
                        "origin_city_seq": 7,
                        "route_id": 19574,
                        "seat_counts": {
                            "is_divided": true,
                            "offline": 0,
                            "online": 0
                        },
                        "trip_id": 8408619,
                        "trip_route_id": 52548097,
                        "type": "SNIGDHA",
                        "vat_amount": 15,
                        "vat_percent": 15
                    },
                    {
                        "destination_city_seq": 8,
                        "fare": "50.00",
                        "key": 7,
                        "origin_city_seq": 7,
                        "route_id": 19574,
                        "seat_counts": {
                            "is_divided": true,
                            "offline": 0,
                            "online": 0
                        },
                        "trip_id": 8408621,
                        "trip_route_id": 52548175,
                        "type": "S_CHAIR",
                        "vat_amount": 0,
                        "vat_percent": 0
                    },
                    {
                        "destination_city_seq": 8,
                        "fare": "110.00",
                        "key": 2,
                        "origin_city_seq": 7,
                        "route_id": 19574,
                        "seat_counts": {
                            "is_divided": true,
                            "offline": 0,
                            "online": 0
                        },
                        "trip_id": 8408747,
                        "trip_route_id": 52556225,
                        "type": "AC_S",
                        "vat_amount": 17,
                        "vat_percent": 15
                    }
                ],
                "train_model": "760",
                "travel_time": "00h 19m",
                "trip_number": "PADMA EXPRESS (760)"
            }
        ]
    },
    "extra": {
        "hash": "2913D4E613EE77BA81FCAB988D4D7E11"
    }
}