{
    "data": {
        "recommendations": [],
        "selected_seat_class": "S_CHAIR",
        "trains": [
            {
                "arrival_date_time": "21 Mar, 04:40 am",
                "boarding_points": [
                    {
                        "location_date": "21 Mar 2025",
                        "location_id": 2706,
                        "location_name": "Boral_Bridge Station",
                        "location_time": "01:08 AM",
                        "trip_point_id": 107718358
                    }
                ],
                "departure_date_time": "21 Mar, 01:08 am",
                "departure_date_time_jd": "Fri, 21 Mar 2025, 01:08 AM",
                "departure_full_date": "2025-03-21",
                "destination_city_name": "dhaka",
                "is_eid_trip": 0,
                "is_from_city_international": false,
                "is_international": 0,
                "is_open_for_all": true,
                "origin_city_name": "boral_bridge",
                "parent_route": {
                    "arrival_date": "2025-03-21",
                    "arrival_time": "04:40:00",
                    "departure_date": "2025-03-20",
                    "departure_time": "23:20:00",
                    "destination_city_name": "dhaka",
                    "origin_city_name": "rajshahi"
                },
                "seat_types": [
                    {
                        "destination_city_seq": 15,
                        "fare": "345.00",
                        "key": 7,
                        "origin_city_seq": 7,
                        "route_id": 19576,
                        "seat_counts": {
                            "is_divided": true,
                            "offline": 15,
                            "online": 15
                        },
                        "trip_id": 8407934,
                        "trip_route_id": 52528359,
                        "type": "S_CHAIR",
                        "vat_amount": 0,
                        "vat_percent": 0
                    },
                    {
                        "destination_city_seq": 15,
                        "fare": "575.00",
                        "key": 3,
                        "origin_city_seq": 7,
                        "route_id": 19576,
                        "seat_counts": {
                            "is_divided": true,
                            "offline": 2,
                            "online": 3
                        },
                        "trip_id": 8407935,
                        "trip_route_id": 52528382,
                        "type": "SNIGDHA",
                        "vat_amount": 87,
                        "vat_percent": 15
                    },
                    {
                        "destination_city_seq": 15,
                        "fare": "1030.00",
                        "key": 1,
                        "origin_city_seq": 7,
                        "route_id": 19576,
                        "seat_counts": {
                            "is_divided": true,
                            "offline": 0,
                            "online": 0
                        },
                        "trip_id": 8407936,
                        "trip_route_id": 52528403,
                        "type": "AC_B",
                        "vat_amount": 155,
                        "vat_percent": 15
                    }
                ],
                "train_model": "770",
                "travel_time": "03h 32m",
                "trip_number": "DHUMKETU EXPRESS (770)"
            },
            {
                "arrival_date_time": "21 Mar, 01:10 pm",
                "boarding_points": [
                    {
                        "location_date": "21 Mar 2025",
                        "location_id": 2706,
                        "location_name": "Boral_Bridge Station",
                        "location_time": "09:17 AM",
                        "trip_point_id": 107731497
                    }
                ],
                "departure_date_time": "21 Mar, 09:17 am",
                "departure_date_time_jd": "Fri, 21 Mar 2025, 09:17 AM",
                "departure_full_date": "2025-03-21",
                "destination_city_name": "dhaka",
                "is_eid_trip": 0,
                "is_from_city_international": false,
                "is_international": 0,
                "is_open_for_all": true,
                "origin_city_name": "boral_bridge",
                "parent_route": {
                    "arrival_date": "2025-03-21",
                    "arrival_time": "13:10:00",
                    "departure_date": "2025-03-21",
                    "departure_time": "07:40:00",
                    "destination_city_name": "dhaka",
                    "origin_city_name": "rajshahi"
                },
                "seat_types": [
                    {
                        "destination_city_seq": 15,
                        "fare": "690.00",
                        "key": 2,
                        "origin_city_seq": 7,
                        "route_id": 19576,
                        "seat_counts": {
                            "is_divided": true,
                            "offline": 2,
                            "online": 2
                        },
                        "trip_id": 8408629,
                        "trip_route_id": 52548544,
                        "type": "AC_S",
                        "vat_amount": 104,
                        "vat_percent": 15
                    },
                    {
                        "destination_city_seq": 15,
                        "fare": "575.00",
                        "key": 3,
                        "origin_city_seq": 7,
                        "route_id": 19576,
                        "seat_counts": {
                            "is_divided": true,
                            "offline": 10,
                            "online": 10
                        },
                        "trip_id": 8408631,
                        "trip_route_id": 52548626,
                        "type": "SNIGDHA",
                        "vat_amount": 87,
                        "vat_percent": 15
                    },
                    {
                        "destination_city_seq": 15,
                        "fare": "345.00",
                        "key": 7,
                        "origin_city_seq": 7,
                        "route_id": 19576,
                        "seat_counts": {
                            "is_divided": true,
                            "offline": 14,
                            "online": 14
                        },
                        "trip_id": 8408633,
                        "trip_route_id": 52548708,
                        "type": "S_CHAIR",
                        "vat_amount": 0,
                        "vat_percent": 0
                    }
                ],
                "train_model": "754",
                "travel_time": "03h 53m",
                "trip_number": "SILKCITY EXPRESS (754)"
            },
            {
                "arrival_date_time": "21 Mar, 06:05 pm",
                "boarding_points": [
                    {
                        "location_date": "21 Mar 2025",
                        "location_id": 2706,
                        "location_name": "Boral_Bridge Station",
                        "location_time": "02:09 PM",
                        "trip_point_id": 107733310
                    }
                ],
                "departure_date_time": "21 Mar, 02:09 pm",
                "departure_date_time_jd": "Fri, 21 Mar 2025, 02:09 PM",
                "departure_full_date": "2025-03-21",
                "destination_city_name": "dhaka",
                "is_eid_trip": 0,
                "is_from_city_international": false,
                "is_international": 0,
                "is_open_for_all": true,
                "origin_city_name": "boral_bridge",
                "parent_route": {
                    "arrival_date": "2025-03-21",
                    "arrival_time": "18:05:00",
                    "departure_date": "2025-03-21",
                    "departure_time": "09:00:00",
                    "destination_city_name": "dhaka",
                    "origin_city_name": "khulna"
                },
                "seat_types": [
                    {
                        "destination_city_seq": 23,
                        "fare": "575.00",
                        "key": 3,
                        "origin_city_seq": 15,
                        "route_id": 20722,
                        "seat_counts": {
                            "is_divided": true,
                            "offline": 2,
                            "online": 2
                        },
                        "trip_id": 8408694,
                        "trip_route_id": 52551802,
                        "type": "SNIGDHA",
                        "vat_amount": 87,
                        "vat_percent": 15
                    },
                    {
                        "destination_city_seq": 23,
                        "fare": "690.00",
                        "key": 2,
                        "origin_city_seq": 15,
                        "route_id": 20722,
                        "seat_counts": {
                            "is_divided": true,
                            "offline": 0,
                            "online": 0
                        },
                        "trip_id": 8408717,
                        "trip_route_id": 52553298,
                        "type": "AC_S",
                        "vat_amount": 104,
                        "vat_percent": 15
                    },
                    {
                        "destination_city_seq": 23,
                        "fare": "345.00",
                        "key": 7,
                        "origin_city_seq": 15,
                        "route_id": 20722,
                        "seat_counts": {
                            "is_divided": true,
                            "offline": 0,
                            "online": 0
                        },
                        "trip_id": 8408723,
                        "trip_route_id": 52553710,
                        "type": "S_CHAIR",
                        "vat_amount": 0,
                        "vat_percent": 0
                    }
                ],
                "train_model": "763",
                "travel_time": "03h 56m",
                "trip_number": "CHITRA EXPRESS (763)"
            },
            {
                "arrival_date_time": "21 Mar, 09:15 pm",
                "boarding_points": [
                    {
                        "location_date": "21 Mar 2025",
                        "location_id": 2706,
                        "location_name": "Boral_Bridge Station",
                        "location_time": "05:40 PM",
                        "trip_point_id": 107731252
                    }
                ],
                "departure_date_time": "21 Mar, 05:40 pm",
                "departure_date_time_jd": "Fri, 21 Mar 2025, 05:40 PM",
                "departure_full_date": "2025-03-21",
                "destination_city_name": "dhaka",
                "is_eid_trip": 0,
                "is_from_city_international": false,
                "is_international": 0,
                "is_open_for_all": true,
                "origin_city_name": "boral_bridge",
                "parent_route": {
                    "arrival_date": "2025-03-21",
                    "arrival_time": "21:15:00",
                    "departure_date": "2025-03-21",
                    "departure_time": "16:00:00",
                    "destination_city_name": "dhaka",
                    "origin_city_name": "rajshahi"
                },
                "seat_types": [
                    {
                        "destination_city_seq": 15,
                        "fare": "575.00",
                        "key": 3,
                        "origin_city_seq": 7,
                        "route_id": 19576,
                        "seat_counts": {
                            "is_divided": true,
                            "offline": 1,
                            "online": 1
                        },
                        "trip_id": 8408619,
                        "trip_route_id": 52548096,
                        "type": "SNIGDHA",
                        "vat_amount": 87,
                        "vat_percent": 15
                    },
                    {
                        "destination_city_seq": 15,
                        "fare": "345.00",
                        "key": 7,
                        "origin_city_seq": 7,
                        "route_id": 19576,
                        "seat_counts": {
                            "is_divided": true,
                            "offline": 9,
                            "online": 10
                        },
                        "trip_id": 8408621,
                        "trip_route_id": 52548174,
                        "type": "S_CHAIR",
                        "vat_amount": 0,
                        "vat_percent": 0
                    },
                    {
                        "destination_city_seq": 15,
                        "fare": "690.00",
                        "key": 2,
                        "origin_city_seq": 7,
                        "route_id": 19576,
                        "seat_counts": {
                            "is_divided": true,
                            "offline": 0,
                            "online": 0
                        },
                        "trip_id": 8408747,
                        "trip_route_id": 52556224,
                        "type": "AC_S",
                        "vat_amount": 104,
                        "vat_percent": 15
                    }
                ],
                "train_model": "760",
                "travel_time": "03h 35m",
                "trip_number": "PADMA EXPRESS (760)"
            }
        ]
    },
    "extra": {
        "hash": "2913D4E613EE77BA81FCAB988D4D7E11"
    }
}