{
    "data": {
        "recommendations": [],
        "selected_seat_class": "S_CHAIR",
        "trains": [
            {
                "arrival_date_time": "22 Mar, 01:24 am",
                "boarding_points": [
                    {
                        "location_date": "21 Mar 2025",
                        "location_id": 2706,
                        "location_name": "Boral_Bridge Station",
                        "location_time": "10:50 PM",
                        "trip_point_id": 107733389
                    }
                ],
                "departure_date_time": "21 Mar, 10:50 pm",
                "departure_date_time_jd": "Fri, 21 Mar 2025, 10:50 PM",
                "departure_full_date": "2025-03-21",
                "destination_city_name": "chuadanga",
                "is_eid_trip": 0,
                "is_from_city_international": false,
                "is_international": 0,
                "is_open_for_all": true,
                "origin_city_name": "boral_bridge",
                "parent_route": {
                    "arrival_date": "2025-03-22",
                    "arrival_time": "04:40:00",
                    "departure_date": "2025-03-21",
                    "departure_time": "19:30:00",
                    "destination_city_name": "khulna",
                    "origin_city_name": "dhaka"
                },
                "seat_types": [
                    {
                        "destination_city_seq": 17,
                        "fare": "285.00",
                        "key": 3,
                        "origin_city_seq": 10,
                        "route_id": 26488,
                        "seat_counts": {
                            "is_divided": true,
                            "offline": 0,
                            "online": 0
                        },
                        "trip_id": 8408696,
                        "trip_route_id": 52551968,
                        "type": "SNIGDHA",
                        "vat_amount": 43,
                        "vat_percent": 15
                    },
                    {
                        "destination_city_seq": 17,
                        "fare": "170.00",
                        "key": 7,
                        "origin_city_seq": 10,
                        "route_id": 26488,
                        "seat_counts": {
                            "is_divided": true,
                            "offline": 2,
                            "online": 3
                        },
                        "trip_id": 8408729,
                        "trip_route_id": 52554144,
                        "type": "S_CHAIR",
                        "vat_amount": 0,
                        "vat_percent": 0
                    }
                ],
                "train_model": "764",
                "travel_time": "02h 34m",
                "trip_number": "CHITRA EXPRESS (764)"
            }
        ]
    },
    "extra": {
        "hash": "2913D4E613EE77BA81FCAB988D4D7E11"
    }
}