{
    "data": {
        "recommendations": [],
        "selected_seat_class": "S_CHAIR",
        "trains": [
            {
                "arrival_date_time": "21 Mar, 01:00 pm",
                "boarding_points": [
                    {
                        "location_date": "21 Mar 2025",
                        "location_id": 2826,
                        "location_name": "Brahmanbaria Station",
                        "location_time": "08:29 AM",
                        "trip_point_id": 107725459
                    }
                ],
                "departure_date_time": "21 Mar, 08:29 am",
                "departure_date_time_jd": "Fri, 21 Mar 2025, 08:29 AM",
                "departure_full_date": "2025-03-21",
                "destination_city_name": "sylhet",
                "is_eid_trip": 0,
                "is_from_city_international": false,
                "is_international": 0,
                "is_open_for_all": true,
                "origin_city_name": "brahmanbaria",
                "parent_route": {
                    "arrival_date": "2025-03-21",
                    "arrival_time": "13:00:00",
                    "departure_date": "2025-03-21",
                    "departure_time": "06:30:00",
                    "destination_city_name": "sylhet",
                    "origin_city_name": "dhaka"
                },
                "seat_types": [
                    {
                        "destination_city_seq": 12,
                        "fare": "380.00",
                        "key": 3,
                        "origin_city_seq": 4,
                        "route_id": 22143,
                        "seat_counts": {
                            "is_divided": true,
                            "offline": 1,
                            "online": 2
                        },
                        "trip_id": 8408275,
                        "trip_route_id": 52539889,
                        "type": "SNIGDHA",
                        "vat_amount": 57,
                        "vat_percent": 15
                    },
                    {
                        "destination_city_seq": 12,
                        "fare": "230.00",
                        "key": 7,
                        "origin_city_seq": 4,
                        "route_id": 22143,
                        "seat_counts": {
                            "is_divided": true,
                            "offline": 7,
                            "online": 7
                        },
                        "trip_id": 8408277,
                        "trip_route_id": 52539963,
                        "type": "S_CHAIR",
                        "vat_amount": 0,
                        "vat_percent": 0
                    },
                    {
                        "destination_city_seq": 12,
                        "fare": "305.00",
                        "key": 5,
                        "origin_city_seq": 4,
                        "route_id": 22143,
                        "seat_counts": {
                            "is_divided": true,
                            "offline": 0,
                            "online": 0
                        },
                        "trip_id": 8408279,
                        "trip_route_id": 52540038,
                        "type": "F_SEAT",
                        "vat_amount": 46,
                        "vat_percent": 15
                    },
                    {
                        "destination_city_seq": 12,
                        "fare": "455.00",
                        "key": 2,
                        "origin_city_seq": 4,
                        "route_id": 22143,
                        "seat_counts": {
                            "is_divided": true,
                            "offline": 0,
                            "online": 0
                        },
                        "trip_id": 8408281,
                        "trip_route_id": 52540108,
                        "type": "AC_S",
                        "vat_amount": 69,
                        "vat_percent": 15
                    }
                ],
                "train_model": "709",
                "travel_time": "04h 31m",
                "trip_number": "PARABAT EXPRESS (709)"
            },
            {
                "arrival_date_time": "21 Mar, 07:00 pm",
                "boarding_points": [
                    {
                        "location_date": "21 Mar 2025",
                        "location_id": 2826,
                        "location_name": "Brahmanbaria Station",
                        "location_time": "01:15 PM",
                        "trip_point_id": 107725996
                    }
                ],
                "departure_date_time": "21 Mar, 01:15 pm",
                "departure_date_time_jd": "Fri, 21 Mar 2025, 01:15 PM",
                "departure_full_date": "2025-03-21",
                "destination_city_name": "sylhet",
                "is_eid_trip": 0,
                "is_from_city_international": false,
                "is_international": 0,
                "is_open_for_all": true,
                "origin_city_name": "brahmanbaria",
                "parent_route": {
                    "arrival_date": "2025-03-21",
                    "arrival_time": "19:00:00",
                    "departure_date": "2025-03-21",
                    "departure_time": "11:15:00",
                    "destination_city_name": "sylhet",
                    "origin_city_name": "dhaka"
                },
                "seat_types": [
                    {
                        "destination_city_seq": 16,
                        "fare": "455.00",
                        "key": 2,
                        "origin_city_seq": 4,
                        "route_id": 22315,
                        "seat_counts": {
                            "is_divided": true,
                            "offline": 0,
                            "online": 0
                        },
                        "trip_id": 8408299,
                        "trip_route_id": 52540893,
                        "type": "AC_S",
                        "vat_amount": 69,
                        "vat_percent": 15
                    },
                    {
                        "destination_city_seq": 16,
                        "fare": "230.00",
                        "key": 7,
                        "origin_city_seq": 4,
                        "route_id": 22315,
                        "seat_counts": {
                            "is_divided": true,
                            "offline": 9,
                            "online": 10
                        },
                        "trip_id": 8408301,
                        "trip_route_id": 52540963,
                        "type": "S_CHAIR",
                        "vat_amount": 0,
                        "vat_percent": 0
                    },
                    {
                        "destination_city_seq": 16,
                        "fare": "380.00",
                        "key": 3,
                        "origin_city_seq": 4,
                        "route_id": 22315,
                        "seat_counts": {
                            "is_divided": true,
                            "offline": 0,
                            "online": 0
                        },
                        "trip_id": 8408303,
                        "trip_route_id": 52541033,
                        "type": "SNIGDHA",
                        "vat_amount": 57,
                        "vat_percent": 15
                    }
                ],
                "train_model": "717",
                "travel_time": "05h 45m",
                "trip_number": "JAYENTIKA EXPRESS (717)"
            }
        ]
    },
    "extra": {
        "hash": "2913D4E613EE77BA81FCAB988D4D7E11"
    }
}