{
    "data": {
        "recommendations": [
            {
                "destination": "Feni",
                "origin": "Akhaura"
            },
            {
                "destination": "Gunabati",
                "origin": "Brahmanbaria"
            }
        ],
        "selected_seat_class": "S_CHAIR",
        "trains": [
            {
                "arrival_date_time": "21 Mar, 12:00 pm",
                "boarding_points": [
                    {
                        "location_date": "21 Mar 2025",
                        "location_id": 2826,
                        "location_name": "Brahmanbaria Station",
                        "location_time": "09:43 AM",
                        "trip_point_id": 107725051
                    }
                ],
                "departure_date_time": "21 Mar, 09:43 am",
                "departure_date_time_jd": "Fri, 21 Mar 2025, 09:43 AM",
                "departure_full_date": "2025-03-21",
                "destination_city_name": "feni",
                "is_eid_trip": 0,
                "is_from_city_international": false,
                "is_international": 0,
                "is_open_for_all": true,
                "origin_city_name": "brahmanbaria",
                "parent_route": {
                    "arrival_date": "2025-03-21",
                    "arrival_time": "13:35:00",
                    "departure_date": "2025-03-21",
                    "departure_time": "07:45:00",
                    "destination_city_name": "chattogram",
                    "origin_city_name": "dhaka"
                },
                "seat_types": [
                    {
                        "destination_city_seq": 9,
                        "fare": "155.00",
                        "key": 7,
                        "origin_city_seq": 4,
                        "route_id": 22055,
                        "seat_counts": {
                            "is_divided": true,
                            "offline": 0,
                            "online": 0
                        },
                        "trip_id": 8408251,
                        "trip_route_id": 52539247,
                        "type": "S_CHAIR",
                        "vat_amount": 0,
                        "vat_percent": 0
                    },
                    {
                        "destination_city_seq": 9,
                        "fare": "205.00",
                        "key": 5,
                        "origin_city_seq": 4,
                        "route_id": 22055,
                        "seat_counts": {
                            "is_divided": true,
                            "offline": 0,
                            "online": 0
                        },
                        "trip_id": 8408253,
                        "trip_route_id": 52539297,
                        "type": "F_SEAT",
                        "vat_amount": 31,
                        "vat_percent": 15
                    },
                    {
                        "destination_city_seq": 9,
                        "fare": "305.00",
                        "key": 2,
                        "origin_city_seq": 4,
                        "route_id": 22055,
                        "seat_counts": {
                            "is_divided": true,
                            "offline": 0,
                            "online": 0
                        },
                        "trip_id": 8408255,
                        "trip_route_id": 52539347,
                        "type": "AC_S",
                        "vat_amount": 46,
                        "vat_percent": 15
                    },
                    {
                        "destination_city_seq": 9,
                        "fare": "255.00",
                        "key": 3,
                        "origin_city_seq": 4,
                        "route_id": 22055,
                        "seat_counts": {
                            "is_divided": true,
                            "offline": 0,
                            "online": 0
                        },
                        "trip_id": 8408257,
                        "trip_route_id": 52539397,
                        "type": "SNIGDHA",
                        "vat_amount": 39,
                        "vat_percent": 15
                    }
                ],
                "train_model": "704",
                "travel_time": "02h 17m",
                "trip_number": "MAHANAGAR PROVATI (704)"
            }
        ]
    },
    "extra": {
        "hash": "2913D4E613EE77BA81FCAB988D4D7E11"
    }
}