{
    "data": {
        "recommendations": [],
        "selected_seat_class": "S_CHAIR",
        "trains": [
            {
                "arrival_date_time": "21 Mar, 05:15 am",
                "boarding_points": [
                    {
                        "location_date": "21 Mar 2025",
                        "location_id": 2826,
                        "location_name": "Brahmanbaria Station",
                        "location_time": "01:16 AM",
                        "trip_point_id": 107716947
                    }
                ],
                "departure_date_time": "21 Mar, 01:16 am",
                "departure_date_time_jd": "Fri, 21 Mar 2025, 01:16 AM",
                "departure_full_date": "2025-03-21",
                "destination_city_name": "chattogram",
                "is_eid_trip": 0,
                "is_from_city_international": false,
                "is_international": 0,
                "is_open_for_all": true,
                "origin_city_name": "brahmanbaria",
                "parent_route": {
                    "arrival_date": "2025-03-21",
                    "arrival_time": "05:15:00",
                    "departure_date": "2025-03-20",
                    "departure_time": "23:15:00",
                    "destination_city_name": "chattogram",
                    "origin_city_name": "dhaka"
                },
                "seat_types": [
                    {
                        "destination_city_seq": 9,
                        "fare": "260.00",
                        "key": 7,
                        "origin_city_seq": 4,
                        "route_id": 22837,
                        "seat_counts": {
                            "is_divided": true,
                            "offline": 24,
                            "online": 24
                        },
                        "trip_id": 8407830,
                        "trip_route_id": 52526515,
                        "type": "S_CHAIR",
                        "vat_amount": 0,
                        "vat_percent": 0
                    },
                    {
                        "destination_city_seq": 9,
                        "fare": "515.00",
                        "key": 4,
                        "origin_city_seq": 4,
                        "route_id": 22837,
                        "seat_counts": {
                            "is_divided": true,
                            "offline": 0,
                            "online": 0
                        },
                        "trip_id": 8407831,
                        "trip_route_id": 52526529,
                        "type": "F_BERTH",
                        "vat_amount": 78,
                        "vat_percent": 15
                    },
                    {
                        "destination_city_seq": 9,
                        "fare": "775.00",
                        "key": 1,
                        "origin_city_seq": 4,
                        "route_id": 22837,
                        "seat_counts": {
                            "is_divided": true,
                            "offline": 0,
                            "online": 0
                        },
                        "trip_id": 8407832,
                        "trip_route_id": 52526543,
                        "type": "AC_B",
                        "vat_amount": 117,
                        "vat_percent": 15
                    },
                    {
                        "destination_city_seq": 9,
                        "fare": "430.00",
                        "key": 3,
                        "origin_city_seq": 4,
                        "route_id": 22837,
                        "seat_counts": {
                            "is_divided": true,
                            "offline": 2,
                            "online": 3
                        },
                        "trip_id": 8407833,
                        "trip_route_id": 52526558,
                        "type": "SNIGDHA",
                        "vat_amount": 65,
                        "vat_percent": 15
                    }
                ],
                "train_model": "742",
                "travel_time": "03h 59m",
                "trip_number": "TURNA (742)"
            },
            {
                "arrival_date_time": "21 Mar, 01:35 pm",
                "boarding_points": [
                    {
                        "location_date": "21 Mar 2025",
                        "location_id": 2826,
                        "location_name": "Brahmanbaria Station",
                        "location_time": "09:43 AM",
                        "trip_point_id": 107725051
                    }
                ],
                "departure_date_time": "21 Mar, 09:43 am",
                "departure_date_time_jd": "Fri, 21 Mar 2025, 09:43 AM",
                "departure_full_date": "2025-03-21",
                "destination_city_name": "chattogram",
                "is_eid_trip": 0,
                "is_from_city_international": false,
                "is_international": 0,
                "is_open_for_all": true,
                "origin_city_name": "brahmanbaria",
                "parent_route": {
                    "arrival_date": "2025-03-21",
                    "arrival_time": "13:35:00",
                    "departure_date": "2025-03-21",
                    "departure_time": "07:45:00",
                    "destination_city_name": "chattogram",
                    "origin_city_name": "dhaka"
                },
                "seat_types": [
                    {
                        "destination_city_seq": 10,
                        "fare": "260.00",
                        "key": 7,
                        "origin_city_seq": 4,
                        "route_id": 22056,
                        "seat_counts": {
                            "is_divided": true,
                            "offline": 0,
                            "online": 0
                        },
                        "trip_id": 8408251,
                        "trip_route_id": 52539245,
                        "type": "S_CHAIR",
                        "vat_amount": 0,
                        "vat_percent": 0
                    },
                    {
                        "destination_city_seq": 10,
                        "fare": "345.00",
                        "key": 5,
                        "origin_city_seq": 4,
                        "route_id": 22056,
                        "seat_counts": {
                            "is_divided": true,
                            "offline": 0,
                            "online": 0
                        },
                        "trip_id": 8408253,
                        "trip_route_id": 52539295,
                        "type": "F_SEAT",
                        "vat_amount": 52,
                        "vat_percent": 15
                    },
                    {
                        "destination_city_seq": 10,
                        "fare": "515.00",
                        "key": 2,
                        "origin_city_seq": 4,
                        "route_id": 22056,
                        "seat_counts": {
                            "is_divided": true,
                            "offline": 2,
                            "online": 3
                        },
                        "trip_id": 8408255,
                        "trip_route_id": 52539345,
                        "type": "AC_S",
                        "vat_amount": 78,
                        "vat_percent": 15
                    },
                    {
                        "destination_city_seq": 10,
                        "fare": "430.00",
                        "key": 3,
                        "origin_city_seq": 4,
                        "route_id": 22056,
                        "seat_counts": {
                            "is_divided": true,
                            "offline": 3,
                            "online": 3
                        },
                        "trip_id": 8408257,
                        "trip_route_id": 52539395,
                        "type": "SNIGDHA",
                        "vat_amount": 65,
                        "vat_percent": 15
                    }
                ],
                "train_model": "704",
                "travel_time": "03h 52m",
                "trip_number": "MAHANAGAR PROVATI (704)"
            },
            {
                "arrival_date_time": "22 Mar, 03:30 am",
                "boarding_points": [
                    {
                        "location_date": "21 Mar 2025",
                        "location_id": 2826,
                        "location_name": "Brahmanbaria Station",
                        "location_time": "11:31 PM",
                        "trip_point_id": 107726835
                    }
                ],
                "departure_date_time": "21 Mar, 11:31 pm",
                "departure_date_time_jd": "Fri, 21 Mar 2025, 11:31 PM",
                "departure_full_date": "2025-03-21",
                "destination_city_name": "chattogram",
                "is_eid_trip": 0,
                "is_from_city_international": false,
                "is_international": 0,
                "is_open_for_all": true,
                "origin_city_name": "brahmanbaria",
                "parent_route": {
                    "arrival_date": "2025-03-22",
                    "arrival_time": "03:30:00",
                    "departure_date": "2025-03-21",
                    "departure_time": "21:20:00",
                    "destination_city_name": "chattogram",
                    "origin_city_name": "dhaka"
                },
                "seat_types": [
                    {
                        "destination_city_seq": 14,
                        "fare": "260.00",
                        "key": 7,
                        "origin_city_seq": 6,
                        "route_id": 22532,
                        "seat_counts": {
                            "is_divided": true,
                            "offline": 30,
                            "online": 30
                        },
                        "trip_id": 8408329,
                        "trip_route_id": 52542143,
                        "type": "S_CHAIR",
                        "vat_amount": 0,
                        "vat_percent": 0
                    },
                    {
                        "destination_city_seq": 14,
                        "fare": "775.00",
                        "key": 1,
                        "origin_city_seq": 6,
                        "route_id": 22532,
                        "seat_counts": {
                            "is_divided": true,
                            "offline": 0,
                            "online": 0
                        },
                        "trip_id": 8408331,
                        "trip_route_id": 52542197,
                        "type": "AC_B",
                        "vat_amount": 117,
                        "vat_percent": 15
                    },
                    {
                        "destination_city_seq": 14,
                        "fare": "430.00",
                        "key": 3,
                        "origin_city_seq": 6,
                        "route_id": 22532,
                        "seat_counts": {
                            "is_divided": true,
                            "offline": 4,
                            "online": 5
                        },
                        "trip_id": 8408333,
                        "trip_route_id": 52542248,
                        "type": "SNIGDHA",
                        "vat_amount": 65,
                        "vat_percent": 15
                    }
                ],
                "train_model": "722",
                "travel_time": "03h 59m",
                "trip_number": "MOHANAGAR EXPRESS (722)"
            }
        ]
    },
    "extra": {
        "hash": "2913D4E613EE77BA81FCAB988D4D7E11"
    }
}