{
    "data": {
        "recommendations": [
            {
                "destination": "Kulaura",
                "origin": "Azampur"
            },
            {
                "destination": "Bhanugach",
                "origin": "Brahmanbaria"
            }
        ],
        "selected_seat_class": "S_CHAIR",
        "trains": [
            {
                "arrival_date_time": "21 Mar, 11:25 am",
                "boarding_points": [
                    {
                        "location_date": "21 Mar 2025",
                        "location_id": 2826,
                        "location_name": "Brahmanbaria Station",
                        "location_time": "08:29 AM",
                        "trip_point_id": 107725459
                    }
                ],
                "departure_date_time": "21 Mar, 08:29 am",
                "departure_date_time_jd": "Fri, 21 Mar 2025, 08:29 AM",
                "departure_full_date": "2025-03-21",
                "destination_city_name": "kulaura",
                "is_eid_trip": 0,
                "is_from_city_international": false,
                "is_international": 0,
                "is_open_for_all": true,
                "origin_city_name": "brahmanbaria",
                "parent_route": {
                    "arrival_date": "2025-03-21",
                    "arrival_time": "13:00:00",
                    "departure_date": "2025-03-21",
                    "departure_time": "06:30:00",
                    "destination_city_name": "sylhet",
                    "origin_city_name": "dhaka"
                },
                "seat_types": [
                    {
                        "destination_city_seq": 10,
                        "fare": "285.00",
                        "key": 3,
                        "origin_city_seq": 4,
                        "route_id": 22142,
                        "seat_counts": {
                            "is_divided": true,
                            "offline": 0,
                            "online": 0
                        },
                        "trip_id": 8408275,
                        "trip_route_id": 52539891,
                        "type": "SNIGDHA",
                        "vat_amount": 43,
                        "vat_percent": 15
                    },
                    {
                        "destination_city_seq": 10,
                        "fare": "170.00",
                        "key": 7,
                        "origin_city_seq": 4,
                        "route_id": 22142,
                        "seat_counts": {
                            "is_divided": true,
                            "offline": 0,
                            "online": 0
                        },
                        "trip_id": 8408277,
                        "trip_route_id": 52539965,
                        "type": "S_CHAIR",
                        "vat_amount": 0,
                        "vat_percent": 0
                    },
                    {
                        "destination_city_seq": 10,
                        "fare": "230.00",
                        "key": 5,
                        "origin_city_seq": 4,
                        "route_id": 22142,
                        "seat_counts": {
                            "is_divided": true,
                            "offline": 0,
                            "online": 0
                        },
                        "trip_id": 8408279,
                        "trip_route_id": 52540040,
                        "type": "F_SEAT",
                        "vat_amount": 35,
                        "vat_percent": 15
                    },
                    {
                        "destination_city_seq": 10,
                        "fare": "340.00",
                        "key": 2,
                        "origin_city_seq": 4,
                        "route_id": 22142,
                        "seat_counts": {
                            "is_divided": true,
                            "offline": 0,
                            "online": 0
                        },
                        "trip_id": 8408281,
                        "trip_route_id": 52540110,
                        "type": "AC_S",
                        "vat_amount": 51,
                        "vat_percent": 15
                    }
                ],
                "train_model": "709",
                "travel_time": "02h 56m",
                "trip_number": "PARABAT EXPRESS (709)"
            }
        ]
    },
    "extra": {
        "hash": "2913D4E613EE77BA81FCAB988D4D7E11"
    }
}