{
    "data": {
        "recommendations": [],
        "selected_seat_class": "S_CHAIR",
        "trains": [
            {
                "arrival_date_time": "21 Mar, 05:16 pm",
                "boarding_points": [
                    {
                        "location_date": "21 Mar 2025",
                        "location_id": 2786,
                        "location_name": "Burimari Station",
                        "location_time": "04:20 PM",
                        "trip_point_id": 107735554
                    }
                ],
                "departure_date_time": "21 Mar, 04:20 pm",
                "departure_date_time_jd": "Fri, 21 Mar 2025, 04:20 PM",
                "departure_full_date": "2025-03-21",
                "destination_city_name": "hatibandha",
                "is_eid_trip": 0,
                "is_from_city_international": false,
                "is_international": 0,
                "is_open_for_all": true,
                "origin_city_name": "burimari",
                "parent_route": {
                    "arrival_date": "2025-03-21",
                    "arrival_time": "22:40:00",
                    "departure_date": "2025-03-21",
                    "departure_time": "16:20:00",
                    "destination_city_name": "santahar",
                    "origin_city_name": "burimari"
                },
                "seat_types": [
                    {
                        "destination_city_seq": 4,
                        "fare": "50.00",
                        "key": 7,
                        "origin_city_seq": 1,
                        "route_id": 21200,
                        "seat_counts": {
                            "is_divided": true,
                            "offline": 22,
                            "online": 23
                        },
                        "trip_id": 8408761,
                        "trip_route_id": 52557003,
                        "type": "S_CHAIR",
                        "vat_amount": 0,
                        "vat_percent": 0
                    }
                ],
                "train_model": "714",
                "travel_time": "00h 56m",
                "trip_number": "KOROTOA EXPRESS (714)"
            },
            {
                "arrival_date_time": "21 Mar, 08:32 pm",
                "boarding_points": [
                    {
                        "location_date": "21 Mar 2025",
                        "location_id": 2786,
                        "location_name": "Burimari Station",
                        "location_time": "07:30 PM",
                        "trip_point_id": 107738994
                    }
                ],
                "departure_date_time": "21 Mar, 07:30 pm",
                "departure_date_time_jd": "Fri, 21 Mar 2025, 07:30 PM",
                "departure_full_date": "2025-03-21",
                "destination_city_name": "hatibandha",
                "is_eid_trip": 0,
                "is_from_city_international": false,
                "is_international": 0,
                "is_open_for_all": true,
                "origin_city_name": "burimari",
                "parent_route": {
                    "arrival_date": "2025-03-22",
                    "arrival_time": "08:50:00",
                    "departure_date": "2025-03-21",
                    "departure_time": "23:20:00",
                    "destination_city_name": "dhaka",
                    "origin_city_name": "lalmonirhat"
                },
                "seat_types": [
                    {
                        "destination_city_seq": 5,
                        "fare": "50.00",
                        "key": 7,
                        "origin_city_seq": 2,
                        "route_id": 26232,
                        "seat_counts": {
                            "is_divided": true,
                            "offline": 10,
                            "online": 10
                        },
                        "trip_id": 8408901,
                        "trip_route_id": 52563334,
                        "type": "S_CHAIR",
                        "vat_amount": 0,
                        "vat_percent": 0
                    }
                ],
                "train_model": "810",
                "travel_time": "01h 02m",
                "trip_number": "BURIMARI EXPRESS (810)"
            }
        ]
    },
    "extra": {
        "hash": "2913D4E613EE77BA81FCAB988D4D7E11"
    }
}