{
    "data": {
        "recommendations": [],
        "selected_seat_class": "S_CHAIR",
        "trains": [
            {
                "arrival_date_time": "21 Mar, 09:50 am",
                "boarding_points": [
                    {
                        "location_date": "21 Mar 2025",
                        "location_id": 2926,
                        "location_name": "Chakaria Station",
                        "location_time": "08:37 AM",
                        "trip_point_id": 107730287
                    }
                ],
                "departure_date_time": "21 Mar, 08:37 am",
                "departure_date_time_jd": "Fri, 21 Mar 2025, 08:37 AM",
                "departure_full_date": "2025-03-21",
                "destination_city_name": "coxs bazar",
                "is_eid_trip": 0,
                "is_from_city_international": false,
                "is_international": 0,
                "is_open_for_all": true,
                "origin_city_name": "chakaria",
                "parent_route": {
                    "arrival_date": "2025-03-21",
                    "arrival_time": "09:50:00",
                    "departure_date": "2025-03-21",
                    "departure_time": "06:15:00",
                    "destination_city_name": "cox's bazar",
                    "origin_city_name": "chattogram"
                },
                "seat_types": [
                    {
                        "destination_city_seq": 10,
                        "fare": "65.00",
                        "key": 8,
                        "origin_city_seq": 7,
                        "route_id": 26322,
                        "seat_counts": {
                            "is_divided": true,
                            "offline": 15,
                            "online": 15
                        },
                        "trip_id": 8408557,
                        "trip_route_id": 52546793,
                        "type": "SHOVAN",
                        "vat_amount": 0,
                        "vat_percent": 0
                    },
                    {
                        "destination_city_seq": 10,
                        "fare": "80.00",
                        "key": 7,
                        "origin_city_seq": 7,
                        "route_id": 26322,
                        "seat_counts": {
                            "is_divided": true,
                            "offline": 5,
                            "online": 5
                        },
                        "trip_id": 8408559,
                        "trip_route_id": 52546822,
                        "type": "S_CHAIR",
                        "vat_amount": 0,
                        "vat_percent": 0
                    }
                ],
                "train_model": "821",
                "travel_time": "01h 13m",
                "trip_number": "SHAIKAT EXPRESS (821)"
            },
            {
                "arrival_date_time": "21 Mar, 07:00 pm",
                "boarding_points": [
                    {
                        "location_date": "21 Mar 2025",
                        "location_id": 2926,
                        "location_name": "Chakaria Station",
                        "location_time": "05:34 PM",
                        "trip_point_id": 107730424
                    }
                ],
                "departure_date_time": "21 Mar, 05:34 pm",
                "departure_date_time_jd": "Fri, 21 Mar 2025, 05:34 PM",
                "departure_full_date": "2025-03-21",
                "destination_city_name": "coxs bazar",
                "is_eid_trip": 0,
                "is_from_city_international": false,
                "is_international": 0,
                "is_open_for_all": true,
                "origin_city_name": "chakaria",
                "parent_route": {
                    "arrival_date": "2025-03-21",
                    "arrival_time": "19:00:00",
                    "departure_date": "2025-03-21",
                    "departure_time": "15:10:00",
                    "destination_city_name": "cox's bazar",
                    "origin_city_name": "chattogram"
                },
                "seat_types": [
                    {
                        "destination_city_seq": 13,
                        "fare": "65.00",
                        "key": 8,
                        "origin_city_seq": 9,
                        "route_id": 27119,
                        "seat_counts": {
                            "is_divided": true,
                            "offline": 10,
                            "online": 10
                        },
                        "trip_id": 8408573,
                        "trip_route_id": 52546918,
                        "type": "SHOVAN",
                        "vat_amount": 0,
                        "vat_percent": 0
                    },
                    {
                        "destination_city_seq": 13,
                        "fare": "80.00",
                        "key": 7,
                        "origin_city_seq": 9,
                        "route_id": 27119,
                        "seat_counts": {
                            "is_divided": true,
                            "offline": 5,
                            "online": 5
                        },
                        "trip_id": 8408575,
                        "trip_route_id": 52546956,
                        "type": "S_CHAIR",
                        "vat_amount": 0,
                        "vat_percent": 0
                    }
                ],
                "train_model": "823",
                "travel_time": "01h 26m",
                "trip_number": "PROBAL EXPRESS (823)"
            }
        ]
    },
    "extra": {
        "hash": "2913D4E613EE77BA81FCAB988D4D7E11"
    }
}