{
    "data": {
        "recommendations": [],
        "selected_seat_class": "S_CHAIR",
        "trains": [
            {
                "arrival_date_time": "21 Mar, 08:30 am",
                "boarding_points": [
                    {
                        "location_date": "21 Mar 2025",
                        "location_id": 2869,
                        "location_name": "Chandpur Station",
                        "location_time": "05:00 AM",
                        "trip_point_id": 107727372
                    }
                ],
                "departure_date_time": "21 Mar, 05:00 am",
                "departure_date_time_jd": "Fri, 21 Mar 2025, 05:00 AM",
                "departure_full_date": "2025-03-21",
                "destination_city_name": "kumira",
                "is_eid_trip": 0,
                "is_from_city_international": false,
                "is_international": 0,
                "is_open_for_all": true,
                "origin_city_name": "chandpur",
                "parent_route": {
                    "arrival_date": "2025-03-21",
                    "arrival_time": "09:00:00",
                    "departure_date": "2025-03-21",
                    "departure_time": "05:00:00",
                    "destination_city_name": "chattogram",
                    "origin_city_name": "chandpur"
                },
                "seat_types": [
                    {
                        "destination_city_seq": 14,
                        "fare": "180.00",
                        "key": 8,
                        "origin_city_seq": 1,
                        "route_id": 27250,
                        "seat_counts": {
                            "is_divided": true,
                            "offline": 5,
                            "online": 5
                        },
                        "trip_id": 8408357,
                        "trip_route_id": 52542996,
                        "type": "SHOVAN",
                        "vat_amount": 0,
                        "vat_percent": 0
                    }
                ],
                "train_model": "730",
                "travel_time": "03h 30m",
                "trip_number": "MEGHNA EXPRESS (730)"
            }
        ]
    },
    "extra": {
        "hash": "5774175E127C005DF8037B98B8BA9472"
    }
}