{
    "data": {
        "recommendations": [],
        "selected_seat_class": "S_CHAIR",
        "trains": [
            {
                "arrival_date_time": "21 Mar, 06:20 am",
                "boarding_points": [
                    {
                        "location_date": "21 Mar 2025",
                        "location_id": 2869,
                        "location_name": "Chandpur Station",
                        "location_time": "05:00 AM",
                        "trip_point_id": 107727332
                    }
                ],
                "departure_date_time": "21 Mar, 05:00 am",
                "departure_date_time_jd": "Fri, 21 Mar 2025, 05:00 AM",
                "departure_full_date": "2025-03-21",
                "destination_city_name": "laksam",
                "is_eid_trip": 0,
                "is_from_city_international": false,
                "is_international": 0,
                "is_open_for_all": true,
                "origin_city_name": "chandpur",
                "parent_route": {
                    "arrival_date": "2025-03-21",
                    "arrival_time": "09:00:00",
                    "departure_date": "2025-03-21",
                    "departure_time": "05:00:00",
                    "destination_city_name": "chattogram",
                    "origin_city_name": "chandpur"
                },
                "seat_types": [
                    {
                        "destination_city_seq": 10,
                        "fare": "90.00",
                        "key": 6,
                        "origin_city_seq": 1,
                        "route_id": 22647,
                        "seat_counts": {
                            "is_divided": true,
                            "offline": 0,
                            "online": 0
                        },
                        "trip_id": 8408355,
                        "trip_route_id": 52542920,
                        "type": "F_CHAIR",
                        "vat_amount": 14,
                        "vat_percent": 15
                    },
                    {
                        "destination_city_seq": 10,
                        "fare": "55.00",
                        "key": 8,
                        "origin_city_seq": 1,
                        "route_id": 22647,
                        "seat_counts": {
                            "is_divided": true,
                            "offline": 35,
                            "online": 35
                        },
                        "trip_id": 8408357,
                        "trip_route_id": 52542995,
                        "type": "SHOVAN",
                        "vat_amount": 0,
                        "vat_percent": 0
                    },
                    {
                        "destination_city_seq": 10,
                        "fare": "65.00",
                        "key": 7,
                        "origin_city_seq": 1,
                        "route_id": 22647,
                        "seat_counts": {
                            "is_divided": true,
                            "offline": 2,
                            "online": 2
                        },
                        "trip_id": 8408359,
                        "trip_route_id": 52543072,
                        "type": "S_CHAIR",
                        "vat_amount": 0,
                        "vat_percent": 0
                    },
                    {
                        "destination_city_seq": 10,
                        "fare": "90.00",
                        "key": 5,
                        "origin_city_seq": 1,
                        "route_id": 22647,
                        "seat_counts": {
                            "is_divided": true,
                            "offline": 0,
                            "online": 0
                        },
                        "trip_id": 8408361,
                        "trip_route_id": 52543146,
                        "type": "F_SEAT",
                        "vat_amount": 14,
                        "vat_percent": 15
                    }
                ],
                "train_model": "730",
                "travel_time": "01h 20m",
                "trip_number": "MEGHNA EXPRESS (730)"
            }
        ]
    },
    "extra": {
        "hash": "5774175E127C005DF8037B98B8BA9472"
    }
}