{
    "data": {
        "recommendations": [],
        "selected_seat_class": "S_CHAIR",
        "trains": [
            {
                "arrival_date_time": "21 Mar, 05:03 pm",
                "boarding_points": [
                    {
                        "location_date": "21 Mar 2025",
                        "location_id": 2792,
                        "location_name": "Chatmohar Station",
                        "location_time": "12:34 PM",
                        "trip_point_id": 107738279
                    }
                ],
                "departure_date_time": "21 Mar, 12:34 pm",
                "departure_date_time_jd": "Fri, 21 Mar 2025, 12:34 PM",
                "departure_full_date": "2025-03-21",
                "destination_city_name": "gaibandha",
                "is_eid_trip": 0,
                "is_from_city_international": false,
                "is_international": 0,
                "is_open_for_all": true,
                "origin_city_name": "chatmohar",
                "parent_route": {
                    "arrival_date": "2025-03-21",
                    "arrival_time": "19:00:00",
                    "departure_date": "2025-03-21",
                    "departure_time": "09:10:00",
                    "destination_city_name": "rangpur",
                    "origin_city_name": "dhaka"
                },
                "seat_types": [
                    {
                        "destination_city_seq": 11,
                        "fare": "240.00",
                        "key": 7,
                        "origin_city_seq": 4,
                        "route_id": 26565,
                        "seat_counts": {
                            "is_divided": true,
                            "offline": 2,
                            "online": 2
                        },
                        "trip_id": 8408868,
                        "trip_route_id": 52562357,
                        "type": "S_CHAIR",
                        "vat_amount": 0,
                        "vat_percent": 0
                    }
                ],
                "train_model": "771",
                "travel_time": "04h 29m",
                "trip_number": "RANGPUR EXPRESS (771)"
            }
        ]
    },
    "extra": {
        "hash": "2913D4E613EE77BA81FCAB988D4D7E11"
    }
}