{
    "data": {
        "recommendations": [],
        "selected_seat_class": "S_CHAIR",
        "trains": [
            {
                "arrival_date_time": "21 Mar, 04:45 pm",
                "boarding_points": [
                    {
                        "location_date": "21 Mar 2025",
                        "location_id": 2820,
                        "location_name": "Chattogram Station",
                        "location_time": "12:30 PM",
                        "trip_point_id": 107726670
                    }
                ],
                "departure_date_time": "21 Mar, 12:30 pm",
                "departure_date_time_jd": "Fri, 21 Mar 2025, 12:30 PM",
                "departure_full_date": "2025-03-21",
                "destination_city_name": "ashuganj",
                "is_eid_trip": 0,
                "is_from_city_international": false,
                "is_international": 0,
                "is_open_for_all": true,
                "origin_city_name": "chattogram",
                "parent_route": {
                    "arrival_date": "2025-03-21",
                    "arrival_time": "18:40:00",
                    "departure_date": "2025-03-21",
                    "departure_time": "12:30:00",
                    "destination_city_name": "dhaka",
                    "origin_city_name": "chattogram"
                },
                "seat_types": [
                    {
                        "destination_city_seq": 10,
                        "fare": "275.00",
                        "key": 7,
                        "origin_city_seq": 1,
                        "route_id": 22479,
                        "seat_counts": {
                            "is_divided": true,
                            "offline": 5,
                            "online": 5
                        },
                        "trip_id": 8408323,
                        "trip_route_id": 52541883,
                        "type": "S_CHAIR",
                        "vat_amount": 0,
                        "vat_percent": 0
                    },
                    {
                        "destination_city_seq": 10,
                        "fare": "460.00",
                        "key": 3,
                        "origin_city_seq": 1,
                        "route_id": 22479,
                        "seat_counts": {
                            "is_divided": true,
                            "offline": 4,
                            "online": 5
                        },
                        "trip_id": 8408327,
                        "trip_route_id": 52542045,
                        "type": "SNIGDHA",
                        "vat_amount": 69,
                        "vat_percent": 15
                    }
                ],
                "train_model": "721",
                "travel_time": "04h 15m",
                "trip_number": "MOHANAGAR EXPRESS (721)"
            }
        ]
    },
    "extra": {
        "hash": "2913D4E613EE77BA81FCAB988D4D7E11"
    }
}