{
    "data": {
        "recommendations": [],
        "selected_seat_class": "S_CHAIR",
        "trains": [
            {
                "arrival_date_time": "21 Mar, 02:48 pm",
                "boarding_points": [
                    {
                        "location_date": "21 Mar 2025",
                        "location_id": 2820,
                        "location_name": "Chattogram Station",
                        "location_time": "07:50 AM",
                        "trip_point_id": 107726439
                    }
                ],
                "departure_date_time": "21 Mar, 07:50 am",
                "departure_date_time_jd": "Fri, 21 Mar 2025, 07:50 AM",
                "departure_full_date": "2025-03-21",
                "destination_city_name": "baramchal",
                "is_eid_trip": 0,
                "is_from_city_international": false,
                "is_international": 0,
                "is_open_for_all": true,
                "origin_city_name": "chattogram",
                "parent_route": {
                    "arrival_date": "2025-03-21",
                    "arrival_time": "15:55:00",
                    "departure_date": "2025-03-21",
                    "departure_time": "07:50:00",
                    "destination_city_name": "sylhet",
                    "origin_city_name": "chattogram"
                },
                "seat_types": [
                    {
                        "destination_city_seq": 15,
                        "fare": "405.00",
                        "key": 7,
                        "origin_city_seq": 1,
                        "route_id": 22394,
                        "seat_counts": {
                            "is_divided": true,
                            "offline": 2,
                            "online": 3
                        },
                        "trip_id": 8408315,
                        "trip_route_id": 52541521,
                        "type": "S_CHAIR",
                        "vat_amount": 0,
                        "vat_percent": 0
                    }
                ],
                "train_model": "719",
                "travel_time": "06h 58m",
                "trip_number": "PAHARIKA EXPRESS (719)"
            }
        ]
    },
    "extra": {
        "hash": "2913D4E613EE77BA81FCAB988D4D7E11"
    }
}