{
    "data": {
        "recommendations": [],
        "selected_seat_class": "S_CHAIR",
        "trains": [
            {
                "arrival_date_time": "21 Mar, 10:26 am",
                "boarding_points": [
                    {
                        "location_date": "21 Mar 2025",
                        "location_id": 2820,
                        "location_name": "Chattogram Station",
                        "location_time": "07:50 AM",
                        "trip_point_id": 107726360
                    }
                ],
                "departure_date_time": "21 Mar, 07:50 am",
                "departure_date_time_jd": "Fri, 21 Mar 2025, 07:50 AM",
                "departure_full_date": "2025-03-21",
                "destination_city_name": "cumilla",
                "is_eid_trip": 0,
                "is_from_city_international": false,
                "is_international": 0,
                "is_open_for_all": true,
                "origin_city_name": "chattogram",
                "parent_route": {
                    "arrival_date": "2025-03-21",
                    "arrival_time": "15:55:00",
                    "departure_date": "2025-03-21",
                    "departure_time": "07:50:00",
                    "destination_city_name": "sylhet",
                    "origin_city_name": "chattogram"
                },
                "seat_types": [
                    {
                        "destination_city_seq": 5,
                        "fare": "305.00",
                        "key": 3,
                        "origin_city_seq": 1,
                        "route_id": 22384,
                        "seat_counts": {
                            "is_divided": true,
                            "offline": 0,
                            "online": 1
                        },
                        "trip_id": 8408311,
                        "trip_route_id": 52541411,
                        "type": "SNIGDHA",
                        "vat_amount": 46,
                        "vat_percent": 15
                    },
                    {
                        "destination_city_seq": 5,
                        "fare": "370.00",
                        "key": 2,
                        "origin_city_seq": 1,
                        "route_id": 22384,
                        "seat_counts": {
                            "is_divided": true,
                            "offline": 1,
                            "online": 1
                        },
                        "trip_id": 8408313,
                        "trip_route_id": 52541463,
                        "type": "AC_S",
                        "vat_amount": 56,
                        "vat_percent": 15
                    },
                    {
                        "destination_city_seq": 5,
                        "fare": "185.00",
                        "key": 7,
                        "origin_city_seq": 1,
                        "route_id": 22384,
                        "seat_counts": {
                            "is_divided": true,
                            "offline": 54,
                            "online": 55
                        },
                        "trip_id": 8408315,
                        "trip_route_id": 52541509,
                        "type": "S_CHAIR",
                        "vat_amount": 0,
                        "vat_percent": 0
                    }
                ],
                "train_model": "719",
                "travel_time": "02h 36m",
                "trip_number": "PAHARIKA EXPRESS (719)"
            },
            {
                "arrival_date_time": "21 Mar, 11:42 am",
                "boarding_points": [
                    {
                        "location_date": "21 Mar 2025",
                        "location_id": 2820,
                        "location_name": "Chattogram Station",
                        "location_time": "09:15 AM",
                        "trip_point_id": 107729373
                    }
                ],
                "departure_date_time": "21 Mar, 09:15 am",
                "departure_date_time_jd": "Fri, 21 Mar 2025, 09:15 AM",
                "departure_full_date": "2025-03-21",
                "destination_city_name": "cumilla",
                "is_eid_trip": 0,
                "is_from_city_international": false,
                "is_international": 0,
                "is_open_for_all": true,
                "origin_city_name": "chattogram",
                "parent_route": {
                    "arrival_date": "2025-03-21",
                    "arrival_time": "18:00:00",
                    "departure_date": "2025-03-21",
                    "departure_time": "09:15:00",
                    "destination_city_name": "jamalpur_town",
                    "origin_city_name": "chattogram"
                },
                "seat_types": [
                    {
                        "destination_city_seq": 5,
                        "fare": "185.00",
                        "key": 7,
                        "origin_city_seq": 1,
                        "route_id": 23085,
                        "seat_counts": {
                            "is_divided": true,
                            "offline": 9,
                            "online": 9
                        },
                        "trip_id": 8408477,
                        "trip_route_id": 52545780,
                        "type": "S_CHAIR",
                        "vat_amount": 0,
                        "vat_percent": 0
                    },
                    {
                        "destination_city_seq": 5,
                        "fare": "370.00",
                        "key": 2,
                        "origin_city_seq": 1,
                        "route_id": 23085,
                        "seat_counts": {
                            "is_divided": true,
                            "offline": 0,
                            "online": 0
                        },
                        "trip_id": 8408479,
                        "trip_route_id": 52545845,
                        "type": "AC_S",
                        "vat_amount": 56,
                        "vat_percent": 15
                    },
                    {
                        "destination_city_seq": 5,
                        "fare": "305.00",
                        "key": 3,
                        "origin_city_seq": 1,
                        "route_id": 23085,
                        "seat_counts": {
                            "is_divided": true,
                            "offline": 6,
                            "online": 6
                        },
                        "trip_id": 8408481,
                        "trip_route_id": 52545888,
                        "type": "SNIGDHA",
                        "vat_amount": 46,
                        "vat_percent": 15
                    }
                ],
                "train_model": "785",
                "travel_time": "02h 27m",
                "trip_number": "BIJOY EXPRESS (785)"
            },
            {
                "arrival_date_time": "21 Mar, 03:06 pm",
                "boarding_points": [
                    {
                        "location_date": "21 Mar 2025",
                        "location_id": 2820,
                        "location_name": "Chattogram Station",
                        "location_time": "12:30 PM",
                        "trip_point_id": 107726670
                    }
                ],
                "departure_date_time": "21 Mar, 12:30 pm",
                "departure_date_time_jd": "Fri, 21 Mar 2025, 12:30 PM",
                "departure_full_date": "2025-03-21",
                "destination_city_name": "cumilla",
                "is_eid_trip": 0,
                "is_from_city_international": false,
                "is_international": 0,
                "is_open_for_all": true,
                "origin_city_name": "chattogram",
                "parent_route": {
                    "arrival_date": "2025-03-21",
                    "arrival_time": "18:40:00",
                    "departure_date": "2025-03-21",
                    "departure_time": "12:30:00",
                    "destination_city_name": "dhaka",
                    "origin_city_name": "chattogram"
                },
                "seat_types": [
                    {
                        "destination_city_seq": 6,
                        "fare": "185.00",
                        "key": 7,
                        "origin_city_seq": 1,
                        "route_id": 22475,
                        "seat_counts": {
                            "is_divided": true,
                            "offline": 29,
                            "online": 29
                        },
                        "trip_id": 8408323,
                        "trip_route_id": 52541884,
                        "type": "S_CHAIR",
                        "vat_amount": 0,
                        "vat_percent": 0
                    },
                    {
                        "destination_city_seq": 6,
                        "fare": "370.00",
                        "key": 2,
                        "origin_city_seq": 1,
                        "route_id": 22475,
                        "seat_counts": {
                            "is_divided": true,
                            "offline": 0,
                            "online": 0
                        },
                        "trip_id": 8408325,
                        "trip_route_id": 52541966,
                        "type": "AC_S",
                        "vat_amount": 56,
                        "vat_percent": 15
                    },
                    {
                        "destination_city_seq": 6,
                        "fare": "305.00",
                        "key": 3,
                        "origin_city_seq": 1,
                        "route_id": 22475,
                        "seat_counts": {
                            "is_divided": true,
                            "offline": 32,
                            "online": 32
                        },
                        "trip_id": 8408327,
                        "trip_route_id": 52542046,
                        "type": "SNIGDHA",
                        "vat_amount": 46,
                        "vat_percent": 15
                    }
                ],
                "train_model": "721",
                "travel_time": "02h 36m",
                "trip_number": "MOHANAGAR EXPRESS (721)"
            },
            {
                "arrival_date_time": "21 Mar, 05:27 pm",
                "boarding_points": [
                    {
                        "location_date": "21 Mar 2025",
                        "location_id": 2820,
                        "location_name": "Chattogram Station",
                        "location_time": "03:00 PM",
                        "trip_point_id": 107724922
                    }
                ],
                "departure_date_time": "21 Mar, 03:00 pm",
                "departure_date_time_jd": "Fri, 21 Mar 2025, 03:00 PM",
                "departure_full_date": "2025-03-21",
                "destination_city_name": "cumilla",
                "is_eid_trip": 0,
                "is_from_city_international": false,
                "is_international": 0,
                "is_open_for_all": true,
                "origin_city_name": "chattogram",
                "parent_route": {
                    "arrival_date": "2025-03-21",
                    "arrival_time": "20:45:00",
                    "departure_date": "2025-03-21",
                    "departure_time": "15:00:00",
                    "destination_city_name": "dhaka",
                    "origin_city_name": "chattogram"
                },
                "seat_types": [
                    {
                        "destination_city_seq": 5,
                        "fare": "305.00",
                        "key": 3,
                        "origin_city_seq": 1,
                        "route_id": 22021,
                        "seat_counts": {
                            "is_divided": true,
                            "offline": 10,
                            "online": 10
                        },
                        "trip_id": 8408243,
                        "trip_route_id": 52539067,
                        "type": "SNIGDHA",
                        "vat_amount": 46,
                        "vat_percent": 15
                    },
                    {
                        "destination_city_seq": 5,
                        "fare": "185.00",
                        "key": 7,
                        "origin_city_seq": 1,
                        "route_id": 22021,
                        "seat_counts": {
                            "is_divided": true,
                            "offline": 14,
                            "online": 14
                        },
                        "trip_id": 8408245,
                        "trip_route_id": 52539109,
                        "type": "S_CHAIR",
                        "vat_amount": 0,
                        "vat_percent": 0
                    },
                    {
                        "destination_city_seq": 5,
                        "fare": "245.00",
                        "key": 5,
                        "origin_city_seq": 1,
                        "route_id": 22021,
                        "seat_counts": {
                            "is_divided": true,
                            "offline": 0,
                            "online": 0
                        },
                        "trip_id": 8408247,
                        "trip_route_id": 52539153,
                        "type": "F_SEAT",
                        "vat_amount": 37,
                        "vat_percent": 15
                    },
                    {
                        "destination_city_seq": 5,
                        "fare": "370.00",
                        "key": 2,
                        "origin_city_seq": 1,
                        "route_id": 22021,
                        "seat_counts": {
                            "is_divided": true,
                            "offline": 3,
                            "online": 3
                        },
                        "trip_id": 8408249,
                        "trip_route_id": 52539193,
                        "type": "AC_S",
                        "vat_amount": 56,
                        "vat_percent": 15
                    }
                ],
                "train_model": "703",
                "travel_time": "02h 27m",
                "trip_number": "MAHANAGAR GODHULI (703)"
            },
            {
                "arrival_date_time": "22 Mar, 12:09 am",
                "boarding_points": [
                    {
                        "location_date": "21 Mar 2025",
                        "location_id": 2820,
                        "location_name": "Chattogram Station",
                        "location_time": "09:45 PM",
                        "trip_point_id": 107726950
                    }
                ],
                "departure_date_time": "21 Mar, 09:45 pm",
                "departure_date_time_jd": "Fri, 21 Mar 2025, 09:45 PM",
                "departure_full_date": "2025-03-21",
                "destination_city_name": "cumilla",
                "is_eid_trip": 0,
                "is_from_city_international": false,
                "is_international": 0,
                "is_open_for_all": true,
                "origin_city_name": "chattogram",
                "parent_route": {
                    "arrival_date": "2025-03-22",
                    "arrival_time": "05:45:00",
                    "departure_date": "2025-03-21",
                    "departure_time": "21:45:00",
                    "destination_city_name": "sylhet",
                    "origin_city_name": "chattogram"
                },
                "seat_types": [
                    {
                        "destination_city_seq": 4,
                        "fare": "185.00",
                        "key": 7,
                        "origin_city_seq": 1,
                        "route_id": 22545,
                        "seat_counts": {
                            "is_divided": true,
                            "offline": 37,
                            "online": 38
                        },
                        "trip_id": 8408335,
                        "trip_route_id": 52542291,
                        "type": "S_CHAIR",
                        "vat_amount": 0,
                        "vat_percent": 0
                    },
                    {
                        "destination_city_seq": 4,
                        "fare": "305.00",
                        "key": 3,
                        "origin_city_seq": 1,
                        "route_id": 22545,
                        "seat_counts": {
                            "is_divided": true,
                            "offline": 2,
                            "online": 3
                        },
                        "trip_id": 8408337,
                        "trip_route_id": 52542353,
                        "type": "SNIGDHA",
                        "vat_amount": 46,
                        "vat_percent": 15
                    },
                    {
                        "destination_city_seq": 4,
                        "fare": "550.00",
                        "key": 1,
                        "origin_city_seq": 1,
                        "route_id": 22545,
                        "seat_counts": {
                            "is_divided": true,
                            "offline": 0,
                            "online": 0
                        },
                        "trip_id": 8408339,
                        "trip_route_id": 52542415,
                        "type": "AC_B",
                        "vat_amount": 83,
                        "vat_percent": 15
                    }
                ],
                "train_model": "723",
                "travel_time": "02h 24m",
                "trip_number": "UDAYAN EXPRESS (723)"
            },
            {
                "arrival_date_time": "22 Mar, 01:55 am",
                "boarding_points": [
                    {
                        "location_date": "21 Mar 2025",
                        "location_id": 2820,
                        "location_name": "Chattogram Station",
                        "location_time": "11:30 PM",
                        "trip_point_id": 107728216
                    }
                ],
                "departure_date_time": "21 Mar, 11:30 pm",
                "departure_date_time_jd": "Fri, 21 Mar 2025, 11:30 PM",
                "departure_full_date": "2025-03-21",
                "destination_city_name": "cumilla",
                "is_eid_trip": 0,
                "is_from_city_international": false,
                "is_international": 0,
                "is_open_for_all": true,
                "origin_city_name": "chattogram",
                "parent_route": {
                    "arrival_date": "2025-03-22",
                    "arrival_time": "05:10:00",
                    "departure_date": "2025-03-21",
                    "departure_time": "23:30:00",
                    "destination_city_name": "dhaka",
                    "origin_city_name": "chattogram"
                },
                "seat_types": [
                    {
                        "destination_city_seq": 4,
                        "fare": "185.00",
                        "key": 7,
                        "origin_city_seq": 1,
                        "route_id": 22817,
                        "seat_counts": {
                            "is_divided": true,
                            "offline": 10,
                            "online": 10
                        },
                        "trip_id": 8408407,
                        "trip_route_id": 52544207,
                        "type": "S_CHAIR",
                        "vat_amount": 0,
                        "vat_percent": 0
                    },
                    {
                        "destination_city_seq": 4,
                        "fare": "370.00",
                        "key": 4,
                        "origin_city_seq": 1,
                        "route_id": 22817,
                        "seat_counts": {
                            "is_divided": true,
                            "offline": 0,
                            "online": 0
                        },
                        "trip_id": 8408409,
                        "trip_route_id": 52544233,
                        "type": "F_BERTH",
                        "vat_amount": 56,
                        "vat_percent": 15
                    },
                    {
                        "destination_city_seq": 4,
                        "fare": "550.00",
                        "key": 1,
                        "origin_city_seq": 1,
                        "route_id": 22817,
                        "seat_counts": {
                            "is_divided": true,
                            "offline": 0,
                            "online": 0
                        },
                        "trip_id": 8408411,
                        "trip_route_id": 52544259,
                        "type": "AC_B",
                        "vat_amount": 83,
                        "vat_percent": 15
                    },
                    {
                        "destination_city_seq": 4,
                        "fare": "305.00",
                        "key": 3,
                        "origin_city_seq": 1,
                        "route_id": 22817,
                        "seat_counts": {
                            "is_divided": true,
                            "offline": 10,
                            "online": 10
                        },
                        "trip_id": 8408413,
                        "trip_route_id": 52544285,
                        "type": "SNIGDHA",
                        "vat_amount": 46,
                        "vat_percent": 15
                    }
                ],
                "train_model": "741",
                "travel_time": "02h 25m",
                "trip_number": "TURNA (741)"
            }
        ]
    },
    "extra": {
        "hash": "2913D4E613EE77BA81FCAB988D4D7E11"
    }
}