{
    "data": {
        "recommendations": [],
        "selected_seat_class": "S_CHAIR",
        "trains": [
            {
                "arrival_date_time": "21 Mar, 02:30 am",
                "boarding_points": [
                    {
                        "location_date": "21 Mar 2025",
                        "location_id": 2792,
                        "location_name": "Chatmohar Station",
                        "location_time": "02:10 AM",
                        "trip_point_id": 107718404
                    }
                ],
                "departure_date_time": "21 Mar, 02:10 am",
                "departure_date_time_jd": "Fri, 21 Mar 2025, 02:10 AM",
                "departure_full_date": "2025-03-21",
                "destination_city_name": "ishwardi bypass",
                "is_eid_trip": 0,
                "is_from_city_international": false,
                "is_international": 0,
                "is_open_for_all": true,
                "origin_city_name": "chatmohar",
                "parent_route": {
                    "arrival_date": "2025-03-21",
                    "arrival_time": "04:00:00",
                    "departure_date": "2025-03-20",
                    "departure_time": "22:45:00",
                    "destination_city_name": "rajshahi",
                    "origin_city_name": "dhaka"
                },
                "seat_types": [
                    {
                        "destination_city_seq": 12,
                        "fare": "130.00",
                        "key": 1,
                        "origin_city_seq": 11,
                        "route_id": 19537,
                        "seat_counts": {
                            "is_divided": true,
                            "offline": 0,
                            "online": 0
                        },
                        "trip_id": 8407937,
                        "trip_route_id": 52528430,
                        "type": "AC_B",
                        "vat_amount": 20,
                        "vat_percent": 15
                    },
                    {
                        "destination_city_seq": 12,
                        "fare": "100.00",
                        "key": 3,
                        "origin_city_seq": 11,
                        "route_id": 19537,
                        "seat_counts": {
                            "is_divided": true,
                            "offline": 0,
                            "online": 0
                        },
                        "trip_id": 8407938,
                        "trip_route_id": 52528477,
                        "type": "SNIGDHA",
                        "vat_amount": 15,
                        "vat_percent": 15
                    },
                    {
                        "destination_city_seq": 12,
                        "fare": "50.00",
                        "key": 7,
                        "origin_city_seq": 11,
                        "route_id": 19537,
                        "seat_counts": {
                            "is_divided": true,
                            "offline": 0,
                            "online": 0
                        },
                        "trip_id": 8407939,
                        "trip_route_id": 52528524,
                        "type": "S_CHAIR",
                        "vat_amount": 0,
                        "vat_percent": 0
                    }
                ],
                "train_model": "759",
                "travel_time": "00h 20m",
                "trip_number": "PADMA EXPRESS (759)"
            },
            {
                "arrival_date_time": "21 Mar, 10:12 am",
                "boarding_points": [
                    {
                        "location_date": "21 Mar 2025",
                        "location_id": 2792,
                        "location_name": "Chatmohar Station",
                        "location_time": "09:47 AM",
                        "trip_point_id": 107730856
                    }
                ],
                "departure_date_time": "21 Mar, 09:47 am",
                "departure_date_time_jd": "Fri, 21 Mar 2025, 09:47 AM",
                "departure_full_date": "2025-03-21",
                "destination_city_name": "ishwardi bypass",
                "is_eid_trip": 0,
                "is_from_city_international": false,
                "is_international": 0,
                "is_open_for_all": true,
                "origin_city_name": "chatmohar",
                "parent_route": {
                    "arrival_date": "2025-03-21",
                    "arrival_time": "11:40:00",
                    "departure_date": "2025-03-21",
                    "departure_time": "06:00:00",
                    "destination_city_name": "rajshahi",
                    "origin_city_name": "dhaka"
                },
                "seat_types": [
                    {
                        "destination_city_seq": 12,
                        "fare": "50.00",
                        "key": 7,
                        "origin_city_seq": 11,
                        "route_id": 19537,
                        "seat_counts": {
                            "is_divided": true,
                            "offline": 10,
                            "online": 10
                        },
                        "trip_id": 8408601,
                        "trip_route_id": 52547383,
                        "type": "S_CHAIR",
                        "vat_amount": 0,
                        "vat_percent": 0
                    },
                    {
                        "destination_city_seq": 12,
                        "fare": "100.00",
                        "key": 3,
                        "origin_city_seq": 11,
                        "route_id": 19537,
                        "seat_counts": {
                            "is_divided": true,
                            "offline": 0,
                            "online": 0
                        },
                        "trip_id": 8408603,
                        "trip_route_id": 52547479,
                        "type": "SNIGDHA",
                        "vat_amount": 15,
                        "vat_percent": 15
                    },
                    {
                        "destination_city_seq": 12,
                        "fare": "110.00",
                        "key": 2,
                        "origin_city_seq": 11,
                        "route_id": 19537,
                        "seat_counts": {
                            "is_divided": true,
                            "offline": 0,
                            "online": 0
                        },
                        "trip_id": 8408605,
                        "trip_route_id": 52547581,
                        "type": "AC_S",
                        "vat_amount": 17,
                        "vat_percent": 15
                    }
                ],
                "train_model": "769",
                "travel_time": "00h 25m",
                "trip_number": "DHUMKETU EXPRESS (769)"
            },
            {
                "arrival_date_time": "21 Mar, 06:48 pm",
                "boarding_points": [
                    {
                        "location_date": "21 Mar 2025",
                        "location_id": 2792,
                        "location_name": "Chatmohar Station",
                        "location_time": "06:28 PM",
                        "trip_point_id": 107731336
                    }
                ],
                "departure_date_time": "21 Mar, 06:28 pm",
                "departure_date_time_jd": "Fri, 21 Mar 2025, 06:28 PM",
                "departure_full_date": "2025-03-21",
                "destination_city_name": "ishwardi bypass",
                "is_eid_trip": 0,
                "is_from_city_international": false,
                "is_international": 0,
                "is_open_for_all": true,
                "origin_city_name": "chatmohar",
                "parent_route": {
                    "arrival_date": "2025-03-21",
                    "arrival_time": "20:20:00",
                    "departure_date": "2025-03-21",
                    "departure_time": "14:30:00",
                    "destination_city_name": "rajshahi",
                    "origin_city_name": "dhaka"
                },
                "seat_types": [
                    {
                        "destination_city_seq": 12,
                        "fare": "110.00",
                        "key": 2,
                        "origin_city_seq": 11,
                        "route_id": 19537,
                        "seat_counts": {
                            "is_divided": true,
                            "offline": 0,
                            "online": 0
                        },
                        "trip_id": 8408623,
                        "trip_route_id": 52548248,
                        "type": "AC_S",
                        "vat_amount": 17,
                        "vat_percent": 15
                    },
                    {
                        "destination_city_seq": 12,
                        "fare": "100.00",
                        "key": 3,
                        "origin_city_seq": 11,
                        "route_id": 19537,
                        "seat_counts": {
                            "is_divided": true,
                            "offline": 0,
                            "online": 0
                        },
                        "trip_id": 8408625,
                        "trip_route_id": 52548340,
                        "type": "SNIGDHA",
                        "vat_amount": 15,
                        "vat_percent": 15
                    },
                    {
                        "destination_city_seq": 12,
                        "fare": "50.00",
                        "key": 7,
                        "origin_city_seq": 11,
                        "route_id": 19537,
                        "seat_counts": {
                            "is_divided": true,
                            "offline": 10,
                            "online": 10
                        },
                        "trip_id": 8408627,
                        "trip_route_id": 52548433,
                        "type": "S_CHAIR",
                        "vat_amount": 0,
                        "vat_percent": 0
                    }
                ],
                "train_model": "753",
                "travel_time": "00h 20m",
                "trip_number": "SILKCITY EXPRESS (753)"
            }
        ]
    },
    "extra": {
        "hash": "2913D4E613EE77BA81FCAB988D4D7E11"
    }
}