{
    "data": {
        "trains": [
            {
                "trip_number": "RAJSHAHI COMMUTER (57)",
                "departure_date_time": "06 Mar, 07:45 am",
                "departure_full_date": "2025-03-06",
                "departure_date_time_jd": "Thu, 06 Mar 2025, 07:45 AM",
                "arrival_date_time": "06 Mar, 11:10 am",
                "travel_time": "03h 25m",
                "origin_city_name": "abdulpur",
                "destination_city_name": "rohanpur",
                "seat_types": [
                    {
                        "key": 8,
                        "type": "SHOVAN",
                        "trip_id": 8404233,
                        "trip_route_id": 52391437,
                        "route_id": 23427,
                        "fare": "105.00",
                        "vat_percent": 0,
                        "vat_amount": 0,
                        "origin_city_seq": 3,
                        "destination_city_seq": 13,
                        "seat_counts": {
                            "online": 5,
                            "offline": 5,
                            "is_divided": true
                        }
                    }
                ],
                "train_model": "57",
                "is_open_for_all": true,
                "is_eid_trip": 0,
                "parent_route": {
                    "origin_city_name": "ishwardi",
                    "destination_city_name": "rohanpur",
                    "departure_date": "2025-03-06",
                    "departure_time": "07:00:00",
                    "arrival_date": "2025-03-06",
                    "arrival_time": "11:10:00"
                },
                "boarding_points": [
                    {
                        "trip_point_id": 107641491,
                        "location_id": 2708,
                        "location_name": "Abdulpur Station",
                        "location_time": "07:45 AM",
                        "location_date": "06 Mar 2025"
                    }
                ],
                "is_international": 0,
                "is_from_city_international": false
            }
        ],
        "recommendations": [],
        "selected_seat_class": "S_CHAIR"
    },
    "extra": {
        "hash": "FE8AB15B345270CFF53BFA245BE670BC"
    }
}