{
    "data": {
        "trains": [
            {
                "trip_number": "TITUMIR EXPRESS (733)",
                "departure_date_time": "06 Mar, 08:19 am",
                "departure_full_date": "2025-03-06",
                "departure_date_time_jd": "Thu, 06 Mar 2025, 08:19 AM",
                "arrival_date_time": "06 Mar, 10:31 am",
                "travel_time": "02h 12m",
                "origin_city_name": "ahsanganj",
                "destination_city_name": "fulbari",
                "seat_types": [
                    {
                        "key": 7,
                        "type": "S_CHAIR",
                        "trip_id": 8404226,
                        "trip_route_id": 52391026,
                        "route_id": 20200,
                        "fare": "120.00",
                        "vat_percent": 0,
                        "vat_amount": 0,
                        "origin_city_seq": 5,
                        "destination_city_seq": 13,
                        "seat_counts": {
                            "online": 3,
                            "offline": 2,
                            "is_divided": true
                        }
                    }
                ],
                "train_model": "733",
                "is_open_for_all": true,
                "is_eid_trip": 0,
                "parent_route": {
                    "origin_city_name": "rajshahi",
                    "destination_city_name": "chilahati",
                    "departure_date": "2025-03-06",
                    "departure_time": "06:20:00",
                    "arrival_date": "2025-03-06",
                    "arrival_time": "13:00:00"
                },
                "boarding_points": [
                    {
                        "trip_point_id": 107641265,
                        "location_id": 2707,
                        "location_name": "Ahsanganj Station",
                        "location_time": "08:19 AM",
                        "location_date": "06 Mar 2025"
                    }
                ],
                "is_international": 0,
                "is_from_city_international": false
            },
            {
                "trip_number": "BARENDRA EXPRESS (731)",
                "departure_date_time": "06 Mar, 04:46 pm",
                "departure_full_date": "2025-03-06",
                "departure_date_time_jd": "Thu, 06 Mar 2025, 04:46 PM",
                "arrival_date_time": "06 Mar, 07:04 pm",
                "travel_time": "02h 18m",
                "origin_city_name": "ahsanganj",
                "destination_city_name": "fulbari",
                "seat_types": [
                    {
                        "key": 7,
                        "type": "S_CHAIR",
                        "trip_id": 8404168,
                        "trip_route_id": 52387387,
                        "route_id": 20200,
                        "fare": "120.00",
                        "vat_percent": 0,
                        "vat_amount": 0,
                        "origin_city_seq": 5,
                        "destination_city_seq": 13,
                        "seat_counts": {
                            "online": 5,
                            "offline": 5,
                            "is_divided": true
                        }
                    }
                ],
                "train_model": "731",
                "is_open_for_all": true,
                "is_eid_trip": 0,
                "parent_route": {
                    "origin_city_name": "rajshahi",
                    "destination_city_name": "chilahati",
                    "departure_date": "2025-03-06",
                    "departure_time": "15:00:00",
                    "arrival_date": "2025-03-06",
                    "arrival_time": "21:35:00"
                },
                "boarding_points": [
                    {
                        "trip_point_id": 107639475,
                        "location_id": 2707,
                        "location_name": "Ahsanganj Station",
                        "location_time": "04:46 PM",
                        "location_date": "06 Mar 2025"
                    }
                ],
                "is_international": 0,
                "is_from_city_international": false
            }
        ],
        "recommendations": [],
        "selected_seat_class": "S_CHAIR"
    },
    "extra": {
        "hash": "FE8AB15B345270CFF53BFA245BE670BC"
    }
}