{
    "data": {
        "trains": [
            {
                "trip_number": "TURNA (741)",
                "departure_date_time": "06 Mar, 02:50 am",
                "departure_full_date": "2025-03-06",
                "departure_date_time_jd": "Thu, 06 Mar 2025, 02:50 AM",
                "arrival_date_time": "06 Mar, 05:15 am",
                "travel_time": "02h 25m",
                "origin_city_name": "akhaura",
                "destination_city_name": "dhaka",
                "seat_types": [
                    {
                        "key": 7,
                        "type": "S_CHAIR",
                        "trip_id": 8403352,
                        "trip_route_id": 52367595,
                        "route_id": 22824,
                        "fare": "170.00",
                        "vat_percent": 0,
                        "vat_amount": 0,
                        "origin_city_seq": 5,
                        "destination_city_seq": 8,
                        "seat_counts": {
                            "online": 0,
                            "offline": 0,
                            "is_divided": true
                        }
                    },
                    {
                        "key": 4,
                        "type": "F_BERTH",
                        "trip_id": 8403358,
                        "trip_route_id": 52367673,
                        "route_id": 22824,
                        "fare": "335.00",
                        "vat_percent": 15,
                        "vat_amount": 51,
                        "origin_city_seq": 5,
                        "destination_city_seq": 8,
                        "seat_counts": {
                            "online": 0,
                            "offline": 0,
                            "is_divided": true
                        }
                    },
                    {
                        "key": 1,
                        "type": "AC_B",
                        "trip_id": 8403364,
                        "trip_route_id": 52367751,
                        "route_id": 22824,
                        "fare": "500.00",
                        "vat_percent": 15,
                        "vat_amount": 75,
                        "origin_city_seq": 5,
                        "destination_city_seq": 8,
                        "seat_counts": {
                            "online": 0,
                            "offline": 0,
                            "is_divided": true
                        }
                    },
                    {
                        "key": 3,
                        "type": "SNIGDHA",
                        "trip_id": 8403370,
                        "trip_route_id": 52367829,
                        "route_id": 22824,
                        "fare": "280.00",
                        "vat_percent": 15,
                        "vat_amount": 42,
                        "origin_city_seq": 5,
                        "destination_city_seq": 8,
                        "seat_counts": {
                            "online": 0,
                            "offline": 0,
                            "is_divided": true
                        }
                    }
                ],
                "train_model": "741",
                "is_open_for_all": true,
                "is_eid_trip": 0,
                "parent_route": {
                    "origin_city_name": "chattogram",
                    "destination_city_name": "dhaka",
                    "departure_date": "2025-03-05",
                    "departure_time": "23:30:00",
                    "arrival_date": "2025-03-06",
                    "arrival_time": "05:15:00"
                },
                "boarding_points": [
                    {
                        "trip_point_id": 107626392,
                        "location_id": 2828,
                        "location_name": "Akhaura Station",
                        "location_time": "02:50 AM",
                        "location_date": "06 Mar 2025"
                    }
                ],
                "is_international": 0,
                "is_from_city_international": false
            },
            {
                "trip_number": "UPAKUL EXPRESS (711)",
                "departure_date_time": "06 Mar, 08:53 am",
                "departure_full_date": "2025-03-06",
                "departure_date_time_jd": "Thu, 06 Mar 2025, 08:53 AM",
                "arrival_date_time": "06 Mar, 11:20 am",
                "travel_time": "02h 27m",
                "origin_city_name": "akhaura",
                "destination_city_name": "dhaka",
                "seat_types": [
                    {
                        "key": 3,
                        "type": "SNIGDHA",
                        "trip_id": 8403031,
                        "trip_route_id": 52357571,
                        "route_id": 22253,
                        "fare": "280.00",
                        "vat_percent": 15,
                        "vat_amount": 42,
                        "origin_city_seq": 10,
                        "destination_city_seq": 15,
                        "seat_counts": {
                            "online": 7,
                            "offline": 6,
                            "is_divided": true
                        }
                    },
                    {
                        "key": 7,
                        "type": "S_CHAIR",
                        "trip_id": 8403036,
                        "trip_route_id": 52357926,
                        "route_id": 22253,
                        "fare": "170.00",
                        "vat_percent": 0,
                        "vat_amount": 0,
                        "origin_city_seq": 10,
                        "destination_city_seq": 15,
                        "seat_counts": {
                            "online": 0,
                            "offline": 0,
                            "is_divided": true
                        }
                    }
                ],
                "train_model": "711",
                "is_open_for_all": true,
                "is_eid_trip": 0,
                "parent_route": {
                    "origin_city_name": "noakhali",
                    "destination_city_name": "dhaka",
                    "departure_date": "2025-03-06",
                    "departure_time": "06:00:00",
                    "arrival_date": "2025-03-06",
                    "arrival_time": "11:20:00"
                },
                "boarding_points": [
                    {
                        "trip_point_id": 107619725,
                        "location_id": 2828,
                        "location_name": "Akhaura Station",
                        "location_time": "08:53 AM",
                        "location_date": "06 Mar 2025"
                    }
                ],
                "is_international": 0,
                "is_from_city_international": false
            },
            {
                "trip_number": "CHATTALA EXPRESS (801)",
                "departure_date_time": "06 Mar, 09:37 am",
                "departure_full_date": "2025-03-06",
                "departure_date_time_jd": "Thu, 06 Mar 2025, 09:37 AM",
                "arrival_date_time": "06 Mar, 12:10 pm",
                "travel_time": "02h 33m",
                "origin_city_name": "akhaura",
                "destination_city_name": "dhaka",
                "seat_types": [
                    {
                        "key": 3,
                        "type": "SNIGDHA",
                        "trip_id": 8403765,
                        "trip_route_id": 52376146,
                        "route_id": 22902,
                        "fare": "280.00",
                        "vat_percent": 15,
                        "vat_amount": 42,
                        "origin_city_seq": 10,
                        "destination_city_seq": 16,
                        "seat_counts": {
                            "online": 5,
                            "offline": 4,
                            "is_divided": true
                        }
                    },
                    {
                        "key": 7,
                        "type": "S_CHAIR",
                        "trip_id": 8403775,
                        "trip_route_id": 52376325,
                        "route_id": 22902,
                        "fare": "170.00",
                        "vat_percent": 0,
                        "vat_amount": 0,
                        "origin_city_seq": 10,
                        "destination_city_seq": 16,
                        "seat_counts": {
                            "online": 0,
                            "offline": 0,
                            "is_divided": true
                        }
                    }
                ],
                "train_model": "801",
                "is_open_for_all": true,
                "is_eid_trip": 0,
                "parent_route": {
                    "origin_city_name": "chattogram",
                    "destination_city_name": "dhaka",
                    "departure_date": "2025-03-06",
                    "departure_time": "06:00:00",
                    "arrival_date": "2025-03-06",
                    "arrival_time": "12:10:00"
                },
                "boarding_points": [
                    {
                        "trip_point_id": 107632681,
                        "location_id": 2828,
                        "location_name": "Akhaura Station",
                        "location_time": "09:37 AM",
                        "location_date": "06 Mar 2025"
                    }
                ],
                "is_international": 0,
                "is_from_city_international": false
            },
            {
                "trip_number": "MOHANAGAR EXPRESS (721)",
                "departure_date_time": "06 Mar, 04:08 pm",
                "departure_full_date": "2025-03-06",
                "departure_date_time_jd": "Thu, 06 Mar 2025, 04:08 PM",
                "arrival_date_time": "06 Mar, 06:40 pm",
                "travel_time": "02h 32m",
                "origin_city_name": "akhaura",
                "destination_city_name": "dhaka",
                "seat_types": [
                    {
                        "key": 7,
                        "type": "S_CHAIR",
                        "trip_id": 8403120,
                        "trip_route_id": 52361380,
                        "route_id": 22503,
                        "fare": "170.00",
                        "vat_percent": 0,
                        "vat_amount": 0,
                        "origin_city_seq": 8,
                        "destination_city_seq": 13,
                        "seat_counts": {
                            "online": 0,
                            "offline": 0,
                            "is_divided": true
                        }
                    },
                    {
                        "key": 2,
                        "type": "AC_S",
                        "trip_id": 8403125,
                        "trip_route_id": 52361583,
                        "route_id": 22503,
                        "fare": "335.00",
                        "vat_percent": 15,
                        "vat_amount": 51,
                        "origin_city_seq": 8,
                        "destination_city_seq": 13,
                        "seat_counts": {
                            "online": 0,
                            "offline": 0,
                            "is_divided": true
                        }
                    },
                    {
                        "key": 3,
                        "type": "SNIGDHA",
                        "trip_id": 8403130,
                        "trip_route_id": 52361785,
                        "route_id": 22503,
                        "fare": "280.00",
                        "vat_percent": 15,
                        "vat_amount": 42,
                        "origin_city_seq": 8,
                        "destination_city_seq": 13,
                        "seat_counts": {
                            "online": 0,
                            "offline": 0,
                            "is_divided": true
                        }
                    }
                ],
                "train_model": "721",
                "is_open_for_all": true,
                "is_eid_trip": 0,
                "parent_route": {
                    "origin_city_name": "chattogram",
                    "destination_city_name": "dhaka",
                    "departure_date": "2025-03-06",
                    "departure_time": "12:30:00",
                    "arrival_date": "2025-03-06",
                    "arrival_time": "18:40:00"
                },
                "boarding_points": [
                    {
                        "trip_point_id": 107622153,
                        "location_id": 2828,
                        "location_name": "Akhaura Station",
                        "location_time": "04:08 PM",
                        "location_date": "06 Mar 2025"
                    }
                ],
                "is_international": 0,
                "is_from_city_international": false
            },
            {
                "trip_number": "MAHANAGAR GODHULI (703)",
                "departure_date_time": "06 Mar, 06:23 pm",
                "departure_full_date": "2025-03-06",
                "departure_date_time_jd": "Thu, 06 Mar 2025, 06:23 PM",
                "arrival_date_time": "06 Mar, 08:55 pm",
                "travel_time": "02h 32m",
                "origin_city_name": "akhaura",
                "destination_city_name": "dhaka",
                "seat_types": [
                    {
                        "key": 3,
                        "type": "SNIGDHA",
                        "trip_id": 8402888,
                        "trip_route_id": 52353346,
                        "route_id": 22035,
                        "fare": "280.00",
                        "vat_percent": 15,
                        "vat_amount": 42,
                        "origin_city_seq": 6,
                        "destination_city_seq": 9,
                        "seat_counts": {
                            "online": 0,
                            "offline": 0,
                            "is_divided": true
                        }
                    },
                    {
                        "key": 7,
                        "type": "S_CHAIR",
                        "trip_id": 8402894,
                        "trip_route_id": 52353474,
                        "route_id": 22035,
                        "fare": "170.00",
                        "vat_percent": 0,
                        "vat_amount": 0,
                        "origin_city_seq": 6,
                        "destination_city_seq": 9,
                        "seat_counts": {
                            "online": 5,
                            "offline": 5,
                            "is_divided": true
                        }
                    },
                    {
                        "key": 5,
                        "type": "F_SEAT",
                        "trip_id": 8402900,
                        "trip_route_id": 52353603,
                        "route_id": 22035,
                        "fare": "225.00",
                        "vat_percent": 15,
                        "vat_amount": 34,
                        "origin_city_seq": 6,
                        "destination_city_seq": 9,
                        "seat_counts": {
                            "online": 0,
                            "offline": 0,
                            "is_divided": true
                        }
                    },
                    {
                        "key": 2,
                        "type": "AC_S",
                        "trip_id": 8402906,
                        "trip_route_id": 52353724,
                        "route_id": 22035,
                        "fare": "335.00",
                        "vat_percent": 15,
                        "vat_amount": 51,
                        "origin_city_seq": 6,
                        "destination_city_seq": 9,
                        "seat_counts": {
                            "online": 0,
                            "offline": 0,
                            "is_divided": true
                        }
                    }
                ],
                "train_model": "703",
                "is_open_for_all": true,
                "is_eid_trip": 0,
                "parent_route": {
                    "origin_city_name": "chattogram",
                    "destination_city_name": "dhaka",
                    "departure_date": "2025-03-06",
                    "departure_time": "15:00:00",
                    "arrival_date": "2025-03-06",
                    "arrival_time": "20:55:00"
                },
                "boarding_points": [
                    {
                        "trip_point_id": 107617130,
                        "location_id": 2828,
                        "location_name": "Akhaura Station",
                        "location_time": "06:23 PM",
                        "location_date": "06 Mar 2025"
                    }
                ],
                "is_international": 0,
                "is_from_city_international": false
            }
        ],
        "recommendations": [],
        "selected_seat_class": "S_CHAIR"
    },
    "extra": {
        "hash": "FE8AB15B345270CFF53BFA245BE670BC"
    }
}