{
    "data": {
        "trains": [
            {
                "trip_number": "MOHANAGAR EXPRESS (721)",
                "departure_date_time": "06 Mar, 04:08 pm",
                "departure_full_date": "2025-03-06",
                "departure_date_time_jd": "Thu, 06 Mar 2025, 04:08 PM",
                "arrival_date_time": "06 Mar, 05:28 pm",
                "travel_time": "01h 20m",
                "origin_city_name": "akhaura",
                "destination_city_name": "narsingdi",
                "seat_types": [
                    {
                        "key": 7,
                        "type": "S_CHAIR",
                        "trip_id": 8403120,
                        "trip_route_id": 52361381,
                        "route_id": 22502,
                        "fare": "105.00",
                        "vat_percent": 0,
                        "vat_amount": 0,
                        "origin_city_seq": 8,
                        "destination_city_seq": 12,
                        "seat_counts": {
                            "online": 2,
                            "offline": 2,
                            "is_divided": true
                        }
                    },
                    {
                        "key": 2,
                        "type": "AC_S",
                        "trip_id": 8403125,
                        "trip_route_id": 52361584,
                        "route_id": 22502,
                        "fare": "205.00",
                        "vat_percent": 15,
                        "vat_amount": 31,
                        "origin_city_seq": 8,
                        "destination_city_seq": 12,
                        "seat_counts": {
                            "online": 0,
                            "offline": 0,
                            "is_divided": true
                        }
                    },
                    {
                        "key": 3,
                        "type": "SNIGDHA",
                        "trip_id": 8403130,
                        "trip_route_id": 52361786,
                        "route_id": 22502,
                        "fare": "170.00",
                        "vat_percent": 15,
                        "vat_amount": 26,
                        "origin_city_seq": 8,
                        "destination_city_seq": 12,
                        "seat_counts": {
                            "online": 0,
                            "offline": 0,
                            "is_divided": true
                        }
                    }
                ],
                "train_model": "721",
                "is_open_for_all": true,
                "is_eid_trip": 0,
                "parent_route": {
                    "origin_city_name": "chattogram",
                    "destination_city_name": "dhaka",
                    "departure_date": "2025-03-06",
                    "departure_time": "12:30:00",
                    "arrival_date": "2025-03-06",
                    "arrival_time": "18:40:00"
                },
                "boarding_points": [
                    {
                        "trip_point_id": 107622153,
                        "location_id": 2828,
                        "location_name": "Akhaura Station",
                        "location_time": "04:08 PM",
                        "location_date": "06 Mar 2025"
                    }
                ],
                "is_international": 0,
                "is_from_city_international": false
            }
        ],
        "recommendations": [],
        "selected_seat_class": "S_CHAIR"
    },
    "extra": {
        "hash": "FE8AB15B345270CFF53BFA245BE670BC"
    }
}