{
    "data": {
        "trains": [
            {
                "trip_number": "PAHARIKA EXPRESS (719)",
                "departure_date_time": "06 Mar, 11:35 am",
                "departure_full_date": "2025-03-06",
                "departure_date_time_jd": "Thu, 06 Mar 2025, 11:35 AM",
                "arrival_date_time": "06 Mar, 04:30 pm",
                "travel_time": "04h 55m",
                "origin_city_name": "akhaura",
                "destination_city_name": "sylhet",
                "seat_types": [
                    {
                        "key": 7,
                        "type": "S_CHAIR",
                        "trip_id": 8403087,
                        "trip_route_id": 52360102,
                        "route_id": 22412,
                        "fare": "210.00",
                        "vat_percent": 0,
                        "vat_amount": 0,
                        "origin_city_seq": 7,
                        "destination_city_seq": 17,
                        "seat_counts": {
                            "online": 9,
                            "offline": 9,
                            "is_divided": true
                        }
                    }
                ],
                "train_model": "719",
                "is_open_for_all": true,
                "is_eid_trip": 0,
                "parent_route": {
                    "origin_city_name": "chattogram",
                    "destination_city_name": "sylhet",
                    "departure_date": "2025-03-06",
                    "departure_time": "07:50:00",
                    "arrival_date": "2025-03-06",
                    "arrival_time": "16:30:00"
                },
                "boarding_points": [
                    {
                        "trip_point_id": 107621297,
                        "location_id": 2828,
                        "location_name": "Akhaura Station",
                        "location_time": "11:35 AM",
                        "location_date": "06 Mar 2025"
                    }
                ],
                "is_international": 0,
                "is_from_city_international": false
            }
        ],
        "recommendations": [],
        "selected_seat_class": "S_CHAIR"
    },
    "extra": {
        "hash": "FE8AB15B345270CFF53BFA245BE670BC"
    }
}