{
    "data": {
        "trains": [
            {
                "trip_number": "BARENDRA EXPRESS (732)",
                "departure_date_time": "06 Mar, 08:26 am",
                "departure_full_date": "2025-03-06",
                "departure_date_time_jd": "Thu, 06 Mar 2025, 08:26 AM",
                "arrival_date_time": "06 Mar, 11:10 am",
                "travel_time": "02h 44m",
                "origin_city_name": "akkelpur",
                "destination_city_name": "rajshahi",
                "seat_types": [
                    {
                        "key": 7,
                        "type": "S_CHAIR",
                        "trip_id": 8404169,
                        "trip_route_id": 52387470,
                        "route_id": 20345,
                        "fare": "145.00",
                        "vat_percent": 0,
                        "vat_amount": 0,
                        "origin_city_seq": 13,
                        "destination_city_seq": 19,
                        "seat_counts": {
                            "online": 15,
                            "offline": 15,
                            "is_divided": true
                        }
                    }
                ],
                "train_model": "732",
                "is_open_for_all": true,
                "is_eid_trip": 0,
                "parent_route": {
                    "origin_city_name": "chilahati",
                    "destination_city_name": "rajshahi",
                    "departure_date": "2025-03-06",
                    "departure_time": "05:00:00",
                    "arrival_date": "2025-03-06",
                    "arrival_time": "11:10:00"
                },
                "boarding_points": [
                    {
                        "trip_point_id": 107639501,
                        "location_id": 2758,
                        "location_name": "Akkelpur Station",
                        "location_time": "08:26 AM",
                        "location_date": "06 Mar 2025"
                    }
                ],
                "is_international": 0,
                "is_from_city_international": false
            },
            {
                "trip_number": "BANGLABANDHA EXPRESS (804)",
                "departure_date_time": "06 Mar, 02:11 pm",
                "departure_full_date": "2025-03-06",
                "departure_date_time_jd": "Thu, 06 Mar 2025, 02:11 PM",
                "arrival_date_time": "06 Mar, 05:35 pm",
                "travel_time": "03h 24m",
                "origin_city_name": "akkelpur",
                "destination_city_name": "rajshahi",
                "seat_types": [
                    {
                        "key": 2,
                        "type": "AC_S",
                        "trip_id": 8404186,
                        "trip_route_id": 52388645,
                        "route_id": 21012,
                        "fare": "280.00",
                        "vat_percent": 15,
                        "vat_amount": 42,
                        "origin_city_seq": 15,
                        "destination_city_seq": 21,
                        "seat_counts": {
                            "online": 0,
                            "offline": 0,
                            "is_divided": true
                        }
                    },
                    {
                        "key": 7,
                        "type": "S_CHAIR",
                        "trip_id": 8404187,
                        "trip_route_id": 52388735,
                        "route_id": 21012,
                        "fare": "145.00",
                        "vat_percent": 0,
                        "vat_amount": 0,
                        "origin_city_seq": 15,
                        "destination_city_seq": 21,
                        "seat_counts": {
                            "online": 5,
                            "offline": 5,
                            "is_divided": true
                        }
                    }
                ],
                "train_model": "804",
                "is_open_for_all": true,
                "is_eid_trip": 0,
                "parent_route": {
                    "origin_city_name": "panchagarh",
                    "destination_city_name": "rajshahi",
                    "departure_date": "2025-03-06",
                    "departure_time": "09:00:00",
                    "arrival_date": "2025-03-06",
                    "arrival_time": "17:35:00"
                },
                "boarding_points": [
                    {
                        "trip_point_id": 107640109,
                        "location_id": 2758,
                        "location_name": "Akkelpur Station",
                        "location_time": "02:11 PM",
                        "location_date": "06 Mar 2025"
                    }
                ],
                "is_international": 0,
                "is_from_city_international": false
            },
            {
                "trip_number": "TITUMIR EXPRESS (734)",
                "departure_date_time": "06 Mar, 06:35 pm",
                "departure_full_date": "2025-03-06",
                "departure_date_time_jd": "Thu, 06 Mar 2025, 06:35 PM",
                "arrival_date_time": "06 Mar, 09:30 pm",
                "travel_time": "02h 55m",
                "origin_city_name": "akkelpur",
                "destination_city_name": "rajshahi",
                "seat_types": [
                    {
                        "key": 7,
                        "type": "S_CHAIR",
                        "trip_id": 8404224,
                        "trip_route_id": 52390837,
                        "route_id": 20345,
                        "fare": "145.00",
                        "vat_percent": 0,
                        "vat_amount": 0,
                        "origin_city_seq": 13,
                        "destination_city_seq": 19,
                        "seat_counts": {
                            "online": 12,
                            "offline": 12,
                            "is_divided": true
                        }
                    }
                ],
                "train_model": "734",
                "is_open_for_all": true,
                "is_eid_trip": 0,
                "parent_route": {
                    "origin_city_name": "chilahati",
                    "destination_city_name": "rajshahi",
                    "departure_date": "2025-03-06",
                    "departure_time": "15:00:00",
                    "arrival_date": "2025-03-06",
                    "arrival_time": "21:30:00"
                },
                "boarding_points": [
                    {
                        "trip_point_id": 107641198,
                        "location_id": 2758,
                        "location_name": "Akkelpur Station",
                        "location_time": "06:35 PM",
                        "location_date": "06 Mar 2025"
                    }
                ],
                "is_international": 0,
                "is_from_city_international": false
            }
        ],
        "recommendations": [],
        "selected_seat_class": "S_CHAIR"
    },
    "extra": {
        "hash": "FE8AB15B345270CFF53BFA245BE670BC"
    }
}