{
    "data": {
        "trains": [
            {
                "trip_number": "DRUTOJAN EXPRESS (757)",
                "departure_date_time": "06 Mar, 01:52 am",
                "departure_full_date": "2025-03-06",
                "departure_date_time_jd": "Thu, 06 Mar 2025, 01:52 AM",
                "arrival_date_time": "06 Mar, 03:25 am",
                "travel_time": "01h 33m",
                "origin_city_name": "akkelpur",
                "destination_city_name": "parbatipur",
                "seat_types": [
                    {
                        "key": 7,
                        "type": "S_CHAIR",
                        "trip_id": 8404029,
                        "trip_route_id": 52382587,
                        "route_id": 23394,
                        "fare": "95.00",
                        "vat_percent": 0,
                        "vat_amount": 0,
                        "origin_city_seq": 14,
                        "destination_city_seq": 19,
                        "seat_counts": {
                            "online": 0,
                            "offline": 0,
                            "is_divided": true
                        }
                    }
                ],
                "train_model": "757",
                "is_open_for_all": true,
                "is_eid_trip": 0,
                "parent_route": {
                    "origin_city_name": "dhaka",
                    "destination_city_name": "panchagarh",
                    "departure_date": "2025-03-05",
                    "departure_time": "20:00:00",
                    "arrival_date": "2025-03-06",
                    "arrival_time": "06:45:00"
                },
                "boarding_points": [
                    {
                        "trip_point_id": 107636664,
                        "location_id": 2758,
                        "location_name": "Akkelpur Station",
                        "location_time": "01:52 AM",
                        "location_date": "06 Mar 2025"
                    }
                ],
                "is_international": 0,
                "is_from_city_international": false
            },
            {
                "trip_number": "TITUMIR EXPRESS (733)",
                "departure_date_time": "06 Mar, 09:12 am",
                "departure_full_date": "2025-03-06",
                "departure_date_time_jd": "Thu, 06 Mar 2025, 09:12 AM",
                "arrival_date_time": "06 Mar, 11:10 am",
                "travel_time": "01h 58m",
                "origin_city_name": "akkelpur",
                "destination_city_name": "parbatipur",
                "seat_types": [
                    {
                        "key": 7,
                        "type": "S_CHAIR",
                        "trip_id": 8404226,
                        "trip_route_id": 52391019,
                        "route_id": 20216,
                        "fare": "95.00",
                        "vat_percent": 0,
                        "vat_amount": 0,
                        "origin_city_seq": 7,
                        "destination_city_seq": 14,
                        "seat_counts": {
                            "online": 5,
                            "offline": 5,
                            "is_divided": true
                        }
                    }
                ],
                "train_model": "733",
                "is_open_for_all": true,
                "is_eid_trip": 0,
                "parent_route": {
                    "origin_city_name": "rajshahi",
                    "destination_city_name": "chilahati",
                    "departure_date": "2025-03-06",
                    "departure_time": "06:20:00",
                    "arrival_date": "2025-03-06",
                    "arrival_time": "13:00:00"
                },
                "boarding_points": [
                    {
                        "trip_point_id": 107641263,
                        "location_id": 2758,
                        "location_name": "Akkelpur Station",
                        "location_time": "09:12 AM",
                        "location_date": "06 Mar 2025"
                    }
                ],
                "is_international": 0,
                "is_from_city_international": false
            },
            {
                "trip_number": "NILSAGAR EXPRESS (765)",
                "departure_date_time": "06 Mar, 12:57 pm",
                "departure_full_date": "2025-03-06",
                "departure_date_time_jd": "Thu, 06 Mar 2025, 12:57 PM",
                "arrival_date_time": "06 Mar, 02:15 pm",
                "travel_time": "01h 18m",
                "origin_city_name": "akkelpur",
                "destination_city_name": "parbatipur",
                "seat_types": [
                    {
                        "key": 2,
                        "type": "AC_S",
                        "trip_id": 8404178,
                        "trip_route_id": 52388044,
                        "route_id": 19792,
                        "fare": "185.00",
                        "vat_percent": 15,
                        "vat_amount": 28,
                        "origin_city_seq": 9,
                        "destination_city_seq": 13,
                        "seat_counts": {
                            "online": 0,
                            "offline": 0,
                            "is_divided": true
                        }
                    },
                    {
                        "key": 3,
                        "type": "SNIGDHA",
                        "trip_id": 8404179,
                        "trip_route_id": 52388111,
                        "route_id": 19792,
                        "fare": "155.00",
                        "vat_percent": 15,
                        "vat_amount": 24,
                        "origin_city_seq": 9,
                        "destination_city_seq": 13,
                        "seat_counts": {
                            "online": 0,
                            "offline": 0,
                            "is_divided": true
                        }
                    },
                    {
                        "key": 7,
                        "type": "S_CHAIR",
                        "trip_id": 8404180,
                        "trip_route_id": 52388184,
                        "route_id": 19792,
                        "fare": "95.00",
                        "vat_percent": 0,
                        "vat_amount": 0,
                        "origin_city_seq": 9,
                        "destination_city_seq": 13,
                        "seat_counts": {
                            "online": 3,
                            "offline": 2,
                            "is_divided": true
                        }
                    }
                ],
                "train_model": "765",
                "is_open_for_all": true,
                "is_eid_trip": 0,
                "parent_route": {
                    "origin_city_name": "dhaka",
                    "destination_city_name": "chilahati",
                    "departure_date": "2025-03-06",
                    "departure_time": "06:45:00",
                    "arrival_date": "2025-03-06",
                    "arrival_time": "16:00:00"
                },
                "boarding_points": [
                    {
                        "trip_point_id": 107639837,
                        "location_id": 2758,
                        "location_name": "Akkelpur Station",
                        "location_time": "12:57 PM",
                        "location_date": "06 Mar 2025"
                    }
                ],
                "is_international": 0,
                "is_from_city_international": false
            },
            {
                "trip_number": "EKOTA EXPRESS (705)",
                "departure_date_time": "06 Mar, 04:22 pm",
                "departure_full_date": "2025-03-06",
                "departure_date_time_jd": "Thu, 06 Mar 2025, 04:22 PM",
                "arrival_date_time": "06 Mar, 06:15 pm",
                "travel_time": "01h 53m",
                "origin_city_name": "akkelpur",
                "destination_city_name": "parbatipur",
                "seat_types": [
                    {
                        "key": 7,
                        "type": "S_CHAIR",
                        "trip_id": 8404171,
                        "trip_route_id": 52387636,
                        "route_id": 26419,
                        "fare": "95.00",
                        "vat_percent": 0,
                        "vat_amount": 0,
                        "origin_city_seq": 14,
                        "destination_city_seq": 19,
                        "seat_counts": {
                            "online": 5,
                            "offline": 5,
                            "is_divided": true
                        }
                    }
                ],
                "train_model": "705",
                "is_open_for_all": true,
                "is_eid_trip": 0,
                "parent_route": {
                    "origin_city_name": "dhaka",
                    "destination_city_name": "panchagarh",
                    "departure_date": "2025-03-06",
                    "departure_time": "10:15:00",
                    "arrival_date": "2025-03-06",
                    "arrival_time": "21:00:00"
                },
                "boarding_points": [
                    {
                        "trip_point_id": 107639579,
                        "location_id": 2758,
                        "location_name": "Akkelpur Station",
                        "location_time": "04:22 PM",
                        "location_date": "06 Mar 2025"
                    }
                ],
                "is_international": 0,
                "is_from_city_international": false
            },
            {
                "trip_number": "BARENDRA EXPRESS (731)",
                "departure_date_time": "06 Mar, 05:52 pm",
                "departure_full_date": "2025-03-06",
                "departure_date_time_jd": "Thu, 06 Mar 2025, 05:52 PM",
                "arrival_date_time": "06 Mar, 07:25 pm",
                "travel_time": "01h 33m",
                "origin_city_name": "akkelpur",
                "destination_city_name": "parbatipur",
                "seat_types": [
                    {
                        "key": 7,
                        "type": "S_CHAIR",
                        "trip_id": 8404168,
                        "trip_route_id": 52387386,
                        "route_id": 20216,
                        "fare": "95.00",
                        "vat_percent": 0,
                        "vat_amount": 0,
                        "origin_city_seq": 7,
                        "destination_city_seq": 14,
                        "seat_counts": {
                            "online": 3,
                            "offline": 2,
                            "is_divided": true
                        }
                    }
                ],
                "train_model": "731",
                "is_open_for_all": true,
                "is_eid_trip": 0,
                "parent_route": {
                    "origin_city_name": "rajshahi",
                    "destination_city_name": "chilahati",
                    "departure_date": "2025-03-06",
                    "departure_time": "15:00:00",
                    "arrival_date": "2025-03-06",
                    "arrival_time": "21:35:00"
                },
                "boarding_points": [
                    {
                        "trip_point_id": 107639474,
                        "location_id": 2758,
                        "location_name": "Akkelpur Station",
                        "location_time": "05:52 PM",
                        "location_date": "06 Mar 2025"
                    }
                ],
                "is_international": 0,
                "is_from_city_international": false
            }
        ],
        "recommendations": [],
        "selected_seat_class": "S_CHAIR"
    },
    "extra": {
        "hash": "FE8AB15B345270CFF53BFA245BE670BC"
    }
}