{
    "data": {
        "trains": [
            {
                "trip_number": "EKOTA EXPRESS (705)",
                "departure_date_time": "06 Mar, 04:22 pm",
                "departure_full_date": "2025-03-06",
                "departure_date_time_jd": "Thu, 06 Mar 2025, 04:22 PM",
                "arrival_date_time": "06 Mar, 08:15 pm",
                "travel_time": "03h 53m",
                "origin_city_name": "akkelpur",
                "destination_city_name": "thakurgaon_road",
                "seat_types": [
                    {
                        "key": 7,
                        "type": "S_CHAIR",
                        "trip_id": 8404171,
                        "trip_route_id": 52387637,
                        "route_id": 26420,
                        "fare": "205.00",
                        "vat_percent": 0,
                        "vat_amount": 0,
                        "origin_city_seq": 14,
                        "destination_city_seq": 24,
                        "seat_counts": {
                            "online": 3,
                            "offline": 2,
                            "is_divided": true
                        }
                    }
                ],
                "train_model": "705",
                "is_open_for_all": true,
                "is_eid_trip": 0,
                "parent_route": {
                    "origin_city_name": "dhaka",
                    "destination_city_name": "panchagarh",
                    "departure_date": "2025-03-06",
                    "departure_time": "10:15:00",
                    "arrival_date": "2025-03-06",
                    "arrival_time": "21:00:00"
                },
                "boarding_points": [
                    {
                        "trip_point_id": 107639579,
                        "location_id": 2758,
                        "location_name": "Akkelpur Station",
                        "location_time": "04:22 PM",
                        "location_date": "06 Mar 2025"
                    }
                ],
                "is_international": 0,
                "is_from_city_international": false
            },
            {
                "trip_number": "BANGLABANDHA EXPRESS (803)",
                "departure_date_time": "06 Mar, 11:52 pm",
                "departure_full_date": "2025-03-06",
                "departure_date_time_jd": "Thu, 06 Mar 2025, 11:52 PM",
                "arrival_date_time": "07 Mar, 03:39 am",
                "travel_time": "03h 47m",
                "origin_city_name": "akkelpur",
                "destination_city_name": "thakurgaon_road",
                "seat_types": [
                    {
                        "key": 1,
                        "type": "AC_B",
                        "trip_id": 8404185,
                        "trip_route_id": 52388574,
                        "route_id": 20892,
                        "fare": "560.00",
                        "vat_percent": 15,
                        "vat_amount": 84,
                        "origin_city_seq": 7,
                        "destination_city_seq": 18,
                        "seat_counts": {
                            "online": 0,
                            "offline": 0,
                            "is_divided": true
                        }
                    },
                    {
                        "key": 7,
                        "type": "S_CHAIR",
                        "trip_id": 8404218,
                        "trip_route_id": 52390481,
                        "route_id": 20892,
                        "fare": "205.00",
                        "vat_percent": 0,
                        "vat_amount": 0,
                        "origin_city_seq": 7,
                        "destination_city_seq": 18,
                        "seat_counts": {
                            "online": 3,
                            "offline": 2,
                            "is_divided": true
                        }
                    }
                ],
                "train_model": "803",
                "is_open_for_all": true,
                "is_eid_trip": 0,
                "parent_route": {
                    "origin_city_name": "rajshahi",
                    "destination_city_name": "panchagarh",
                    "departure_date": "2025-03-06",
                    "departure_time": "21:00:00",
                    "arrival_date": "2025-03-07",
                    "arrival_time": "04:30:00"
                },
                "boarding_points": [
                    {
                        "trip_point_id": 107640064,
                        "location_id": 2758,
                        "location_name": "Akkelpur Station",
                        "location_time": "11:52 PM",
                        "location_date": "06 Mar 2025"
                    }
                ],
                "is_international": 0,
                "is_from_city_international": false
            }
        ],
        "recommendations": [],
        "selected_seat_class": "S_CHAIR"
    },
    "extra": {
        "hash": "FE8AB15B345270CFF53BFA245BE670BC"
    }
}