{
    "data": {
        "trains": [
            {
                "trip_number": "CHITRA EXPRESS (764)",
                "departure_date_time": "06 Mar, 01:37 am",
                "departure_full_date": "2025-03-06",
                "departure_date_time_jd": "Thu, 06 Mar 2025, 01:37 AM",
                "arrival_date_time": "06 Mar, 03:03 am",
                "travel_time": "01h 26m",
                "origin_city_name": "alamdanga",
                "destination_city_name": "mubarakganj",
                "seat_types": [
                    {
                        "key": 3,
                        "type": "SNIGDHA",
                        "trip_id": 8404002,
                        "trip_route_id": 52380371,
                        "route_id": 26498,
                        "fare": "140.00",
                        "vat_percent": 15,
                        "vat_amount": 21,
                        "origin_city_seq": 16,
                        "destination_city_seq": 20,
                        "seat_counts": {
                            "online": 0,
                            "offline": 0,
                            "is_divided": true
                        }
                    },
                    {
                        "key": 7,
                        "type": "S_CHAIR",
                        "trip_id": 8404024,
                        "trip_route_id": 52381833,
                        "route_id": 26498,
                        "fare": "85.00",
                        "vat_percent": 0,
                        "vat_amount": 0,
                        "origin_city_seq": 16,
                        "destination_city_seq": 20,
                        "seat_counts": {
                            "online": 0,
                            "offline": 0,
                            "is_divided": true
                        }
                    }
                ],
                "train_model": "764",
                "is_open_for_all": true,
                "is_eid_trip": 0,
                "parent_route": {
                    "origin_city_name": "dhaka",
                    "destination_city_name": "khulna",
                    "departure_date": "2025-03-05",
                    "departure_time": "19:30:00",
                    "arrival_date": "2025-03-06",
                    "arrival_time": "05:00:00"
                },
                "boarding_points": [
                    {
                        "trip_point_id": 107635773,
                        "location_id": 2788,
                        "location_name": "Alamdanga Station",
                        "location_time": "01:37 AM",
                        "location_date": "06 Mar 2025"
                    }
                ],
                "is_international": 0,
                "is_from_city_international": false
            },
            {
                "trip_number": "SAGARDARI EXPRESS (762)",
                "departure_date_time": "06 Mar, 08:31 am",
                "departure_full_date": "2025-03-06",
                "departure_date_time_jd": "Thu, 06 Mar 2025, 08:31 AM",
                "arrival_date_time": "06 Mar, 10:05 am",
                "travel_time": "01h 34m",
                "origin_city_name": "alamdanga",
                "destination_city_name": "mubarakganj",
                "seat_types": [
                    {
                        "key": 7,
                        "type": "S_CHAIR",
                        "trip_id": 8404214,
                        "trip_route_id": 52390280,
                        "route_id": 21501,
                        "fare": "85.00",
                        "vat_percent": 0,
                        "vat_amount": 0,
                        "origin_city_seq": 9,
                        "destination_city_seq": 14,
                        "seat_counts": {
                            "online": 0,
                            "offline": 0,
                            "is_divided": true
                        }
                    }
                ],
                "train_model": "762",
                "is_open_for_all": true,
                "is_eid_trip": 0,
                "parent_route": {
                    "origin_city_name": "rajshahi",
                    "destination_city_name": "khulna",
                    "departure_date": "2025-03-06",
                    "departure_time": "06:00:00",
                    "arrival_date": "2025-03-06",
                    "arrival_time": "12:10:00"
                },
                "boarding_points": [
                    {
                        "trip_point_id": 107640941,
                        "location_id": 2788,
                        "location_name": "Alamdanga Station",
                        "location_time": "08:31 AM",
                        "location_date": "06 Mar 2025"
                    }
                ],
                "is_international": 0,
                "is_from_city_international": false
            },
            {
                "trip_number": "KAPOTAKSHA EXPRESS (716)",
                "departure_date_time": "06 Mar, 04:54 pm",
                "departure_full_date": "2025-03-06",
                "departure_date_time_jd": "Thu, 06 Mar 2025, 04:54 PM",
                "arrival_date_time": "06 Mar, 06:31 pm",
                "travel_time": "01h 37m",
                "origin_city_name": "alamdanga",
                "destination_city_name": "mubarakganj",
                "seat_types": [
                    {
                        "key": 7,
                        "type": "S_CHAIR",
                        "trip_id": 8404213,
                        "trip_route_id": 52390213,
                        "route_id": 21501,
                        "fare": "85.00",
                        "vat_percent": 0,
                        "vat_amount": 0,
                        "origin_city_seq": 9,
                        "destination_city_seq": 14,
                        "seat_counts": {
                            "online": 0,
                            "offline": 0,
                            "is_divided": true
                        }
                    }
                ],
                "train_model": "716",
                "is_open_for_all": true,
                "is_eid_trip": 0,
                "parent_route": {
                    "origin_city_name": "rajshahi",
                    "destination_city_name": "khulna",
                    "departure_date": "2025-03-06",
                    "departure_time": "14:30:00",
                    "arrival_date": "2025-03-06",
                    "arrival_time": "20:25:00"
                },
                "boarding_points": [
                    {
                        "trip_point_id": 107640911,
                        "location_id": 2788,
                        "location_name": "Alamdanga Station",
                        "location_time": "04:54 PM",
                        "location_date": "06 Mar 2025"
                    }
                ],
                "is_international": 0,
                "is_from_city_international": false
            }
        ],
        "recommendations": [
            {
                "origin": "Chuadanga",
                "destination": "Mubarakganj"
            },
            {
                "origin": "Alamdanga",
                "destination": "Kotchandpur"
            }
        ],
        "selected_seat_class": "S_CHAIR"
    },
    "extra": {
        "hash": "44984BFD06804094A56F94AE02FDF373"
    }
}