{
    "data": {
        "trains": [
            {
                "trip_number": "SUNDARBAN EXPRESS (725)",
                "departure_date_time": "06 Mar, 12:41 am",
                "departure_full_date": "2025-03-06",
                "departure_date_time_jd": "Thu, 06 Mar 2025, 12:41 AM",
                "arrival_date_time": "06 Mar, 01:12 am",
                "travel_time": "00h 31m",
                "origin_city_name": "alamdanga",
                "destination_city_name": "kushtia_court",
                "seat_types": [
                    {
                        "key": 7,
                        "type": "S_CHAIR",
                        "trip_id": 8404082,
                        "trip_route_id": 52384434,
                        "route_id": 25185,
                        "fare": "50.00",
                        "vat_percent": 0,
                        "vat_amount": 0,
                        "origin_city_seq": 8,
                        "destination_city_seq": 10,
                        "seat_counts": {
                            "online": 3,
                            "offline": 2,
                            "is_divided": true
                        }
                    },
                    {
                        "key": 3,
                        "type": "SNIGDHA",
                        "trip_id": 8404084,
                        "trip_route_id": 52384488,
                        "route_id": 25185,
                        "fare": "100.00",
                        "vat_percent": 15,
                        "vat_amount": 15,
                        "origin_city_seq": 8,
                        "destination_city_seq": 10,
                        "seat_counts": {
                            "online": 3,
                            "offline": 2,
                            "is_divided": true
                        }
                    }
                ],
                "train_model": "725",
                "is_open_for_all": true,
                "is_eid_trip": 0,
                "parent_route": {
                    "origin_city_name": "khulna",
                    "destination_city_name": "dhaka",
                    "departure_date": "2025-03-05",
                    "departure_time": "21:45:00",
                    "arrival_date": "2025-03-06",
                    "arrival_time": "05:10:00"
                },
                "boarding_points": [
                    {
                        "trip_point_id": 107637677,
                        "location_id": 2788,
                        "location_name": "Alamdanga Station",
                        "location_time": "12:41 AM",
                        "location_date": "06 Mar 2025"
                    }
                ],
                "is_international": 0,
                "is_from_city_international": false
            }
        ],
        "recommendations": [],
        "selected_seat_class": "S_CHAIR"
    },
    "extra": {
        "hash": "FE8AB15B345270CFF53BFA245BE670BC"
    }
}