{
    "data": {
        "trains": [
            {
                "trip_number": "SUNDARBAN EXPRESS (725)",
                "departure_date_time": "06 Mar, 12:41 am",
                "departure_full_date": "2025-03-06",
                "departure_date_time_jd": "Thu, 06 Mar 2025, 12:41 AM",
                "arrival_date_time": "06 Mar, 05:10 am",
                "travel_time": "04h 29m",
                "origin_city_name": "alamdanga",
                "destination_city_name": "dhaka",
                "seat_types": [
                    {
                        "key": 7,
                        "type": "S_CHAIR",
                        "trip_id": 8404082,
                        "trip_route_id": 52384433,
                        "route_id": 25189,
                        "fare": "445.00",
                        "vat_percent": 0,
                        "vat_amount": 0,
                        "origin_city_seq": 8,
                        "destination_city_seq": 15,
                        "seat_counts": {
                            "online": 10,
                            "offline": 10,
                            "is_divided": true
                        }
                    },
                    {
                        "key": 3,
                        "type": "SNIGDHA",
                        "trip_id": 8404084,
                        "trip_route_id": 52384487,
                        "route_id": 25189,
                        "fare": "740.00",
                        "vat_percent": 15,
                        "vat_amount": 111,
                        "origin_city_seq": 8,
                        "destination_city_seq": 15,
                        "seat_counts": {
                            "online": 10,
                            "offline": 10,
                            "is_divided": true
                        }
                    }
                ],
                "train_model": "725",
                "is_open_for_all": true,
                "is_eid_trip": 0,
                "parent_route": {
                    "origin_city_name": "khulna",
                    "destination_city_name": "dhaka",
                    "departure_date": "2025-03-05",
                    "departure_time": "21:45:00",
                    "arrival_date": "2025-03-06",
                    "arrival_time": "05:10:00"
                },
                "boarding_points": [
                    {
                        "trip_point_id": 107637677,
                        "location_id": 2788,
                        "location_name": "Alamdanga Station",
                        "location_time": "12:41 AM",
                        "location_date": "06 Mar 2025"
                    }
                ],
                "is_international": 0,
                "is_from_city_international": false
            },
            {
                "trip_number": "CHITRA EXPRESS (763)",
                "departure_date_time": "06 Mar, 12:12 pm",
                "departure_full_date": "2025-03-06",
                "departure_date_time_jd": "Thu, 06 Mar 2025, 12:12 PM",
                "arrival_date_time": "06 Mar, 06:05 pm",
                "travel_time": "05h 53m",
                "origin_city_name": "alamdanga",
                "destination_city_name": "dhaka",
                "seat_types": [
                    {
                        "key": 3,
                        "type": "SNIGDHA",
                        "trip_id": 8404183,
                        "trip_route_id": 52388396,
                        "route_id": 20711,
                        "fare": "745.00",
                        "vat_percent": 15,
                        "vat_amount": 112,
                        "origin_city_seq": 9,
                        "destination_city_seq": 23,
                        "seat_counts": {
                            "online": 5,
                            "offline": 5,
                            "is_divided": true
                        }
                    },
                    {
                        "key": 2,
                        "type": "AC_S",
                        "trip_id": 8404200,
                        "trip_route_id": 52389257,
                        "route_id": 20711,
                        "fare": "895.00",
                        "vat_percent": 15,
                        "vat_amount": 135,
                        "origin_city_seq": 9,
                        "destination_city_seq": 23,
                        "seat_counts": {
                            "online": 0,
                            "offline": 0,
                            "is_divided": true
                        }
                    },
                    {
                        "key": 7,
                        "type": "S_CHAIR",
                        "trip_id": 8404203,
                        "trip_route_id": 52389469,
                        "route_id": 20711,
                        "fare": "450.00",
                        "vat_percent": 0,
                        "vat_amount": 0,
                        "origin_city_seq": 9,
                        "destination_city_seq": 23,
                        "seat_counts": {
                            "online": 9,
                            "offline": 9,
                            "is_divided": true
                        }
                    }
                ],
                "train_model": "763",
                "is_open_for_all": true,
                "is_eid_trip": 0,
                "parent_route": {
                    "origin_city_name": "khulna",
                    "destination_city_name": "dhaka",
                    "departure_date": "2025-03-06",
                    "departure_time": "09:00:00",
                    "arrival_date": "2025-03-06",
                    "arrival_time": "18:05:00"
                },
                "boarding_points": [
                    {
                        "trip_point_id": 107639985,
                        "location_id": 2788,
                        "location_name": "Alamdanga Station",
                        "location_time": "12:12 PM",
                        "location_date": "06 Mar 2025"
                    }
                ],
                "is_international": 0,
                "is_from_city_international": false
            }
        ],
        "recommendations": [],
        "selected_seat_class": "S_CHAIR"
    },
    "extra": {
        "hash": "FE8AB15B345270CFF53BFA245BE670BC"
    }
}