{
    "data": {
        "trains": [
            {
                "trip_number": "KALNI EXPRESS (774)",
                "departure_date_time": "06 Mar, 10:22 am",
                "departure_full_date": "2025-03-06",
                "departure_date_time_jd": "Thu, 06 Mar 2025, 10:22 AM",
                "arrival_date_time": "06 Mar, 12:22 pm",
                "travel_time": "02h 00m",
                "origin_city_name": "azampur",
                "destination_city_name": "biman_bandar",
                "seat_types": [
                    {
                        "key": 3,
                        "type": "SNIGDHA",
                        "trip_id": 8403532,
                        "trip_route_id": 52371326,
                        "route_id": 22933,
                        "fare": "285.00",
                        "vat_percent": 15,
                        "vat_amount": 43,
                        "origin_city_seq": 8,
                        "destination_city_seq": 11,
                        "seat_counts": {
                            "online": 0,
                            "offline": 0,
                            "is_divided": true
                        }
                    },
                    {
                        "key": 2,
                        "type": "AC_S",
                        "trip_id": 8403537,
                        "trip_route_id": 52371490,
                        "route_id": 22933,
                        "fare": "345.00",
                        "vat_percent": 15,
                        "vat_amount": 52,
                        "origin_city_seq": 8,
                        "destination_city_seq": 11,
                        "seat_counts": {
                            "online": 0,
                            "offline": 0,
                            "is_divided": true
                        }
                    },
                    {
                        "key": 7,
                        "type": "S_CHAIR",
                        "trip_id": 8403542,
                        "trip_route_id": 52371642,
                        "route_id": 22933,
                        "fare": "175.00",
                        "vat_percent": 0,
                        "vat_amount": 0,
                        "origin_city_seq": 8,
                        "destination_city_seq": 11,
                        "seat_counts": {
                            "online": 0,
                            "offline": 0,
                            "is_divided": true
                        }
                    }
                ],
                "train_model": "774",
                "is_open_for_all": true,
                "is_eid_trip": 0,
                "parent_route": {
                    "origin_city_name": "sylhet",
                    "destination_city_name": "dhaka",
                    "departure_date": "2025-03-06",
                    "departure_time": "06:15:00",
                    "arrival_date": "2025-03-06",
                    "arrival_time": "13:00:00"
                },
                "boarding_points": [
                    {
                        "trip_point_id": 107629294,
                        "location_id": 2839,
                        "location_name": "Azampur Station",
                        "location_time": "10:22 AM",
                        "location_date": "06 Mar 2025"
                    }
                ],
                "is_international": 0,
                "is_from_city_international": false
            },
            {
                "trip_number": "PARABAT EXPRESS (710)",
                "departure_date_time": "06 Mar, 07:34 pm",
                "departure_full_date": "2025-03-06",
                "departure_date_time_jd": "Thu, 06 Mar 2025, 07:34 PM",
                "arrival_date_time": "06 Mar, 09:35 pm",
                "travel_time": "02h 01m",
                "origin_city_name": "azampur",
                "destination_city_name": "biman_bandar",
                "seat_types": [
                    {
                        "key": 2,
                        "type": "AC_S",
                        "trip_id": 8403008,
                        "trip_route_id": 52356665,
                        "route_id": 22184,
                        "fare": "345.00",
                        "vat_percent": 15,
                        "vat_amount": 52,
                        "origin_city_seq": 8,
                        "destination_city_seq": 11,
                        "seat_counts": {
                            "online": 0,
                            "offline": 0,
                            "is_divided": true
                        }
                    },
                    {
                        "key": 5,
                        "type": "F_SEAT",
                        "trip_id": 8403013,
                        "trip_route_id": 52356849,
                        "route_id": 22184,
                        "fare": "230.00",
                        "vat_percent": 15,
                        "vat_amount": 35,
                        "origin_city_seq": 8,
                        "destination_city_seq": 11,
                        "seat_counts": {
                            "online": 0,
                            "offline": 0,
                            "is_divided": true
                        }
                    },
                    {
                        "key": 7,
                        "type": "S_CHAIR",
                        "trip_id": 8403018,
                        "trip_route_id": 52357036,
                        "route_id": 22184,
                        "fare": "175.00",
                        "vat_percent": 0,
                        "vat_amount": 0,
                        "origin_city_seq": 8,
                        "destination_city_seq": 11,
                        "seat_counts": {
                            "online": 0,
                            "offline": 0,
                            "is_divided": true
                        }
                    },
                    {
                        "key": 3,
                        "type": "SNIGDHA",
                        "trip_id": 8403023,
                        "trip_route_id": 52357248,
                        "route_id": 22184,
                        "fare": "285.00",
                        "vat_percent": 15,
                        "vat_amount": 43,
                        "origin_city_seq": 8,
                        "destination_city_seq": 11,
                        "seat_counts": {
                            "online": 0,
                            "offline": 0,
                            "is_divided": true
                        }
                    }
                ],
                "train_model": "710",
                "is_open_for_all": true,
                "is_eid_trip": 0,
                "parent_route": {
                    "origin_city_name": "sylhet",
                    "destination_city_name": "dhaka",
                    "departure_date": "2025-03-06",
                    "departure_time": "15:30:00",
                    "arrival_date": "2025-03-06",
                    "arrival_time": "22:15:00"
                },
                "boarding_points": [
                    {
                        "trip_point_id": 107619242,
                        "location_id": 2839,
                        "location_name": "Azampur Station",
                        "location_time": "07:34 PM",
                        "location_date": "06 Mar 2025"
                    }
                ],
                "is_international": 0,
                "is_from_city_international": false
            }
        ],
        "recommendations": [
            {
                "origin": "Bhairab_bazar",
                "destination": "Biman_bandar"
            },
            {
                "origin": "Azampur",
                "destination": "Narsingdi"
            }
        ],
        "selected_seat_class": "S_CHAIR"
    },
    "extra": {
        "hash": "FE8AB15B345270CFF53BFA245BE670BC"
    }
}