{
    "data": {
        "trains": [
            {
                "trip_number": "KURIGRAM EXPRESS (798)",
                "departure_date_time": "06 Mar, 09:00 am",
                "departure_full_date": "2025-03-06",
                "departure_date_time_jd": "Thu, 06 Mar 2025, 09:00 AM",
                "arrival_date_time": "06 Mar, 05:25 pm",
                "travel_time": "08h 25m",
                "origin_city_name": "badarganj",
                "destination_city_name": "dhaka",
                "seat_types": [
                    {
                        "key": 2,
                        "type": "AC_S",
                        "trip_id": 8404159,
                        "trip_route_id": 52386710,
                        "route_id": 19736,
                        "fare": "1115.00",
                        "vat_percent": 15,
                        "vat_amount": 168,
                        "origin_city_seq": 4,
                        "destination_city_seq": 10,
                        "seat_counts": {
                            "online": 0,
                            "offline": 0,
                            "is_divided": true
                        }
                    },
                    {
                        "key": 3,
                        "type": "SNIGDHA",
                        "trip_id": 8404161,
                        "trip_route_id": 52386772,
                        "route_id": 19736,
                        "fare": "930.00",
                        "vat_percent": 15,
                        "vat_amount": 140,
                        "origin_city_seq": 4,
                        "destination_city_seq": 10,
                        "seat_counts": {
                            "online": 3,
                            "offline": 2,
                            "is_divided": true
                        }
                    },
                    {
                        "key": 7,
                        "type": "S_CHAIR",
                        "trip_id": 8404162,
                        "trip_route_id": 52386802,
                        "route_id": 19736,
                        "fare": "560.00",
                        "vat_percent": 0,
                        "vat_amount": 0,
                        "origin_city_seq": 4,
                        "destination_city_seq": 10,
                        "seat_counts": {
                            "online": 10,
                            "offline": 10,
                            "is_divided": true
                        }
                    }
                ],
                "train_model": "798",
                "is_open_for_all": true,
                "is_eid_trip": 0,
                "parent_route": {
                    "origin_city_name": "kurigram",
                    "destination_city_name": "dhaka",
                    "departure_date": "2025-03-06",
                    "departure_time": "07:20:00",
                    "arrival_date": "2025-03-06",
                    "arrival_time": "17:25:00"
                },
                "boarding_points": [
                    {
                        "trip_point_id": 107639207,
                        "location_id": 2732,
                        "location_name": "Badarganj Station",
                        "location_time": "09:00 AM",
                        "location_date": "06 Mar 2025"
                    }
                ],
                "is_international": 0,
                "is_from_city_international": false
            }
        ],
        "recommendations": [],
        "selected_seat_class": "S_CHAIR"
    },
    "extra": {
        "hash": "FE8AB15B345270CFF53BFA245BE670BC"
    }
}