{
    "data": {
        "trains": [
            {
                "trip_number": "EGAROSINDHUR PROVATI (738)",
                "departure_date_time": "06 Mar, 07:27 am",
                "departure_full_date": "2025-03-06",
                "departure_date_time_jd": "Thu, 06 Mar 2025, 07:27 AM",
                "arrival_date_time": "06 Mar, 09:50 am",
                "travel_time": "02h 23m",
                "origin_city_name": "bajitpur",
                "destination_city_name": "biman_bandar",
                "seat_types": [
                    {
                        "key": 8,
                        "type": "SHOVAN",
                        "trip_id": 8403296,
                        "trip_route_id": 52366303,
                        "route_id": 22751,
                        "fare": "105.00",
                        "vat_percent": 0,
                        "vat_amount": 0,
                        "origin_city_seq": 5,
                        "destination_city_seq": 10,
                        "seat_counts": {
                            "online": 0,
                            "offline": 0,
                            "is_divided": true
                        }
                    },
                    {
                        "key": 7,
                        "type": "S_CHAIR",
                        "trip_id": 8403302,
                        "trip_route_id": 52366452,
                        "route_id": 22751,
                        "fare": "125.00",
                        "vat_percent": 0,
                        "vat_amount": 0,
                        "origin_city_seq": 5,
                        "destination_city_seq": 10,
                        "seat_counts": {
                            "online": 0,
                            "offline": 0,
                            "is_divided": true
                        }
                    },
                    {
                        "key": 6,
                        "type": "F_CHAIR",
                        "trip_id": 8403308,
                        "trip_route_id": 52366596,
                        "route_id": 22751,
                        "fare": "170.00",
                        "vat_percent": 15,
                        "vat_amount": 26,
                        "origin_city_seq": 5,
                        "destination_city_seq": 10,
                        "seat_counts": {
                            "online": 0,
                            "offline": 0,
                            "is_divided": true
                        }
                    },
                    {
                        "key": 5,
                        "type": "F_SEAT",
                        "trip_id": 8403314,
                        "trip_route_id": 52366740,
                        "route_id": 22751,
                        "fare": "170.00",
                        "vat_percent": 15,
                        "vat_amount": 26,
                        "origin_city_seq": 5,
                        "destination_city_seq": 10,
                        "seat_counts": {
                            "online": 0,
                            "offline": 0,
                            "is_divided": true
                        }
                    }
                ],
                "train_model": "738",
                "is_open_for_all": true,
                "is_eid_trip": 0,
                "parent_route": {
                    "origin_city_name": "kishorganj",
                    "destination_city_name": "dhaka",
                    "departure_date": "2025-03-06",
                    "departure_time": "06:30:00",
                    "arrival_date": "2025-03-06",
                    "arrival_time": "10:30:00"
                },
                "boarding_points": [
                    {
                        "trip_point_id": 107625373,
                        "location_id": 2864,
                        "location_name": "Bajitpur Station",
                        "location_time": "07:27 AM",
                        "location_date": "06 Mar 2025"
                    }
                ],
                "is_international": 0,
                "is_from_city_international": false
            },
            {
                "trip_number": "EGAROSINDHUR GODHULI (750)",
                "departure_date_time": "06 Mar, 02:02 pm",
                "departure_full_date": "2025-03-06",
                "departure_date_time_jd": "Thu, 06 Mar 2025, 02:02 PM",
                "arrival_date_time": "06 Mar, 04:08 pm",
                "travel_time": "02h 06m",
                "origin_city_name": "bajitpur",
                "destination_city_name": "biman_bandar",
                "seat_types": [
                    {
                        "key": 5,
                        "type": "F_SEAT",
                        "trip_id": 8403496,
                        "trip_route_id": 52370576,
                        "route_id": 22751,
                        "fare": "170.00",
                        "vat_percent": 15,
                        "vat_amount": 26,
                        "origin_city_seq": 5,
                        "destination_city_seq": 10,
                        "seat_counts": {
                            "online": 0,
                            "offline": 0,
                            "is_divided": true
                        }
                    },
                    {
                        "key": 6,
                        "type": "F_CHAIR",
                        "trip_id": 8403501,
                        "trip_route_id": 52370691,
                        "route_id": 22751,
                        "fare": "170.00",
                        "vat_percent": 15,
                        "vat_amount": 26,
                        "origin_city_seq": 5,
                        "destination_city_seq": 10,
                        "seat_counts": {
                            "online": 0,
                            "offline": 0,
                            "is_divided": true
                        }
                    },
                    {
                        "key": 7,
                        "type": "S_CHAIR",
                        "trip_id": 8403506,
                        "trip_route_id": 52370806,
                        "route_id": 22751,
                        "fare": "125.00",
                        "vat_percent": 0,
                        "vat_amount": 0,
                        "origin_city_seq": 5,
                        "destination_city_seq": 10,
                        "seat_counts": {
                            "online": 0,
                            "offline": 0,
                            "is_divided": true
                        }
                    },
                    {
                        "key": 8,
                        "type": "SHOVAN",
                        "trip_id": 8403511,
                        "trip_route_id": 52370921,
                        "route_id": 22751,
                        "fare": "105.00",
                        "vat_percent": 0,
                        "vat_amount": 0,
                        "origin_city_seq": 5,
                        "destination_city_seq": 10,
                        "seat_counts": {
                            "online": 0,
                            "offline": 0,
                            "is_divided": true
                        }
                    }
                ],
                "train_model": "750",
                "is_open_for_all": true,
                "is_eid_trip": 0,
                "parent_route": {
                    "origin_city_name": "kishorganj",
                    "destination_city_name": "dhaka",
                    "departure_date": "2025-03-06",
                    "departure_time": "12:50:00",
                    "arrival_date": "2025-03-06",
                    "arrival_time": "16:45:00"
                },
                "boarding_points": [
                    {
                        "trip_point_id": 107628671,
                        "location_id": 2864,
                        "location_name": "Bajitpur Station",
                        "location_time": "02:02 PM",
                        "location_date": "06 Mar 2025"
                    }
                ],
                "is_international": 0,
                "is_from_city_international": false
            },
            {
                "trip_number": "KISHORGANJ EXPRESS (782)",
                "departure_date_time": "06 Mar, 04:57 pm",
                "departure_full_date": "2025-03-06",
                "departure_date_time_jd": "Thu, 06 Mar 2025, 04:57 PM",
                "arrival_date_time": "06 Mar, 07:15 pm",
                "travel_time": "02h 18m",
                "origin_city_name": "bajitpur",
                "destination_city_name": "biman_bandar",
                "seat_types": [
                    {
                        "key": 3,
                        "type": "SNIGDHA",
                        "trip_id": 8403605,
                        "trip_route_id": 52373651,
                        "route_id": 22751,
                        "fare": "210.00",
                        "vat_percent": 15,
                        "vat_amount": 32,
                        "origin_city_seq": 5,
                        "destination_city_seq": 10,
                        "seat_counts": {
                            "online": 0,
                            "offline": 0,
                            "is_divided": true
                        }
                    },
                    {
                        "key": 2,
                        "type": "AC_S",
                        "trip_id": 8403611,
                        "trip_route_id": 52373798,
                        "route_id": 22751,
                        "fare": "250.00",
                        "vat_percent": 15,
                        "vat_amount": 38,
                        "origin_city_seq": 5,
                        "destination_city_seq": 10,
                        "seat_counts": {
                            "online": 0,
                            "offline": 0,
                            "is_divided": true
                        }
                    },
                    {
                        "key": 7,
                        "type": "S_CHAIR",
                        "trip_id": 8403617,
                        "trip_route_id": 52373942,
                        "route_id": 22751,
                        "fare": "125.00",
                        "vat_percent": 0,
                        "vat_amount": 0,
                        "origin_city_seq": 5,
                        "destination_city_seq": 10,
                        "seat_counts": {
                            "online": 0,
                            "offline": 0,
                            "is_divided": true
                        }
                    }
                ],
                "train_model": "782",
                "is_open_for_all": true,
                "is_eid_trip": 0,
                "parent_route": {
                    "origin_city_name": "kishorganj",
                    "destination_city_name": "dhaka",
                    "departure_date": "2025-03-06",
                    "departure_time": "16:00:00",
                    "arrival_date": "2025-03-06",
                    "arrival_time": "19:55:00"
                },
                "boarding_points": [
                    {
                        "trip_point_id": 107630562,
                        "location_id": 2864,
                        "location_name": "Bajitpur Station",
                        "location_time": "04:57 PM",
                        "location_date": "06 Mar 2025"
                    }
                ],
                "is_international": 0,
                "is_from_city_international": false
            }
        ],
        "recommendations": [
            {
                "origin": "Kuliarchar",
                "destination": "Biman_bandar"
            },
            {
                "origin": "Bajitpur",
                "destination": "Narsingdi"
            }
        ],
        "selected_seat_class": "S_CHAIR"
    },
    "extra": {
        "hash": "44984BFD06804094A56F94AE02FDF373"
    }
}