{
    "data": {
        "trains": [
            {
                "trip_number": "BENAPOLE EXPRESS (795)",
                "departure_date_time": "06 Mar, 01:00 pm",
                "departure_full_date": "2025-03-06",
                "departure_date_time_jd": "Thu, 06 Mar 2025, 01:00 PM",
                "arrival_date_time": "06 Mar, 04:56 pm",
                "travel_time": "03h 56m",
                "origin_city_name": "benapole",
                "destination_city_name": "kushtia_court",
                "seat_types": [
                    {
                        "key": 2,
                        "type": "AC_S",
                        "trip_id": 8404188,
                        "trip_route_id": 52388787,
                        "route_id": 25318,
                        "fare": "380.00",
                        "vat_percent": 15,
                        "vat_amount": 57,
                        "origin_city_seq": 1,
                        "destination_city_seq": 9,
                        "seat_counts": {
                            "online": 2,
                            "offline": 2,
                            "is_divided": true
                        }
                    },
                    {
                        "key": 7,
                        "type": "S_CHAIR",
                        "trip_id": 8404217,
                        "trip_route_id": 52390381,
                        "route_id": 25318,
                        "fare": "190.00",
                        "vat_percent": 0,
                        "vat_amount": 0,
                        "origin_city_seq": 1,
                        "destination_city_seq": 9,
                        "seat_counts": {
                            "online": 6,
                            "offline": 5,
                            "is_divided": true
                        }
                    },
                    {
                        "key": 3,
                        "type": "SNIGDHA",
                        "trip_id": 8404242,
                        "trip_route_id": 52391835,
                        "route_id": 25318,
                        "fare": "320.00",
                        "vat_percent": 15,
                        "vat_amount": 48,
                        "origin_city_seq": 1,
                        "destination_city_seq": 9,
                        "seat_counts": {
                            "online": 5,
                            "offline": 5,
                            "is_divided": true
                        }
                    }
                ],
                "train_model": "795",
                "is_open_for_all": true,
                "is_eid_trip": 0,
                "parent_route": {
                    "origin_city_name": "benapole",
                    "destination_city_name": "dhaka",
                    "departure_date": "2025-03-06",
                    "departure_time": "13:00:00",
                    "arrival_date": "2025-03-06",
                    "arrival_time": "20:45:00"
                },
                "boarding_points": [
                    {
                        "trip_point_id": 107640166,
                        "location_id": 2784,
                        "location_name": "Benapole Station",
                        "location_time": "01:00 PM",
                        "location_date": "06 Mar 2025"
                    }
                ],
                "is_international": 0,
                "is_from_city_international": false
            }
        ],
        "recommendations": [],
        "selected_seat_class": "S_CHAIR"
    },
    "extra": {
        "hash": "FE8AB15B345270CFF53BFA245BE670BC"
    }
}