{
    "data": {
        "trains": [
            {
                "trip_number": "RUPOSHI BANGLA EXPRESS (828)",
                "departure_date_time": "06 Mar, 11:50 am",
                "departure_full_date": "2025-03-06",
                "departure_date_time_jd": "Thu, 06 Mar 2025, 11:50 AM",
                "arrival_date_time": "06 Mar, 02:25 pm",
                "travel_time": "02h 35m",
                "origin_city_name": "bhanga_junction",
                "destination_city_name": "benapole",
                "seat_types": [
                    {
                        "key": 3,
                        "type": "SNIGDHA",
                        "trip_id": 8404304,
                        "trip_route_id": 52393052,
                        "route_id": 26961,
                        "fare": "320.00",
                        "vat_percent": 15,
                        "vat_amount": 48,
                        "origin_city_seq": 2,
                        "destination_city_seq": 6,
                        "seat_counts": {
                            "online": 0,
                            "offline": 0,
                            "is_divided": true
                        }
                    },
                    {
                        "key": 7,
                        "type": "S_CHAIR",
                        "trip_id": 8404305,
                        "trip_route_id": 52393066,
                        "route_id": 26961,
                        "fare": "195.00",
                        "vat_percent": 0,
                        "vat_amount": 0,
                        "origin_city_seq": 2,
                        "destination_city_seq": 6,
                        "seat_counts": {
                            "online": 3,
                            "offline": 2,
                            "is_divided": true
                        }
                    }
                ],
                "train_model": "828",
                "is_open_for_all": true,
                "is_eid_trip": 0,
                "parent_route": {
                    "origin_city_name": "dhaka",
                    "destination_city_name": "benapole",
                    "departure_date": "2025-03-06",
                    "departure_time": "10:45:00",
                    "arrival_date": "2025-03-06",
                    "arrival_time": "14:25:00"
                },
                "boarding_points": [
                    {
                        "trip_point_id": 107642466,
                        "location_id": 2943,
                        "location_name": "Bhanga_Junction Station",
                        "location_time": "11:50 AM",
                        "location_date": "06 Mar 2025"
                    }
                ],
                "is_international": 0,
                "is_from_city_international": false
            }
        ],
        "recommendations": [],
        "selected_seat_class": "S_CHAIR"
    },
    "extra": {
        "hash": "FE8AB15B345270CFF53BFA245BE670BC"
    }
}