{
    "data": {
        "trains": [
            {
                "trip_number": "SIMANTA EXPRESS (747)",
                "departure_date_time": "06 Mar, 12:55 am",
                "departure_full_date": "2025-03-06",
                "departure_date_time_jd": "Thu, 06 Mar 2025, 12:55 AM",
                "arrival_date_time": "06 Mar, 02:20 am",
                "travel_time": "01h 25m",
                "origin_city_name": "bheramara",
                "destination_city_name": "natore",
                "seat_types": [
                    {
                        "key": 7,
                        "type": "S_CHAIR",
                        "trip_id": 8403988,
                        "trip_route_id": 52379379,
                        "route_id": 26040,
                        "fare": "110.00",
                        "vat_percent": 0,
                        "vat_amount": 0,
                        "origin_city_seq": 11,
                        "destination_city_seq": 14,
                        "seat_counts": {
                            "online": 0,
                            "offline": 0,
                            "is_divided": true
                        }
                    }
                ],
                "train_model": "747",
                "is_open_for_all": true,
                "is_eid_trip": 0,
                "parent_route": {
                    "origin_city_name": "khulna",
                    "destination_city_name": "chilahati",
                    "departure_date": "2025-03-05",
                    "departure_time": "21:15:00",
                    "arrival_date": "2025-03-06",
                    "arrival_time": "06:45:00"
                },
                "boarding_points": [
                    {
                        "trip_point_id": 107635268,
                        "location_id": 2779,
                        "location_name": "Bheramara Station",
                        "location_time": "12:55 AM",
                        "location_date": "06 Mar 2025"
                    }
                ],
                "is_international": 0,
                "is_from_city_international": false
            }
        ],
        "recommendations": [
            {
                "origin": "Ishwardi",
                "destination": "Natore"
            },
            {
                "origin": "Bheramara",
                "destination": "Ishwardi"
            }
        ],
        "selected_seat_class": "S_CHAIR"
    },
    "extra": {
        "hash": "FE8AB15B345270CFF53BFA245BE670BC"
    }
}