{
    "data": {
        "trains": [
            {
                "trip_number": "TUNGIPARA EXPRESS (784)",
                "departure_date_time": "06 Mar, 05:04 pm",
                "departure_full_date": "2025-03-06",
                "departure_date_time_jd": "Thu, 06 Mar 2025, 05:04 PM",
                "arrival_date_time": "06 Mar, 08:07 pm",
                "travel_time": "03h 03m",
                "origin_city_name": "bheramara",
                "destination_city_name": "boalmari_bazar",
                "seat_types": [
                    {
                        "key": 7,
                        "type": "S_CHAIR",
                        "trip_id": 8404228,
                        "trip_route_id": 52391177,
                        "route_id": 21960,
                        "fare": "145.00",
                        "vat_percent": 0,
                        "vat_amount": 0,
                        "origin_city_seq": 3,
                        "destination_city_seq": 13,
                        "seat_counts": {
                            "online": 0,
                            "offline": 0,
                            "is_divided": true
                        }
                    },
                    {
                        "key": 8,
                        "type": "SHOVAN",
                        "trip_id": 8404229,
                        "trip_route_id": 52391257,
                        "route_id": 21960,
                        "fare": "120.00",
                        "vat_percent": 0,
                        "vat_amount": 0,
                        "origin_city_seq": 3,
                        "destination_city_seq": 13,
                        "seat_counts": {
                            "online": 3,
                            "offline": 2,
                            "is_divided": true
                        }
                    }
                ],
                "train_model": "784",
                "is_open_for_all": true,
                "is_eid_trip": 0,
                "parent_route": {
                    "origin_city_name": "rajshahi",
                    "destination_city_name": "gobra",
                    "departure_date": "2025-03-06",
                    "departure_time": "15:30:00",
                    "arrival_date": "2025-03-06",
                    "arrival_time": "22:10:00"
                },
                "boarding_points": [
                    {
                        "trip_point_id": 107641351,
                        "location_id": 2779,
                        "location_name": "Bheramara Station",
                        "location_time": "05:04 PM",
                        "location_date": "06 Mar 2025"
                    }
                ],
                "is_international": 0,
                "is_from_city_international": false
            }
        ],
        "recommendations": [],
        "selected_seat_class": "S_CHAIR"
    },
    "extra": {
        "hash": "FE8AB15B345270CFF53BFA245BE670BC"
    }
}