{
    "data": {
        "trains": [
            {
                "trip_number": "SILKCITY EXPRESS (753)",
                "departure_date_time": "06 Mar, 03:08 pm",
                "departure_full_date": "2025-03-06",
                "departure_date_time_jd": "Thu, 06 Mar 2025, 03:08 PM",
                "arrival_date_time": "06 Mar, 07:21 pm",
                "travel_time": "04h 13m",
                "origin_city_name": "biman_bandar",
                "destination_city_name": "ishwardi bypass",
                "seat_types": [
                    {
                        "key": 2,
                        "type": "AC_S",
                        "trip_id": 8404140,
                        "trip_route_id": 52385985,
                        "route_id": 19516,
                        "fare": "675.00",
                        "vat_percent": 15,
                        "vat_amount": 102,
                        "origin_city_seq": 2,
                        "destination_city_seq": 12,
                        "seat_counts": {
                            "online": 0,
                            "offline": 0,
                            "is_divided": true
                        }
                    },
                    {
                        "key": 3,
                        "type": "SNIGDHA",
                        "trip_id": 8404141,
                        "trip_route_id": 52386031,
                        "route_id": 19516,
                        "fare": "560.00",
                        "vat_percent": 15,
                        "vat_amount": 84,
                        "origin_city_seq": 2,
                        "destination_city_seq": 12,
                        "seat_counts": {
                            "online": 0,
                            "offline": 0,
                            "is_divided": true
                        }
                    },
                    {
                        "key": 7,
                        "type": "S_CHAIR",
                        "trip_id": 8404142,
                        "trip_route_id": 52386078,
                        "route_id": 19516,
                        "fare": "340.00",
                        "vat_percent": 0,
                        "vat_amount": 0,
                        "origin_city_seq": 2,
                        "destination_city_seq": 12,
                        "seat_counts": {
                            "online": 3,
                            "offline": 2,
                            "is_divided": true
                        }
                    }
                ],
                "train_model": "753",
                "is_open_for_all": true,
                "is_eid_trip": 0,
                "parent_route": {
                    "origin_city_name": "dhaka",
                    "destination_city_name": "rajshahi",
                    "departure_date": "2025-03-06",
                    "departure_time": "14:40:00",
                    "arrival_date": "2025-03-06",
                    "arrival_time": "20:30:00"
                },
                "boarding_points": [
                    {
                        "trip_point_id": 107638716,
                        "location_id": 2702,
                        "location_name": "Biman_Bandar Station",
                        "location_time": "03:08 PM",
                        "location_date": "06 Mar 2025"
                    }
                ],
                "is_international": 0,
                "is_from_city_international": false
            },
            {
                "trip_number": "PADMA EXPRESS (759)",
                "departure_date_time": "06 Mar, 11:13 pm",
                "departure_full_date": "2025-03-06",
                "departure_date_time_jd": "Thu, 06 Mar 2025, 11:13 PM",
                "arrival_date_time": "07 Mar, 03:06 am",
                "travel_time": "03h 53m",
                "origin_city_name": "biman_bandar",
                "destination_city_name": "ishwardi bypass",
                "seat_types": [
                    {
                        "key": 1,
                        "type": "AC_B",
                        "trip_id": 8404135,
                        "trip_route_id": 52385763,
                        "route_id": 19516,
                        "fare": "1010.00",
                        "vat_percent": 15,
                        "vat_amount": 152,
                        "origin_city_seq": 2,
                        "destination_city_seq": 12,
                        "seat_counts": {
                            "online": 0,
                            "offline": 0,
                            "is_divided": true
                        }
                    },
                    {
                        "key": 3,
                        "type": "SNIGDHA",
                        "trip_id": 8404136,
                        "trip_route_id": 52385810,
                        "route_id": 19516,
                        "fare": "560.00",
                        "vat_percent": 15,
                        "vat_amount": 84,
                        "origin_city_seq": 2,
                        "destination_city_seq": 12,
                        "seat_counts": {
                            "online": 0,
                            "offline": 0,
                            "is_divided": true
                        }
                    },
                    {
                        "key": 7,
                        "type": "S_CHAIR",
                        "trip_id": 8404137,
                        "trip_route_id": 52385857,
                        "route_id": 19516,
                        "fare": "340.00",
                        "vat_percent": 0,
                        "vat_amount": 0,
                        "origin_city_seq": 2,
                        "destination_city_seq": 12,
                        "seat_counts": {
                            "online": 0,
                            "offline": 0,
                            "is_divided": true
                        }
                    }
                ],
                "train_model": "759",
                "is_open_for_all": true,
                "is_eid_trip": 0,
                "parent_route": {
                    "origin_city_name": "dhaka",
                    "destination_city_name": "rajshahi",
                    "departure_date": "2025-03-06",
                    "departure_time": "22:45:00",
                    "arrival_date": "2025-03-07",
                    "arrival_time": "04:25:00"
                },
                "boarding_points": [
                    {
                        "trip_point_id": 107638601,
                        "location_id": 2702,
                        "location_name": "Biman_Bandar Station",
                        "location_time": "11:13 PM",
                        "location_date": "06 Mar 2025"
                    }
                ],
                "is_international": 0,
                "is_from_city_international": false
            }
        ],
        "recommendations": [],
        "selected_seat_class": "S_CHAIR"
    },
    "extra": {
        "hash": "44984BFD06804094A56F94AE02FDF373"
    }
}