{
    "data": {
        "trains": [
            {
                "trip_number": "TISTA EXPRESS (707)",
                "departure_date_time": "06 Mar, 07:58 am",
                "departure_full_date": "2025-03-06",
                "departure_date_time_jd": "Thu, 06 Mar 2025, 07:58 AM",
                "arrival_date_time": "06 Mar, 11:10 am",
                "travel_time": "03h 12m",
                "origin_city_name": "biman_bandar",
                "destination_city_name": "jamalpur_town",
                "seat_types": [
                    {
                        "key": 2,
                        "type": "AC_S",
                        "trip_id": 8402936,
                        "trip_route_id": 52354455,
                        "route_id": 22074,
                        "fare": "415.00",
                        "vat_percent": 15,
                        "vat_amount": 63,
                        "origin_city_seq": 2,
                        "destination_city_seq": 8,
                        "seat_counts": {
                            "online": 0,
                            "offline": 0,
                            "is_divided": true
                        }
                    },
                    {
                        "key": 5,
                        "type": "F_SEAT",
                        "trip_id": 8402942,
                        "trip_route_id": 52354629,
                        "route_id": 22074,
                        "fare": "280.00",
                        "vat_percent": 15,
                        "vat_amount": 42,
                        "origin_city_seq": 2,
                        "destination_city_seq": 8,
                        "seat_counts": {
                            "online": 2,
                            "offline": 1,
                            "is_divided": true
                        }
                    },
                    {
                        "key": 7,
                        "type": "S_CHAIR",
                        "trip_id": 8402948,
                        "trip_route_id": 52354803,
                        "route_id": 22074,
                        "fare": "210.00",
                        "vat_percent": 0,
                        "vat_amount": 0,
                        "origin_city_seq": 2,
                        "destination_city_seq": 8,
                        "seat_counts": {
                            "online": 24,
                            "offline": 23,
                            "is_divided": true
                        }
                    },
                    {
                        "key": 3,
                        "type": "SNIGDHA",
                        "trip_id": 8402954,
                        "trip_route_id": 52354977,
                        "route_id": 22074,
                        "fare": "350.00",
                        "vat_percent": 15,
                        "vat_amount": 53,
                        "origin_city_seq": 2,
                        "destination_city_seq": 8,
                        "seat_counts": {
                            "online": 0,
                            "offline": 0,
                            "is_divided": true
                        }
                    }
                ],
                "train_model": "707",
                "is_open_for_all": true,
                "is_eid_trip": 0,
                "parent_route": {
                    "origin_city_name": "dhaka",
                    "destination_city_name": "dewanganj_bazar",
                    "departure_date": "2025-03-06",
                    "departure_time": "07:30:00",
                    "arrival_date": "2025-03-06",
                    "arrival_time": "12:30:00"
                },
                "boarding_points": [
                    {
                        "trip_point_id": 107617939,
                        "location_id": 2702,
                        "location_name": "Biman_Bandar Station",
                        "location_time": "07:58 AM",
                        "location_date": "06 Mar 2025"
                    }
                ],
                "is_international": 0,
                "is_from_city_international": false
            },
            {
                "trip_number": "JAMALPUR EXPRESS (799)",
                "departure_date_time": "06 Mar, 10:28 am",
                "departure_full_date": "2025-03-06",
                "departure_date_time_jd": "Thu, 06 Mar 2025, 10:28 AM",
                "arrival_date_time": "06 Mar, 01:40 pm",
                "travel_time": "03h 12m",
                "origin_city_name": "biman_bandar",
                "destination_city_name": "jamalpur_town",
                "seat_types": [
                    {
                        "key": 7,
                        "type": "S_CHAIR",
                        "trip_id": 8403745,
                        "trip_route_id": 52375822,
                        "route_id": 24117,
                        "fare": "210.00",
                        "vat_percent": 0,
                        "vat_amount": 0,
                        "origin_city_seq": 2,
                        "destination_city_seq": 9,
                        "seat_counts": {
                            "online": 0,
                            "offline": 0,
                            "is_divided": true
                        }
                    },
                    {
                        "key": 3,
                        "type": "SNIGDHA",
                        "trip_id": 8403750,
                        "trip_route_id": 52375928,
                        "route_id": 24117,
                        "fare": "350.00",
                        "vat_percent": 15,
                        "vat_amount": 53,
                        "origin_city_seq": 2,
                        "destination_city_seq": 9,
                        "seat_counts": {
                            "online": 0,
                            "offline": 0,
                            "is_divided": true
                        }
                    }
                ],
                "train_model": "799",
                "is_open_for_all": true,
                "is_eid_trip": 0,
                "parent_route": {
                    "origin_city_name": "dhaka",
                    "destination_city_name": "bhuapur",
                    "departure_date": "2025-03-06",
                    "departure_time": "10:00:00",
                    "arrival_date": "2025-03-06",
                    "arrival_time": "16:00:00"
                },
                "boarding_points": [
                    {
                        "trip_point_id": 107632386,
                        "location_id": 2702,
                        "location_name": "Biman_Bandar Station",
                        "location_time": "10:28 AM",
                        "location_date": "06 Mar 2025"
                    }
                ],
                "is_international": 0,
                "is_from_city_international": false
            },
            {
                "trip_number": "AGHNIBINA EXPRESS (735)",
                "departure_date_time": "06 Mar, 11:58 am",
                "departure_full_date": "2025-03-06",
                "departure_date_time_jd": "Thu, 06 Mar 2025, 11:58 AM",
                "arrival_date_time": "06 Mar, 03:16 pm",
                "travel_time": "03h 18m",
                "origin_city_name": "biman_bandar",
                "destination_city_name": "jamalpur_town",
                "seat_types": [
                    {
                        "key": 8,
                        "type": "SHOVAN",
                        "trip_id": 8403228,
                        "trip_route_id": 52364939,
                        "route_id": 22685,
                        "fare": "175.00",
                        "vat_percent": 0,
                        "vat_amount": 0,
                        "origin_city_seq": 2,
                        "destination_city_seq": 6,
                        "seat_counts": {
                            "online": 0,
                            "offline": 0,
                            "is_divided": true
                        }
                    },
                    {
                        "key": 7,
                        "type": "S_CHAIR",
                        "trip_id": 8403234,
                        "trip_route_id": 52365059,
                        "route_id": 22685,
                        "fare": "210.00",
                        "vat_percent": 0,
                        "vat_amount": 0,
                        "origin_city_seq": 2,
                        "destination_city_seq": 6,
                        "seat_counts": {
                            "online": 0,
                            "offline": 0,
                            "is_divided": true
                        }
                    },
                    {
                        "key": 6,
                        "type": "F_CHAIR",
                        "trip_id": 8403240,
                        "trip_route_id": 52365174,
                        "route_id": 22685,
                        "fare": "280.00",
                        "vat_percent": 15,
                        "vat_amount": 42,
                        "origin_city_seq": 2,
                        "destination_city_seq": 6,
                        "seat_counts": {
                            "online": 0,
                            "offline": 0,
                            "is_divided": true
                        }
                    },
                    {
                        "key": 5,
                        "type": "F_SEAT",
                        "trip_id": 8403246,
                        "trip_route_id": 52365276,
                        "route_id": 22685,
                        "fare": "280.00",
                        "vat_percent": 15,
                        "vat_amount": 42,
                        "origin_city_seq": 2,
                        "destination_city_seq": 6,
                        "seat_counts": {
                            "online": 0,
                            "offline": 0,
                            "is_divided": true
                        }
                    }
                ],
                "train_model": "735",
                "is_open_for_all": true,
                "is_eid_trip": 0,
                "parent_route": {
                    "origin_city_name": "dhaka",
                    "destination_city_name": "tarakandi",
                    "departure_date": "2025-03-06",
                    "departure_time": "11:30:00",
                    "arrival_date": "2025-03-06",
                    "arrival_time": "16:50:00"
                },
                "boarding_points": [
                    {
                        "trip_point_id": 107624407,
                        "location_id": 2702,
                        "location_name": "Biman_Bandar Station",
                        "location_time": "11:58 AM",
                        "location_date": "06 Mar 2025"
                    }
                ],
                "is_international": 0,
                "is_from_city_international": false
            },
            {
                "trip_number": "JAMUNA EXPRESS (745)",
                "departure_date_time": "06 Mar, 05:13 pm",
                "departure_full_date": "2025-03-06",
                "departure_date_time_jd": "Thu, 06 Mar 2025, 05:13 PM",
                "arrival_date_time": "06 Mar, 09:22 pm",
                "travel_time": "04h 09m",
                "origin_city_name": "biman_bandar",
                "destination_city_name": "jamalpur_town",
                "seat_types": [
                    {
                        "key": 8,
                        "type": "SHOVAN",
                        "trip_id": 8403425,
                        "trip_route_id": 52369001,
                        "route_id": 23225,
                        "fare": "175.00",
                        "vat_percent": 0,
                        "vat_amount": 0,
                        "origin_city_seq": 2,
                        "destination_city_seq": 10,
                        "seat_counts": {
                            "online": 0,
                            "offline": 0,
                            "is_divided": true
                        }
                    },
                    {
                        "key": 7,
                        "type": "S_CHAIR",
                        "trip_id": 8403431,
                        "trip_route_id": 52369156,
                        "route_id": 23225,
                        "fare": "210.00",
                        "vat_percent": 0,
                        "vat_amount": 0,
                        "origin_city_seq": 2,
                        "destination_city_seq": 10,
                        "seat_counts": {
                            "online": 0,
                            "offline": 0,
                            "is_divided": true
                        }
                    },
                    {
                        "key": 6,
                        "type": "F_CHAIR",
                        "trip_id": 8403437,
                        "trip_route_id": 52369289,
                        "route_id": 23225,
                        "fare": "280.00",
                        "vat_percent": 15,
                        "vat_amount": 42,
                        "origin_city_seq": 2,
                        "destination_city_seq": 10,
                        "seat_counts": {
                            "online": 0,
                            "offline": 0,
                            "is_divided": true
                        }
                    },
                    {
                        "key": 5,
                        "type": "F_SEAT",
                        "trip_id": 8403443,
                        "trip_route_id": 52369405,
                        "route_id": 23225,
                        "fare": "280.00",
                        "vat_percent": 15,
                        "vat_amount": 42,
                        "origin_city_seq": 2,
                        "destination_city_seq": 10,
                        "seat_counts": {
                            "online": 0,
                            "offline": 0,
                            "is_divided": true
                        }
                    }
                ],
                "train_model": "745",
                "is_open_for_all": true,
                "is_eid_trip": 0,
                "parent_route": {
                    "origin_city_name": "dhaka",
                    "destination_city_name": "tarakandi",
                    "departure_date": "2025-03-06",
                    "departure_time": "16:45:00",
                    "arrival_date": "2025-03-06",
                    "arrival_time": "22:50:00"
                },
                "boarding_points": [
                    {
                        "trip_point_id": 107627559,
                        "location_id": 2702,
                        "location_name": "Biman_Bandar Station",
                        "location_time": "05:13 PM",
                        "location_date": "06 Mar 2025"
                    }
                ],
                "is_international": 0,
                "is_from_city_international": false
            },
            {
                "trip_number": "BHRAMMAPUTRA EXPRESS (743)",
                "departure_date_time": "06 Mar, 06:43 pm",
                "departure_full_date": "2025-03-06",
                "departure_date_time_jd": "Thu, 06 Mar 2025, 06:43 PM",
                "arrival_date_time": "06 Mar, 10:30 pm",
                "travel_time": "03h 47m",
                "origin_city_name": "biman_bandar",
                "destination_city_name": "jamalpur_town",
                "seat_types": [
                    {
                        "key": 7,
                        "type": "S_CHAIR",
                        "trip_id": 8403401,
                        "trip_route_id": 52368290,
                        "route_id": 22074,
                        "fare": "210.00",
                        "vat_percent": 0,
                        "vat_amount": 0,
                        "origin_city_seq": 2,
                        "destination_city_seq": 8,
                        "seat_counts": {
                            "online": 1,
                            "offline": 0,
                            "is_divided": true
                        }
                    },
                    {
                        "key": 3,
                        "type": "SNIGDHA",
                        "trip_id": 8403407,
                        "trip_route_id": 52368470,
                        "route_id": 22074,
                        "fare": "350.00",
                        "vat_percent": 15,
                        "vat_amount": 53,
                        "origin_city_seq": 2,
                        "destination_city_seq": 8,
                        "seat_counts": {
                            "online": 2,
                            "offline": 2,
                            "is_divided": true
                        }
                    }
                ],
                "train_model": "743",
                "is_open_for_all": true,
                "is_eid_trip": 0,
                "parent_route": {
                    "origin_city_name": "dhaka",
                    "destination_city_name": "dewanganj_bazar",
                    "departure_date": "2025-03-06",
                    "departure_time": "18:15:00",
                    "arrival_date": "2025-03-06",
                    "arrival_time": "23:50:00"
                },
                "boarding_points": [
                    {
                        "trip_point_id": 107627117,
                        "location_id": 2702,
                        "location_name": "Biman_Bandar Station",
                        "location_time": "06:43 PM",
                        "location_date": "06 Mar 2025"
                    }
                ],
                "is_international": 0,
                "is_from_city_international": false
            }
        ],
        "recommendations": [],
        "selected_seat_class": "S_CHAIR"
    },
    "extra": {
        "hash": "FE8AB15B345270CFF53BFA245BE670BC"
    }
}