{
    "data": {
        "trains": [
            {
                "trip_number": "CHATTALA EXPRESS (802)",
                "departure_date_time": "06 Mar, 02:12 pm",
                "departure_full_date": "2025-03-06",
                "departure_date_time_jd": "Thu, 06 Mar 2025, 02:12 PM",
                "arrival_date_time": "06 Mar, 05:45 pm",
                "travel_time": "03h 33m",
                "origin_city_name": "biman_bandar",
                "destination_city_name": "laksam",
                "seat_types": [
                    {
                        "key": 7,
                        "type": "S_CHAIR",
                        "trip_id": 8403790,
                        "trip_route_id": 52376721,
                        "route_id": 22958,
                        "fare": "255.00",
                        "vat_percent": 0,
                        "vat_amount": 0,
                        "origin_city_seq": 2,
                        "destination_city_seq": 11,
                        "seat_counts": {
                            "online": 5,
                            "offline": 5,
                            "is_divided": true
                        }
                    }
                ],
                "train_model": "802",
                "is_open_for_all": true,
                "is_eid_trip": 0,
                "parent_route": {
                    "origin_city_name": "dhaka",
                    "destination_city_name": "chattogram",
                    "departure_date": "2025-03-06",
                    "departure_time": "13:45:00",
                    "arrival_date": "2025-03-06",
                    "arrival_time": "20:10:00"
                },
                "boarding_points": [
                    {
                        "trip_point_id": 107633143,
                        "location_id": 2702,
                        "location_name": "Biman_Bandar Station",
                        "location_time": "02:12 PM",
                        "location_date": "06 Mar 2025"
                    }
                ],
                "is_international": 0,
                "is_from_city_international": false
            },
            {
                "trip_number": "UPAKUL EXPRESS (712)",
                "departure_date_time": "06 Mar, 03:38 pm",
                "departure_full_date": "2025-03-06",
                "departure_date_time_jd": "Thu, 06 Mar 2025, 03:38 PM",
                "arrival_date_time": "06 Mar, 07:03 pm",
                "travel_time": "03h 25m",
                "origin_city_name": "biman_bandar",
                "destination_city_name": "laksam",
                "seat_types": [
                    {
                        "key": 7,
                        "type": "S_CHAIR",
                        "trip_id": 8403042,
                        "trip_route_id": 52358301,
                        "route_id": 22281,
                        "fare": "255.00",
                        "vat_percent": 0,
                        "vat_amount": 0,
                        "origin_city_seq": 2,
                        "destination_city_seq": 10,
                        "seat_counts": {
                            "online": 5,
                            "offline": 5,
                            "is_divided": true
                        }
                    },
                    {
                        "key": 3,
                        "type": "SNIGDHA",
                        "trip_id": 8403048,
                        "trip_route_id": 52358476,
                        "route_id": 22281,
                        "fare": "420.00",
                        "vat_percent": 15,
                        "vat_amount": 63,
                        "origin_city_seq": 2,
                        "destination_city_seq": 10,
                        "seat_counts": {
                            "online": 0,
                            "offline": 0,
                            "is_divided": true
                        }
                    }
                ],
                "train_model": "712",
                "is_open_for_all": true,
                "is_eid_trip": 0,
                "parent_route": {
                    "origin_city_name": "dhaka",
                    "destination_city_name": "noakhali",
                    "departure_date": "2025-03-06",
                    "departure_time": "15:10:00",
                    "arrival_date": "2025-03-06",
                    "arrival_time": "20:40:00"
                },
                "boarding_points": [
                    {
                        "trip_point_id": 107620021,
                        "location_id": 2702,
                        "location_name": "Biman_Bandar Station",
                        "location_time": "03:38 PM",
                        "location_date": "06 Mar 2025"
                    }
                ],
                "is_international": 0,
                "is_from_city_international": false
            }
        ],
        "recommendations": [],
        "selected_seat_class": "S_CHAIR"
    },
    "extra": {
        "hash": "FE8AB15B345270CFF53BFA245BE670BC"
    }
}