{
    "data": {
        "trains": [
            {
                "trip_number": "EKOTA EXPRESS (705)",
                "departure_date_time": "06 Mar, 10:43 am",
                "departure_full_date": "2025-03-06",
                "departure_date_time_jd": "Thu, 06 Mar 2025, 10:43 AM",
                "arrival_date_time": "06 Mar, 07:00 pm",
                "travel_time": "08h 17m",
                "origin_city_name": "biman_bandar",
                "destination_city_name": "dinajpur",
                "seat_types": [
                    {
                        "key": 3,
                        "type": "SNIGDHA",
                        "trip_id": 8404170,
                        "trip_route_id": 52387542,
                        "route_id": 19337,
                        "fare": "960.00",
                        "vat_percent": 15,
                        "vat_amount": 144,
                        "origin_city_seq": 2,
                        "destination_city_seq": 21,
                        "seat_counts": {
                            "online": 0,
                            "offline": 0,
                            "is_divided": true
                        }
                    },
                    {
                        "key": 7,
                        "type": "S_CHAIR",
                        "trip_id": 8404171,
                        "trip_route_id": 52387642,
                        "route_id": 19337,
                        "fare": "575.00",
                        "vat_percent": 0,
                        "vat_amount": 0,
                        "origin_city_seq": 2,
                        "destination_city_seq": 21,
                        "seat_counts": {
                            "online": 0,
                            "offline": 0,
                            "is_divided": true
                        }
                    },
                    {
                        "key": 2,
                        "type": "AC_S",
                        "trip_id": 8404172,
                        "trip_route_id": 52387731,
                        "route_id": 19337,
                        "fare": "1150.00",
                        "vat_percent": 15,
                        "vat_amount": 173,
                        "origin_city_seq": 2,
                        "destination_city_seq": 21,
                        "seat_counts": {
                            "online": 0,
                            "offline": 0,
                            "is_divided": true
                        }
                    }
                ],
                "train_model": "705",
                "is_open_for_all": true,
                "is_eid_trip": 0,
                "parent_route": {
                    "origin_city_name": "dhaka",
                    "destination_city_name": "panchagarh",
                    "departure_date": "2025-03-06",
                    "departure_time": "10:15:00",
                    "arrival_date": "2025-03-06",
                    "arrival_time": "21:00:00"
                },
                "boarding_points": [
                    {
                        "trip_point_id": 107639536,
                        "location_id": 2702,
                        "location_name": "Biman_Bandar Station",
                        "location_time": "10:43 AM",
                        "location_date": "06 Mar 2025"
                    }
                ],
                "is_international": 0,
                "is_from_city_international": false
            },
            {
                "trip_number": "DRUTOJAN EXPRESS (757)",
                "departure_date_time": "06 Mar, 08:28 pm",
                "departure_full_date": "2025-03-06",
                "departure_date_time_jd": "Thu, 06 Mar 2025, 08:28 PM",
                "arrival_date_time": "06 Mar, 04:20 am",
                "travel_time": "16h 08m",
                "origin_city_name": "biman_bandar",
                "destination_city_name": "dinajpur",
                "seat_types": [
                    {
                        "key": 3,
                        "type": "SNIGDHA",
                        "trip_id": 8404201,
                        "trip_route_id": 52389334,
                        "route_id": 19337,
                        "fare": "960.00",
                        "vat_percent": 15,
                        "vat_amount": 144,
                        "origin_city_seq": 2,
                        "destination_city_seq": 21,
                        "seat_counts": {
                            "online": 0,
                            "offline": 0,
                            "is_divided": true
                        }
                    },
                    {
                        "key": 7,
                        "type": "S_CHAIR",
                        "trip_id": 8404207,
                        "trip_route_id": 52389792,
                        "route_id": 19337,
                        "fare": "575.00",
                        "vat_percent": 0,
                        "vat_amount": 0,
                        "origin_city_seq": 2,
                        "destination_city_seq": 21,
                        "seat_counts": {
                            "online": 0,
                            "offline": 0,
                            "is_divided": true
                        }
                    },
                    {
                        "key": 1,
                        "type": "AC_B",
                        "trip_id": 8404230,
                        "trip_route_id": 52391355,
                        "route_id": 19337,
                        "fare": "1720.00",
                        "vat_percent": 15,
                        "vat_amount": 258,
                        "origin_city_seq": 2,
                        "destination_city_seq": 21,
                        "seat_counts": {
                            "online": 0,
                            "offline": 0,
                            "is_divided": true
                        }
                    }
                ],
                "train_model": "757",
                "is_open_for_all": true,
                "is_eid_trip": 0,
                "parent_route": {
                    "origin_city_name": "dhaka",
                    "destination_city_name": "panchagarh",
                    "departure_date": "2025-03-06",
                    "departure_time": "20:00:00",
                    "arrival_date": "2025-03-07",
                    "arrival_time": "06:45:00"
                },
                "boarding_points": [
                    {
                        "trip_point_id": 107640452,
                        "location_id": 2702,
                        "location_name": "Biman_Bandar Station",
                        "location_time": "08:28 PM",
                        "location_date": "06 Mar 2025"
                    }
                ],
                "is_international": 0,
                "is_from_city_international": false
            },
            {
                "trip_number": "PANCHAGARH EXPRESS (793)",
                "departure_date_time": "06 Mar, 11:58 pm",
                "departure_full_date": "2025-03-06",
                "departure_date_time_jd": "Thu, 06 Mar 2025, 11:58 PM",
                "arrival_date_time": "07 Mar, 07:16 am",
                "travel_time": "07h 18m",
                "origin_city_name": "biman_bandar",
                "destination_city_name": "dinajpur",
                "seat_types": [
                    {
                        "key": 3,
                        "type": "SNIGDHA",
                        "trip_id": 8404146,
                        "trip_route_id": 52386257,
                        "route_id": 19337,
                        "fare": "960.00",
                        "vat_percent": 15,
                        "vat_amount": 144,
                        "origin_city_seq": 2,
                        "destination_city_seq": 21,
                        "seat_counts": {
                            "online": 0,
                            "offline": 0,
                            "is_divided": true
                        }
                    },
                    {
                        "key": 7,
                        "type": "S_CHAIR",
                        "trip_id": 8404147,
                        "trip_route_id": 52386294,
                        "route_id": 19337,
                        "fare": "575.00",
                        "vat_percent": 0,
                        "vat_amount": 0,
                        "origin_city_seq": 2,
                        "destination_city_seq": 21,
                        "seat_counts": {
                            "online": 15,
                            "offline": 15,
                            "is_divided": true
                        }
                    },
                    {
                        "key": 1,
                        "type": "AC_B",
                        "trip_id": 8404231,
                        "trip_route_id": 52391392,
                        "route_id": 19337,
                        "fare": "1720.00",
                        "vat_percent": 15,
                        "vat_amount": 258,
                        "origin_city_seq": 2,
                        "destination_city_seq": 21,
                        "seat_counts": {
                            "online": 0,
                            "offline": 0,
                            "is_divided": true
                        }
                    }
                ],
                "train_model": "793",
                "is_open_for_all": true,
                "is_eid_trip": 0,
                "parent_route": {
                    "origin_city_name": "dhaka",
                    "destination_city_name": "panchagarh",
                    "departure_date": "2025-03-06",
                    "departure_time": "23:30:00",
                    "arrival_date": "2025-03-07",
                    "arrival_time": "09:50:00"
                },
                "boarding_points": [
                    {
                        "trip_point_id": 107638869,
                        "location_id": 2702,
                        "location_name": "Biman_Bandar Station",
                        "location_time": "11:58 PM",
                        "location_date": "06 Mar 2025"
                    }
                ],
                "is_international": 0,
                "is_from_city_international": false
            }
        ],
        "recommendations": [],
        "selected_seat_class": "S_CHAIR"
    },
    "extra": {
        "hash": "44984BFD06804094A56F94AE02FDF373"
    }
}