{
    "data": {
        "trains": [
            {
                "trip_number": "EGAROSINDHUR PROVATI (737)",
                "departure_date_time": "06 Mar, 07:43 am",
                "departure_full_date": "2025-03-06",
                "departure_date_time_jd": "Thu, 06 Mar 2025, 07:43 AM",
                "arrival_date_time": "06 Mar, 09:52 am",
                "travel_time": "02h 09m",
                "origin_city_name": "biman_bandar",
                "destination_city_name": "sararchar",
                "seat_types": [
                    {
                        "key": 8,
                        "type": "SHOVAN",
                        "trip_id": 8403275,
                        "trip_route_id": 52365815,
                        "route_id": 22725,
                        "fare": "110.00",
                        "vat_percent": 0,
                        "vat_amount": 0,
                        "origin_city_seq": 2,
                        "destination_city_seq": 8,
                        "seat_counts": {
                            "online": 0,
                            "offline": 0,
                            "is_divided": true
                        }
                    },
                    {
                        "key": 7,
                        "type": "S_CHAIR",
                        "trip_id": 8403280,
                        "trip_route_id": 52365930,
                        "route_id": 22725,
                        "fare": "130.00",
                        "vat_percent": 0,
                        "vat_amount": 0,
                        "origin_city_seq": 2,
                        "destination_city_seq": 8,
                        "seat_counts": {
                            "online": 0,
                            "offline": 0,
                            "is_divided": true
                        }
                    },
                    {
                        "key": 5,
                        "type": "F_SEAT",
                        "trip_id": 8403290,
                        "trip_route_id": 52366160,
                        "route_id": 22725,
                        "fare": "175.00",
                        "vat_percent": 15,
                        "vat_amount": 27,
                        "origin_city_seq": 2,
                        "destination_city_seq": 8,
                        "seat_counts": {
                            "online": 0,
                            "offline": 0,
                            "is_divided": true
                        }
                    }
                ],
                "train_model": "737",
                "is_open_for_all": true,
                "is_eid_trip": 0,
                "parent_route": {
                    "origin_city_name": "dhaka",
                    "destination_city_name": "kishorganj",
                    "departure_date": "2025-03-06",
                    "departure_time": "07:15:00",
                    "arrival_date": "2025-03-06",
                    "arrival_time": "11:10:00"
                },
                "boarding_points": [
                    {
                        "trip_point_id": 107624992,
                        "location_id": 2702,
                        "location_name": "Biman_Bandar Station",
                        "location_time": "07:43 AM",
                        "location_date": "06 Mar 2025"
                    }
                ],
                "is_international": 0,
                "is_from_city_international": false
            },
            {
                "trip_number": "KISHORGANJ EXPRESS (781)",
                "departure_date_time": "06 Mar, 10:58 am",
                "departure_full_date": "2025-03-06",
                "departure_date_time_jd": "Thu, 06 Mar 2025, 10:58 AM",
                "arrival_date_time": "06 Mar, 01:14 pm",
                "travel_time": "02h 16m",
                "origin_city_name": "biman_bandar",
                "destination_city_name": "sararchar",
                "seat_types": [
                    {
                        "key": 2,
                        "type": "AC_S",
                        "trip_id": 8403587,
                        "trip_route_id": 52373110,
                        "route_id": 22725,
                        "fare": "260.00",
                        "vat_percent": 15,
                        "vat_amount": 39,
                        "origin_city_seq": 2,
                        "destination_city_seq": 8,
                        "seat_counts": {
                            "online": 0,
                            "offline": 0,
                            "is_divided": true
                        }
                    },
                    {
                        "key": 7,
                        "type": "S_CHAIR",
                        "trip_id": 8403593,
                        "trip_route_id": 52373271,
                        "route_id": 22725,
                        "fare": "130.00",
                        "vat_percent": 0,
                        "vat_amount": 0,
                        "origin_city_seq": 2,
                        "destination_city_seq": 8,
                        "seat_counts": {
                            "online": 3,
                            "offline": 2,
                            "is_divided": true
                        }
                    },
                    {
                        "key": 3,
                        "type": "SNIGDHA",
                        "trip_id": 8403599,
                        "trip_route_id": 52373507,
                        "route_id": 22725,
                        "fare": "215.00",
                        "vat_percent": 15,
                        "vat_amount": 33,
                        "origin_city_seq": 2,
                        "destination_city_seq": 8,
                        "seat_counts": {
                            "online": 0,
                            "offline": 0,
                            "is_divided": true
                        }
                    }
                ],
                "train_model": "781",
                "is_open_for_all": true,
                "is_eid_trip": 0,
                "parent_route": {
                    "origin_city_name": "dhaka",
                    "destination_city_name": "kishorganj",
                    "departure_date": "2025-03-06",
                    "departure_time": "10:30:00",
                    "arrival_date": "2025-03-06",
                    "arrival_time": "14:10:00"
                },
                "boarding_points": [
                    {
                        "trip_point_id": 107630217,
                        "location_id": 2702,
                        "location_name": "Biman_Bandar Station",
                        "location_time": "10:58 AM",
                        "location_date": "06 Mar 2025"
                    }
                ],
                "is_international": 0,
                "is_from_city_international": false
            },
            {
                "trip_number": "EGAROSINDHUR GODHULI (749)",
                "departure_date_time": "06 Mar, 07:13 pm",
                "departure_full_date": "2025-03-06",
                "departure_date_time_jd": "Thu, 06 Mar 2025, 07:13 PM",
                "arrival_date_time": "06 Mar, 09:30 pm",
                "travel_time": "02h 17m",
                "origin_city_name": "biman_bandar",
                "destination_city_name": "sararchar",
                "seat_types": [
                    {
                        "key": 8,
                        "type": "SHOVAN",
                        "trip_id": 8403473,
                        "trip_route_id": 52370065,
                        "route_id": 22725,
                        "fare": "110.00",
                        "vat_percent": 0,
                        "vat_amount": 0,
                        "origin_city_seq": 2,
                        "destination_city_seq": 8,
                        "seat_counts": {
                            "online": 0,
                            "offline": 0,
                            "is_divided": true
                        }
                    },
                    {
                        "key": 7,
                        "type": "S_CHAIR",
                        "trip_id": 8403479,
                        "trip_route_id": 52370206,
                        "route_id": 22725,
                        "fare": "130.00",
                        "vat_percent": 0,
                        "vat_amount": 0,
                        "origin_city_seq": 2,
                        "destination_city_seq": 8,
                        "seat_counts": {
                            "online": 0,
                            "offline": 0,
                            "is_divided": true
                        }
                    },
                    {
                        "key": 6,
                        "type": "F_CHAIR",
                        "trip_id": 8403485,
                        "trip_route_id": 52370336,
                        "route_id": 22725,
                        "fare": "175.00",
                        "vat_percent": 15,
                        "vat_amount": 27,
                        "origin_city_seq": 2,
                        "destination_city_seq": 8,
                        "seat_counts": {
                            "online": 0,
                            "offline": 0,
                            "is_divided": true
                        }
                    },
                    {
                        "key": 5,
                        "type": "F_SEAT",
                        "trip_id": 8403491,
                        "trip_route_id": 52370464,
                        "route_id": 22725,
                        "fare": "175.00",
                        "vat_percent": 15,
                        "vat_amount": 27,
                        "origin_city_seq": 2,
                        "destination_city_seq": 8,
                        "seat_counts": {
                            "online": 0,
                            "offline": 0,
                            "is_divided": true
                        }
                    }
                ],
                "train_model": "749",
                "is_open_for_all": true,
                "is_eid_trip": 0,
                "parent_route": {
                    "origin_city_name": "dhaka",
                    "destination_city_name": "kishorganj",
                    "departure_date": "2025-03-06",
                    "departure_time": "18:45:00",
                    "arrival_date": "2025-03-06",
                    "arrival_time": "22:40:00"
                },
                "boarding_points": [
                    {
                        "trip_point_id": 107628251,
                        "location_id": 2702,
                        "location_name": "Biman_Bandar Station",
                        "location_time": "07:13 PM",
                        "location_date": "06 Mar 2025"
                    }
                ],
                "is_international": 0,
                "is_from_city_international": false
            }
        ],
        "recommendations": [],
        "selected_seat_class": "S_CHAIR"
    },
    "extra": {
        "hash": "FE8AB15B345270CFF53BFA245BE670BC"
    }
}