{
    "data": {
        "trains": [
            {
                "trip_number": "RANGPUR EXPRESS (771)",
                "departure_date_time": "06 Mar, 09:38 am",
                "departure_full_date": "2025-03-06",
                "departure_date_time_jd": "Thu, 06 Mar 2025, 09:38 AM",
                "arrival_date_time": "06 Mar, 07:10 pm",
                "travel_time": "09h 32m",
                "origin_city_name": "biman_bandar",
                "destination_city_name": "rangpur",
                "seat_types": [
                    {
                        "key": 2,
                        "type": "AC_S",
                        "trip_id": 8404127,
                        "trip_route_id": 52385509,
                        "route_id": 19460,
                        "fare": "1265.00",
                        "vat_percent": 15,
                        "vat_amount": 190,
                        "origin_city_seq": 2,
                        "destination_city_seq": 16,
                        "seat_counts": {
                            "online": 3,
                            "offline": 3,
                            "is_divided": true
                        }
                    },
                    {
                        "key": 3,
                        "type": "SNIGDHA",
                        "trip_id": 8404128,
                        "trip_route_id": 52385548,
                        "route_id": 19460,
                        "fare": "1055.00",
                        "vat_percent": 15,
                        "vat_amount": 159,
                        "origin_city_seq": 2,
                        "destination_city_seq": 16,
                        "seat_counts": {
                            "online": 3,
                            "offline": 2,
                            "is_divided": true
                        }
                    },
                    {
                        "key": 7,
                        "type": "S_CHAIR",
                        "trip_id": 8404129,
                        "trip_route_id": 52385597,
                        "route_id": 19460,
                        "fare": "635.00",
                        "vat_percent": 0,
                        "vat_amount": 0,
                        "origin_city_seq": 2,
                        "destination_city_seq": 16,
                        "seat_counts": {
                            "online": 10,
                            "offline": 10,
                            "is_divided": true
                        }
                    }
                ],
                "train_model": "771",
                "is_open_for_all": true,
                "is_eid_trip": 0,
                "parent_route": {
                    "origin_city_name": "dhaka",
                    "destination_city_name": "rangpur",
                    "departure_date": "2025-03-06",
                    "departure_time": "09:10:00",
                    "arrival_date": "2025-03-06",
                    "arrival_time": "19:10:00"
                },
                "boarding_points": [
                    {
                        "trip_point_id": 107638415,
                        "location_id": 2702,
                        "location_name": "Biman_Bandar Station",
                        "location_time": "09:38 AM",
                        "location_date": "06 Mar 2025"
                    }
                ],
                "is_international": 0,
                "is_from_city_international": false
            },
            {
                "trip_number": "KURIGRAM EXPRESS (797)",
                "departure_date_time": "06 Mar, 09:13 pm",
                "departure_full_date": "2025-03-06",
                "departure_date_time_jd": "Thu, 06 Mar 2025, 09:13 PM",
                "arrival_date_time": "07 Mar, 05:01 am",
                "travel_time": "07h 48m",
                "origin_city_name": "biman_bandar",
                "destination_city_name": "rangpur",
                "seat_types": [
                    {
                        "key": 1,
                        "type": "AC_B",
                        "trip_id": 8404157,
                        "trip_route_id": 52386649,
                        "route_id": 19694,
                        "fare": "1750.00",
                        "vat_percent": 15,
                        "vat_amount": 263,
                        "origin_city_seq": 2,
                        "destination_city_seq": 9,
                        "seat_counts": {
                            "online": 0,
                            "offline": 0,
                            "is_divided": true
                        }
                    },
                    {
                        "key": 3,
                        "type": "SNIGDHA",
                        "trip_id": 8404158,
                        "trip_route_id": 52386680,
                        "route_id": 19694,
                        "fare": "975.00",
                        "vat_percent": 15,
                        "vat_amount": 147,
                        "origin_city_seq": 2,
                        "destination_city_seq": 9,
                        "seat_counts": {
                            "online": 3,
                            "offline": 2,
                            "is_divided": true
                        }
                    },
                    {
                        "key": 7,
                        "type": "S_CHAIR",
                        "trip_id": 8404160,
                        "trip_route_id": 52386741,
                        "route_id": 19694,
                        "fare": "585.00",
                        "vat_percent": 0,
                        "vat_amount": 0,
                        "origin_city_seq": 2,
                        "destination_city_seq": 9,
                        "seat_counts": {
                            "online": 7,
                            "offline": 6,
                            "is_divided": true
                        }
                    }
                ],
                "train_model": "797",
                "is_open_for_all": true,
                "is_eid_trip": 0,
                "parent_route": {
                    "origin_city_name": "dhaka",
                    "destination_city_name": "kurigram",
                    "departure_date": "2025-03-06",
                    "departure_time": "20:45:00",
                    "arrival_date": "2025-03-07",
                    "arrival_time": "06:15:00"
                },
                "boarding_points": [
                    {
                        "trip_point_id": 107639168,
                        "location_id": 2702,
                        "location_name": "Biman_Bandar Station",
                        "location_time": "09:13 PM",
                        "location_date": "06 Mar 2025"
                    }
                ],
                "is_international": 0,
                "is_from_city_international": false
            }
        ],
        "recommendations": [],
        "selected_seat_class": "S_CHAIR"
    },
    "extra": {
        "hash": "FE8AB15B345270CFF53BFA245BE670BC"
    }
}