{
    "data": {
        "trains": [
            {
                "trip_number": "BANALATA EXPRESS (791)",
                "departure_date_time": "06 Mar, 01:58 pm",
                "departure_full_date": "2025-03-06",
                "departure_date_time_jd": "Thu, 06 Mar 2025, 01:58 PM",
                "arrival_date_time": "06 Mar, 06:05 pm",
                "travel_time": "04h 07m",
                "origin_city_name": "biman_bandar",
                "destination_city_name": "rajshahi",
                "seat_types": [
                    {
                        "key": 7,
                        "type": "S_CHAIR",
                        "trip_id": 8404192,
                        "trip_route_id": 52388961,
                        "route_id": 19611,
                        "fare": "450.00",
                        "vat_percent": 0,
                        "vat_amount": 0,
                        "origin_city_seq": 2,
                        "destination_city_seq": 3,
                        "seat_counts": {
                            "online": 28,
                            "offline": 28,
                            "is_divided": true
                        }
                    },
                    {
                        "key": 3,
                        "type": "SNIGDHA",
                        "trip_id": 8404193,
                        "trip_route_id": 52388966,
                        "route_id": 19611,
                        "fare": "740.00",
                        "vat_percent": 15,
                        "vat_amount": 111,
                        "origin_city_seq": 2,
                        "destination_city_seq": 3,
                        "seat_counts": {
                            "online": 20,
                            "offline": 20,
                            "is_divided": true
                        }
                    },
                    {
                        "key": 2,
                        "type": "AC_S",
                        "trip_id": 8404194,
                        "trip_route_id": 52388971,
                        "route_id": 19611,
                        "fare": "890.00",
                        "vat_percent": 15,
                        "vat_amount": 134,
                        "origin_city_seq": 2,
                        "destination_city_seq": 3,
                        "seat_counts": {
                            "online": 10,
                            "offline": 10,
                            "is_divided": true
                        }
                    }
                ],
                "train_model": "791",
                "is_open_for_all": true,
                "is_eid_trip": 0,
                "parent_route": {
                    "origin_city_name": "dhaka",
                    "destination_city_name": "chapai nawabganj",
                    "departure_date": "2025-03-06",
                    "departure_time": "13:30:00",
                    "arrival_date": "2025-03-06",
                    "arrival_time": "19:30:00"
                },
                "boarding_points": [
                    {
                        "trip_point_id": 107640283,
                        "location_id": 2702,
                        "location_name": "Biman_Bandar Station",
                        "location_time": "01:58 PM",
                        "location_date": "06 Mar 2025"
                    }
                ],
                "is_international": 0,
                "is_from_city_international": false
            },
            {
                "trip_number": "SILKCITY EXPRESS (753)",
                "departure_date_time": "06 Mar, 03:08 pm",
                "departure_full_date": "2025-03-06",
                "departure_date_time_jd": "Thu, 06 Mar 2025, 03:08 PM",
                "arrival_date_time": "06 Mar, 08:30 pm",
                "travel_time": "05h 22m",
                "origin_city_name": "biman_bandar",
                "destination_city_name": "rajshahi",
                "seat_types": [
                    {
                        "key": 2,
                        "type": "AC_S",
                        "trip_id": 8404140,
                        "trip_route_id": 52385981,
                        "route_id": 19517,
                        "fare": "805.00",
                        "vat_percent": 15,
                        "vat_amount": 121,
                        "origin_city_seq": 2,
                        "destination_city_seq": 16,
                        "seat_counts": {
                            "online": 12,
                            "offline": 12,
                            "is_divided": true
                        }
                    },
                    {
                        "key": 3,
                        "type": "SNIGDHA",
                        "trip_id": 8404141,
                        "trip_route_id": 52386027,
                        "route_id": 19517,
                        "fare": "670.00",
                        "vat_percent": 15,
                        "vat_amount": 101,
                        "origin_city_seq": 2,
                        "destination_city_seq": 16,
                        "seat_counts": {
                            "online": 20,
                            "offline": 20,
                            "is_divided": true
                        }
                    },
                    {
                        "key": 7,
                        "type": "S_CHAIR",
                        "trip_id": 8404142,
                        "trip_route_id": 52386074,
                        "route_id": 19517,
                        "fare": "405.00",
                        "vat_percent": 0,
                        "vat_amount": 0,
                        "origin_city_seq": 2,
                        "destination_city_seq": 16,
                        "seat_counts": {
                            "online": 12,
                            "offline": 11,
                            "is_divided": true
                        }
                    }
                ],
                "train_model": "753",
                "is_open_for_all": true,
                "is_eid_trip": 0,
                "parent_route": {
                    "origin_city_name": "dhaka",
                    "destination_city_name": "rajshahi",
                    "departure_date": "2025-03-06",
                    "departure_time": "14:40:00",
                    "arrival_date": "2025-03-06",
                    "arrival_time": "20:30:00"
                },
                "boarding_points": [
                    {
                        "trip_point_id": 107638716,
                        "location_id": 2702,
                        "location_name": "Biman_Bandar Station",
                        "location_time": "03:08 PM",
                        "location_date": "06 Mar 2025"
                    }
                ],
                "is_international": 0,
                "is_from_city_international": false
            },
            {
                "trip_number": "PADMA EXPRESS (759)",
                "departure_date_time": "06 Mar, 11:13 pm",
                "departure_full_date": "2025-03-06",
                "departure_date_time_jd": "Thu, 06 Mar 2025, 11:13 PM",
                "arrival_date_time": "07 Mar, 04:25 am",
                "travel_time": "05h 12m",
                "origin_city_name": "biman_bandar",
                "destination_city_name": "rajshahi",
                "seat_types": [
                    {
                        "key": 1,
                        "type": "AC_B",
                        "trip_id": 8404135,
                        "trip_route_id": 52385759,
                        "route_id": 19517,
                        "fare": "1205.00",
                        "vat_percent": 15,
                        "vat_amount": 181,
                        "origin_city_seq": 2,
                        "destination_city_seq": 16,
                        "seat_counts": {
                            "online": 1,
                            "offline": 1,
                            "is_divided": true
                        }
                    },
                    {
                        "key": 3,
                        "type": "SNIGDHA",
                        "trip_id": 8404136,
                        "trip_route_id": 52385806,
                        "route_id": 19517,
                        "fare": "670.00",
                        "vat_percent": 15,
                        "vat_amount": 101,
                        "origin_city_seq": 2,
                        "destination_city_seq": 16,
                        "seat_counts": {
                            "online": 20,
                            "offline": 20,
                            "is_divided": true
                        }
                    },
                    {
                        "key": 7,
                        "type": "S_CHAIR",
                        "trip_id": 8404137,
                        "trip_route_id": 52385853,
                        "route_id": 19517,
                        "fare": "405.00",
                        "vat_percent": 0,
                        "vat_amount": 0,
                        "origin_city_seq": 2,
                        "destination_city_seq": 16,
                        "seat_counts": {
                            "online": 25,
                            "offline": 25,
                            "is_divided": true
                        }
                    }
                ],
                "train_model": "759",
                "is_open_for_all": true,
                "is_eid_trip": 0,
                "parent_route": {
                    "origin_city_name": "dhaka",
                    "destination_city_name": "rajshahi",
                    "departure_date": "2025-03-06",
                    "departure_time": "22:45:00",
                    "arrival_date": "2025-03-07",
                    "arrival_time": "04:25:00"
                },
                "boarding_points": [
                    {
                        "trip_point_id": 107638601,
                        "location_id": 2702,
                        "location_name": "Biman_Bandar Station",
                        "location_time": "11:13 PM",
                        "location_date": "06 Mar 2025"
                    }
                ],
                "is_international": 0,
                "is_from_city_international": false
            }
        ],
        "recommendations": [],
        "selected_seat_class": "S_CHAIR"
    },
    "extra": {
        "hash": "FE8AB15B345270CFF53BFA245BE670BC"
    }
}