{
    "data": {
        "trains": [
            {
                "trip_number": "NILSAGAR EXPRESS (765)",
                "departure_date_time": "06 Mar, 07:12 am",
                "departure_full_date": "2025-03-06",
                "departure_date_time_jd": "Thu, 06 Mar 2025, 07:12 AM",
                "arrival_date_time": "06 Mar, 12:30 pm",
                "travel_time": "05h 18m",
                "origin_city_name": "biman_bandar",
                "destination_city_name": "santahar",
                "seat_types": [
                    {
                        "key": 2,
                        "type": "AC_S",
                        "trip_id": 8404178,
                        "trip_route_id": 52388052,
                        "route_id": 19763,
                        "fare": "855.00",
                        "vat_percent": 15,
                        "vat_amount": 129,
                        "origin_city_seq": 2,
                        "destination_city_seq": 8,
                        "seat_counts": {
                            "online": 0,
                            "offline": 0,
                            "is_divided": true
                        }
                    },
                    {
                        "key": 3,
                        "type": "SNIGDHA",
                        "trip_id": 8404179,
                        "trip_route_id": 52388119,
                        "route_id": 19763,
                        "fare": "710.00",
                        "vat_percent": 15,
                        "vat_amount": 107,
                        "origin_city_seq": 2,
                        "destination_city_seq": 8,
                        "seat_counts": {
                            "online": 0,
                            "offline": 0,
                            "is_divided": true
                        }
                    },
                    {
                        "key": 7,
                        "type": "S_CHAIR",
                        "trip_id": 8404180,
                        "trip_route_id": 52388192,
                        "route_id": 19763,
                        "fare": "430.00",
                        "vat_percent": 0,
                        "vat_amount": 0,
                        "origin_city_seq": 2,
                        "destination_city_seq": 8,
                        "seat_counts": {
                            "online": 3,
                            "offline": 2,
                            "is_divided": true
                        }
                    }
                ],
                "train_model": "765",
                "is_open_for_all": true,
                "is_eid_trip": 0,
                "parent_route": {
                    "origin_city_name": "dhaka",
                    "destination_city_name": "chilahati",
                    "departure_date": "2025-03-06",
                    "departure_time": "06:45:00",
                    "arrival_date": "2025-03-06",
                    "arrival_time": "16:00:00"
                },
                "boarding_points": [
                    {
                        "trip_point_id": 107639839,
                        "location_id": 2702,
                        "location_name": "Biman_Bandar Station",
                        "location_time": "07:12 AM",
                        "location_date": "06 Mar 2025"
                    }
                ],
                "is_international": 0,
                "is_from_city_international": false
            },
            {
                "trip_number": "RANGPUR EXPRESS (771)",
                "departure_date_time": "06 Mar, 09:38 am",
                "departure_full_date": "2025-03-06",
                "departure_date_time_jd": "Thu, 06 Mar 2025, 09:38 AM",
                "arrival_date_time": "06 Mar, 03:05 pm",
                "travel_time": "05h 27m",
                "origin_city_name": "biman_bandar",
                "destination_city_name": "santahar",
                "seat_types": [
                    {
                        "key": 3,
                        "type": "SNIGDHA",
                        "trip_id": 8404128,
                        "trip_route_id": 52385550,
                        "route_id": 26557,
                        "fare": "710.00",
                        "vat_percent": 15,
                        "vat_amount": 107,
                        "origin_city_seq": 2,
                        "destination_city_seq": 6,
                        "seat_counts": {
                            "online": 2,
                            "offline": 1,
                            "is_divided": true
                        }
                    },
                    {
                        "key": 7,
                        "type": "S_CHAIR",
                        "trip_id": 8404129,
                        "trip_route_id": 52385599,
                        "route_id": 26557,
                        "fare": "430.00",
                        "vat_percent": 0,
                        "vat_amount": 0,
                        "origin_city_seq": 2,
                        "destination_city_seq": 6,
                        "seat_counts": {
                            "online": 3,
                            "offline": 2,
                            "is_divided": true
                        }
                    }
                ],
                "train_model": "771",
                "is_open_for_all": true,
                "is_eid_trip": 0,
                "parent_route": {
                    "origin_city_name": "dhaka",
                    "destination_city_name": "rangpur",
                    "departure_date": "2025-03-06",
                    "departure_time": "09:10:00",
                    "arrival_date": "2025-03-06",
                    "arrival_time": "19:10:00"
                },
                "boarding_points": [
                    {
                        "trip_point_id": 107638444,
                        "location_id": 2702,
                        "location_name": "Biman_Bandar Station",
                        "location_time": "09:38 AM",
                        "location_date": "06 Mar 2025"
                    }
                ],
                "is_international": 0,
                "is_from_city_international": false
            },
            {
                "trip_number": "CHILAHATI EXPRESS (805)",
                "departure_date_time": "06 Mar, 05:28 pm",
                "departure_full_date": "2025-03-06",
                "departure_date_time_jd": "Thu, 06 Mar 2025, 05:28 PM",
                "arrival_date_time": "06 Mar, 10:45 pm",
                "travel_time": "05h 17m",
                "origin_city_name": "biman_bandar",
                "destination_city_name": "santahar",
                "seat_types": [
                    {
                        "key": 7,
                        "type": "S_CHAIR",
                        "trip_id": 8404251,
                        "trip_route_id": 52392115,
                        "route_id": 24688,
                        "fare": "430.00",
                        "vat_percent": 0,
                        "vat_amount": 0,
                        "origin_city_seq": 2,
                        "destination_city_seq": 6,
                        "seat_counts": {
                            "online": 3,
                            "offline": 2,
                            "is_divided": true
                        }
                    }
                ],
                "train_model": "805",
                "is_open_for_all": true,
                "is_eid_trip": 0,
                "parent_route": {
                    "origin_city_name": "dhaka",
                    "destination_city_name": "chilahati",
                    "departure_date": "2025-03-06",
                    "departure_time": "17:00:00",
                    "arrival_date": "2025-03-07",
                    "arrival_time": "03:00:00"
                },
                "boarding_points": [
                    {
                        "trip_point_id": 107641857,
                        "location_id": 2702,
                        "location_name": "Biman_Bandar Station",
                        "location_time": "05:28 PM",
                        "location_date": "06 Mar 2025"
                    }
                ],
                "is_international": 0,
                "is_from_city_international": false
            }
        ],
        "recommendations": [],
        "selected_seat_class": "S_CHAIR"
    },
    "extra": {
        "hash": "FE8AB15B345270CFF53BFA245BE670BC"
    }
}