{
    "data": {
        "trains": [
            {
                "trip_number": "EKOTA EXPRESS (705)",
                "departure_date_time": "06 Mar, 10:43 am",
                "departure_full_date": "2025-03-06",
                "departure_date_time_jd": "Thu, 06 Mar 2025, 10:43 AM",
                "arrival_date_time": "06 Mar, 09:00 pm",
                "travel_time": "10h 17m",
                "origin_city_name": "biman_bandar",
                "destination_city_name": "panchagarh",
                "seat_types": [
                    {
                        "key": 3,
                        "type": "SNIGDHA",
                        "trip_id": 8404170,
                        "trip_route_id": 52387543,
                        "route_id": 19338,
                        "fare": "1160.00",
                        "vat_percent": 15,
                        "vat_amount": 174,
                        "origin_city_seq": 2,
                        "destination_city_seq": 27,
                        "seat_counts": {
                            "online": 0,
                            "offline": 0,
                            "is_divided": true
                        }
                    },
                    {
                        "key": 7,
                        "type": "S_CHAIR",
                        "trip_id": 8404171,
                        "trip_route_id": 52387643,
                        "route_id": 19338,
                        "fare": "695.00",
                        "vat_percent": 0,
                        "vat_amount": 0,
                        "origin_city_seq": 2,
                        "destination_city_seq": 27,
                        "seat_counts": {
                            "online": 8,
                            "offline": 7,
                            "is_divided": true
                        }
                    },
                    {
                        "key": 2,
                        "type": "AC_S",
                        "trip_id": 8404172,
                        "trip_route_id": 52387732,
                        "route_id": 19338,
                        "fare": "1390.00",
                        "vat_percent": 15,
                        "vat_amount": 209,
                        "origin_city_seq": 2,
                        "destination_city_seq": 27,
                        "seat_counts": {
                            "online": 0,
                            "offline": 0,
                            "is_divided": true
                        }
                    }
                ],
                "train_model": "705",
                "is_open_for_all": true,
                "is_eid_trip": 0,
                "parent_route": {
                    "origin_city_name": "dhaka",
                    "destination_city_name": "panchagarh",
                    "departure_date": "2025-03-06",
                    "departure_time": "10:15:00",
                    "arrival_date": "2025-03-06",
                    "arrival_time": "21:00:00"
                },
                "boarding_points": [
                    {
                        "trip_point_id": 107639536,
                        "location_id": 2702,
                        "location_name": "Biman_Bandar Station",
                        "location_time": "10:43 AM",
                        "location_date": "06 Mar 2025"
                    }
                ],
                "is_international": 0,
                "is_from_city_international": false
            },
            {
                "trip_number": "DRUTOJAN EXPRESS (757)",
                "departure_date_time": "06 Mar, 08:28 pm",
                "departure_full_date": "2025-03-06",
                "departure_date_time_jd": "Thu, 06 Mar 2025, 08:28 PM",
                "arrival_date_time": "07 Mar, 06:45 am",
                "travel_time": "10h 17m",
                "origin_city_name": "biman_bandar",
                "destination_city_name": "panchagarh",
                "seat_types": [
                    {
                        "key": 3,
                        "type": "SNIGDHA",
                        "trip_id": 8404201,
                        "trip_route_id": 52389335,
                        "route_id": 19338,
                        "fare": "1160.00",
                        "vat_percent": 15,
                        "vat_amount": 174,
                        "origin_city_seq": 2,
                        "destination_city_seq": 27,
                        "seat_counts": {
                            "online": 5,
                            "offline": 5,
                            "is_divided": true
                        }
                    },
                    {
                        "key": 7,
                        "type": "S_CHAIR",
                        "trip_id": 8404207,
                        "trip_route_id": 52389793,
                        "route_id": 19338,
                        "fare": "695.00",
                        "vat_percent": 0,
                        "vat_amount": 0,
                        "origin_city_seq": 2,
                        "destination_city_seq": 27,
                        "seat_counts": {
                            "online": 0,
                            "offline": 0,
                            "is_divided": true
                        }
                    },
                    {
                        "key": 1,
                        "type": "AC_B",
                        "trip_id": 8404230,
                        "trip_route_id": 52391356,
                        "route_id": 19338,
                        "fare": "2085.00",
                        "vat_percent": 15,
                        "vat_amount": 313,
                        "origin_city_seq": 2,
                        "destination_city_seq": 27,
                        "seat_counts": {
                            "online": 2,
                            "offline": 2,
                            "is_divided": true
                        }
                    }
                ],
                "train_model": "757",
                "is_open_for_all": true,
                "is_eid_trip": 0,
                "parent_route": {
                    "origin_city_name": "dhaka",
                    "destination_city_name": "panchagarh",
                    "departure_date": "2025-03-06",
                    "departure_time": "20:00:00",
                    "arrival_date": "2025-03-07",
                    "arrival_time": "06:45:00"
                },
                "boarding_points": [
                    {
                        "trip_point_id": 107640452,
                        "location_id": 2702,
                        "location_name": "Biman_Bandar Station",
                        "location_time": "08:28 PM",
                        "location_date": "06 Mar 2025"
                    }
                ],
                "is_international": 0,
                "is_from_city_international": false
            },
            {
                "trip_number": "PANCHAGARH EXPRESS (793)",
                "departure_date_time": "06 Mar, 11:58 pm",
                "departure_full_date": "2025-03-06",
                "departure_date_time_jd": "Thu, 06 Mar 2025, 11:58 PM",
                "arrival_date_time": "07 Mar, 09:50 am",
                "travel_time": "09h 52m",
                "origin_city_name": "biman_bandar",
                "destination_city_name": "panchagarh",
                "seat_types": [
                    {
                        "key": 3,
                        "type": "SNIGDHA",
                        "trip_id": 8404146,
                        "trip_route_id": 52386258,
                        "route_id": 19338,
                        "fare": "1160.00",
                        "vat_percent": 15,
                        "vat_amount": 174,
                        "origin_city_seq": 2,
                        "destination_city_seq": 27,
                        "seat_counts": {
                            "online": 5,
                            "offline": 5,
                            "is_divided": true
                        }
                    },
                    {
                        "key": 7,
                        "type": "S_CHAIR",
                        "trip_id": 8404147,
                        "trip_route_id": 52386295,
                        "route_id": 19338,
                        "fare": "695.00",
                        "vat_percent": 0,
                        "vat_amount": 0,
                        "origin_city_seq": 2,
                        "destination_city_seq": 27,
                        "seat_counts": {
                            "online": 15,
                            "offline": 15,
                            "is_divided": true
                        }
                    },
                    {
                        "key": 1,
                        "type": "AC_B",
                        "trip_id": 8404231,
                        "trip_route_id": 52391393,
                        "route_id": 19338,
                        "fare": "2085.00",
                        "vat_percent": 15,
                        "vat_amount": 313,
                        "origin_city_seq": 2,
                        "destination_city_seq": 27,
                        "seat_counts": {
                            "online": 2,
                            "offline": 2,
                            "is_divided": true
                        }
                    }
                ],
                "train_model": "793",
                "is_open_for_all": true,
                "is_eid_trip": 0,
                "parent_route": {
                    "origin_city_name": "dhaka",
                    "destination_city_name": "panchagarh",
                    "departure_date": "2025-03-06",
                    "departure_time": "23:30:00",
                    "arrival_date": "2025-03-07",
                    "arrival_time": "09:50:00"
                },
                "boarding_points": [
                    {
                        "trip_point_id": 107638869,
                        "location_id": 2702,
                        "location_name": "Biman_Bandar Station",
                        "location_time": "11:58 PM",
                        "location_date": "06 Mar 2025"
                    }
                ],
                "is_international": 0,
                "is_from_city_international": false
            }
        ],
        "recommendations": [],
        "selected_seat_class": "S_CHAIR"
    },
    "extra": {
        "hash": "FE8AB15B345270CFF53BFA245BE670BC"
    }
}