{
    "data": {
        "trains": [
            {
                "trip_number": "PARJOTAK EXPRESS (816)",
                "departure_date_time": "06 Mar, 06:43 am",
                "departure_full_date": "2025-03-06",
                "departure_date_time_jd": "Thu, 06 Mar 2025, 06:43 AM",
                "arrival_date_time": "06 Mar, 03:00 pm",
                "travel_time": "08h 17m",
                "origin_city_name": "biman_bandar",
                "destination_city_name": "coxs bazar",
                "seat_types": [
                    {
                        "key": 7,
                        "type": "S_CHAIR",
                        "trip_id": 8403846,
                        "trip_route_id": 52377045,
                        "route_id": 25717,
                        "fare": "695.00",
                        "vat_percent": 0,
                        "vat_amount": 0,
                        "origin_city_seq": 2,
                        "destination_city_seq": 4,
                        "seat_counts": {
                            "online": 58,
                            "offline": 57,
                            "is_divided": true
                        }
                    },
                    {
                        "key": 3,
                        "type": "SNIGDHA",
                        "trip_id": 8403851,
                        "trip_route_id": 52377075,
                        "route_id": 25717,
                        "fare": "1152.00",
                        "vat_percent": 15,
                        "vat_amount": 173,
                        "origin_city_seq": 2,
                        "destination_city_seq": 4,
                        "seat_counts": {
                            "online": 8,
                            "offline": 7,
                            "is_divided": true
                        }
                    },
                    {
                        "key": 2,
                        "type": "AC_S",
                        "trip_id": 8403856,
                        "trip_route_id": 52377103,
                        "route_id": 25717,
                        "fare": "1382.00",
                        "vat_percent": 15,
                        "vat_amount": 208,
                        "origin_city_seq": 2,
                        "destination_city_seq": 4,
                        "seat_counts": {
                            "online": 17,
                            "offline": 16,
                            "is_divided": true
                        }
                    }
                ],
                "train_model": "816",
                "is_open_for_all": true,
                "is_eid_trip": 0,
                "parent_route": {
                    "origin_city_name": "dhaka",
                    "destination_city_name": "cox's bazar",
                    "departure_date": "2025-03-06",
                    "departure_time": "06:15:00",
                    "arrival_date": "2025-03-06",
                    "arrival_time": "15:00:00"
                },
                "boarding_points": [
                    {
                        "trip_point_id": 107633479,
                        "location_id": 2702,
                        "location_name": "Biman_Bandar Station",
                        "location_time": "06:43 AM",
                        "location_date": "06 Mar 2025"
                    }
                ],
                "is_international": 0,
                "is_from_city_international": false
            },
            {
                "trip_number": "COXS BAZAR EXPRESS (814)",
                "departure_date_time": "06 Mar, 10:58 pm",
                "departure_full_date": "2025-03-06",
                "departure_date_time_jd": "Thu, 06 Mar 2025, 10:58 PM",
                "arrival_date_time": "07 Mar, 07:20 am",
                "travel_time": "08h 22m",
                "origin_city_name": "biman_bandar",
                "destination_city_name": "coxs bazar",
                "seat_types": [
                    {
                        "key": 3,
                        "type": "SNIGDHA",
                        "trip_id": 8403819,
                        "trip_route_id": 52376934,
                        "route_id": 25717,
                        "fare": "1152.00",
                        "vat_percent": 15,
                        "vat_amount": 173,
                        "origin_city_seq": 2,
                        "destination_city_seq": 4,
                        "seat_counts": {
                            "online": 7,
                            "offline": 6,
                            "is_divided": true
                        }
                    },
                    {
                        "key": 7,
                        "type": "S_CHAIR",
                        "trip_id": 8403825,
                        "trip_route_id": 52376968,
                        "route_id": 25717,
                        "fare": "695.00",
                        "vat_percent": 0,
                        "vat_amount": 0,
                        "origin_city_seq": 2,
                        "destination_city_seq": 4,
                        "seat_counts": {
                            "online": 35,
                            "offline": 35,
                            "is_divided": true
                        }
                    }
                ],
                "train_model": "814",
                "is_open_for_all": true,
                "is_eid_trip": 0,
                "parent_route": {
                    "origin_city_name": "dhaka",
                    "destination_city_name": "cox's bazar",
                    "departure_date": "2025-03-06",
                    "departure_time": "22:30:00",
                    "arrival_date": "2025-03-07",
                    "arrival_time": "07:20:00"
                },
                "boarding_points": [
                    {
                        "trip_point_id": 107633349,
                        "location_id": 2702,
                        "location_name": "Biman_Bandar Station",
                        "location_time": "10:58 PM",
                        "location_date": "06 Mar 2025"
                    }
                ],
                "is_international": 0,
                "is_from_city_international": false
            }
        ],
        "recommendations": [],
        "selected_seat_class": "S_CHAIR"
    },
    "extra": {
        "hash": "FE8AB15B345270CFF53BFA245BE670BC"
    }
}