{
    "data": {
        "trains": [
            {
                "trip_number": "SIRAJGANJ EXPRESS (776)",
                "departure_date_time": "06 Mar, 04:43 pm",
                "departure_full_date": "2025-03-06",
                "departure_date_time_jd": "Thu, 06 Mar 2025, 04:43 PM",
                "arrival_date_time": "06 Mar, 06:40 pm",
                "travel_time": "01h 57m",
                "origin_city_name": "biman_bandar",
                "destination_city_name": "ibrahimabad",
                "seat_types": [
                    {
                        "key": 8,
                        "type": "SHOVAN",
                        "trip_id": 8404167,
                        "trip_route_id": 52387312,
                        "route_id": 19867,
                        "fare": "120.00",
                        "vat_percent": 0,
                        "vat_amount": 0,
                        "origin_city_seq": 2,
                        "destination_city_seq": 6,
                        "seat_counts": {
                            "online": 5,
                            "offline": 4,
                            "is_divided": true
                        }
                    },
                    {
                        "key": 7,
                        "type": "S_CHAIR",
                        "trip_id": 8404220,
                        "trip_route_id": 52390581,
                        "route_id": 19867,
                        "fare": "140.00",
                        "vat_percent": 0,
                        "vat_amount": 0,
                        "origin_city_seq": 2,
                        "destination_city_seq": 6,
                        "seat_counts": {
                            "online": 0,
                            "offline": 0,
                            "is_divided": true
                        }
                    },
                    {
                        "key": 5,
                        "type": "F_SEAT",
                        "trip_id": 8404237,
                        "trip_route_id": 52391586,
                        "route_id": 19867,
                        "fare": "185.00",
                        "vat_percent": 15,
                        "vat_amount": 28,
                        "origin_city_seq": 2,
                        "destination_city_seq": 6,
                        "seat_counts": {
                            "online": 0,
                            "offline": 0,
                            "is_divided": true
                        }
                    }
                ],
                "train_model": "776",
                "is_open_for_all": true,
                "is_eid_trip": 0,
                "parent_route": {
                    "origin_city_name": "dhaka",
                    "destination_city_name": "sirajganj_bazar",
                    "departure_date": "2025-03-06",
                    "departure_time": "16:15:00",
                    "arrival_date": "2025-03-06",
                    "arrival_time": "20:40:00"
                },
                "boarding_points": [
                    {
                        "trip_point_id": 107639447,
                        "location_id": 2702,
                        "location_name": "Biman_Bandar Station",
                        "location_time": "04:43 PM",
                        "location_date": "06 Mar 2025"
                    }
                ],
                "is_international": 0,
                "is_from_city_international": false
            }
        ],
        "recommendations": [],
        "selected_seat_class": "S_CHAIR"
    },
    "extra": {
        "hash": "44984BFD06804094A56F94AE02FDF373"
    }
}