{
    "data": {
        "trains": [
            {
                "trip_number": "CHILAHATI EXPRESS (805)",
                "departure_date_time": "06 Mar, 12:15 am",
                "departure_full_date": "2025-03-06",
                "departure_date_time_jd": "Thu, 06 Mar 2025, 12:15 AM",
                "arrival_date_time": "06 Mar, 01:00 am",
                "travel_time": "00h 45m",
                "origin_city_name": "birampur",
                "destination_city_name": "parbatipur",
                "seat_types": [
                    {
                        "key": 7,
                        "type": "S_CHAIR",
                        "trip_id": 8404065,
                        "trip_route_id": 52384331,
                        "route_id": 24733,
                        "fare": "55.00",
                        "vat_percent": 0,
                        "vat_amount": 0,
                        "origin_city_seq": 8,
                        "destination_city_seq": 10,
                        "seat_counts": {
                            "online": 5,
                            "offline": 5,
                            "is_divided": true
                        }
                    }
                ],
                "train_model": "805",
                "is_open_for_all": true,
                "is_eid_trip": 0,
                "parent_route": {
                    "origin_city_name": "dhaka",
                    "destination_city_name": "chilahati",
                    "departure_date": "2025-03-05",
                    "departure_time": "17:00:00",
                    "arrival_date": "2025-03-06",
                    "arrival_time": "03:00:00"
                },
                "boarding_points": [
                    {
                        "trip_point_id": 107637611,
                        "location_id": 2781,
                        "location_name": "Birampur Station",
                        "location_time": "12:15 AM",
                        "location_date": "06 Mar 2025"
                    }
                ],
                "is_international": 0,
                "is_from_city_international": false
            },
            {
                "trip_number": "SIMANTA EXPRESS (747)",
                "departure_date_time": "06 Mar, 04:29 am",
                "departure_full_date": "2025-03-06",
                "departure_date_time_jd": "Thu, 06 Mar 2025, 04:29 AM",
                "arrival_date_time": "06 Mar, 05:00 am",
                "travel_time": "00h 31m",
                "origin_city_name": "birampur",
                "destination_city_name": "parbatipur",
                "seat_types": [
                    {
                        "key": 1,
                        "type": "AC_B",
                        "trip_id": 8403986,
                        "trip_route_id": 52379056,
                        "route_id": 20012,
                        "fare": "130.00",
                        "vat_percent": 15,
                        "vat_amount": 20,
                        "origin_city_seq": 19,
                        "destination_city_seq": 21,
                        "seat_counts": {
                            "online": 0,
                            "offline": 0,
                            "is_divided": true
                        }
                    },
                    {
                        "key": 3,
                        "type": "SNIGDHA",
                        "trip_id": 8403987,
                        "trip_route_id": 52379172,
                        "route_id": 20012,
                        "fare": "100.00",
                        "vat_percent": 15,
                        "vat_amount": 15,
                        "origin_city_seq": 19,
                        "destination_city_seq": 21,
                        "seat_counts": {
                            "online": 0,
                            "offline": 0,
                            "is_divided": true
                        }
                    },
                    {
                        "key": 7,
                        "type": "S_CHAIR",
                        "trip_id": 8403988,
                        "trip_route_id": 52379290,
                        "route_id": 20012,
                        "fare": "50.00",
                        "vat_percent": 0,
                        "vat_amount": 0,
                        "origin_city_seq": 19,
                        "destination_city_seq": 21,
                        "seat_counts": {
                            "online": 0,
                            "offline": 0,
                            "is_divided": true
                        }
                    }
                ],
                "train_model": "747",
                "is_open_for_all": true,
                "is_eid_trip": 0,
                "parent_route": {
                    "origin_city_name": "khulna",
                    "destination_city_name": "chilahati",
                    "departure_date": "2025-03-05",
                    "departure_time": "21:15:00",
                    "arrival_date": "2025-03-06",
                    "arrival_time": "06:45:00"
                },
                "boarding_points": [
                    {
                        "trip_point_id": 107635172,
                        "location_id": 2781,
                        "location_name": "Birampur Station",
                        "location_time": "04:29 AM",
                        "location_date": "06 Mar 2025"
                    }
                ],
                "is_international": 0,
                "is_from_city_international": false
            },
            {
                "trip_number": "TITUMIR EXPRESS (733)",
                "departure_date_time": "06 Mar, 10:13 am",
                "departure_full_date": "2025-03-06",
                "departure_date_time_jd": "Thu, 06 Mar 2025, 10:13 AM",
                "arrival_date_time": "06 Mar, 11:10 am",
                "travel_time": "00h 57m",
                "origin_city_name": "birampur",
                "destination_city_name": "parbatipur",
                "seat_types": [
                    {
                        "key": 7,
                        "type": "S_CHAIR",
                        "trip_id": 8404226,
                        "trip_route_id": 52390954,
                        "route_id": 20241,
                        "fare": "50.00",
                        "vat_percent": 0,
                        "vat_amount": 0,
                        "origin_city_seq": 12,
                        "destination_city_seq": 14,
                        "seat_counts": {
                            "online": 5,
                            "offline": 5,
                            "is_divided": true
                        }
                    }
                ],
                "train_model": "733",
                "is_open_for_all": true,
                "is_eid_trip": 0,
                "parent_route": {
                    "origin_city_name": "rajshahi",
                    "destination_city_name": "chilahati",
                    "departure_date": "2025-03-06",
                    "departure_time": "06:20:00",
                    "arrival_date": "2025-03-06",
                    "arrival_time": "13:00:00"
                },
                "boarding_points": [
                    {
                        "trip_point_id": 107641253,
                        "location_id": 2781,
                        "location_name": "Birampur Station",
                        "location_time": "10:13 AM",
                        "location_date": "06 Mar 2025"
                    }
                ],
                "is_international": 0,
                "is_from_city_international": false
            },
            {
                "trip_number": "NILSAGAR EXPRESS (765)",
                "departure_date_time": "06 Mar, 01:45 pm",
                "departure_full_date": "2025-03-06",
                "departure_date_time_jd": "Thu, 06 Mar 2025, 01:45 PM",
                "arrival_date_time": "06 Mar, 02:15 pm",
                "travel_time": "00h 30m",
                "origin_city_name": "birampur",
                "destination_city_name": "parbatipur",
                "seat_types": [
                    {
                        "key": 7,
                        "type": "S_CHAIR",
                        "trip_id": 8404180,
                        "trip_route_id": 52388154,
                        "route_id": 26539,
                        "fare": "55.00",
                        "vat_percent": 0,
                        "vat_amount": 0,
                        "origin_city_seq": 11,
                        "destination_city_seq": 13,
                        "seat_counts": {
                            "online": 3,
                            "offline": 2,
                            "is_divided": true
                        }
                    }
                ],
                "train_model": "765",
                "is_open_for_all": true,
                "is_eid_trip": 0,
                "parent_route": {
                    "origin_city_name": "dhaka",
                    "destination_city_name": "chilahati",
                    "departure_date": "2025-03-06",
                    "departure_time": "06:45:00",
                    "arrival_date": "2025-03-06",
                    "arrival_time": "16:00:00"
                },
                "boarding_points": [
                    {
                        "trip_point_id": 107639893,
                        "location_id": 2781,
                        "location_name": "Birampur Station",
                        "location_time": "01:45 PM",
                        "location_date": "06 Mar 2025"
                    }
                ],
                "is_international": 0,
                "is_from_city_international": false
            },
            {
                "trip_number": "EKOTA EXPRESS (705)",
                "departure_date_time": "06 Mar, 05:37 pm",
                "departure_full_date": "2025-03-06",
                "departure_date_time_jd": "Thu, 06 Mar 2025, 05:37 PM",
                "arrival_date_time": "06 Mar, 06:15 pm",
                "travel_time": "00h 38m",
                "origin_city_name": "birampur",
                "destination_city_name": "parbatipur",
                "seat_types": [
                    {
                        "key": 7,
                        "type": "S_CHAIR",
                        "trip_id": 8404171,
                        "trip_route_id": 52387588,
                        "route_id": 26410,
                        "fare": "50.00",
                        "vat_percent": 0,
                        "vat_amount": 0,
                        "origin_city_seq": 17,
                        "destination_city_seq": 19,
                        "seat_counts": {
                            "online": 8,
                            "offline": 7,
                            "is_divided": true
                        }
                    }
                ],
                "train_model": "705",
                "is_open_for_all": true,
                "is_eid_trip": 0,
                "parent_route": {
                    "origin_city_name": "dhaka",
                    "destination_city_name": "panchagarh",
                    "departure_date": "2025-03-06",
                    "departure_time": "10:15:00",
                    "arrival_date": "2025-03-06",
                    "arrival_time": "21:00:00"
                },
                "boarding_points": [
                    {
                        "trip_point_id": 107639568,
                        "location_id": 2781,
                        "location_name": "Birampur Station",
                        "location_time": "05:37 PM",
                        "location_date": "06 Mar 2025"
                    }
                ],
                "is_international": 0,
                "is_from_city_international": false
            },
            {
                "trip_number": "BARENDRA EXPRESS (731)",
                "departure_date_time": "06 Mar, 06:53 pm",
                "departure_full_date": "2025-03-06",
                "departure_date_time_jd": "Thu, 06 Mar 2025, 06:53 PM",
                "arrival_date_time": "06 Mar, 07:25 pm",
                "travel_time": "00h 32m",
                "origin_city_name": "birampur",
                "destination_city_name": "parbatipur",
                "seat_types": [
                    {
                        "key": 7,
                        "type": "S_CHAIR",
                        "trip_id": 8404168,
                        "trip_route_id": 52387333,
                        "route_id": 20241,
                        "fare": "50.00",
                        "vat_percent": 0,
                        "vat_amount": 0,
                        "origin_city_seq": 12,
                        "destination_city_seq": 14,
                        "seat_counts": {
                            "online": 6,
                            "offline": 6,
                            "is_divided": true
                        }
                    }
                ],
                "train_model": "731",
                "is_open_for_all": true,
                "is_eid_trip": 0,
                "parent_route": {
                    "origin_city_name": "rajshahi",
                    "destination_city_name": "chilahati",
                    "departure_date": "2025-03-06",
                    "departure_time": "15:00:00",
                    "arrival_date": "2025-03-06",
                    "arrival_time": "21:35:00"
                },
                "boarding_points": [
                    {
                        "trip_point_id": 107639465,
                        "location_id": 2781,
                        "location_name": "Birampur Station",
                        "location_time": "06:53 PM",
                        "location_date": "06 Mar 2025"
                    }
                ],
                "is_international": 0,
                "is_from_city_international": false
            }
        ],
        "recommendations": [],
        "selected_seat_class": "S_CHAIR"
    },
    "extra": {
        "hash": "FE8AB15B345270CFF53BFA245BE670BC"
    }
}