{
    "data": {
        "trains": [
            {
                "trip_number": "BARENDRA EXPRESS (732)",
                "departure_date_time": "06 Mar, 07:30 am",
                "departure_full_date": "2025-03-06",
                "departure_date_time_jd": "Thu, 06 Mar 2025, 07:30 AM",
                "arrival_date_time": "06 Mar, 11:10 am",
                "travel_time": "03h 40m",
                "origin_city_name": "birampur",
                "destination_city_name": "rajshahi",
                "seat_types": [
                    {
                        "key": 7,
                        "type": "S_CHAIR",
                        "trip_id": 8404169,
                        "trip_route_id": 52387407,
                        "route_id": 20330,
                        "fare": "205.00",
                        "vat_percent": 0,
                        "vat_amount": 0,
                        "origin_city_seq": 8,
                        "destination_city_seq": 19,
                        "seat_counts": {
                            "online": 7,
                            "offline": 7,
                            "is_divided": true
                        }
                    }
                ],
                "train_model": "732",
                "is_open_for_all": true,
                "is_eid_trip": 0,
                "parent_route": {
                    "origin_city_name": "chilahati",
                    "destination_city_name": "rajshahi",
                    "departure_date": "2025-03-06",
                    "departure_time": "05:00:00",
                    "arrival_date": "2025-03-06",
                    "arrival_time": "11:10:00"
                },
                "boarding_points": [
                    {
                        "trip_point_id": 107639493,
                        "location_id": 2781,
                        "location_name": "Birampur Station",
                        "location_time": "07:30 AM",
                        "location_date": "06 Mar 2025"
                    }
                ],
                "is_international": 0,
                "is_from_city_international": false
            },
            {
                "trip_number": "BANGLABANDHA EXPRESS (804)",
                "departure_date_time": "06 Mar, 12:55 pm",
                "departure_full_date": "2025-03-06",
                "departure_date_time_jd": "Thu, 06 Mar 2025, 12:55 PM",
                "arrival_date_time": "06 Mar, 05:35 pm",
                "travel_time": "04h 40m",
                "origin_city_name": "birampur",
                "destination_city_name": "rajshahi",
                "seat_types": [
                    {
                        "key": 2,
                        "type": "AC_S",
                        "trip_id": 8404186,
                        "trip_route_id": 52388613,
                        "route_id": 21004,
                        "fare": "370.00",
                        "vat_percent": 15,
                        "vat_amount": 56,
                        "origin_city_seq": 12,
                        "destination_city_seq": 21,
                        "seat_counts": {
                            "online": 0,
                            "offline": 0,
                            "is_divided": true
                        }
                    },
                    {
                        "key": 7,
                        "type": "S_CHAIR",
                        "trip_id": 8404187,
                        "trip_route_id": 52388703,
                        "route_id": 21004,
                        "fare": "205.00",
                        "vat_percent": 0,
                        "vat_amount": 0,
                        "origin_city_seq": 12,
                        "destination_city_seq": 21,
                        "seat_counts": {
                            "online": 5,
                            "offline": 4,
                            "is_divided": true
                        }
                    }
                ],
                "train_model": "804",
                "is_open_for_all": true,
                "is_eid_trip": 0,
                "parent_route": {
                    "origin_city_name": "panchagarh",
                    "destination_city_name": "rajshahi",
                    "departure_date": "2025-03-06",
                    "departure_time": "09:00:00",
                    "arrival_date": "2025-03-06",
                    "arrival_time": "17:35:00"
                },
                "boarding_points": [
                    {
                        "trip_point_id": 107640111,
                        "location_id": 2781,
                        "location_name": "Birampur Station",
                        "location_time": "12:55 PM",
                        "location_date": "06 Mar 2025"
                    }
                ],
                "is_international": 0,
                "is_from_city_international": false
            },
            {
                "trip_number": "TITUMIR EXPRESS (734)",
                "departure_date_time": "06 Mar, 05:25 pm",
                "departure_full_date": "2025-03-06",
                "departure_date_time_jd": "Thu, 06 Mar 2025, 05:25 PM",
                "arrival_date_time": "06 Mar, 09:30 pm",
                "travel_time": "04h 05m",
                "origin_city_name": "birampur",
                "destination_city_name": "rajshahi",
                "seat_types": [
                    {
                        "key": 7,
                        "type": "S_CHAIR",
                        "trip_id": 8404224,
                        "trip_route_id": 52390763,
                        "route_id": 20330,
                        "fare": "205.00",
                        "vat_percent": 0,
                        "vat_amount": 0,
                        "origin_city_seq": 8,
                        "destination_city_seq": 19,
                        "seat_counts": {
                            "online": 7,
                            "offline": 7,
                            "is_divided": true
                        }
                    }
                ],
                "train_model": "734",
                "is_open_for_all": true,
                "is_eid_trip": 0,
                "parent_route": {
                    "origin_city_name": "chilahati",
                    "destination_city_name": "rajshahi",
                    "departure_date": "2025-03-06",
                    "departure_time": "15:00:00",
                    "arrival_date": "2025-03-06",
                    "arrival_time": "21:30:00"
                },
                "boarding_points": [
                    {
                        "trip_point_id": 107641200,
                        "location_id": 2781,
                        "location_name": "Birampur Station",
                        "location_time": "05:25 PM",
                        "location_date": "06 Mar 2025"
                    }
                ],
                "is_international": 0,
                "is_from_city_international": false
            }
        ],
        "recommendations": [],
        "selected_seat_class": "S_CHAIR"
    },
    "extra": {
        "hash": "FE8AB15B345270CFF53BFA245BE670BC"
    }
}