{
    "data": {
        "trains": [
            {
                "trip_number": "KOROTOA EXPRESS (713)",
                "departure_date_time": "06 Mar, 10:03 am",
                "departure_full_date": "2025-03-06",
                "departure_date_time_jd": "Thu, 06 Mar 2025, 10:03 AM",
                "arrival_date_time": "06 Mar, 12:30 pm",
                "travel_time": "02h 27m",
                "origin_city_name": "bogura",
                "destination_city_name": "pirgacha",
                "seat_types": [
                    {
                        "key": 7,
                        "type": "S_CHAIR",
                        "trip_id": 8404223,
                        "trip_route_id": 52390666,
                        "route_id": 21132,
                        "fare": "120.00",
                        "vat_percent": 0,
                        "vat_amount": 0,
                        "origin_city_seq": 2,
                        "destination_city_seq": 8,
                        "seat_counts": {
                            "online": 8,
                            "offline": 7,
                            "is_divided": true
                        }
                    }
                ],
                "train_model": "713",
                "is_open_for_all": true,
                "is_eid_trip": 0,
                "parent_route": {
                    "origin_city_name": "santahar",
                    "destination_city_name": "burimari",
                    "departure_date": "2025-03-06",
                    "departure_time": "09:15:00",
                    "arrival_date": "2025-03-06",
                    "arrival_time": "15:45:00"
                },
                "boarding_points": [
                    {
                        "trip_point_id": 107641155,
                        "location_id": 2726,
                        "location_name": "Bogura Station",
                        "location_time": "10:03 AM",
                        "location_date": "06 Mar 2025"
                    }
                ],
                "is_international": 0,
                "is_from_city_international": false
            },
            {
                "trip_number": "DOLONCHAPA EXPRESS (767)",
                "departure_date_time": "06 Mar, 11:54 am",
                "departure_full_date": "2025-03-06",
                "departure_date_time_jd": "Thu, 06 Mar 2025, 11:54 AM",
                "arrival_date_time": "06 Mar, 02:30 pm",
                "travel_time": "02h 36m",
                "origin_city_name": "bogura",
                "destination_city_name": "pirgacha",
                "seat_types": [
                    {
                        "key": 7,
                        "type": "S_CHAIR",
                        "trip_id": 8404227,
                        "trip_route_id": 52391081,
                        "route_id": 24662,
                        "fare": "120.00",
                        "vat_percent": 0,
                        "vat_amount": 0,
                        "origin_city_seq": 3,
                        "destination_city_seq": 10,
                        "seat_counts": {
                            "online": 3,
                            "offline": 2,
                            "is_divided": true
                        }
                    },
                    {
                        "key": 8,
                        "type": "SHOVAN",
                        "trip_id": 8404238,
                        "trip_route_id": 52391624,
                        "route_id": 24662,
                        "fare": "100.00",
                        "vat_percent": 0,
                        "vat_amount": 0,
                        "origin_city_seq": 3,
                        "destination_city_seq": 10,
                        "seat_counts": {
                            "online": 2,
                            "offline": 2,
                            "is_divided": true
                        }
                    }
                ],
                "train_model": "767",
                "is_open_for_all": true,
                "is_eid_trip": 0,
                "parent_route": {
                    "origin_city_name": "santahar",
                    "destination_city_name": "panchagarh",
                    "departure_date": "2025-03-06",
                    "departure_time": "11:00:00",
                    "arrival_date": "2025-03-06",
                    "arrival_time": "20:20:00"
                },
                "boarding_points": [
                    {
                        "trip_point_id": 107641288,
                        "location_id": 2726,
                        "location_name": "Bogura Station",
                        "location_time": "11:54 AM",
                        "location_date": "06 Mar 2025"
                    }
                ],
                "is_international": 0,
                "is_from_city_international": false
            },
            {
                "trip_number": "RANGPUR EXPRESS (771)",
                "departure_date_time": "06 Mar, 03:59 pm",
                "departure_full_date": "2025-03-06",
                "departure_date_time_jd": "Thu, 06 Mar 2025, 03:59 PM",
                "arrival_date_time": "06 Mar, 06:11 pm",
                "travel_time": "02h 12m",
                "origin_city_name": "bogura",
                "destination_city_name": "pirgacha",
                "seat_types": [
                    {
                        "key": 3,
                        "type": "SNIGDHA",
                        "trip_id": 8404128,
                        "trip_route_id": 52385534,
                        "route_id": 26576,
                        "fare": "200.00",
                        "vat_percent": 15,
                        "vat_amount": 30,
                        "origin_city_seq": 8,
                        "destination_city_seq": 13,
                        "seat_counts": {
                            "online": 2,
                            "offline": 1,
                            "is_divided": true
                        }
                    },
                    {
                        "key": 7,
                        "type": "S_CHAIR",
                        "trip_id": 8404129,
                        "trip_route_id": 52385577,
                        "route_id": 26576,
                        "fare": "120.00",
                        "vat_percent": 0,
                        "vat_amount": 0,
                        "origin_city_seq": 8,
                        "destination_city_seq": 13,
                        "seat_counts": {
                            "online": 5,
                            "offline": 5,
                            "is_divided": true
                        }
                    }
                ],
                "train_model": "771",
                "is_open_for_all": true,
                "is_eid_trip": 0,
                "parent_route": {
                    "origin_city_name": "dhaka",
                    "destination_city_name": "rangpur",
                    "departure_date": "2025-03-06",
                    "departure_time": "09:10:00",
                    "arrival_date": "2025-03-06",
                    "arrival_time": "19:10:00"
                },
                "boarding_points": [
                    {
                        "trip_point_id": 107638438,
                        "location_id": 2726,
                        "location_name": "Bogura Station",
                        "location_time": "03:59 PM",
                        "location_date": "06 Mar 2025"
                    }
                ],
                "is_international": 0,
                "is_from_city_international": false
            }
        ],
        "recommendations": [],
        "selected_seat_class": "S_CHAIR"
    },
    "extra": {
        "hash": "FE8AB15B345270CFF53BFA245BE670BC"
    }
}