{
    "data": {
        "trains": [
            {
                "trip_number": "BURIMARI EXPRESS (810)",
                "departure_date_time": "06 Mar, 12:08 am",
                "departure_full_date": "2025-03-06",
                "departure_date_time_jd": "Thu, 06 Mar 2025, 12:08 AM",
                "arrival_date_time": "06 Mar, 07:00 am",
                "travel_time": "06h 52m",
                "origin_city_name": "bogura",
                "destination_city_name": "dhaka",
                "seat_types": [
                    {
                        "key": 7,
                        "type": "S_CHAIR",
                        "trip_id": 8404108,
                        "trip_route_id": 52385210,
                        "route_id": 26215,
                        "fare": "475.00",
                        "vat_percent": 0,
                        "vat_amount": 0,
                        "origin_city_seq": 10,
                        "destination_city_seq": 13,
                        "seat_counts": {
                            "online": 20,
                            "offline": 20,
                            "is_divided": true
                        }
                    },
                    {
                        "key": 3,
                        "type": "SNIGDHA",
                        "trip_id": 8404109,
                        "trip_route_id": 52385232,
                        "route_id": 26215,
                        "fare": "790.00",
                        "vat_percent": 15,
                        "vat_amount": 119,
                        "origin_city_seq": 10,
                        "destination_city_seq": 13,
                        "seat_counts": {
                            "online": 5,
                            "offline": 5,
                            "is_divided": true
                        }
                    }
                ],
                "train_model": "810",
                "is_open_for_all": true,
                "is_eid_trip": 0,
                "parent_route": {
                    "origin_city_name": "lalmonirhat",
                    "destination_city_name": "dhaka",
                    "departure_date": "2025-03-05",
                    "departure_time": "21:10:00",
                    "arrival_date": "2025-03-06",
                    "arrival_time": "07:00:00"
                },
                "boarding_points": [
                    {
                        "trip_point_id": 107638171,
                        "location_id": 2726,
                        "location_name": "Bogura Station",
                        "location_time": "12:08 AM",
                        "location_date": "06 Mar 2025"
                    }
                ],
                "is_international": 0,
                "is_from_city_international": false
            },
            {
                "trip_number": "LALMONI EXPRESS (752)",
                "departure_date_time": "06 Mar, 12:54 pm",
                "departure_full_date": "2025-03-06",
                "departure_date_time_jd": "Thu, 06 Mar 2025, 12:54 PM",
                "arrival_date_time": "06 Mar, 07:40 pm",
                "travel_time": "06h 46m",
                "origin_city_name": "bogura",
                "destination_city_name": "dhaka",
                "seat_types": [
                    {
                        "key": 3,
                        "type": "SNIGDHA",
                        "trip_id": 8404155,
                        "trip_route_id": 52386536,
                        "route_id": 19674,
                        "fare": "790.00",
                        "vat_percent": 15,
                        "vat_amount": 119,
                        "origin_city_seq": 9,
                        "destination_city_seq": 19,
                        "seat_counts": {
                            "online": 4,
                            "offline": 4,
                            "is_divided": true
                        }
                    },
                    {
                        "key": 7,
                        "type": "S_CHAIR",
                        "trip_id": 8404156,
                        "trip_route_id": 52386573,
                        "route_id": 19674,
                        "fare": "475.00",
                        "vat_percent": 0,
                        "vat_amount": 0,
                        "origin_city_seq": 9,
                        "destination_city_seq": 19,
                        "seat_counts": {
                            "online": 13,
                            "offline": 12,
                            "is_divided": true
                        }
                    }
                ],
                "train_model": "752",
                "is_open_for_all": true,
                "is_eid_trip": 0,
                "parent_route": {
                    "origin_city_name": "lalmonirhat",
                    "destination_city_name": "dhaka",
                    "departure_date": "2025-03-06",
                    "departure_time": "10:00:00",
                    "arrival_date": "2025-03-06",
                    "arrival_time": "19:40:00"
                },
                "boarding_points": [
                    {
                        "trip_point_id": 107639088,
                        "location_id": 2726,
                        "location_name": "Bogura Station",
                        "location_time": "12:54 PM",
                        "location_date": "06 Mar 2025"
                    }
                ],
                "is_international": 0,
                "is_from_city_international": false
            },
            {
                "trip_number": "RANGPUR EXPRESS (772)",
                "departure_date_time": "06 Mar, 11:22 pm",
                "departure_full_date": "2025-03-06",
                "departure_date_time_jd": "Thu, 06 Mar 2025, 11:22 PM",
                "arrival_date_time": "07 Mar, 06:05 am",
                "travel_time": "06h 43m",
                "origin_city_name": "bogura",
                "destination_city_name": "dhaka",
                "seat_types": [
                    {
                        "key": 3,
                        "type": "SNIGDHA",
                        "trip_id": 8404130,
                        "trip_route_id": 52385626,
                        "route_id": 19494,
                        "fare": "790.00",
                        "vat_percent": 15,
                        "vat_amount": 119,
                        "origin_city_seq": 9,
                        "destination_city_seq": 14,
                        "seat_counts": {
                            "online": 4,
                            "offline": 3,
                            "is_divided": true
                        }
                    },
                    {
                        "key": 7,
                        "type": "S_CHAIR",
                        "trip_id": 8404131,
                        "trip_route_id": 52385651,
                        "route_id": 19494,
                        "fare": "475.00",
                        "vat_percent": 0,
                        "vat_amount": 0,
                        "origin_city_seq": 9,
                        "destination_city_seq": 14,
                        "seat_counts": {
                            "online": 13,
                            "offline": 13,
                            "is_divided": true
                        }
                    },
                    {
                        "key": 1,
                        "type": "AC_B",
                        "trip_id": 8404232,
                        "trip_route_id": 52391407,
                        "route_id": 19494,
                        "fare": "1425.00",
                        "vat_percent": 15,
                        "vat_amount": 214,
                        "origin_city_seq": 9,
                        "destination_city_seq": 14,
                        "seat_counts": {
                            "online": 0,
                            "offline": 0,
                            "is_divided": true
                        }
                    }
                ],
                "train_model": "772",
                "is_open_for_all": true,
                "is_eid_trip": 0,
                "parent_route": {
                    "origin_city_name": "rangpur",
                    "destination_city_name": "dhaka",
                    "departure_date": "2025-03-06",
                    "departure_time": "20:10:00",
                    "arrival_date": "2025-03-07",
                    "arrival_time": "06:05:00"
                },
                "boarding_points": [
                    {
                        "trip_point_id": 107638498,
                        "location_id": 2726,
                        "location_name": "Bogura Station",
                        "location_time": "11:22 PM",
                        "location_date": "06 Mar 2025"
                    }
                ],
                "is_international": 0,
                "is_from_city_international": false
            }
        ],
        "recommendations": [],
        "selected_seat_class": "S_CHAIR"
    },
    "extra": {
        "hash": "FE8AB15B345270CFF53BFA245BE670BC"
    }
}