{
    "data": {
        "trains": [
            {
                "trip_number": "LALMONI EXPRESS (752)",
                "departure_date_time": "06 Mar, 12:02 pm",
                "departure_full_date": "2025-03-06",
                "departure_date_time_jd": "Thu, 06 Mar 2025, 12:02 PM",
                "arrival_date_time": "06 Mar, 12:19 pm",
                "travel_time": "00h 17m",
                "origin_city_name": "bonar_para",
                "destination_city_name": "sonatola",
                "seat_types": [
                    {
                        "key": 7,
                        "type": "S_CHAIR",
                        "trip_id": 8404156,
                        "trip_route_id": 52386614,
                        "route_id": 24066,
                        "fare": "50.00",
                        "vat_percent": 0,
                        "vat_amount": 0,
                        "origin_city_seq": 7,
                        "destination_city_seq": 8,
                        "seat_counts": {
                            "online": 5,
                            "offline": 5,
                            "is_divided": true
                        }
                    }
                ],
                "train_model": "752",
                "is_open_for_all": true,
                "is_eid_trip": 0,
                "parent_route": {
                    "origin_city_name": "lalmonirhat",
                    "destination_city_name": "dhaka",
                    "departure_date": "2025-03-06",
                    "departure_time": "10:00:00",
                    "arrival_date": "2025-03-06",
                    "arrival_time": "19:40:00"
                },
                "boarding_points": [
                    {
                        "trip_point_id": 107639136,
                        "location_id": 2711,
                        "location_name": "Bonar_Para Station",
                        "location_time": "12:02 PM",
                        "location_date": "06 Mar 2025"
                    }
                ],
                "is_international": 0,
                "is_from_city_international": false
            },
            {
                "trip_number": "KOROTOA EXPRESS (714)",
                "departure_date_time": "06 Mar, 08:50 pm",
                "departure_full_date": "2025-03-06",
                "departure_date_time_jd": "Thu, 06 Mar 2025, 08:50 PM",
                "arrival_date_time": "06 Mar, 09:11 pm",
                "travel_time": "00h 21m",
                "origin_city_name": "bonar_para",
                "destination_city_name": "sonatola",
                "seat_types": [
                    {
                        "key": 7,
                        "type": "S_CHAIR",
                        "trip_id": 8404225,
                        "trip_route_id": 52390917,
                        "route_id": 21275,
                        "fare": "50.00",
                        "vat_percent": 0,
                        "vat_amount": 0,
                        "origin_city_seq": 14,
                        "destination_city_seq": 16,
                        "seat_counts": {
                            "online": 10,
                            "offline": 10,
                            "is_divided": true
                        }
                    }
                ],
                "train_model": "714",
                "is_open_for_all": true,
                "is_eid_trip": 0,
                "parent_route": {
                    "origin_city_name": "burimari",
                    "destination_city_name": "santahar",
                    "departure_date": "2025-03-06",
                    "departure_time": "16:10:00",
                    "arrival_date": "2025-03-06",
                    "arrival_time": "22:40:00"
                },
                "boarding_points": [
                    {
                        "trip_point_id": 107641227,
                        "location_id": 2711,
                        "location_name": "Bonar_Para Station",
                        "location_time": "08:50 PM",
                        "location_date": "06 Mar 2025"
                    }
                ],
                "is_international": 0,
                "is_from_city_international": false
            }
        ],
        "recommendations": [],
        "selected_seat_class": "S_CHAIR"
    },
    "extra": {
        "hash": "FE8AB15B345270CFF53BFA245BE670BC"
    }
}