{
    "data": {
        "trains": [
            {
                "trip_number": "LALMONI EXPRESS (751)",
                "departure_date_time": "06 Mar, 05:25 am",
                "departure_full_date": "2025-03-06",
                "departure_date_time_jd": "Thu, 06 Mar 2025, 05:25 AM",
                "arrival_date_time": "06 Mar, 05:48 am",
                "travel_time": "00h 23m",
                "origin_city_name": "bonar_para",
                "destination_city_name": "gaibandha",
                "seat_types": [
                    {
                        "key": 7,
                        "type": "S_CHAIR",
                        "trip_id": 8403982,
                        "trip_route_id": 52378919,
                        "route_id": 24056,
                        "fare": "50.00",
                        "vat_percent": 0,
                        "vat_amount": 0,
                        "origin_city_seq": 14,
                        "destination_city_seq": 15,
                        "seat_counts": {
                            "online": 5,
                            "offline": 5,
                            "is_divided": true
                        }
                    }
                ],
                "train_model": "751",
                "is_open_for_all": true,
                "is_eid_trip": 0,
                "parent_route": {
                    "origin_city_name": "dhaka",
                    "destination_city_name": "lalmonirhat",
                    "departure_date": "2025-03-05",
                    "departure_time": "21:45:00",
                    "arrival_date": "2025-03-06",
                    "arrival_time": "07:30:00"
                },
                "boarding_points": [
                    {
                        "trip_point_id": 107635040,
                        "location_id": 2711,
                        "location_name": "Bonar_Para Station",
                        "location_time": "05:25 AM",
                        "location_date": "06 Mar 2025"
                    }
                ],
                "is_international": 0,
                "is_from_city_international": false
            },
            {
                "trip_number": "KOROTOA EXPRESS (713)",
                "departure_date_time": "06 Mar, 11:06 am",
                "departure_full_date": "2025-03-06",
                "departure_date_time_jd": "Thu, 06 Mar 2025, 11:06 AM",
                "arrival_date_time": "06 Mar, 11:29 am",
                "travel_time": "00h 23m",
                "origin_city_name": "bonar_para",
                "destination_city_name": "gaibandha",
                "seat_types": [
                    {
                        "key": 7,
                        "type": "S_CHAIR",
                        "trip_id": 8404223,
                        "trip_route_id": 52390716,
                        "route_id": 21147,
                        "fare": "50.00",
                        "vat_percent": 0,
                        "vat_amount": 0,
                        "origin_city_seq": 5,
                        "destination_city_seq": 6,
                        "seat_counts": {
                            "online": 20,
                            "offline": 20,
                            "is_divided": true
                        }
                    }
                ],
                "train_model": "713",
                "is_open_for_all": true,
                "is_eid_trip": 0,
                "parent_route": {
                    "origin_city_name": "santahar",
                    "destination_city_name": "burimari",
                    "departure_date": "2025-03-06",
                    "departure_time": "09:15:00",
                    "arrival_date": "2025-03-06",
                    "arrival_time": "15:45:00"
                },
                "boarding_points": [
                    {
                        "trip_point_id": 107641163,
                        "location_id": 2711,
                        "location_name": "Bonar_Para Station",
                        "location_time": "11:06 AM",
                        "location_date": "06 Mar 2025"
                    }
                ],
                "is_international": 0,
                "is_from_city_international": false
            },
            {
                "trip_number": "DOLONCHAPA EXPRESS (767)",
                "departure_date_time": "06 Mar, 01:09 pm",
                "departure_full_date": "2025-03-06",
                "departure_date_time_jd": "Thu, 06 Mar 2025, 01:09 PM",
                "arrival_date_time": "06 Mar, 01:35 pm",
                "travel_time": "00h 26m",
                "origin_city_name": "bonar_para",
                "destination_city_name": "gaibandha",
                "seat_types": [
                    {
                        "key": 7,
                        "type": "S_CHAIR",
                        "trip_id": 8404227,
                        "trip_route_id": 52391122,
                        "route_id": 25959,
                        "fare": "50.00",
                        "vat_percent": 0,
                        "vat_amount": 0,
                        "origin_city_seq": 6,
                        "destination_city_seq": 8,
                        "seat_counts": {
                            "online": 3,
                            "offline": 2,
                            "is_divided": true
                        }
                    },
                    {
                        "key": 8,
                        "type": "SHOVAN",
                        "trip_id": 8404238,
                        "trip_route_id": 52391681,
                        "route_id": 25959,
                        "fare": "45.00",
                        "vat_percent": 0,
                        "vat_amount": 0,
                        "origin_city_seq": 6,
                        "destination_city_seq": 8,
                        "seat_counts": {
                            "online": 3,
                            "offline": 2,
                            "is_divided": true
                        }
                    }
                ],
                "train_model": "767",
                "is_open_for_all": true,
                "is_eid_trip": 0,
                "parent_route": {
                    "origin_city_name": "santahar",
                    "destination_city_name": "panchagarh",
                    "departure_date": "2025-03-06",
                    "departure_time": "11:00:00",
                    "arrival_date": "2025-03-06",
                    "arrival_time": "20:20:00"
                },
                "boarding_points": [
                    {
                        "trip_point_id": 107641295,
                        "location_id": 2711,
                        "location_name": "Bonar_Para Station",
                        "location_time": "01:09 PM",
                        "location_date": "06 Mar 2025"
                    }
                ],
                "is_international": 0,
                "is_from_city_international": false
            },
            {
                "trip_number": "BURIMARI EXPRESS (809)",
                "departure_date_time": "06 Mar, 04:00 pm",
                "departure_full_date": "2025-03-06",
                "departure_date_time_jd": "Thu, 06 Mar 2025, 04:00 PM",
                "arrival_date_time": "06 Mar, 04:24 pm",
                "travel_time": "00h 24m",
                "origin_city_name": "bonar_para",
                "destination_city_name": "gaibandha",
                "seat_types": [
                    {
                        "key": 3,
                        "type": "SNIGDHA",
                        "trip_id": 8404285,
                        "trip_route_id": 52392740,
                        "route_id": 26185,
                        "fare": "100.00",
                        "vat_percent": 15,
                        "vat_amount": 15,
                        "origin_city_seq": 7,
                        "destination_city_seq": 8,
                        "seat_counts": {
                            "online": 3,
                            "offline": 2,
                            "is_divided": true
                        }
                    },
                    {
                        "key": 7,
                        "type": "S_CHAIR",
                        "trip_id": 8404286,
                        "trip_route_id": 52392799,
                        "route_id": 26185,
                        "fare": "50.00",
                        "vat_percent": 0,
                        "vat_amount": 0,
                        "origin_city_seq": 7,
                        "destination_city_seq": 8,
                        "seat_counts": {
                            "online": 18,
                            "offline": 17,
                            "is_divided": true
                        }
                    }
                ],
                "train_model": "809",
                "is_open_for_all": true,
                "is_eid_trip": 0,
                "parent_route": {
                    "origin_city_name": "dhaka",
                    "destination_city_name": "lalmonirhat",
                    "departure_date": "2025-03-06",
                    "departure_time": "08:30:00",
                    "arrival_date": "2025-03-06",
                    "arrival_time": "18:10:00"
                },
                "boarding_points": [
                    {
                        "trip_point_id": 107642212,
                        "location_id": 2711,
                        "location_name": "Bonar_Para Station",
                        "location_time": "04:00 PM",
                        "location_date": "06 Mar 2025"
                    }
                ],
                "is_international": 0,
                "is_from_city_international": false
            },
            {
                "trip_number": "RANGPUR EXPRESS (771)",
                "departure_date_time": "06 Mar, 04:50 pm",
                "departure_full_date": "2025-03-06",
                "departure_date_time_jd": "Thu, 06 Mar 2025, 04:50 PM",
                "arrival_date_time": "06 Mar, 05:20 pm",
                "travel_time": "00h 30m",
                "origin_city_name": "bonar_para",
                "destination_city_name": "gaibandha",
                "seat_types": [
                    {
                        "key": 7,
                        "type": "S_CHAIR",
                        "trip_id": 8404129,
                        "trip_route_id": 52385605,
                        "route_id": 26577,
                        "fare": "50.00",
                        "vat_percent": 0,
                        "vat_amount": 0,
                        "origin_city_seq": 10,
                        "destination_city_seq": 11,
                        "seat_counts": {
                            "online": 8,
                            "offline": 7,
                            "is_divided": true
                        }
                    }
                ],
                "train_model": "771",
                "is_open_for_all": true,
                "is_eid_trip": 0,
                "parent_route": {
                    "origin_city_name": "dhaka",
                    "destination_city_name": "rangpur",
                    "departure_date": "2025-03-06",
                    "departure_time": "09:10:00",
                    "arrival_date": "2025-03-06",
                    "arrival_time": "19:10:00"
                },
                "boarding_points": [
                    {
                        "trip_point_id": 107638476,
                        "location_id": 2711,
                        "location_name": "Bonar_Para Station",
                        "location_time": "04:50 PM",
                        "location_date": "06 Mar 2025"
                    }
                ],
                "is_international": 0,
                "is_from_city_international": false
            }
        ],
        "recommendations": [],
        "selected_seat_class": "S_CHAIR"
    },
    "extra": {
        "hash": "FE8AB15B345270CFF53BFA245BE670BC"
    }
}