{
    "data": {
        "trains": [
            {
                "trip_number": "SILKCITY EXPRESS (754)",
                "departure_date_time": "06 Mar, 09:17 am",
                "departure_full_date": "2025-03-06",
                "departure_date_time_jd": "Thu, 06 Mar 2025, 09:17 AM",
                "arrival_date_time": "06 Mar, 01:20 pm",
                "travel_time": "04h 03m",
                "origin_city_name": "boral_bridge",
                "destination_city_name": "dhaka",
                "seat_types": [
                    {
                        "key": 2,
                        "type": "AC_S",
                        "trip_id": 8404143,
                        "trip_route_id": 52386128,
                        "route_id": 19576,
                        "fare": "595.00",
                        "vat_percent": 15,
                        "vat_amount": 90,
                        "origin_city_seq": 7,
                        "destination_city_seq": 15,
                        "seat_counts": {
                            "online": 2,
                            "offline": 2,
                            "is_divided": true
                        }
                    },
                    {
                        "key": 3,
                        "type": "SNIGDHA",
                        "trip_id": 8404144,
                        "trip_route_id": 52386169,
                        "route_id": 19576,
                        "fare": "495.00",
                        "vat_percent": 15,
                        "vat_amount": 75,
                        "origin_city_seq": 7,
                        "destination_city_seq": 15,
                        "seat_counts": {
                            "online": 10,
                            "offline": 10,
                            "is_divided": true
                        }
                    },
                    {
                        "key": 7,
                        "type": "S_CHAIR",
                        "trip_id": 8404145,
                        "trip_route_id": 52386210,
                        "route_id": 19576,
                        "fare": "300.00",
                        "vat_percent": 0,
                        "vat_amount": 0,
                        "origin_city_seq": 7,
                        "destination_city_seq": 15,
                        "seat_counts": {
                            "online": 19,
                            "offline": 19,
                            "is_divided": true
                        }
                    }
                ],
                "train_model": "754",
                "is_open_for_all": true,
                "is_eid_trip": 0,
                "parent_route": {
                    "origin_city_name": "rajshahi",
                    "destination_city_name": "dhaka",
                    "departure_date": "2025-03-06",
                    "departure_time": "07:40:00",
                    "arrival_date": "2025-03-06",
                    "arrival_time": "13:20:00"
                },
                "boarding_points": [
                    {
                        "trip_point_id": 107638797,
                        "location_id": 2706,
                        "location_name": "Boral_Bridge Station",
                        "location_time": "09:17 AM",
                        "location_date": "06 Mar 2025"
                    }
                ],
                "is_international": 0,
                "is_from_city_international": false
            },
            {
                "trip_number": "CHITRA EXPRESS (763)",
                "departure_date_time": "06 Mar, 02:09 pm",
                "departure_full_date": "2025-03-06",
                "departure_date_time_jd": "Thu, 06 Mar 2025, 02:09 PM",
                "arrival_date_time": "06 Mar, 06:05 pm",
                "travel_time": "03h 56m",
                "origin_city_name": "boral_bridge",
                "destination_city_name": "dhaka",
                "seat_types": [
                    {
                        "key": 3,
                        "type": "SNIGDHA",
                        "trip_id": 8404183,
                        "trip_route_id": 52388402,
                        "route_id": 20722,
                        "fare": "495.00",
                        "vat_percent": 15,
                        "vat_amount": 75,
                        "origin_city_seq": 15,
                        "destination_city_seq": 23,
                        "seat_counts": {
                            "online": 1,
                            "offline": 1,
                            "is_divided": true
                        }
                    },
                    {
                        "key": 2,
                        "type": "AC_S",
                        "trip_id": 8404200,
                        "trip_route_id": 52389263,
                        "route_id": 20722,
                        "fare": "595.00",
                        "vat_percent": 15,
                        "vat_amount": 90,
                        "origin_city_seq": 15,
                        "destination_city_seq": 23,
                        "seat_counts": {
                            "online": 0,
                            "offline": 0,
                            "is_divided": true
                        }
                    },
                    {
                        "key": 7,
                        "type": "S_CHAIR",
                        "trip_id": 8404203,
                        "trip_route_id": 52389476,
                        "route_id": 20722,
                        "fare": "300.00",
                        "vat_percent": 0,
                        "vat_amount": 0,
                        "origin_city_seq": 15,
                        "destination_city_seq": 23,
                        "seat_counts": {
                            "online": 0,
                            "offline": 0,
                            "is_divided": true
                        }
                    }
                ],
                "train_model": "763",
                "is_open_for_all": true,
                "is_eid_trip": 0,
                "parent_route": {
                    "origin_city_name": "khulna",
                    "destination_city_name": "dhaka",
                    "departure_date": "2025-03-06",
                    "departure_time": "09:00:00",
                    "arrival_date": "2025-03-06",
                    "arrival_time": "18:05:00"
                },
                "boarding_points": [
                    {
                        "trip_point_id": 107639990,
                        "location_id": 2706,
                        "location_name": "Boral_Bridge Station",
                        "location_time": "02:09 PM",
                        "location_date": "06 Mar 2025"
                    }
                ],
                "is_international": 0,
                "is_from_city_international": false
            },
            {
                "trip_number": "LALMONI EXPRESS (752)",
                "departure_date_time": "06 Mar, 03:33 pm",
                "departure_full_date": "2025-03-06",
                "departure_date_time_jd": "Thu, 06 Mar 2025, 03:33 PM",
                "arrival_date_time": "06 Mar, 07:40 pm",
                "travel_time": "04h 07m",
                "origin_city_name": "boral_bridge",
                "destination_city_name": "dhaka",
                "seat_types": [
                    {
                        "key": 3,
                        "type": "SNIGDHA",
                        "trip_id": 8404155,
                        "trip_route_id": 52386566,
                        "route_id": 19678,
                        "fare": "495.00",
                        "vat_percent": 15,
                        "vat_amount": 75,
                        "origin_city_seq": 13,
                        "destination_city_seq": 19,
                        "seat_counts": {
                            "online": 0,
                            "offline": 0,
                            "is_divided": true
                        }
                    },
                    {
                        "key": 7,
                        "type": "S_CHAIR",
                        "trip_id": 8404156,
                        "trip_route_id": 52386611,
                        "route_id": 19678,
                        "fare": "300.00",
                        "vat_percent": 0,
                        "vat_amount": 0,
                        "origin_city_seq": 13,
                        "destination_city_seq": 19,
                        "seat_counts": {
                            "online": 3,
                            "offline": 2,
                            "is_divided": true
                        }
                    }
                ],
                "train_model": "752",
                "is_open_for_all": true,
                "is_eid_trip": 0,
                "parent_route": {
                    "origin_city_name": "lalmonirhat",
                    "destination_city_name": "dhaka",
                    "departure_date": "2025-03-06",
                    "departure_time": "10:00:00",
                    "arrival_date": "2025-03-06",
                    "arrival_time": "19:40:00"
                },
                "boarding_points": [
                    {
                        "trip_point_id": 107639099,
                        "location_id": 2706,
                        "location_name": "Boral_Bridge Station",
                        "location_time": "03:33 PM",
                        "location_date": "06 Mar 2025"
                    }
                ],
                "is_international": 0,
                "is_from_city_international": false
            },
            {
                "trip_number": "PADMA EXPRESS (760)",
                "departure_date_time": "06 Mar, 05:42 pm",
                "departure_full_date": "2025-03-06",
                "departure_date_time_jd": "Thu, 06 Mar 2025, 05:42 PM",
                "arrival_date_time": "06 Mar, 09:25 pm",
                "travel_time": "03h 43m",
                "origin_city_name": "boral_bridge",
                "destination_city_name": "dhaka",
                "seat_types": [
                    {
                        "key": 3,
                        "type": "SNIGDHA",
                        "trip_id": 8404138,
                        "trip_route_id": 52385903,
                        "route_id": 19576,
                        "fare": "495.00",
                        "vat_percent": 15,
                        "vat_amount": 75,
                        "origin_city_seq": 7,
                        "destination_city_seq": 15,
                        "seat_counts": {
                            "online": 2,
                            "offline": 1,
                            "is_divided": true
                        }
                    },
                    {
                        "key": 7,
                        "type": "S_CHAIR",
                        "trip_id": 8404139,
                        "trip_route_id": 52385942,
                        "route_id": 19576,
                        "fare": "300.00",
                        "vat_percent": 0,
                        "vat_amount": 0,
                        "origin_city_seq": 7,
                        "destination_city_seq": 15,
                        "seat_counts": {
                            "online": 10,
                            "offline": 9,
                            "is_divided": true
                        }
                    },
                    {
                        "key": 2,
                        "type": "AC_S",
                        "trip_id": 8404215,
                        "trip_route_id": 52390331,
                        "route_id": 19576,
                        "fare": "595.00",
                        "vat_percent": 15,
                        "vat_amount": 90,
                        "origin_city_seq": 7,
                        "destination_city_seq": 15,
                        "seat_counts": {
                            "online": 0,
                            "offline": 0,
                            "is_divided": true
                        }
                    }
                ],
                "train_model": "760",
                "is_open_for_all": true,
                "is_eid_trip": 0,
                "parent_route": {
                    "origin_city_name": "rajshahi",
                    "destination_city_name": "dhaka",
                    "departure_date": "2025-03-06",
                    "departure_time": "16:00:00",
                    "arrival_date": "2025-03-06",
                    "arrival_time": "21:25:00"
                },
                "boarding_points": [
                    {
                        "trip_point_id": 107638674,
                        "location_id": 2706,
                        "location_name": "Boral_Bridge Station",
                        "location_time": "05:42 PM",
                        "location_date": "06 Mar 2025"
                    }
                ],
                "is_international": 0,
                "is_from_city_international": false
            }
        ],
        "recommendations": [],
        "selected_seat_class": "S_CHAIR"
    },
    "extra": {
        "hash": "FE8AB15B345270CFF53BFA245BE670BC"
    }
}