{
    "data": {
        "trains": [
            {
                "trip_number": "PADMA EXPRESS (759)",
                "departure_date_time": "06 Mar, 02:17 am",
                "departure_full_date": "2025-03-06",
                "departure_date_time_jd": "Thu, 06 Mar 2025, 02:17 AM",
                "arrival_date_time": "06 Mar, 03:24 am",
                "travel_time": "01h 07m",
                "origin_city_name": "boral_bridge",
                "destination_city_name": "abdulpur",
                "seat_types": [
                    {
                        "key": 1,
                        "type": "AC_B",
                        "trip_id": 8403964,
                        "trip_route_id": 52378204,
                        "route_id": 23358,
                        "fare": "320.00",
                        "vat_percent": 15,
                        "vat_amount": 48,
                        "origin_city_seq": 10,
                        "destination_city_seq": 13,
                        "seat_counts": {
                            "online": 0,
                            "offline": 0,
                            "is_divided": true
                        }
                    },
                    {
                        "key": 3,
                        "type": "SNIGDHA",
                        "trip_id": 8403965,
                        "trip_route_id": 52378251,
                        "route_id": 23358,
                        "fare": "180.00",
                        "vat_percent": 15,
                        "vat_amount": 27,
                        "origin_city_seq": 10,
                        "destination_city_seq": 13,
                        "seat_counts": {
                            "online": 0,
                            "offline": 0,
                            "is_divided": true
                        }
                    },
                    {
                        "key": 7,
                        "type": "S_CHAIR",
                        "trip_id": 8403966,
                        "trip_route_id": 52378298,
                        "route_id": 23358,
                        "fare": "110.00",
                        "vat_percent": 0,
                        "vat_amount": 0,
                        "origin_city_seq": 10,
                        "destination_city_seq": 13,
                        "seat_counts": {
                            "online": 0,
                            "offline": 0,
                            "is_divided": true
                        }
                    }
                ],
                "train_model": "759",
                "is_open_for_all": true,
                "is_eid_trip": 0,
                "parent_route": {
                    "origin_city_name": "dhaka",
                    "destination_city_name": "rajshahi",
                    "departure_date": "2025-03-05",
                    "departure_time": "22:45:00",
                    "arrival_date": "2025-03-06",
                    "arrival_time": "04:25:00"
                },
                "boarding_points": [
                    {
                        "trip_point_id": 107634616,
                        "location_id": 2706,
                        "location_name": "Boral_Bridge Station",
                        "location_time": "02:17 AM",
                        "location_date": "06 Mar 2025"
                    }
                ],
                "is_international": 0,
                "is_from_city_international": false
            },
            {
                "trip_number": "SILKCITY EXPRESS (753)",
                "departure_date_time": "06 Mar, 06:27 pm",
                "departure_full_date": "2025-03-06",
                "departure_date_time_jd": "Thu, 06 Mar 2025, 06:27 PM",
                "arrival_date_time": "06 Mar, 07:38 pm",
                "travel_time": "01h 11m",
                "origin_city_name": "boral_bridge",
                "destination_city_name": "abdulpur",
                "seat_types": [
                    {
                        "key": 7,
                        "type": "S_CHAIR",
                        "trip_id": 8404142,
                        "trip_route_id": 52386093,
                        "route_id": 23358,
                        "fare": "110.00",
                        "vat_percent": 0,
                        "vat_amount": 0,
                        "origin_city_seq": 10,
                        "destination_city_seq": 13,
                        "seat_counts": {
                            "online": 5,
                            "offline": 5,
                            "is_divided": true
                        }
                    }
                ],
                "train_model": "753",
                "is_open_for_all": true,
                "is_eid_trip": 0,
                "parent_route": {
                    "origin_city_name": "dhaka",
                    "destination_city_name": "rajshahi",
                    "departure_date": "2025-03-06",
                    "departure_time": "14:40:00",
                    "arrival_date": "2025-03-06",
                    "arrival_time": "20:30:00"
                },
                "boarding_points": [
                    {
                        "trip_point_id": 107638772,
                        "location_id": 2706,
                        "location_name": "Boral_Bridge Station",
                        "location_time": "06:27 PM",
                        "location_date": "06 Mar 2025"
                    }
                ],
                "is_international": 0,
                "is_from_city_international": false
            }
        ],
        "recommendations": [],
        "selected_seat_class": "S_CHAIR"
    },
    "extra": {
        "hash": "FE8AB15B345270CFF53BFA245BE670BC"
    }
}