{
    "data": {
        "trains": [
            {
                "trip_number": "PARABAT EXPRESS (709)",
                "departure_date_time": "06 Mar, 08:29 am",
                "departure_full_date": "2025-03-06",
                "departure_date_time_jd": "Thu, 06 Mar 2025, 08:29 AM",
                "arrival_date_time": "06 Mar, 11:25 am",
                "travel_time": "02h 56m",
                "origin_city_name": "brahmanbaria",
                "destination_city_name": "kulaura",
                "seat_types": [
                    {
                        "key": 2,
                        "type": "AC_S",
                        "trip_id": 8402984,
                        "trip_route_id": 52355782,
                        "route_id": 22142,
                        "fare": "340.00",
                        "vat_percent": 15,
                        "vat_amount": 51,
                        "origin_city_seq": 4,
                        "destination_city_seq": 10,
                        "seat_counts": {
                            "online": 0,
                            "offline": 0,
                            "is_divided": true
                        }
                    },
                    {
                        "key": 5,
                        "type": "F_SEAT",
                        "trip_id": 8402989,
                        "trip_route_id": 52355957,
                        "route_id": 22142,
                        "fare": "230.00",
                        "vat_percent": 15,
                        "vat_amount": 35,
                        "origin_city_seq": 4,
                        "destination_city_seq": 10,
                        "seat_counts": {
                            "online": 0,
                            "offline": 0,
                            "is_divided": true
                        }
                    },
                    {
                        "key": 7,
                        "type": "S_CHAIR",
                        "trip_id": 8402994,
                        "trip_route_id": 52356136,
                        "route_id": 22142,
                        "fare": "170.00",
                        "vat_percent": 0,
                        "vat_amount": 0,
                        "origin_city_seq": 4,
                        "destination_city_seq": 10,
                        "seat_counts": {
                            "online": 2,
                            "offline": 1,
                            "is_divided": true
                        }
                    },
                    {
                        "key": 3,
                        "type": "SNIGDHA",
                        "trip_id": 8402999,
                        "trip_route_id": 52356325,
                        "route_id": 22142,
                        "fare": "285.00",
                        "vat_percent": 15,
                        "vat_amount": 43,
                        "origin_city_seq": 4,
                        "destination_city_seq": 10,
                        "seat_counts": {
                            "online": 0,
                            "offline": 0,
                            "is_divided": true
                        }
                    }
                ],
                "train_model": "709",
                "is_open_for_all": true,
                "is_eid_trip": 0,
                "parent_route": {
                    "origin_city_name": "dhaka",
                    "destination_city_name": "sylhet",
                    "departure_date": "2025-03-06",
                    "departure_time": "06:30:00",
                    "arrival_date": "2025-03-06",
                    "arrival_time": "13:00:00"
                },
                "boarding_points": [
                    {
                        "trip_point_id": 107618734,
                        "location_id": 2826,
                        "location_name": "Brahmanbaria Station",
                        "location_time": "08:29 AM",
                        "location_date": "06 Mar 2025"
                    }
                ],
                "is_international": 0,
                "is_from_city_international": false
            }
        ],
        "recommendations": [],
        "selected_seat_class": "S_CHAIR"
    },
    "extra": {
        "hash": "FE8AB15B345270CFF53BFA245BE670BC"
    }
}