{
    "data": {
        "trains": [
            {
                "trip_number": "TURNA (742)",
                "departure_date_time": "06 Mar, 01:16 am",
                "departure_full_date": "2025-03-06",
                "departure_date_time_jd": "Thu, 06 Mar 2025, 01:16 AM",
                "arrival_date_time": "06 Mar, 05:15 am",
                "travel_time": "03h 59m",
                "origin_city_name": "brahmanbaria",
                "destination_city_name": "chattogram",
                "seat_types": [
                    {
                        "key": 7,
                        "type": "S_CHAIR",
                        "trip_id": 8403376,
                        "trip_route_id": 52367906,
                        "route_id": 22837,
                        "fare": "260.00",
                        "vat_percent": 0,
                        "vat_amount": 0,
                        "origin_city_seq": 4,
                        "destination_city_seq": 9,
                        "seat_counts": {
                            "online": 25,
                            "offline": 25,
                            "is_divided": true
                        }
                    },
                    {
                        "key": 4,
                        "type": "F_BERTH",
                        "trip_id": 8403382,
                        "trip_route_id": 52367995,
                        "route_id": 22837,
                        "fare": "515.00",
                        "vat_percent": 15,
                        "vat_amount": 78,
                        "origin_city_seq": 4,
                        "destination_city_seq": 9,
                        "seat_counts": {
                            "online": 0,
                            "offline": 0,
                            "is_divided": true
                        }
                    },
                    {
                        "key": 1,
                        "type": "AC_B",
                        "trip_id": 8403388,
                        "trip_route_id": 52368079,
                        "route_id": 22837,
                        "fare": "775.00",
                        "vat_percent": 15,
                        "vat_amount": 117,
                        "origin_city_seq": 4,
                        "destination_city_seq": 9,
                        "seat_counts": {
                            "online": 0,
                            "offline": 0,
                            "is_divided": true
                        }
                    },
                    {
                        "key": 3,
                        "type": "SNIGDHA",
                        "trip_id": 8403394,
                        "trip_route_id": 52368164,
                        "route_id": 22837,
                        "fare": "430.00",
                        "vat_percent": 15,
                        "vat_amount": 65,
                        "origin_city_seq": 4,
                        "destination_city_seq": 9,
                        "seat_counts": {
                            "online": 2,
                            "offline": 2,
                            "is_divided": true
                        }
                    }
                ],
                "train_model": "742",
                "is_open_for_all": true,
                "is_eid_trip": 0,
                "parent_route": {
                    "origin_city_name": "dhaka",
                    "destination_city_name": "chattogram",
                    "departure_date": "2025-03-05",
                    "departure_time": "23:15:00",
                    "arrival_date": "2025-03-06",
                    "arrival_time": "05:15:00"
                },
                "boarding_points": [
                    {
                        "trip_point_id": 107626726,
                        "location_id": 2826,
                        "location_name": "Brahmanbaria Station",
                        "location_time": "01:16 AM",
                        "location_date": "06 Mar 2025"
                    }
                ],
                "is_international": 0,
                "is_from_city_international": false
            },
            {
                "trip_number": "MAHANAGAR PROVATI (704)",
                "departure_date_time": "06 Mar, 09:43 am",
                "departure_full_date": "2025-03-06",
                "departure_date_time_jd": "Thu, 06 Mar 2025, 09:43 AM",
                "arrival_date_time": "06 Mar, 01:35 pm",
                "travel_time": "03h 52m",
                "origin_city_name": "brahmanbaria",
                "destination_city_name": "chattogram",
                "seat_types": [
                    {
                        "key": 7,
                        "type": "S_CHAIR",
                        "trip_id": 8402912,
                        "trip_route_id": 52353847,
                        "route_id": 22056,
                        "fare": "260.00",
                        "vat_percent": 0,
                        "vat_amount": 0,
                        "origin_city_seq": 4,
                        "destination_city_seq": 10,
                        "seat_counts": {
                            "online": 12,
                            "offline": 11,
                            "is_divided": true
                        }
                    },
                    {
                        "key": 5,
                        "type": "F_SEAT",
                        "trip_id": 8402918,
                        "trip_route_id": 52353997,
                        "route_id": 22056,
                        "fare": "345.00",
                        "vat_percent": 15,
                        "vat_amount": 52,
                        "origin_city_seq": 4,
                        "destination_city_seq": 10,
                        "seat_counts": {
                            "online": 0,
                            "offline": 0,
                            "is_divided": true
                        }
                    },
                    {
                        "key": 2,
                        "type": "AC_S",
                        "trip_id": 8402924,
                        "trip_route_id": 52354147,
                        "route_id": 22056,
                        "fare": "515.00",
                        "vat_percent": 15,
                        "vat_amount": 78,
                        "origin_city_seq": 4,
                        "destination_city_seq": 10,
                        "seat_counts": {
                            "online": 3,
                            "offline": 3,
                            "is_divided": true
                        }
                    },
                    {
                        "key": 3,
                        "type": "SNIGDHA",
                        "trip_id": 8402930,
                        "trip_route_id": 52354297,
                        "route_id": 22056,
                        "fare": "430.00",
                        "vat_percent": 15,
                        "vat_amount": 65,
                        "origin_city_seq": 4,
                        "destination_city_seq": 10,
                        "seat_counts": {
                            "online": 4,
                            "offline": 3,
                            "is_divided": true
                        }
                    }
                ],
                "train_model": "704",
                "is_open_for_all": true,
                "is_eid_trip": 0,
                "parent_route": {
                    "origin_city_name": "dhaka",
                    "destination_city_name": "chattogram",
                    "departure_date": "2025-03-06",
                    "departure_time": "07:45:00",
                    "arrival_date": "2025-03-06",
                    "arrival_time": "13:35:00"
                },
                "boarding_points": [
                    {
                        "trip_point_id": 107617508,
                        "location_id": 2826,
                        "location_name": "Brahmanbaria Station",
                        "location_time": "09:43 AM",
                        "location_date": "06 Mar 2025"
                    }
                ],
                "is_international": 0,
                "is_from_city_international": false
            },
            {
                "trip_number": "CHATTALA EXPRESS (802)",
                "departure_date_time": "06 Mar, 03:59 pm",
                "departure_full_date": "2025-03-06",
                "departure_date_time_jd": "Thu, 06 Mar 2025, 03:59 PM",
                "arrival_date_time": "06 Mar, 08:10 pm",
                "travel_time": "04h 11m",
                "origin_city_name": "brahmanbaria",
                "destination_city_name": "chattogram",
                "seat_types": [
                    {
                        "key": 3,
                        "type": "SNIGDHA",
                        "trip_id": 8403780,
                        "trip_route_id": 52376526,
                        "route_id": 22971,
                        "fare": "430.00",
                        "vat_percent": 15,
                        "vat_amount": 65,
                        "origin_city_seq": 6,
                        "destination_city_seq": 16,
                        "seat_counts": {
                            "online": 14,
                            "offline": 14,
                            "is_divided": true
                        }
                    },
                    {
                        "key": 2,
                        "type": "AC_S",
                        "trip_id": 8403785,
                        "trip_route_id": 52376619,
                        "route_id": 22971,
                        "fare": "515.00",
                        "vat_percent": 15,
                        "vat_amount": 78,
                        "origin_city_seq": 6,
                        "destination_city_seq": 16,
                        "seat_counts": {
                            "online": 0,
                            "offline": 0,
                            "is_divided": true
                        }
                    },
                    {
                        "key": 7,
                        "type": "S_CHAIR",
                        "trip_id": 8403790,
                        "trip_route_id": 52376711,
                        "route_id": 22971,
                        "fare": "260.00",
                        "vat_percent": 0,
                        "vat_amount": 0,
                        "origin_city_seq": 6,
                        "destination_city_seq": 16,
                        "seat_counts": {
                            "online": 9,
                            "offline": 8,
                            "is_divided": true
                        }
                    }
                ],
                "train_model": "802",
                "is_open_for_all": true,
                "is_eid_trip": 0,
                "parent_route": {
                    "origin_city_name": "dhaka",
                    "destination_city_name": "chattogram",
                    "departure_date": "2025-03-06",
                    "departure_time": "13:45:00",
                    "arrival_date": "2025-03-06",
                    "arrival_time": "20:10:00"
                },
                "boarding_points": [
                    {
                        "trip_point_id": 107632965,
                        "location_id": 2826,
                        "location_name": "Brahmanbaria Station",
                        "location_time": "03:59 PM",
                        "location_date": "06 Mar 2025"
                    }
                ],
                "is_international": 0,
                "is_from_city_international": false
            },
            {
                "trip_number": "MOHANAGAR EXPRESS (722)",
                "departure_date_time": "06 Mar, 11:32 pm",
                "departure_full_date": "2025-03-06",
                "departure_date_time_jd": "Thu, 06 Mar 2025, 11:32 PM",
                "arrival_date_time": "07 Mar, 03:30 am",
                "travel_time": "03h 58m",
                "origin_city_name": "brahmanbaria",
                "destination_city_name": "chattogram",
                "seat_types": [
                    {
                        "key": 7,
                        "type": "S_CHAIR",
                        "trip_id": 8403135,
                        "trip_route_id": 52361961,
                        "route_id": 22532,
                        "fare": "260.00",
                        "vat_percent": 0,
                        "vat_amount": 0,
                        "origin_city_seq": 6,
                        "destination_city_seq": 14,
                        "seat_counts": {
                            "online": 32,
                            "offline": 32,
                            "is_divided": true
                        }
                    },
                    {
                        "key": 1,
                        "type": "AC_B",
                        "trip_id": 8403140,
                        "trip_route_id": 52362097,
                        "route_id": 22532,
                        "fare": "775.00",
                        "vat_percent": 15,
                        "vat_amount": 117,
                        "origin_city_seq": 6,
                        "destination_city_seq": 14,
                        "seat_counts": {
                            "online": 0,
                            "offline": 0,
                            "is_divided": true
                        }
                    },
                    {
                        "key": 3,
                        "type": "SNIGDHA",
                        "trip_id": 8403145,
                        "trip_route_id": 52362224,
                        "route_id": 22532,
                        "fare": "430.00",
                        "vat_percent": 15,
                        "vat_amount": 65,
                        "origin_city_seq": 6,
                        "destination_city_seq": 14,
                        "seat_counts": {
                            "online": 2,
                            "offline": 2,
                            "is_divided": true
                        }
                    }
                ],
                "train_model": "722",
                "is_open_for_all": true,
                "is_eid_trip": 0,
                "parent_route": {
                    "origin_city_name": "dhaka",
                    "destination_city_name": "chattogram",
                    "departure_date": "2025-03-06",
                    "departure_time": "21:20:00",
                    "arrival_date": "2025-03-07",
                    "arrival_time": "03:30:00"
                },
                "boarding_points": [
                    {
                        "trip_point_id": 107622506,
                        "location_id": 2826,
                        "location_name": "Brahmanbaria Station",
                        "location_time": "11:32 PM",
                        "location_date": "06 Mar 2025"
                    }
                ],
                "is_international": 0,
                "is_from_city_international": false
            }
        ],
        "recommendations": [],
        "selected_seat_class": "S_CHAIR"
    },
    "extra": {
        "hash": "FE8AB15B345270CFF53BFA245BE670BC"
    }
}