{
    "data": {
        "trains": [
            {
                "trip_number": "KOROTOA EXPRESS (714)",
                "departure_date_time": "06 Mar, 04:10 pm",
                "departure_full_date": "2025-03-06",
                "departure_date_time_jd": "Thu, 06 Mar 2025, 04:10 PM",
                "arrival_date_time": "06 Mar, 09:11 pm",
                "travel_time": "05h 01m",
                "origin_city_name": "burimari",
                "destination_city_name": "sonatola",
                "seat_types": [
                    {
                        "key": 7,
                        "type": "S_CHAIR",
                        "trip_id": 8404225,
                        "trip_route_id": 52390886,
                        "route_id": 21211,
                        "fare": "225.00",
                        "vat_percent": 0,
                        "vat_amount": 0,
                        "origin_city_seq": 1,
                        "destination_city_seq": 16,
                        "seat_counts": {
                            "online": 5,
                            "offline": 5,
                            "is_divided": true
                        }
                    }
                ],
                "train_model": "714",
                "is_open_for_all": true,
                "is_eid_trip": 0,
                "parent_route": {
                    "origin_city_name": "burimari",
                    "destination_city_name": "santahar",
                    "departure_date": "2025-03-06",
                    "departure_time": "16:10:00",
                    "arrival_date": "2025-03-06",
                    "arrival_time": "22:40:00"
                },
                "boarding_points": [
                    {
                        "trip_point_id": 107641223,
                        "location_id": 2786,
                        "location_name": "Burimari Station",
                        "location_time": "04:10 PM",
                        "location_date": "06 Mar 2025"
                    }
                ],
                "is_international": 0,
                "is_from_city_international": false
            }
        ],
        "recommendations": [],
        "selected_seat_class": "S_CHAIR"
    },
    "extra": {
        "hash": "44984BFD06804094A56F94AE02FDF373"
    }
}