{
    "data": {
        "trains": [
            {
                "trip_number": "BURIMARI EXPRESS (810)",
                "departure_date_time": "06 Mar, 06:00 pm",
                "departure_full_date": "2025-03-06",
                "departure_date_time_jd": "Thu, 06 Mar 2025, 06:00 PM",
                "arrival_date_time": "07 Mar, 07:00 am",
                "travel_time": "13h 00m",
                "origin_city_name": "burimari",
                "destination_city_name": "dhaka",
                "seat_types": [
                    {
                        "key": 7,
                        "type": "S_CHAIR",
                        "trip_id": 8404287,
                        "trip_route_id": 52392821,
                        "route_id": 26234,
                        "fare": "730.00",
                        "vat_percent": 0,
                        "vat_amount": 0,
                        "origin_city_seq": 2,
                        "destination_city_seq": 13,
                        "seat_counts": {
                            "online": 20,
                            "offline": 20,
                            "is_divided": true
                        }
                    }
                ],
                "train_model": "810",
                "is_open_for_all": true,
                "is_eid_trip": 0,
                "parent_route": {
                    "origin_city_name": "lalmonirhat",
                    "destination_city_name": "dhaka",
                    "departure_date": "2025-03-06",
                    "departure_time": "21:10:00",
                    "arrival_date": "2025-03-07",
                    "arrival_time": "07:00:00"
                },
                "boarding_points": [
                    {
                        "trip_point_id": 107642263,
                        "location_id": 2786,
                        "location_name": "Burimari Station",
                        "location_time": "06:00 PM",
                        "location_date": "06 Mar 2025"
                    }
                ],
                "is_international": 0,
                "is_from_city_international": false
            }
        ],
        "recommendations": [],
        "selected_seat_class": "S_CHAIR"
    },
    "extra": {
        "hash": "FE8AB15B345270CFF53BFA245BE670BC"
    }
}