{
    "data": {
        "trains": [
            {
                "trip_number": "PROBAL EXPRESS (822)",
                "departure_date_time": "06 Mar, 11:52 am",
                "departure_full_date": "2025-03-06",
                "departure_date_time_jd": "Thu, 06 Mar 2025, 11:52 AM",
                "arrival_date_time": "06 Mar, 02:25 pm",
                "travel_time": "02h 33m",
                "origin_city_name": "chakaria",
                "destination_city_name": "chattogram",
                "seat_types": [
                    {
                        "key": 8,
                        "type": "SHOVAN",
                        "trip_id": 8403885,
                        "trip_route_id": 52377336,
                        "route_id": 27038,
                        "fare": "120.00",
                        "vat_percent": 0,
                        "vat_amount": 0,
                        "origin_city_seq": 5,
                        "destination_city_seq": 13,
                        "seat_counts": {
                            "online": 13,
                            "offline": 12,
                            "is_divided": true
                        }
                    },
                    {
                        "key": 7,
                        "type": "S_CHAIR",
                        "trip_id": 8403891,
                        "trip_route_id": 52377442,
                        "route_id": 27038,
                        "fare": "145.00",
                        "vat_percent": 0,
                        "vat_amount": 0,
                        "origin_city_seq": 5,
                        "destination_city_seq": 13,
                        "seat_counts": {
                            "online": 4,
                            "offline": 3,
                            "is_divided": true
                        }
                    }
                ],
                "train_model": "822",
                "is_open_for_all": true,
                "is_eid_trip": 0,
                "parent_route": {
                    "origin_city_name": "cox's bazar",
                    "destination_city_name": "chattogram",
                    "departure_date": "2025-03-06",
                    "departure_time": "10:35:00",
                    "arrival_date": "2025-03-06",
                    "arrival_time": "14:25:00"
                },
                "boarding_points": [
                    {
                        "trip_point_id": 107633794,
                        "location_id": 2926,
                        "location_name": "Chakaria Station",
                        "location_time": "11:52 AM",
                        "location_date": "06 Mar 2025"
                    }
                ],
                "is_international": 0,
                "is_from_city_international": false
            },
            {
                "trip_number": "SHAIKAT EXPRESS (824)",
                "departure_date_time": "06 Mar, 09:26 pm",
                "departure_full_date": "2025-03-06",
                "departure_date_time_jd": "Thu, 06 Mar 2025, 09:26 PM",
                "arrival_date_time": "06 Mar, 11:50 pm",
                "travel_time": "02h 24m",
                "origin_city_name": "chakaria",
                "destination_city_name": "chattogram",
                "seat_types": [
                    {
                        "key": 8,
                        "type": "SHOVAN",
                        "trip_id": 8403933,
                        "trip_route_id": 52377727,
                        "route_id": 26355,
                        "fare": "120.00",
                        "vat_percent": 0,
                        "vat_amount": 0,
                        "origin_city_seq": 4,
                        "destination_city_seq": 10,
                        "seat_counts": {
                            "online": 18,
                            "offline": 17,
                            "is_divided": true
                        }
                    },
                    {
                        "key": 7,
                        "type": "S_CHAIR",
                        "trip_id": 8403939,
                        "trip_route_id": 52377799,
                        "route_id": 26355,
                        "fare": "145.00",
                        "vat_percent": 0,
                        "vat_amount": 0,
                        "origin_city_seq": 4,
                        "destination_city_seq": 10,
                        "seat_counts": {
                            "online": 10,
                            "offline": 10,
                            "is_divided": true
                        }
                    }
                ],
                "train_model": "824",
                "is_open_for_all": true,
                "is_eid_trip": 0,
                "parent_route": {
                    "origin_city_name": "cox's bazar",
                    "destination_city_name": "chattogram",
                    "departure_date": "2025-03-06",
                    "departure_time": "20:15:00",
                    "arrival_date": "2025-03-06",
                    "arrival_time": "23:50:00"
                },
                "boarding_points": [
                    {
                        "trip_point_id": 107634239,
                        "location_id": 2926,
                        "location_name": "Chakaria Station",
                        "location_time": "09:26 PM",
                        "location_date": "06 Mar 2025"
                    }
                ],
                "is_international": 0,
                "is_from_city_international": false
            }
        ],
        "recommendations": [],
        "selected_seat_class": "S_CHAIR"
    },
    "extra": {
        "hash": "FE8AB15B345270CFF53BFA245BE670BC"
    }
}