{
    "data": {
        "trains": [
            {
                "trip_number": "MEGHNA EXPRESS (730)",
                "departure_date_time": "06 Mar, 05:00 am",
                "departure_full_date": "2025-03-06",
                "departure_date_time_jd": "Thu, 06 Mar 2025, 05:00 AM",
                "arrival_date_time": "06 Mar, 05:49 am",
                "travel_time": "00h 49m",
                "origin_city_name": "chandpur",
                "destination_city_name": "chitoshi_road",
                "seat_types": [
                    {
                        "key": 6,
                        "type": "F_CHAIR",
                        "trip_id": 8403204,
                        "trip_route_id": 52364065,
                        "route_id": 22646,
                        "fare": "90.00",
                        "vat_percent": 15,
                        "vat_amount": 14,
                        "origin_city_seq": 1,
                        "destination_city_seq": 9,
                        "seat_counts": {
                            "online": 0,
                            "offline": 0,
                            "is_divided": true
                        }
                    },
                    {
                        "key": 8,
                        "type": "SHOVAN",
                        "trip_id": 8403210,
                        "trip_route_id": 52364287,
                        "route_id": 22646,
                        "fare": "55.00",
                        "vat_percent": 0,
                        "vat_amount": 0,
                        "origin_city_seq": 1,
                        "destination_city_seq": 9,
                        "seat_counts": {
                            "online": 10,
                            "offline": 10,
                            "is_divided": true
                        }
                    },
                    {
                        "key": 7,
                        "type": "S_CHAIR",
                        "trip_id": 8403216,
                        "trip_route_id": 52364509,
                        "route_id": 22646,
                        "fare": "50.00",
                        "vat_percent": 0,
                        "vat_amount": 0,
                        "origin_city_seq": 1,
                        "destination_city_seq": 9,
                        "seat_counts": {
                            "online": 0,
                            "offline": 0,
                            "is_divided": true
                        }
                    },
                    {
                        "key": 5,
                        "type": "F_SEAT",
                        "trip_id": 8403222,
                        "trip_route_id": 52364731,
                        "route_id": 22646,
                        "fare": "90.00",
                        "vat_percent": 15,
                        "vat_amount": 14,
                        "origin_city_seq": 1,
                        "destination_city_seq": 9,
                        "seat_counts": {
                            "online": 0,
                            "offline": 0,
                            "is_divided": true
                        }
                    }
                ],
                "train_model": "730",
                "is_open_for_all": true,
                "is_eid_trip": 0,
                "parent_route": {
                    "origin_city_name": "chandpur",
                    "destination_city_name": "chattogram",
                    "departure_date": "2025-03-06",
                    "departure_time": "05:00:00",
                    "arrival_date": "2025-03-06",
                    "arrival_time": "08:45:00"
                },
                "boarding_points": [
                    {
                        "trip_point_id": 107623869,
                        "location_id": 2869,
                        "location_name": "Chandpur Station",
                        "location_time": "05:00 AM",
                        "location_date": "06 Mar 2025"
                    }
                ],
                "is_international": 0,
                "is_from_city_international": false
            }
        ],
        "recommendations": [],
        "selected_seat_class": "S_CHAIR"
    },
    "extra": {
        "hash": "FE8AB15B345270CFF53BFA245BE670BC"
    }
}