{
    "data": {
        "trains": [
            {
                "trip_number": "BIJOY EXPRESS (785)",
                "departure_date_time": "06 Mar, 09:15 am",
                "departure_full_date": "2025-03-06",
                "departure_date_time_jd": "Thu, 06 Mar 2025, 09:15 AM",
                "arrival_date_time": "06 Mar, 03:32 pm",
                "travel_time": "06h 17m",
                "origin_city_name": "chattogram",
                "destination_city_name": "gouripur_myn",
                "seat_types": [
                    {
                        "key": 7,
                        "type": "S_CHAIR",
                        "trip_id": 8403629,
                        "trip_route_id": 52374141,
                        "route_id": 23090,
                        "fare": "460.00",
                        "vat_percent": 0,
                        "vat_amount": 0,
                        "origin_city_seq": 1,
                        "destination_city_seq": 11,
                        "seat_counts": {
                            "online": 15,
                            "offline": 15,
                            "is_divided": true
                        }
                    },
                    {
                        "key": 3,
                        "type": "SNIGDHA",
                        "trip_id": 8403641,
                        "trip_route_id": 52374458,
                        "route_id": 23090,
                        "fare": "705.00",
                        "vat_percent": 15,
                        "vat_amount": 106,
                        "origin_city_seq": 1,
                        "destination_city_seq": 11,
                        "seat_counts": {
                            "online": 10,
                            "offline": 10,
                            "is_divided": true
                        }
                    }
                ],
                "train_model": "785",
                "is_open_for_all": true,
                "is_eid_trip": 0,
                "parent_route": {
                    "origin_city_name": "chattogram",
                    "destination_city_name": "jamalpur_town",
                    "departure_date": "2025-03-06",
                    "departure_time": "09:15:00",
                    "arrival_date": "2025-03-06",
                    "arrival_time": "18:10:00"
                },
                "boarding_points": [
                    {
                        "trip_point_id": 107630931,
                        "location_id": 2820,
                        "location_name": "Chattogram Station",
                        "location_time": "09:15 AM",
                        "location_date": "06 Mar 2025"
                    }
                ],
                "is_international": 0,
                "is_from_city_international": false
            }
        ],
        "recommendations": [],
        "selected_seat_class": "S_CHAIR"
    },
    "extra": {
        "hash": "FE8AB15B345270CFF53BFA245BE670BC"
    }
}