{
    "data": {
        "trains": [
            {
                "trip_number": "PADMA EXPRESS (759)",
                "departure_date_time": "06 Mar, 02:40 am",
                "departure_full_date": "2025-03-06",
                "departure_date_time_jd": "Thu, 06 Mar 2025, 02:40 AM",
                "arrival_date_time": "06 Mar, 04:25 am",
                "travel_time": "01h 45m",
                "origin_city_name": "chatmohar",
                "destination_city_name": "rajshahi",
                "seat_types": [
                    {
                        "key": 1,
                        "type": "AC_B",
                        "trip_id": 8403964,
                        "trip_route_id": 52378181,
                        "route_id": 19539,
                        "fare": "280.00",
                        "vat_percent": 15,
                        "vat_amount": 42,
                        "origin_city_seq": 11,
                        "destination_city_seq": 16,
                        "seat_counts": {
                            "online": 0,
                            "offline": 0,
                            "is_divided": true
                        }
                    },
                    {
                        "key": 3,
                        "type": "SNIGDHA",
                        "trip_id": 8403965,
                        "trip_route_id": 52378228,
                        "route_id": 19539,
                        "fare": "155.00",
                        "vat_percent": 15,
                        "vat_amount": 24,
                        "origin_city_seq": 11,
                        "destination_city_seq": 16,
                        "seat_counts": {
                            "online": 3,
                            "offline": 2,
                            "is_divided": true
                        }
                    },
                    {
                        "key": 7,
                        "type": "S_CHAIR",
                        "trip_id": 8403966,
                        "trip_route_id": 52378275,
                        "route_id": 19539,
                        "fare": "95.00",
                        "vat_percent": 0,
                        "vat_amount": 0,
                        "origin_city_seq": 11,
                        "destination_city_seq": 16,
                        "seat_counts": {
                            "online": 3,
                            "offline": 2,
                            "is_divided": true
                        }
                    }
                ],
                "train_model": "759",
                "is_open_for_all": true,
                "is_eid_trip": 0,
                "parent_route": {
                    "origin_city_name": "dhaka",
                    "destination_city_name": "rajshahi",
                    "departure_date": "2025-03-05",
                    "departure_time": "22:45:00",
                    "arrival_date": "2025-03-06",
                    "arrival_time": "04:25:00"
                },
                "boarding_points": [
                    {
                        "trip_point_id": 107634611,
                        "location_id": 2792,
                        "location_name": "Chatmohar Station",
                        "location_time": "02:40 AM",
                        "location_date": "06 Mar 2025"
                    }
                ],
                "is_international": 0,
                "is_from_city_international": false
            },
            {
                "trip_number": "SILKCITY EXPRESS (753)",
                "departure_date_time": "06 Mar, 06:50 pm",
                "departure_full_date": "2025-03-06",
                "departure_date_time_jd": "Thu, 06 Mar 2025, 06:50 PM",
                "arrival_date_time": "06 Mar, 08:30 pm",
                "travel_time": "01h 40m",
                "origin_city_name": "chatmohar",
                "destination_city_name": "rajshahi",
                "seat_types": [
                    {
                        "key": 2,
                        "type": "AC_S",
                        "trip_id": 8404140,
                        "trip_route_id": 52385975,
                        "route_id": 19539,
                        "fare": "185.00",
                        "vat_percent": 15,
                        "vat_amount": 28,
                        "origin_city_seq": 11,
                        "destination_city_seq": 16,
                        "seat_counts": {
                            "online": 2,
                            "offline": 2,
                            "is_divided": true
                        }
                    },
                    {
                        "key": 3,
                        "type": "SNIGDHA",
                        "trip_id": 8404141,
                        "trip_route_id": 52386021,
                        "route_id": 19539,
                        "fare": "155.00",
                        "vat_percent": 15,
                        "vat_amount": 24,
                        "origin_city_seq": 11,
                        "destination_city_seq": 16,
                        "seat_counts": {
                            "online": 8,
                            "offline": 7,
                            "is_divided": true
                        }
                    },
                    {
                        "key": 7,
                        "type": "S_CHAIR",
                        "trip_id": 8404142,
                        "trip_route_id": 52386068,
                        "route_id": 19539,
                        "fare": "95.00",
                        "vat_percent": 0,
                        "vat_amount": 0,
                        "origin_city_seq": 11,
                        "destination_city_seq": 16,
                        "seat_counts": {
                            "online": 35,
                            "offline": 35,
                            "is_divided": true
                        }
                    }
                ],
                "train_model": "753",
                "is_open_for_all": true,
                "is_eid_trip": 0,
                "parent_route": {
                    "origin_city_name": "dhaka",
                    "destination_city_name": "rajshahi",
                    "departure_date": "2025-03-06",
                    "departure_time": "14:40:00",
                    "arrival_date": "2025-03-06",
                    "arrival_time": "20:30:00"
                },
                "boarding_points": [
                    {
                        "trip_point_id": 107638714,
                        "location_id": 2792,
                        "location_name": "Chatmohar Station",
                        "location_time": "06:50 PM",
                        "location_date": "06 Mar 2025"
                    }
                ],
                "is_international": 0,
                "is_from_city_international": false
            }
        ],
        "recommendations": [],
        "selected_seat_class": "S_CHAIR"
    },
    "extra": {
        "hash": "FE8AB15B345270CFF53BFA245BE670BC"
    }
}