{
    "data": {
        "trains": [
            {
                "trip_number": "CHATTALA EXPRESS (801)",
                "departure_date_time": "06 Mar, 06:00 am",
                "departure_full_date": "2025-03-06",
                "departure_date_time_jd": "Thu, 06 Mar 2025, 06:00 AM",
                "arrival_date_time": "06 Mar, 11:43 am",
                "travel_time": "05h 43m",
                "origin_city_name": "chattogram",
                "destination_city_name": "biman_bandar",
                "seat_types": [
                    {
                        "key": 7,
                        "type": "S_CHAIR",
                        "trip_id": 8403775,
                        "trip_route_id": 52376295,
                        "route_id": 22876,
                        "fare": "405.00",
                        "vat_percent": 0,
                        "vat_amount": 0,
                        "origin_city_seq": 1,
                        "destination_city_seq": 15,
                        "seat_counts": {
                            "online": 0,
                            "offline": 0,
                            "is_divided": true
                        }
                    }
                ],
                "train_model": "801",
                "is_open_for_all": true,
                "is_eid_trip": 0,
                "parent_route": {
                    "origin_city_name": "chattogram",
                    "destination_city_name": "dhaka",
                    "departure_date": "2025-03-06",
                    "departure_time": "06:00:00",
                    "arrival_date": "2025-03-06",
                    "arrival_time": "12:10:00"
                },
                "boarding_points": [
                    {
                        "trip_point_id": 107632814,
                        "location_id": 2820,
                        "location_name": "Chattogram Station",
                        "location_time": "06:00 AM",
                        "location_date": "06 Mar 2025"
                    }
                ],
                "is_international": 0,
                "is_from_city_international": false
            }
        ],
        "recommendations": [
            {
                "origin": "Kumira",
                "destination": "Biman_bandar"
            },
            {
                "origin": "Chattogram",
                "destination": "Narsingdi"
            }
        ],
        "selected_seat_class": "S_CHAIR"
    },
    "extra": {
        "hash": "FE8AB15B345270CFF53BFA245BE670BC"
    }
}