{
    "data": {
        "trains": [
            {
                "trip_number": "SAGARDARI EXPRESS (762)",
                "departure_date_time": "28 Dec, 06:42 am",
                "departure_full_date": "2024-12-28",
                "departure_date_time_jd": "Sat, 28 Dec 2024, 06:42 AM",
                "arrival_date_time": "28 Dec, 12:10 pm",
                "travel_time": "05h 28m",
                "origin_city_name": "abdulpur",
                "destination_city_name": "khulna",
                "seat_types": [
                    {
                        "key": 7,
                        "type": "S_CHAIR",
                        "trip_id": 8379109,
                        "trip_route_id": 51570693,
                        "route_id": 21474,
                        "fare": "320.00",
                        "vat_percent": 0,
                        "vat_amount": 0,
                        "origin_city_seq": 2,
                        "destination_city_seq": 17,
                        "seat_counts": {
                            "online": 4,
                            "offline": 4,
                            "is_divided": true
                        }
                    }
                ],
                "train_model": "762",
                "is_open_for_all": true,
                "is_eid_trip": 0,
                "boarding_points": [
                    {
                        "trip_point_id": 107161304,
                        "location_id": 2708,
                        "location_name": "Abdulpur Station",
                        "location_time": "06:42 AM"
                    }
                ],
                "is_international": 0,
                "is_from_city_international": false
            }
        ],
        "recommendations": [],
        "selected_seat_class": "S_CHAIR"
    },
    "extra": {
        "hash": "514D97166D2B16D7D4CA0823A966E975"
    }
}