{
    "data": {
        "trains": [
            {
                "trip_number": "DHALARCHAR EXPRESS (780)",
                "departure_date_time": "28 Dec, 06:05 pm",
                "departure_full_date": "2024-12-28",
                "departure_date_time_jd": "Sat, 28 Dec 2024, 06:05 PM",
                "arrival_date_time": "28 Dec, 07:10 pm",
                "travel_time": "01h 05m",
                "origin_city_name": "abdulpur",
                "destination_city_name": "pabna",
                "seat_types": [
                    {
                        "key": 7,
                        "type": "S_CHAIR",
                        "trip_id": 8379331,
                        "trip_route_id": 51576645,
                        "route_id": 25936,
                        "fare": "55.00",
                        "vat_percent": 0,
                        "vat_amount": 0,
                        "origin_city_seq": 9,
                        "destination_city_seq": 15,
                        "seat_counts": {
                            "online": 3,
                            "offline": 2,
                            "is_divided": true
                        }
                    },
                    {
                        "key": 8,
                        "type": "SHOVAN",
                        "trip_id": 8379332,
                        "trip_route_id": 51576680,
                        "route_id": 25936,
                        "fare": "45.00",
                        "vat_percent": 0,
                        "vat_amount": 0,
                        "origin_city_seq": 9,
                        "destination_city_seq": 15,
                        "seat_counts": {
                            "online": 5,
                            "offline": 5,
                            "is_divided": true
                        }
                    }
                ],
                "train_model": "780",
                "is_open_for_all": true,
                "is_eid_trip": 0,
                "boarding_points": [
                    {
                        "trip_point_id": 107165088,
                        "location_id": 2708,
                        "location_name": "Abdulpur Station",
                        "location_time": "06:05 PM"
                    }
                ],
                "is_international": 0,
                "is_from_city_international": false
            }
        ],
        "recommendations": [],
        "selected_seat_class": "S_CHAIR"
    },
    "extra": {
        "hash": "514D97166D2B16D7D4CA0823A966E975"
    }
}