{
    "data": {
        "trains": [
            {
                "trip_number": "RUPSHA EXPRESS (728)",
                "departure_date_time": "28 Dec, 12:31 pm",
                "departure_full_date": "2024-12-28",
                "departure_date_time_jd": "Sat, 28 Dec 2024, 12:31 PM",
                "arrival_date_time": "28 Dec, 06:20 pm",
                "travel_time": "05h 49m",
                "origin_city_name": "ahsanganj",
                "destination_city_name": "khulna",
                "seat_types": [
                    {
                        "key": 2,
                        "type": "AC_S",
                        "trip_id": 8379088,
                        "trip_route_id": 51568848,
                        "route_id": 21356,
                        "fare": "715.00",
                        "vat_percent": 15,
                        "vat_amount": 108,
                        "origin_city_seq": 11,
                        "destination_city_seq": 25,
                        "seat_counts": {
                            "online": 0,
                            "offline": 0,
                            "is_divided": true
                        }
                    },
                    {
                        "key": 3,
                        "type": "SNIGDHA",
                        "trip_id": 8379099,
                        "trip_route_id": 51569873,
                        "route_id": 21356,
                        "fare": "595.00",
                        "vat_percent": 15,
                        "vat_amount": 90,
                        "origin_city_seq": 11,
                        "destination_city_seq": 25,
                        "seat_counts": {
                            "online": 0,
                            "offline": 0,
                            "is_divided": true
                        }
                    },
                    {
                        "key": 7,
                        "type": "S_CHAIR",
                        "trip_id": 8379100,
                        "trip_route_id": 51570043,
                        "route_id": 21356,
                        "fare": "360.00",
                        "vat_percent": 0,
                        "vat_amount": 0,
                        "origin_city_seq": 11,
                        "destination_city_seq": 25,
                        "seat_counts": {
                            "online": 0,
                            "offline": 0,
                            "is_divided": true
                        }
                    }
                ],
                "train_model": "728",
                "is_open_for_all": true,
                "is_eid_trip": 0,
                "boarding_points": [
                    {
                        "trip_point_id": 107160492,
                        "location_id": 2707,
                        "location_name": "Ahsanganj Station",
                        "location_time": "12:31 PM"
                    }
                ],
                "is_international": 0,
                "is_from_city_international": false
            }
        ],
        "recommendations": [
            {
                "origin": "Natore",
                "destination": "Khulna"
            },
            {
                "origin": "Ahsanganj",
                "destination": "Noapara"
            }
        ],
        "selected_seat_class": "S_CHAIR"
    },
    "extra": {
        "hash": "514D97166D2B16D7D4CA0823A966E975"
    }
}