{
    "data": {
        "trains": [
            {
                "trip_number": "TITUMIR EXPRESS (733)",
                "departure_date_time": "28 Dec, 08:19 am",
                "departure_full_date": "2024-12-28",
                "departure_date_time_jd": "Sat, 28 Dec 2024, 08:19 AM",
                "arrival_date_time": "28 Dec, 12:30 pm",
                "travel_time": "04h 11m",
                "origin_city_name": "ahsanganj",
                "destination_city_name": "domar",
                "seat_types": [
                    {
                        "key": 7,
                        "type": "S_CHAIR",
                        "trip_id": 8379118,
                        "trip_route_id": 51571330,
                        "route_id": 20204,
                        "fare": "220.00",
                        "vat_percent": 0,
                        "vat_amount": 0,
                        "origin_city_seq": 5,
                        "destination_city_seq": 18,
                        "seat_counts": {
                            "online": 3,
                            "offline": 2,
                            "is_divided": true
                        }
                    }
                ],
                "train_model": "733",
                "is_open_for_all": true,
                "is_eid_trip": 0,
                "boarding_points": [
                    {
                        "trip_point_id": 107161569,
                        "location_id": 2707,
                        "location_name": "Ahsanganj Station",
                        "location_time": "08:19 AM"
                    }
                ],
                "is_international": 0,
                "is_from_city_international": false
            }
        ],
        "recommendations": [],
        "selected_seat_class": "S_CHAIR"
    },
    "extra": {
        "hash": "514D97166D2B16D7D4CA0823A966E975"
    }
}