{
    "data": {
        "trains": [
            {
                "trip_number": "UPAKUL EXPRESS (712)",
                "departure_date_time": "28 Dec, 05:50 pm",
                "departure_full_date": "2024-12-28",
                "departure_date_time_jd": "Sat, 28 Dec 2024, 05:50 PM",
                "arrival_date_time": "28 Dec, 08:40 pm",
                "travel_time": "02h 50m",
                "origin_city_name": "akhaura",
                "destination_city_name": "noakhali",
                "seat_types": [
                    {
                        "key": 3,
                        "type": "SNIGDHA",
                        "trip_id": 8379131,
                        "trip_route_id": 51571860,
                        "route_id": 22287,
                        "fare": "240.00",
                        "vat_percent": 15,
                        "vat_amount": 36,
                        "origin_city_seq": 7,
                        "destination_city_seq": 16,
                        "seat_counts": {
                            "online": 5,
                            "offline": 5,
                            "is_divided": true
                        }
                    },
                    {
                        "key": 7,
                        "type": "S_CHAIR",
                        "trip_id": 8379178,
                        "trip_route_id": 51573121,
                        "route_id": 22287,
                        "fare": "145.00",
                        "vat_percent": 0,
                        "vat_amount": 0,
                        "origin_city_seq": 7,
                        "destination_city_seq": 16,
                        "seat_counts": {
                            "online": 18,
                            "offline": 18,
                            "is_divided": true
                        }
                    }
                ],
                "train_model": "712",
                "is_open_for_all": true,
                "is_eid_trip": 0,
                "boarding_points": [
                    {
                        "trip_point_id": 107161842,
                        "location_id": 2828,
                        "location_name": "Akhaura Station",
                        "location_time": "05:50 PM"
                    }
                ],
                "is_international": 0,
                "is_from_city_international": false
            }
        ],
        "recommendations": [],
        "selected_seat_class": "S_CHAIR"
    },
    "extra": {
        "hash": "514D97166D2B16D7D4CA0823A966E975"
    }
}