{
    "data": {
        "trains": [
            {
                "trip_number": "EKOTA EXPRESS (706)",
                "departure_date_time": "28 Dec, 01:47 am",
                "departure_full_date": "2024-12-28",
                "departure_date_time_jd": "Sat, 28 Dec 2024, 01:47 AM",
                "arrival_date_time": "28 Dec, 07:50 am",
                "travel_time": "06h 03m",
                "origin_city_name": "akkelpur",
                "destination_city_name": "dhaka",
                "seat_types": [
                    {
                        "key": 3,
                        "type": "SNIGDHA",
                        "trip_id": 8378723,
                        "trip_route_id": 51555307,
                        "route_id": 19438,
                        "fare": "745.00",
                        "vat_percent": 15,
                        "vat_amount": 112,
                        "origin_city_seq": 14,
                        "destination_city_seq": 25,
                        "seat_counts": {
                            "online": 0,
                            "offline": 0,
                            "is_divided": true
                        }
                    },
                    {
                        "key": 7,
                        "type": "S_CHAIR",
                        "trip_id": 8378724,
                        "trip_route_id": 51555370,
                        "route_id": 19438,
                        "fare": "450.00",
                        "vat_percent": 0,
                        "vat_amount": 0,
                        "origin_city_seq": 14,
                        "destination_city_seq": 25,
                        "seat_counts": {
                            "online": 1,
                            "offline": 1,
                            "is_divided": true
                        }
                    },
                    {
                        "key": 1,
                        "type": "AC_B",
                        "trip_id": 8378740,
                        "trip_route_id": 51556364,
                        "route_id": 19438,
                        "fare": "1340.00",
                        "vat_percent": 15,
                        "vat_amount": 201,
                        "origin_city_seq": 14,
                        "destination_city_seq": 25,
                        "seat_counts": {
                            "online": 0,
                            "offline": 0,
                            "is_divided": true
                        }
                    }
                ],
                "train_model": "706",
                "is_open_for_all": true,
                "is_eid_trip": 0,
                "boarding_points": [
                    {
                        "trip_point_id": 107152956,
                        "location_id": 2758,
                        "location_name": "Akkelpur Station",
                        "location_time": "01:47 AM"
                    }
                ],
                "is_international": 0,
                "is_from_city_international": false
            },
            {
                "trip_number": "DRUTOJAN EXPRESS (758)",
                "departure_date_time": "28 Dec, 12:12 pm",
                "departure_full_date": "2024-12-28",
                "departure_date_time_jd": "Sat, 28 Dec 2024, 12:12 PM",
                "arrival_date_time": "28 Dec, 06:55 pm",
                "travel_time": "06h 43m",
                "origin_city_name": "akkelpur",
                "destination_city_name": "dhaka",
                "seat_types": [
                    {
                        "key": 3,
                        "type": "SNIGDHA",
                        "trip_id": 8379091,
                        "trip_route_id": 51569030,
                        "route_id": 19438,
                        "fare": "745.00",
                        "vat_percent": 15,
                        "vat_amount": 112,
                        "origin_city_seq": 14,
                        "destination_city_seq": 25,
                        "seat_counts": {
                            "online": 0,
                            "offline": 0,
                            "is_divided": true
                        }
                    },
                    {
                        "key": 7,
                        "type": "S_CHAIR",
                        "trip_id": 8379103,
                        "trip_route_id": 51570283,
                        "route_id": 19438,
                        "fare": "450.00",
                        "vat_percent": 0,
                        "vat_amount": 0,
                        "origin_city_seq": 14,
                        "destination_city_seq": 25,
                        "seat_counts": {
                            "online": 0,
                            "offline": 0,
                            "is_divided": true
                        }
                    },
                    {
                        "key": 2,
                        "type": "AC_S",
                        "trip_id": 8379104,
                        "trip_route_id": 51570354,
                        "route_id": 19438,
                        "fare": "895.00",
                        "vat_percent": 15,
                        "vat_amount": 135,
                        "origin_city_seq": 14,
                        "destination_city_seq": 25,
                        "seat_counts": {
                            "online": 0,
                            "offline": 0,
                            "is_divided": true
                        }
                    }
                ],
                "train_model": "758",
                "is_open_for_all": true,
                "is_eid_trip": 0,
                "boarding_points": [
                    {
                        "trip_point_id": 107160614,
                        "location_id": 2758,
                        "location_name": "Akkelpur Station",
                        "location_time": "12:12 PM"
                    }
                ],
                "is_international": 0,
                "is_from_city_international": false
            },
            {
                "trip_number": "NILSAGAR EXPRESS (766)",
                "departure_date_time": "28 Dec, 11:02 pm",
                "departure_full_date": "2024-12-28",
                "departure_date_time_jd": "Sat, 28 Dec 2024, 11:02 PM",
                "arrival_date_time": "29 Dec, 05:30 am",
                "travel_time": "06h 28m",
                "origin_city_name": "akkelpur",
                "destination_city_name": "dhaka",
                "seat_types": [
                    {
                        "key": 7,
                        "type": "S_CHAIR",
                        "trip_id": 8379064,
                        "trip_route_id": 51567426,
                        "route_id": 19849,
                        "fare": "450.00",
                        "vat_percent": 0,
                        "vat_amount": 0,
                        "origin_city_seq": 9,
                        "destination_city_seq": 16,
                        "seat_counts": {
                            "online": 0,
                            "offline": 0,
                            "is_divided": true
                        }
                    },
                    {
                        "key": 3,
                        "type": "SNIGDHA",
                        "trip_id": 8379065,
                        "trip_route_id": 51567471,
                        "route_id": 19849,
                        "fare": "745.00",
                        "vat_percent": 15,
                        "vat_amount": 112,
                        "origin_city_seq": 9,
                        "destination_city_seq": 16,
                        "seat_counts": {
                            "online": 2,
                            "offline": 1,
                            "is_divided": true
                        }
                    },
                    {
                        "key": 1,
                        "type": "AC_B",
                        "trip_id": 8379066,
                        "trip_route_id": 51567516,
                        "route_id": 19849,
                        "fare": "1340.00",
                        "vat_percent": 15,
                        "vat_amount": 201,
                        "origin_city_seq": 9,
                        "destination_city_seq": 16,
                        "seat_counts": {
                            "online": 0,
                            "offline": 0,
                            "is_divided": true
                        }
                    }
                ],
                "train_model": "766",
                "is_open_for_all": true,
                "is_eid_trip": 0,
                "boarding_points": [
                    {
                        "trip_point_id": 107159858,
                        "location_id": 2758,
                        "location_name": "Akkelpur Station",
                        "location_time": "11:02 PM"
                    }
                ],
                "is_international": 0,
                "is_from_city_international": false
            }
        ],
        "recommendations": [],
        "selected_seat_class": "S_CHAIR"
    },
    "extra": {
        "hash": "9B1AE5D785CE06CB8297D91B072BFF98"
    }
}