{
    "data": {
        "trains": [
            {
                "trip_number": "JAYENTIKA EXPRESS (717)",
                "departure_date_time": "28 Dec, 12:56 pm",
                "departure_full_date": "2024-12-28",
                "departure_date_time_jd": "Sat, 28 Dec 2024, 12:56 PM",
                "arrival_date_time": "28 Dec, 07:00 pm",
                "travel_time": "06h 04m",
                "origin_city_name": "ashuganj",
                "destination_city_name": "sylhet",
                "seat_types": [
                    {
                        "key": 3,
                        "type": "SNIGDHA",
                        "trip_id": 8379132,
                        "trip_route_id": 51571881,
                        "route_id": 22314,
                        "fare": "410.00",
                        "vat_percent": 15,
                        "vat_amount": 62,
                        "origin_city_seq": 3,
                        "destination_city_seq": 16,
                        "seat_counts": {
                            "online": 1,
                            "offline": 0,
                            "is_divided": true
                        }
                    },
                    {
                        "key": 7,
                        "type": "S_CHAIR",
                        "trip_id": 8379179,
                        "trip_route_id": 51573143,
                        "route_id": 22314,
                        "fare": "245.00",
                        "vat_percent": 0,
                        "vat_amount": 0,
                        "origin_city_seq": 3,
                        "destination_city_seq": 16,
                        "seat_counts": {
                            "online": 3,
                            "offline": 3,
                            "is_divided": true
                        }
                    },
                    {
                        "key": 2,
                        "type": "AC_S",
                        "trip_id": 8379180,
                        "trip_route_id": 51573178,
                        "route_id": 22314,
                        "fare": "490.00",
                        "vat_percent": 15,
                        "vat_amount": 74,
                        "origin_city_seq": 3,
                        "destination_city_seq": 16,
                        "seat_counts": {
                            "online": 0,
                            "offline": 0,
                            "is_divided": true
                        }
                    }
                ],
                "train_model": "717",
                "is_open_for_all": true,
                "is_eid_trip": 0,
                "boarding_points": [
                    {
                        "trip_point_id": 107161857,
                        "location_id": 2841,
                        "location_name": "Ashuganj Station",
                        "location_time": "12:56 PM"
                    }
                ],
                "is_international": 0,
                "is_from_city_international": false
            }
        ],
        "recommendations": [],
        "selected_seat_class": "S_CHAIR"
    },
    "extra": {
        "hash": "514D97166D2B16D7D4CA0823A966E975"
    }
}