{
    "data": {
        "trains": [
            {
                "trip_number": "DOLONCHAPA EXPRESS (768)",
                "departure_date_time": "28 Dec, 06:00 am",
                "departure_full_date": "2024-12-28",
                "departure_date_time_jd": "Sat, 28 Dec 2024, 06:00 AM",
                "arrival_date_time": "28 Dec, 02:40 pm",
                "travel_time": "08h 40m",
                "origin_city_name": "b sirajul islam",
                "destination_city_name": "bogura",
                "seat_types": [
                    {
                        "key": 7,
                        "type": "S_CHAIR",
                        "trip_id": 8379094,
                        "trip_route_id": 51569250,
                        "route_id": 23622,
                        "fare": "360.00",
                        "vat_percent": 0,
                        "vat_amount": 0,
                        "origin_city_seq": 1,
                        "destination_city_seq": 22,
                        "seat_counts": {
                            "online": 3,
                            "offline": 2,
                            "is_divided": true
                        }
                    },
                    {
                        "key": 8,
                        "type": "SHOVAN",
                        "trip_id": 8379288,
                        "trip_route_id": 51576079,
                        "route_id": 23622,
                        "fare": "300.00",
                        "vat_percent": 0,
                        "vat_amount": 0,
                        "origin_city_seq": 1,
                        "destination_city_seq": 22,
                        "seat_counts": {
                            "online": 5,
                            "offline": 4,
                            "is_divided": true
                        }
                    }
                ],
                "train_model": "768",
                "is_open_for_all": true,
                "is_eid_trip": 0,
                "boarding_points": [
                    {
                        "trip_point_id": 107160725,
                        "location_id": 2730,
                        "location_name": "B Sirajul Islam Station",
                        "location_time": "06:00 AM"
                    }
                ],
                "is_international": 0,
                "is_from_city_international": false
            }
        ],
        "recommendations": [],
        "selected_seat_class": "S_CHAIR"
    },
    "extra": {
        "hash": "514D97166D2B16D7D4CA0823A966E975"
    }
}