{
    "data": {
        "trains": [
            {
                "trip_number": "DRUTOJAN EXPRESS (758)",
                "departure_date_time": "28 Dec, 07:20 am",
                "departure_full_date": "2024-12-28",
                "departure_date_time_jd": "Sat, 28 Dec 2024, 07:20 AM",
                "arrival_date_time": "28 Dec, 04:43 pm",
                "travel_time": "09h 23m",
                "origin_city_name": "b sirajul islam",
                "destination_city_name": "tangail",
                "seat_types": [
                    {
                        "key": 3,
                        "type": "SNIGDHA",
                        "trip_id": 8379091,
                        "trip_route_id": 51569049,
                        "route_id": 19410,
                        "fare": "965.00",
                        "vat_percent": 15,
                        "vat_amount": 145,
                        "origin_city_seq": 1,
                        "destination_city_seq": 23,
                        "seat_counts": {
                            "online": 0,
                            "offline": 0,
                            "is_divided": true
                        }
                    },
                    {
                        "key": 7,
                        "type": "S_CHAIR",
                        "trip_id": 8379103,
                        "trip_route_id": 51570309,
                        "route_id": 19410,
                        "fare": "580.00",
                        "vat_percent": 0,
                        "vat_amount": 0,
                        "origin_city_seq": 1,
                        "destination_city_seq": 23,
                        "seat_counts": {
                            "online": 0,
                            "offline": 0,
                            "is_divided": true
                        }
                    },
                    {
                        "key": 2,
                        "type": "AC_S",
                        "trip_id": 8379104,
                        "trip_route_id": 51570371,
                        "route_id": 19410,
                        "fare": "1160.00",
                        "vat_percent": 15,
                        "vat_amount": 174,
                        "origin_city_seq": 1,
                        "destination_city_seq": 23,
                        "seat_counts": {
                            "online": 0,
                            "offline": 0,
                            "is_divided": true
                        }
                    }
                ],
                "train_model": "758",
                "is_open_for_all": true,
                "is_eid_trip": 0,
                "boarding_points": [
                    {
                        "trip_point_id": 107160622,
                        "location_id": 2730,
                        "location_name": "B Sirajul Islam Station",
                        "location_time": "07:20 AM"
                    }
                ],
                "is_international": 0,
                "is_from_city_international": false
            },
            {
                "trip_number": "EKOTA EXPRESS (706)",
                "departure_date_time": "28 Dec, 09:10 pm",
                "departure_full_date": "2024-12-28",
                "departure_date_time_jd": "Sat, 28 Dec 2024, 09:10 PM",
                "arrival_date_time": "29 Dec, 05:45 am",
                "travel_time": "08h 35m",
                "origin_city_name": "b sirajul islam",
                "destination_city_name": "tangail",
                "seat_types": [
                    {
                        "key": 3,
                        "type": "SNIGDHA",
                        "trip_id": 8379062,
                        "trip_route_id": 51567304,
                        "route_id": 19410,
                        "fare": "965.00",
                        "vat_percent": 15,
                        "vat_amount": 145,
                        "origin_city_seq": 1,
                        "destination_city_seq": 23,
                        "seat_counts": {
                            "online": 0,
                            "offline": 0,
                            "is_divided": true
                        }
                    },
                    {
                        "key": 7,
                        "type": "S_CHAIR",
                        "trip_id": 8379063,
                        "trip_route_id": 51567370,
                        "route_id": 19410,
                        "fare": "580.00",
                        "vat_percent": 0,
                        "vat_amount": 0,
                        "origin_city_seq": 1,
                        "destination_city_seq": 23,
                        "seat_counts": {
                            "online": 0,
                            "offline": 0,
                            "is_divided": true
                        }
                    },
                    {
                        "key": 1,
                        "type": "AC_B",
                        "trip_id": 8379078,
                        "trip_route_id": 51568275,
                        "route_id": 19410,
                        "fare": "1735.00",
                        "vat_percent": 15,
                        "vat_amount": 261,
                        "origin_city_seq": 1,
                        "destination_city_seq": 23,
                        "seat_counts": {
                            "online": 0,
                            "offline": 0,
                            "is_divided": true
                        }
                    }
                ],
                "train_model": "706",
                "is_open_for_all": true,
                "is_eid_trip": 0,
                "boarding_points": [
                    {
                        "trip_point_id": 107159786,
                        "location_id": 2730,
                        "location_name": "B Sirajul Islam Station",
                        "location_time": "09:10 PM"
                    }
                ],
                "is_international": 0,
                "is_from_city_international": false
            }
        ],
        "recommendations": [
            {
                "origin": "Kismat",
                "destination": "Tangail"
            },
            {
                "origin": "B sirajul islam",
                "destination": "Bbsetu_e"
            }
        ],
        "selected_seat_class": "S_CHAIR"
    },
    "extra": {
        "hash": "514D97166D2B16D7D4CA0823A966E975"
    }
}