{
    "data": {
        "trains": [
            {
                "trip_number": "DRUTOJAN EXPRESS (758)",
                "departure_date_time": "28 Dec, 07:20 am",
                "departure_full_date": "2024-12-28",
                "departure_date_time_jd": "Sat, 28 Dec 2024, 07:20 AM",
                "arrival_date_time": "28 Dec, 01:44 pm",
                "travel_time": "06h 24m",
                "origin_city_name": "b sirajul islam",
                "destination_city_name": "natore",
                "seat_types": [
                    {
                        "key": 3,
                        "type": "SNIGDHA",
                        "trip_id": 8379091,
                        "trip_route_id": 51569057,
                        "route_id": 19407,
                        "fare": "535.00",
                        "vat_percent": 15,
                        "vat_amount": 81,
                        "origin_city_seq": 1,
                        "destination_city_seq": 17,
                        "seat_counts": {
                            "online": 0,
                            "offline": 0,
                            "is_divided": true
                        }
                    },
                    {
                        "key": 7,
                        "type": "S_CHAIR",
                        "trip_id": 8379103,
                        "trip_route_id": 51570317,
                        "route_id": 19407,
                        "fare": "325.00",
                        "vat_percent": 0,
                        "vat_amount": 0,
                        "origin_city_seq": 1,
                        "destination_city_seq": 17,
                        "seat_counts": {
                            "online": 0,
                            "offline": 0,
                            "is_divided": true
                        }
                    },
                    {
                        "key": 2,
                        "type": "AC_S",
                        "trip_id": 8379104,
                        "trip_route_id": 51570379,
                        "route_id": 19407,
                        "fare": "645.00",
                        "vat_percent": 15,
                        "vat_amount": 97,
                        "origin_city_seq": 1,
                        "destination_city_seq": 17,
                        "seat_counts": {
                            "online": 1,
                            "offline": 1,
                            "is_divided": true
                        }
                    }
                ],
                "train_model": "758",
                "is_open_for_all": true,
                "is_eid_trip": 0,
                "boarding_points": [
                    {
                        "trip_point_id": 107160622,
                        "location_id": 2730,
                        "location_name": "B Sirajul Islam Station",
                        "location_time": "07:20 AM"
                    }
                ],
                "is_international": 0,
                "is_from_city_international": false
            },
            {
                "trip_number": "PANCHAGARH EXPRESS (794)",
                "departure_date_time": "28 Dec, 12:20 pm",
                "departure_full_date": "2024-12-28",
                "departure_date_time_jd": "Sat, 28 Dec 2024, 12:20 PM",
                "arrival_date_time": "28 Dec, 05:36 pm",
                "travel_time": "05h 16m",
                "origin_city_name": "b sirajul islam",
                "destination_city_name": "natore",
                "seat_types": [
                    {
                        "key": 2,
                        "type": "AC_S",
                        "trip_id": 8379038,
                        "trip_route_id": 51565871,
                        "route_id": 19407,
                        "fare": "645.00",
                        "vat_percent": 15,
                        "vat_amount": 97,
                        "origin_city_seq": 1,
                        "destination_city_seq": 17,
                        "seat_counts": {
                            "online": 0,
                            "offline": 0,
                            "is_divided": true
                        }
                    },
                    {
                        "key": 7,
                        "type": "S_CHAIR",
                        "trip_id": 8379039,
                        "trip_route_id": 51565907,
                        "route_id": 19407,
                        "fare": "325.00",
                        "vat_percent": 0,
                        "vat_amount": 0,
                        "origin_city_seq": 1,
                        "destination_city_seq": 17,
                        "seat_counts": {
                            "online": 4,
                            "offline": 4,
                            "is_divided": true
                        }
                    },
                    {
                        "key": 3,
                        "type": "SNIGDHA",
                        "trip_id": 8379040,
                        "trip_route_id": 51565931,
                        "route_id": 19407,
                        "fare": "535.00",
                        "vat_percent": 15,
                        "vat_amount": 81,
                        "origin_city_seq": 1,
                        "destination_city_seq": 17,
                        "seat_counts": {
                            "online": 3,
                            "offline": 2,
                            "is_divided": true
                        }
                    }
                ],
                "train_model": "794",
                "is_open_for_all": true,
                "is_eid_trip": 0,
                "boarding_points": [
                    {
                        "trip_point_id": 107159032,
                        "location_id": 2730,
                        "location_name": "B Sirajul Islam Station",
                        "location_time": "12:20 PM"
                    }
                ],
                "is_international": 0,
                "is_from_city_international": false
            },
            {
                "trip_number": "EKOTA EXPRESS (706)",
                "departure_date_time": "28 Dec, 09:10 pm",
                "departure_full_date": "2024-12-28",
                "departure_date_time_jd": "Sat, 28 Dec 2024, 09:10 PM",
                "arrival_date_time": "29 Dec, 03:13 am",
                "travel_time": "06h 03m",
                "origin_city_name": "b sirajul islam",
                "destination_city_name": "natore",
                "seat_types": [
                    {
                        "key": 3,
                        "type": "SNIGDHA",
                        "trip_id": 8379062,
                        "trip_route_id": 51567313,
                        "route_id": 19407,
                        "fare": "535.00",
                        "vat_percent": 15,
                        "vat_amount": 81,
                        "origin_city_seq": 1,
                        "destination_city_seq": 17,
                        "seat_counts": {
                            "online": 0,
                            "offline": 0,
                            "is_divided": true
                        }
                    },
                    {
                        "key": 7,
                        "type": "S_CHAIR",
                        "trip_id": 8379063,
                        "trip_route_id": 51567379,
                        "route_id": 19407,
                        "fare": "325.00",
                        "vat_percent": 0,
                        "vat_amount": 0,
                        "origin_city_seq": 1,
                        "destination_city_seq": 17,
                        "seat_counts": {
                            "online": 1,
                            "offline": 0,
                            "is_divided": true
                        }
                    },
                    {
                        "key": 1,
                        "type": "AC_B",
                        "trip_id": 8379078,
                        "trip_route_id": 51568284,
                        "route_id": 19407,
                        "fare": "965.00",
                        "vat_percent": 15,
                        "vat_amount": 145,
                        "origin_city_seq": 1,
                        "destination_city_seq": 17,
                        "seat_counts": {
                            "online": 0,
                            "offline": 0,
                            "is_divided": true
                        }
                    }
                ],
                "train_model": "706",
                "is_open_for_all": true,
                "is_eid_trip": 0,
                "boarding_points": [
                    {
                        "trip_point_id": 107159786,
                        "location_id": 2730,
                        "location_name": "B Sirajul Islam Station",
                        "location_time": "09:10 PM"
                    }
                ],
                "is_international": 0,
                "is_from_city_international": false
            }
        ],
        "recommendations": [],
        "selected_seat_class": "S_CHAIR"
    },
    "extra": {
        "hash": "514D97166D2B16D7D4CA0823A966E975"
    }
}