{
    "data": {
        "trains": [
            {
                "trip_number": "NILSAGAR EXPRESS (765)",
                "departure_date_time": "28 Dec, 09:09 am",
                "departure_full_date": "2024-12-28",
                "departure_date_time_jd": "Sat, 28 Dec 2024, 09:09 AM",
                "arrival_date_time": "28 Dec, 02:15 pm",
                "travel_time": "05h 06m",
                "origin_city_name": "bbsetu_e",
                "destination_city_name": "parbatipur",
                "seat_types": [
                    {
                        "key": 2,
                        "type": "AC_S",
                        "trip_id": 8379067,
                        "trip_route_id": 51567582,
                        "route_id": 19771,
                        "fare": "800.00",
                        "vat_percent": 15,
                        "vat_amount": 120,
                        "origin_city_seq": 4,
                        "destination_city_seq": 13,
                        "seat_counts": {
                            "online": 0,
                            "offline": 0,
                            "is_divided": true
                        }
                    },
                    {
                        "key": 3,
                        "type": "SNIGDHA",
                        "trip_id": 8379068,
                        "trip_route_id": 51567650,
                        "route_id": 19771,
                        "fare": "665.00",
                        "vat_percent": 15,
                        "vat_amount": 100,
                        "origin_city_seq": 4,
                        "destination_city_seq": 13,
                        "seat_counts": {
                            "online": 0,
                            "offline": 0,
                            "is_divided": true
                        }
                    },
                    {
                        "key": 7,
                        "type": "S_CHAIR",
                        "trip_id": 8379069,
                        "trip_route_id": 51567725,
                        "route_id": 19771,
                        "fare": "400.00",
                        "vat_percent": 0,
                        "vat_amount": 0,
                        "origin_city_seq": 4,
                        "destination_city_seq": 13,
                        "seat_counts": {
                            "online": 3,
                            "offline": 2,
                            "is_divided": true
                        }
                    }
                ],
                "train_model": "765",
                "is_open_for_all": true,
                "is_eid_trip": 0,
                "boarding_points": [
                    {
                        "trip_point_id": 107159952,
                        "location_id": 2704,
                        "location_name": "BBSetu_E Station",
                        "location_time": "09:09 AM"
                    }
                ],
                "is_international": 0,
                "is_from_city_international": false
            }
        ],
        "recommendations": [],
        "selected_seat_class": "S_CHAIR"
    },
    "extra": {
        "hash": "514D97166D2B16D7D4CA0823A966E975"
    }
}