{
    "data": {
        "trains": [
            {
                "trip_number": "EKOTA EXPRESS (705)",
                "departure_date_time": "28 Dec, 12:34 pm",
                "departure_full_date": "2024-12-28",
                "departure_date_time_jd": "Sat, 28 Dec 2024, 12:34 PM",
                "arrival_date_time": "28 Dec, 07:00 pm",
                "travel_time": "06h 26m",
                "origin_city_name": "bbsetu_e",
                "destination_city_name": "dinajpur",
                "seat_types": [
                    {
                        "key": 3,
                        "type": "SNIGDHA",
                        "trip_id": 8379059,
                        "trip_route_id": 51567071,
                        "route_id": 19343,
                        "fare": "730.00",
                        "vat_percent": 15,
                        "vat_amount": 110,
                        "origin_city_seq": 5,
                        "destination_city_seq": 21,
                        "seat_counts": {
                            "online": 0,
                            "offline": 0,
                            "is_divided": true
                        }
                    },
                    {
                        "key": 2,
                        "type": "AC_S",
                        "trip_id": 8379061,
                        "trip_route_id": 51567258,
                        "route_id": 19343,
                        "fare": "875.00",
                        "vat_percent": 15,
                        "vat_amount": 132,
                        "origin_city_seq": 5,
                        "destination_city_seq": 21,
                        "seat_counts": {
                            "online": 0,
                            "offline": 0,
                            "is_divided": true
                        }
                    }
                ],
                "train_model": "705",
                "is_open_for_all": true,
                "is_eid_trip": 0,
                "boarding_points": [
                    {
                        "trip_point_id": 107159649,
                        "location_id": 2704,
                        "location_name": "BBSetu_E Station",
                        "location_time": "12:34 PM"
                    }
                ],
                "is_international": 0,
                "is_from_city_international": false
            },
            {
                "trip_number": "EKOTA EXPRESS (705)",
                "departure_date_time": "28 Dec, 12:38 pm",
                "departure_full_date": "2024-12-28",
                "departure_date_time_jd": "Sat, 28 Dec 2024, 12:38 PM",
                "arrival_date_time": "28 Dec, 07:00 pm",
                "travel_time": "06h 22m",
                "origin_city_name": "bbsetu_e",
                "destination_city_name": "dinajpur",
                "seat_types": [
                    {
                        "key": 7,
                        "type": "S_CHAIR",
                        "trip_id": 8379060,
                        "trip_route_id": 51567171,
                        "route_id": 19343,
                        "fare": "440.00",
                        "vat_percent": 0,
                        "vat_amount": 0,
                        "origin_city_seq": 5,
                        "destination_city_seq": 21,
                        "seat_counts": {
                            "online": 5,
                            "offline": 5,
                            "is_divided": true
                        }
                    }
                ],
                "train_model": "705",
                "is_open_for_all": true,
                "is_eid_trip": 0,
                "boarding_points": [
                    {
                        "trip_point_id": 107159695,
                        "location_id": 2704,
                        "location_name": "BBSetu_E Station",
                        "location_time": "12:34 PM"
                    }
                ],
                "is_international": 0,
                "is_from_city_international": false
            },
            {
                "trip_number": "DRUTOJAN EXPRESS (757)",
                "departure_date_time": "28 Dec, 10:35 pm",
                "departure_full_date": "2024-12-28",
                "departure_date_time_jd": "Sat, 28 Dec 2024, 10:35 PM",
                "arrival_date_time": "29 Dec, 04:20 am",
                "travel_time": "05h 45m",
                "origin_city_name": "bbsetu_e",
                "destination_city_name": "dinajpur",
                "seat_types": [
                    {
                        "key": 3,
                        "type": "SNIGDHA",
                        "trip_id": 8379090,
                        "trip_route_id": 51568993,
                        "route_id": 19343,
                        "fare": "730.00",
                        "vat_percent": 15,
                        "vat_amount": 110,
                        "origin_city_seq": 5,
                        "destination_city_seq": 21,
                        "seat_counts": {
                            "online": 0,
                            "offline": 0,
                            "is_divided": true
                        }
                    },
                    {
                        "key": 7,
                        "type": "S_CHAIR",
                        "trip_id": 8379101,
                        "trip_route_id": 51570146,
                        "route_id": 19343,
                        "fare": "440.00",
                        "vat_percent": 0,
                        "vat_amount": 0,
                        "origin_city_seq": 5,
                        "destination_city_seq": 21,
                        "seat_counts": {
                            "online": 0,
                            "offline": 0,
                            "is_divided": true
                        }
                    }
                ],
                "train_model": "757",
                "is_open_for_all": true,
                "is_eid_trip": 0,
                "boarding_points": [
                    {
                        "trip_point_id": 107160578,
                        "location_id": 2704,
                        "location_name": "BBSetu_E Station",
                        "location_time": "10:35 PM"
                    }
                ],
                "is_international": 0,
                "is_from_city_international": false
            }
        ],
        "recommendations": [],
        "selected_seat_class": "S_CHAIR"
    },
    "extra": {
        "hash": "514D97166D2B16D7D4CA0823A966E975"
    }
}