{
    "data": {
        "trains": [
            {
                "trip_number": "RUPOSHI BANGLA EXPRESS (827)",
                "departure_date_time": "28 Dec, 03:25 pm",
                "departure_full_date": "2024-12-28",
                "departure_date_time_jd": "Sat, 28 Dec 2024, 03:25 PM",
                "arrival_date_time": "28 Dec, 07:00 pm",
                "travel_time": "03h 35m",
                "origin_city_name": "benapole",
                "destination_city_name": "dhaka",
                "seat_types": [
                    {
                        "key": 2,
                        "type": "AC_S",
                        "trip_id": 8381373,
                        "trip_route_id": 51642632,
                        "route_id": 26968,
                        "fare": "905.00",
                        "vat_percent": 15,
                        "vat_amount": 136,
                        "origin_city_seq": 1,
                        "destination_city_seq": 6,
                        "seat_counts": {
                            "online": 0,
                            "offline": 0,
                            "is_divided": true
                        }
                    },
                    {
                        "key": 3,
                        "type": "SNIGDHA",
                        "trip_id": 8381382,
                        "trip_route_id": 51642701,
                        "route_id": 26968,
                        "fare": "755.00",
                        "vat_percent": 15,
                        "vat_amount": 114,
                        "origin_city_seq": 1,
                        "destination_city_seq": 6,
                        "seat_counts": {
                            "online": 53,
                            "offline": 52,
                            "is_divided": true
                        }
                    },
                    {
                        "key": 7,
                        "type": "S_CHAIR",
                        "trip_id": 8381391,
                        "trip_route_id": 51642800,
                        "route_id": 26968,
                        "fare": "455.00",
                        "vat_percent": 0,
                        "vat_amount": 0,
                        "origin_city_seq": 1,
                        "destination_city_seq": 6,
                        "seat_counts": {
                            "online": 60,
                            "offline": 60,
                            "is_divided": true
                        }
                    }
                ],
                "train_model": "827",
                "is_open_for_all": true,
                "is_eid_trip": 0,
                "boarding_points": [
                    {
                        "trip_point_id": 107203885,
                        "location_id": 2784,
                        "location_name": "Benapole Station",
                        "location_time": "03:25 PM"
                    }
                ],
                "is_international": 0,
                "is_from_city_international": false
            }
        ],
        "recommendations": [],
        "selected_seat_class": "S_CHAIR"
    },
    "extra": {
        "hash": "514D97166D2B16D7D4CA0823A966E975"
    }
}