{
    "data": {
        "trains": [
            {
                "trip_number": "CHATTALA EXPRESS (802)",
                "departure_date_time": "28 Dec, 03:35 pm",
                "departure_full_date": "2024-12-28",
                "departure_date_time_jd": "Sat, 28 Dec 2024, 03:35 PM",
                "arrival_date_time": "28 Dec, 03:55 pm",
                "travel_time": "00h 20m",
                "origin_city_name": "bhairab_bazar",
                "destination_city_name": "brahmanbaria",
                "seat_types": [
                    {
                        "key": 7,
                        "type": "S_CHAIR",
                        "trip_id": 8379272,
                        "trip_route_id": 51575398,
                        "route_id": 22963,
                        "fare": "50.00",
                        "vat_percent": 0,
                        "vat_amount": 0,
                        "origin_city_seq": 5,
                        "destination_city_seq": 6,
                        "seat_counts": {
                            "online": 0,
                            "offline": 0,
                            "is_divided": true
                        }
                    }
                ],
                "train_model": "802",
                "is_open_for_all": true,
                "is_eid_trip": 0,
                "boarding_points": [
                    {
                        "trip_point_id": 107164296,
                        "location_id": 2829,
                        "location_name": "Bhairab_Bazar Station",
                        "location_time": "03:35 PM"
                    }
                ],
                "is_international": 0,
                "is_from_city_international": false
            }
        ],
        "recommendations": [
            {
                "origin": "Brahmanbaria",
                "destination": "Brahmanbaria"
            },
            {
                "origin": "Bhairab_bazar",
                "destination": "Bhairab_bazar"
            }
        ],
        "selected_seat_class": "S_CHAIR"
    },
    "extra": {
        "hash": "514D97166D2B16D7D4CA0823A966E975"
    }
}