{
    "data": {
        "trains": [
            {
                "trip_number": "RUPOSHI BANGLA EXPRESS (828)",
                "departure_date_time": "28 Dec, 11:50 am",
                "departure_full_date": "2024-12-28",
                "departure_date_time_jd": "Sat, 28 Dec 2024, 11:50 AM",
                "arrival_date_time": "28 Dec, 12:19 pm",
                "travel_time": "00h 29m",
                "origin_city_name": "bhanga_junction",
                "destination_city_name": "kashiani",
                "seat_types": [
                    {
                        "key": 7,
                        "type": "S_CHAIR",
                        "trip_id": 8381418,
                        "trip_route_id": 51643120,
                        "route_id": 26958,
                        "fare": "50.00",
                        "vat_percent": 0,
                        "vat_amount": 0,
                        "origin_city_seq": 2,
                        "destination_city_seq": 3,
                        "seat_counts": {
                            "online": 5,
                            "offline": 5,
                            "is_divided": true
                        }
                    }
                ],
                "train_model": "828",
                "is_open_for_all": true,
                "is_eid_trip": 0,
                "boarding_points": [
                    {
                        "trip_point_id": 107204309,
                        "location_id": 2943,
                        "location_name": "Bhanga_Junction Station",
                        "location_time": "11:50 AM"
                    }
                ],
                "is_international": 0,
                "is_from_city_international": false
            }
        ],
        "recommendations": [],
        "selected_seat_class": "S_CHAIR"
    },
    "extra": {
        "hash": "514D97166D2B16D7D4CA0823A966E975"
    }
}