{
    "data": {
        "trains": [
            {
                "trip_number": "MADHUMATI EXPRESS (755)",
                "departure_date_time": "28 Dec, 04:37 pm",
                "departure_full_date": "2024-12-28",
                "departure_date_time_jd": "Sat, 28 Dec 2024, 04:37 PM",
                "arrival_date_time": "28 Dec, 07:55 pm",
                "travel_time": "03h 18m",
                "origin_city_name": "bhanga",
                "destination_city_name": "poradaha",
                "seat_types": [
                    {
                        "key": 7,
                        "type": "S_CHAIR",
                        "trip_id": 8379325,
                        "trip_route_id": 51576500,
                        "route_id": 25784,
                        "fare": "160.00",
                        "vat_percent": 0,
                        "vat_amount": 0,
                        "origin_city_seq": 5,
                        "destination_city_seq": 17,
                        "seat_counts": {
                            "online": 5,
                            "offline": 4,
                            "is_divided": true
                        }
                    }
                ],
                "train_model": "755",
                "is_open_for_all": true,
                "is_eid_trip": 0,
                "boarding_points": [
                    {
                        "trip_point_id": 107164973,
                        "location_id": 2752,
                        "location_name": "Bhanga Station",
                        "location_time": "04:37 PM"
                    }
                ],
                "is_international": 0,
                "is_from_city_international": false
            }
        ],
        "recommendations": [],
        "selected_seat_class": "S_CHAIR"
    },
    "extra": {
        "hash": "514D97166D2B16D7D4CA0823A966E975"
    }
}