{
    "data": {
        "trains": [
            {
                "trip_number": "JAHANABAD EXPRESS (825)",
                "departure_date_time": "28 Dec, 08:16 am",
                "departure_full_date": "2024-12-28",
                "departure_date_time_jd": "Sat, 28 Dec 2024, 08:16 AM",
                "arrival_date_time": "28 Dec, 09:45 am",
                "travel_time": "01h 29m",
                "origin_city_name": "bhanga_junction",
                "destination_city_name": "dhaka",
                "seat_types": [
                    {
                        "key": 2,
                        "type": "AC_S",
                        "trip_id": 8381319,
                        "trip_route_id": 51641939,
                        "route_id": 26952,
                        "fare": "520.00",
                        "vat_percent": 15,
                        "vat_amount": 78,
                        "origin_city_seq": 7,
                        "destination_city_seq": 8,
                        "seat_counts": {
                            "online": 2,
                            "offline": 2,
                            "is_divided": true
                        }
                    },
                    {
                        "key": 3,
                        "type": "SNIGDHA",
                        "trip_id": 8381328,
                        "trip_route_id": 51642044,
                        "route_id": 26952,
                        "fare": "435.00",
                        "vat_percent": 15,
                        "vat_amount": 66,
                        "origin_city_seq": 7,
                        "destination_city_seq": 8,
                        "seat_counts": {
                            "online": 8,
                            "offline": 7,
                            "is_divided": true
                        }
                    },
                    {
                        "key": 7,
                        "type": "S_CHAIR",
                        "trip_id": 8381337,
                        "trip_route_id": 51642207,
                        "route_id": 26952,
                        "fare": "260.00",
                        "vat_percent": 0,
                        "vat_amount": 0,
                        "origin_city_seq": 7,
                        "destination_city_seq": 8,
                        "seat_counts": {
                            "online": 20,
                            "offline": 20,
                            "is_divided": true
                        }
                    }
                ],
                "train_model": "825",
                "is_open_for_all": true,
                "is_eid_trip": 0,
                "boarding_points": [
                    {
                        "trip_point_id": 107203238,
                        "location_id": 2943,
                        "location_name": "Bhanga_Junction Station",
                        "location_time": "08:16 AM"
                    }
                ],
                "is_international": 0,
                "is_from_city_international": false
            },
            {
                "trip_number": "RUPOSHI BANGLA EXPRESS (827)",
                "departure_date_time": "28 Dec, 05:46 pm",
                "departure_full_date": "2024-12-28",
                "departure_date_time_jd": "Sat, 28 Dec 2024, 05:46 PM",
                "arrival_date_time": "28 Dec, 07:00 pm",
                "travel_time": "01h 14m",
                "origin_city_name": "bhanga_junction",
                "destination_city_name": "dhaka",
                "seat_types": [
                    {
                        "key": 2,
                        "type": "AC_S",
                        "trip_id": 8381373,
                        "trip_route_id": 51642638,
                        "route_id": 26982,
                        "fare": "520.00",
                        "vat_percent": 15,
                        "vat_amount": 78,
                        "origin_city_seq": 5,
                        "destination_city_seq": 6,
                        "seat_counts": {
                            "online": 2,
                            "offline": 2,
                            "is_divided": true
                        }
                    },
                    {
                        "key": 3,
                        "type": "SNIGDHA",
                        "trip_id": 8381382,
                        "trip_route_id": 51642709,
                        "route_id": 26982,
                        "fare": "435.00",
                        "vat_percent": 15,
                        "vat_amount": 66,
                        "origin_city_seq": 5,
                        "destination_city_seq": 6,
                        "seat_counts": {
                            "online": 10,
                            "offline": 10,
                            "is_divided": true
                        }
                    },
                    {
                        "key": 7,
                        "type": "S_CHAIR",
                        "trip_id": 8381391,
                        "trip_route_id": 51642814,
                        "route_id": 26982,
                        "fare": "260.00",
                        "vat_percent": 0,
                        "vat_amount": 0,
                        "origin_city_seq": 5,
                        "destination_city_seq": 6,
                        "seat_counts": {
                            "online": 21,
                            "offline": 21,
                            "is_divided": true
                        }
                    }
                ],
                "train_model": "827",
                "is_open_for_all": true,
                "is_eid_trip": 0,
                "boarding_points": [
                    {
                        "trip_point_id": 107203889,
                        "location_id": 2943,
                        "location_name": "Bhanga_Junction Station",
                        "location_time": "05:46 PM"
                    }
                ],
                "is_international": 0,
                "is_from_city_international": false
            }
        ],
        "recommendations": [],
        "selected_seat_class": "S_CHAIR"
    },
    "extra": {
        "hash": "9B1AE5D785CE06CB8297D91B072BFF98"
    }
}