{
    "data": {
        "trains": [
            {
                "trip_number": "TUNGIPARA EXPRESS (784)",
                "departure_date_time": "28 Dec, 05:04 pm",
                "departure_full_date": "2024-12-28",
                "departure_date_time_jd": "Sat, 28 Dec 2024, 05:04 PM",
                "arrival_date_time": "28 Dec, 07:04 pm",
                "travel_time": "02h 00m",
                "origin_city_name": "bheramara",
                "destination_city_name": "kalukhali",
                "seat_types": [
                    {
                        "key": 7,
                        "type": "S_CHAIR",
                        "trip_id": 8379120,
                        "trip_route_id": 51571466,
                        "route_id": 21958,
                        "fare": "90.00",
                        "vat_percent": 0,
                        "vat_amount": 0,
                        "origin_city_seq": 3,
                        "destination_city_seq": 9,
                        "seat_counts": {
                            "online": 0,
                            "offline": 0,
                            "is_divided": true
                        }
                    },
                    {
                        "key": 8,
                        "type": "SHOVAN",
                        "trip_id": 8379121,
                        "trip_route_id": 51571546,
                        "route_id": 21958,
                        "fare": "75.00",
                        "vat_percent": 0,
                        "vat_amount": 0,
                        "origin_city_seq": 3,
                        "destination_city_seq": 9,
                        "seat_counts": {
                            "online": 3,
                            "offline": 2,
                            "is_divided": true
                        }
                    }
                ],
                "train_model": "784",
                "is_open_for_all": true,
                "is_eid_trip": 0,
                "boarding_points": [
                    {
                        "trip_point_id": 107161651,
                        "location_id": 2779,
                        "location_name": "Bheramara Station",
                        "location_time": "05:04 PM"
                    }
                ],
                "is_international": 0,
                "is_from_city_international": false
            }
        ],
        "recommendations": [],
        "selected_seat_class": "S_CHAIR"
    },
    "extra": {
        "hash": "514D97166D2B16D7D4CA0823A966E975"
    }
}