{
    "data": {
        "trains": [
            {
                "trip_number": "CHATTALA EXPRESS (801)",
                "departure_date_time": "28 Dec, 11:46 am",
                "departure_full_date": "2024-12-28",
                "departure_date_time_jd": "Sat, 28 Dec 2024, 11:46 AM",
                "arrival_date_time": "28 Dec, 12:10 pm",
                "travel_time": "00h 24m",
                "origin_city_name": "biman_bandar",
                "destination_city_name": "dhaka",
                "seat_types": [
                    {
                        "key": 7,
                        "type": "S_CHAIR",
                        "trip_id": 8379269,
                        "trip_route_id": 51575259,
                        "route_id": 22912,
                        "fare": "50.00",
                        "vat_percent": 0,
                        "vat_amount": 0,
                        "origin_city_seq": 15,
                        "destination_city_seq": 16,
                        "seat_counts": {
                            "online": 0,
                            "offline": 0,
                            "is_divided": true
                        }
                    }
                ],
                "train_model": "801",
                "is_open_for_all": true,
                "is_eid_trip": 0,
                "boarding_points": [
                    {
                        "trip_point_id": 107164227,
                        "location_id": 2702,
                        "location_name": "Biman_Bandar Station",
                        "location_time": "11:46 AM"
                    }
                ],
                "is_international": 0,
                "is_from_city_international": false
            }
        ],
        "recommendations": [
            {
                "origin": "Dhaka",
                "destination": "Dhaka"
            },
            {
                "origin": "Biman_bandar",
                "destination": "Biman_bandar"
            }
        ],
        "selected_seat_class": "S_CHAIR"
    },
    "extra": {
        "hash": "514D97166D2B16D7D4CA0823A966E975"
    }
}