{
    "data": {
        "trains": [
            {
                "trip_number": "PARABAT EXPRESS (709)",
                "departure_date_time": "28 Dec, 06:58 am",
                "departure_full_date": "2024-12-28",
                "departure_date_time_jd": "Sat, 28 Dec 2024, 06:58 AM",
                "arrival_date_time": "28 Dec, 09:52 am",
                "travel_time": "02h 54m",
                "origin_city_name": "biman_bandar",
                "destination_city_name": "shaistaganj",
                "seat_types": [
                    {
                        "key": 3,
                        "type": "SNIGDHA",
                        "trip_id": 8379128,
                        "trip_route_id": 51571712,
                        "route_id": 22132,
                        "fare": "395.00",
                        "vat_percent": 15,
                        "vat_amount": 60,
                        "origin_city_seq": 2,
                        "destination_city_seq": 7,
                        "seat_counts": {
                            "online": 0,
                            "offline": 0,
                            "is_divided": true
                        }
                    },
                    {
                        "key": 7,
                        "type": "S_CHAIR",
                        "trip_id": 8379171,
                        "trip_route_id": 51572821,
                        "route_id": 22132,
                        "fare": "235.00",
                        "vat_percent": 0,
                        "vat_amount": 0,
                        "origin_city_seq": 2,
                        "destination_city_seq": 7,
                        "seat_counts": {
                            "online": 0,
                            "offline": 0,
                            "is_divided": true
                        }
                    },
                    {
                        "key": 5,
                        "type": "F_SEAT",
                        "trip_id": 8379172,
                        "trip_route_id": 51572858,
                        "route_id": 22132,
                        "fare": "315.00",
                        "vat_percent": 15,
                        "vat_amount": 48,
                        "origin_city_seq": 2,
                        "destination_city_seq": 7,
                        "seat_counts": {
                            "online": 0,
                            "offline": 0,
                            "is_divided": true
                        }
                    },
                    {
                        "key": 2,
                        "type": "AC_S",
                        "trip_id": 8379173,
                        "trip_route_id": 51572893,
                        "route_id": 22132,
                        "fare": "470.00",
                        "vat_percent": 15,
                        "vat_amount": 71,
                        "origin_city_seq": 2,
                        "destination_city_seq": 7,
                        "seat_counts": {
                            "online": 0,
                            "offline": 0,
                            "is_divided": true
                        }
                    }
                ],
                "train_model": "709",
                "is_open_for_all": true,
                "is_eid_trip": 0,
                "boarding_points": [
                    {
                        "trip_point_id": 107161770,
                        "location_id": 2702,
                        "location_name": "Biman_Bandar Station",
                        "location_time": "06:58 AM"
                    }
                ],
                "is_international": 0,
                "is_from_city_international": false
            },
            {
                "trip_number": "UPABAN EXPRESS (739)",
                "departure_date_time": "28 Dec, 10:28 pm",
                "departure_full_date": "2024-12-28",
                "departure_date_time_jd": "Sat, 28 Dec 2024, 10:28 PM",
                "arrival_date_time": "29 Dec, 01:22 am",
                "travel_time": "02h 54m",
                "origin_city_name": "biman_bandar",
                "destination_city_name": "shaistaganj",
                "seat_types": [
                    {
                        "key": 3,
                        "type": "SNIGDHA",
                        "trip_id": 8379150,
                        "trip_route_id": 51572331,
                        "route_id": 22771,
                        "fare": "395.00",
                        "vat_percent": 15,
                        "vat_amount": 60,
                        "origin_city_seq": 2,
                        "destination_city_seq": 5,
                        "seat_counts": {
                            "online": 0,
                            "offline": 0,
                            "is_divided": true
                        }
                    },
                    {
                        "key": 1,
                        "type": "AC_B",
                        "trip_id": 8379206,
                        "trip_route_id": 51573880,
                        "route_id": 22771,
                        "fare": "705.00",
                        "vat_percent": 15,
                        "vat_amount": 106,
                        "origin_city_seq": 2,
                        "destination_city_seq": 5,
                        "seat_counts": {
                            "online": 0,
                            "offline": 0,
                            "is_divided": true
                        }
                    },
                    {
                        "key": 7,
                        "type": "S_CHAIR",
                        "trip_id": 8379207,
                        "trip_route_id": 51573904,
                        "route_id": 22771,
                        "fare": "235.00",
                        "vat_percent": 0,
                        "vat_amount": 0,
                        "origin_city_seq": 2,
                        "destination_city_seq": 5,
                        "seat_counts": {
                            "online": 0,
                            "offline": 0,
                            "is_divided": true
                        }
                    }
                ],
                "train_model": "739",
                "is_open_for_all": true,
                "is_eid_trip": 0,
                "boarding_points": [
                    {
                        "trip_point_id": 107162184,
                        "location_id": 2702,
                        "location_name": "Biman_Bandar Station",
                        "location_time": "10:28 PM"
                    }
                ],
                "is_international": 0,
                "is_from_city_international": false
            }
        ],
        "recommendations": [
            {
                "origin": "Bhairab_bazar",
                "destination": "Shaistaganj"
            },
            {
                "origin": "Biman_bandar",
                "destination": "Nayapara"
            }
        ],
        "selected_seat_class": "S_CHAIR"
    },
    "extra": {
        "hash": "514D97166D2B16D7D4CA0823A966E975"
    }
}