{
    "data": {
        "trains": [
            {
                "trip_number": "EKOTA EXPRESS (705)",
                "departure_date_time": "28 Dec, 10:43 am",
                "departure_full_date": "2024-12-28",
                "departure_date_time_jd": "Sat, 28 Dec 2024, 10:43 AM",
                "arrival_date_time": "28 Dec, 09:00 pm",
                "travel_time": "10h 17m",
                "origin_city_name": "biman_bandar",
                "destination_city_name": "b sirajul islam",
                "seat_types": [
                    {
                        "key": 3,
                        "type": "SNIGDHA",
                        "trip_id": 8379059,
                        "trip_route_id": 51567069,
                        "route_id": 19338,
                        "fare": "1160.00",
                        "vat_percent": 15,
                        "vat_amount": 174,
                        "origin_city_seq": 2,
                        "destination_city_seq": 27,
                        "seat_counts": {
                            "online": 0,
                            "offline": 0,
                            "is_divided": true
                        }
                    },
                    {
                        "key": 7,
                        "type": "S_CHAIR",
                        "trip_id": 8379060,
                        "trip_route_id": 51567167,
                        "route_id": 19338,
                        "fare": "695.00",
                        "vat_percent": 0,
                        "vat_amount": 0,
                        "origin_city_seq": 2,
                        "destination_city_seq": 27,
                        "seat_counts": {
                            "online": 6,
                            "offline": 6,
                            "is_divided": true
                        }
                    },
                    {
                        "key": 2,
                        "type": "AC_S",
                        "trip_id": 8379061,
                        "trip_route_id": 51567256,
                        "route_id": 19338,
                        "fare": "1390.00",
                        "vat_percent": 15,
                        "vat_amount": 209,
                        "origin_city_seq": 2,
                        "destination_city_seq": 27,
                        "seat_counts": {
                            "online": 0,
                            "offline": 0,
                            "is_divided": true
                        }
                    }
                ],
                "train_model": "705",
                "is_open_for_all": true,
                "is_eid_trip": 0,
                "boarding_points": [
                    {
                        "trip_point_id": 107159647,
                        "location_id": 2702,
                        "location_name": "Biman_Bandar Station",
                        "location_time": "10:43 AM"
                    }
                ],
                "is_international": 0,
                "is_from_city_international": false
            },
            {
                "trip_number": "DRUTOJAN EXPRESS (757)",
                "departure_date_time": "28 Dec, 08:28 pm",
                "departure_full_date": "2024-12-28",
                "departure_date_time_jd": "Sat, 28 Dec 2024, 08:28 PM",
                "arrival_date_time": "29 Dec, 06:45 am",
                "travel_time": "10h 17m",
                "origin_city_name": "biman_bandar",
                "destination_city_name": "b sirajul islam",
                "seat_types": [
                    {
                        "key": 3,
                        "type": "SNIGDHA",
                        "trip_id": 8379090,
                        "trip_route_id": 51568991,
                        "route_id": 19338,
                        "fare": "1160.00",
                        "vat_percent": 15,
                        "vat_amount": 174,
                        "origin_city_seq": 2,
                        "destination_city_seq": 27,
                        "seat_counts": {
                            "online": 5,
                            "offline": 5,
                            "is_divided": true
                        }
                    },
                    {
                        "key": 7,
                        "type": "S_CHAIR",
                        "trip_id": 8379101,
                        "trip_route_id": 51570144,
                        "route_id": 19338,
                        "fare": "695.00",
                        "vat_percent": 0,
                        "vat_amount": 0,
                        "origin_city_seq": 2,
                        "destination_city_seq": 27,
                        "seat_counts": {
                            "online": 0,
                            "offline": 0,
                            "is_divided": true
                        }
                    },
                    {
                        "key": 1,
                        "type": "AC_B",
                        "trip_id": 8379275,
                        "trip_route_id": 51575518,
                        "route_id": 19338,
                        "fare": "2085.00",
                        "vat_percent": 15,
                        "vat_amount": 313,
                        "origin_city_seq": 2,
                        "destination_city_seq": 27,
                        "seat_counts": {
                            "online": 1,
                            "offline": 0,
                            "is_divided": true
                        }
                    }
                ],
                "train_model": "757",
                "is_open_for_all": true,
                "is_eid_trip": 0,
                "boarding_points": [
                    {
                        "trip_point_id": 107160576,
                        "location_id": 2702,
                        "location_name": "Biman_Bandar Station",
                        "location_time": "08:28 PM"
                    }
                ],
                "is_international": 0,
                "is_from_city_international": false
            },
            {
                "trip_number": "PANCHAGARH EXPRESS (793)",
                "departure_date_time": "28 Dec, 11:58 pm",
                "departure_full_date": "2024-12-28",
                "departure_date_time_jd": "Sat, 28 Dec 2024, 11:58 PM",
                "arrival_date_time": "29 Dec, 09:50 am",
                "travel_time": "09h 52m",
                "origin_city_name": "biman_bandar",
                "destination_city_name": "b sirajul islam",
                "seat_types": [
                    {
                        "key": 3,
                        "type": "SNIGDHA",
                        "trip_id": 8379036,
                        "trip_route_id": 51565812,
                        "route_id": 19338,
                        "fare": "1160.00",
                        "vat_percent": 15,
                        "vat_amount": 174,
                        "origin_city_seq": 2,
                        "destination_city_seq": 27,
                        "seat_counts": {
                            "online": 5,
                            "offline": 5,
                            "is_divided": true
                        }
                    },
                    {
                        "key": 7,
                        "type": "S_CHAIR",
                        "trip_id": 8379037,
                        "trip_route_id": 51565849,
                        "route_id": 19338,
                        "fare": "695.00",
                        "vat_percent": 0,
                        "vat_amount": 0,
                        "origin_city_seq": 2,
                        "destination_city_seq": 27,
                        "seat_counts": {
                            "online": 14,
                            "offline": 13,
                            "is_divided": true
                        }
                    },
                    {
                        "key": 1,
                        "type": "AC_B",
                        "trip_id": 8379276,
                        "trip_route_id": 51575555,
                        "route_id": 19338,
                        "fare": "2085.00",
                        "vat_percent": 15,
                        "vat_amount": 313,
                        "origin_city_seq": 2,
                        "destination_city_seq": 27,
                        "seat_counts": {
                            "online": 0,
                            "offline": 0,
                            "is_divided": true
                        }
                    }
                ],
                "train_model": "793",
                "is_open_for_all": true,
                "is_eid_trip": 0,
                "boarding_points": [
                    {
                        "trip_point_id": 107158997,
                        "location_id": 2702,
                        "location_name": "Biman_Bandar Station",
                        "location_time": "11:58 PM"
                    }
                ],
                "is_international": 0,
                "is_from_city_international": false
            }
        ],
        "recommendations": [],
        "selected_seat_class": "S_CHAIR"
    },
    "extra": {
        "hash": "514D97166D2B16D7D4CA0823A966E975"
    }
}