{
    "data": {
        "trains": [
            {
                "trip_number": "DHUMKETU EXPRESS (769)",
                "departure_date_time": "28 Dec, 06:28 am",
                "departure_full_date": "2024-12-28",
                "departure_date_time_jd": "Sat, 28 Dec 2024, 06:28 AM",
                "arrival_date_time": "28 Dec, 08:54 am",
                "travel_time": "02h 26m",
                "origin_city_name": "biman_bandar",
                "destination_city_name": "sh m monsur ali",
                "seat_types": [
                    {
                        "key": 7,
                        "type": "S_CHAIR",
                        "trip_id": 8379019,
                        "trip_route_id": 51565104,
                        "route_id": 19512,
                        "fare": "250.00",
                        "vat_percent": 0,
                        "vat_amount": 0,
                        "origin_city_seq": 2,
                        "destination_city_seq": 7,
                        "seat_counts": {
                            "online": 3,
                            "offline": 2,
                            "is_divided": true
                        }
                    },
                    {
                        "key": 3,
                        "type": "SNIGDHA",
                        "trip_id": 8379020,
                        "trip_route_id": 51565152,
                        "route_id": 19512,
                        "fare": "420.00",
                        "vat_percent": 15,
                        "vat_amount": 63,
                        "origin_city_seq": 2,
                        "destination_city_seq": 7,
                        "seat_counts": {
                            "online": 0,
                            "offline": 0,
                            "is_divided": true
                        }
                    },
                    {
                        "key": 2,
                        "type": "AC_S",
                        "trip_id": 8379021,
                        "trip_route_id": 51565203,
                        "route_id": 19512,
                        "fare": "500.00",
                        "vat_percent": 15,
                        "vat_amount": 75,
                        "origin_city_seq": 2,
                        "destination_city_seq": 7,
                        "seat_counts": {
                            "online": 0,
                            "offline": 0,
                            "is_divided": true
                        }
                    }
                ],
                "train_model": "769",
                "is_open_for_all": true,
                "is_eid_trip": 0,
                "boarding_points": [
                    {
                        "trip_point_id": 107158604,
                        "location_id": 2702,
                        "location_name": "Biman_Bandar Station",
                        "location_time": "06:28 AM"
                    }
                ],
                "is_international": 0,
                "is_from_city_international": false
            },
            {
                "trip_number": "SILKCITY EXPRESS (753)",
                "departure_date_time": "28 Dec, 03:08 pm",
                "departure_full_date": "2024-12-28",
                "departure_date_time_jd": "Sat, 28 Dec 2024, 03:08 PM",
                "arrival_date_time": "28 Dec, 05:40 pm",
                "travel_time": "02h 32m",
                "origin_city_name": "biman_bandar",
                "destination_city_name": "sh m monsur ali",
                "seat_types": [
                    {
                        "key": 2,
                        "type": "AC_S",
                        "trip_id": 8379030,
                        "trip_route_id": 51565537,
                        "route_id": 19512,
                        "fare": "500.00",
                        "vat_percent": 15,
                        "vat_amount": 75,
                        "origin_city_seq": 2,
                        "destination_city_seq": 7,
                        "seat_counts": {
                            "online": 0,
                            "offline": 0,
                            "is_divided": true
                        }
                    },
                    {
                        "key": 3,
                        "type": "SNIGDHA",
                        "trip_id": 8379031,
                        "trip_route_id": 51565583,
                        "route_id": 19512,
                        "fare": "420.00",
                        "vat_percent": 15,
                        "vat_amount": 63,
                        "origin_city_seq": 2,
                        "destination_city_seq": 7,
                        "seat_counts": {
                            "online": 0,
                            "offline": 0,
                            "is_divided": true
                        }
                    },
                    {
                        "key": 7,
                        "type": "S_CHAIR",
                        "trip_id": 8379032,
                        "trip_route_id": 51565630,
                        "route_id": 19512,
                        "fare": "250.00",
                        "vat_percent": 0,
                        "vat_amount": 0,
                        "origin_city_seq": 2,
                        "destination_city_seq": 7,
                        "seat_counts": {
                            "online": 3,
                            "offline": 2,
                            "is_divided": true
                        }
                    }
                ],
                "train_model": "753",
                "is_open_for_all": true,
                "is_eid_trip": 0,
                "boarding_points": [
                    {
                        "trip_point_id": 107158844,
                        "location_id": 2702,
                        "location_name": "Biman_Bandar Station",
                        "location_time": "03:08 PM"
                    }
                ],
                "is_international": 0,
                "is_from_city_international": false
            },
            {
                "trip_number": "PADMA EXPRESS (759)",
                "departure_date_time": "28 Dec, 11:13 pm",
                "departure_full_date": "2024-12-28",
                "departure_date_time_jd": "Sat, 28 Dec 2024, 11:13 PM",
                "arrival_date_time": "29 Dec, 01:30 am",
                "travel_time": "02h 17m",
                "origin_city_name": "biman_bandar",
                "destination_city_name": "sh m monsur ali",
                "seat_types": [
                    {
                        "key": 1,
                        "type": "AC_B",
                        "trip_id": 8379025,
                        "trip_route_id": 51565316,
                        "route_id": 19512,
                        "fare": "750.00",
                        "vat_percent": 15,
                        "vat_amount": 113,
                        "origin_city_seq": 2,
                        "destination_city_seq": 7,
                        "seat_counts": {
                            "online": 0,
                            "offline": 0,
                            "is_divided": true
                        }
                    },
                    {
                        "key": 3,
                        "type": "SNIGDHA",
                        "trip_id": 8379026,
                        "trip_route_id": 51565363,
                        "route_id": 19512,
                        "fare": "420.00",
                        "vat_percent": 15,
                        "vat_amount": 63,
                        "origin_city_seq": 2,
                        "destination_city_seq": 7,
                        "seat_counts": {
                            "online": 0,
                            "offline": 0,
                            "is_divided": true
                        }
                    },
                    {
                        "key": 7,
                        "type": "S_CHAIR",
                        "trip_id": 8379027,
                        "trip_route_id": 51565410,
                        "route_id": 19512,
                        "fare": "250.00",
                        "vat_percent": 0,
                        "vat_amount": 0,
                        "origin_city_seq": 2,
                        "destination_city_seq": 7,
                        "seat_counts": {
                            "online": 0,
                            "offline": 0,
                            "is_divided": true
                        }
                    }
                ],
                "train_model": "759",
                "is_open_for_all": true,
                "is_eid_trip": 0,
                "boarding_points": [
                    {
                        "trip_point_id": 107158730,
                        "location_id": 2702,
                        "location_name": "Biman_Bandar Station",
                        "location_time": "11:13 PM"
                    }
                ],
                "is_international": 0,
                "is_from_city_international": false
            }
        ],
        "recommendations": [],
        "selected_seat_class": "S_CHAIR"
    },
    "extra": {
        "hash": "514D97166D2B16D7D4CA0823A966E975"
    }
}