{
    "data": {
        "trains": [
            {
                "trip_number": "EGAROSINDHUR PROVATI (737)",
                "departure_date_time": "28 Dec, 07:43 am",
                "departure_full_date": "2024-12-28",
                "departure_date_time_jd": "Sat, 28 Dec 2024, 07:43 AM",
                "arrival_date_time": "28 Dec, 09:42 am",
                "travel_time": "01h 59m",
                "origin_city_name": "biman_bandar",
                "destination_city_name": "bajitpur",
                "seat_types": [
                    {
                        "key": 5,
                        "type": "F_SEAT",
                        "trip_id": 8379147,
                        "trip_route_id": 51572270,
                        "route_id": 22724,
                        "fare": "170.00",
                        "vat_percent": 15,
                        "vat_amount": 26,
                        "origin_city_seq": 2,
                        "destination_city_seq": 7,
                        "seat_counts": {
                            "online": 0,
                            "offline": 0,
                            "is_divided": true
                        }
                    },
                    {
                        "key": 7,
                        "type": "S_CHAIR",
                        "trip_id": 8379201,
                        "trip_route_id": 51573764,
                        "route_id": 22724,
                        "fare": "125.00",
                        "vat_percent": 0,
                        "vat_amount": 0,
                        "origin_city_seq": 2,
                        "destination_city_seq": 7,
                        "seat_counts": {
                            "online": 0,
                            "offline": 0,
                            "is_divided": true
                        }
                    },
                    {
                        "key": 8,
                        "type": "SHOVAN",
                        "trip_id": 8379202,
                        "trip_route_id": 51573787,
                        "route_id": 22724,
                        "fare": "105.00",
                        "vat_percent": 0,
                        "vat_amount": 0,
                        "origin_city_seq": 2,
                        "destination_city_seq": 7,
                        "seat_counts": {
                            "online": 10,
                            "offline": 10,
                            "is_divided": true
                        }
                    }
                ],
                "train_model": "737",
                "is_open_for_all": true,
                "is_eid_trip": 0,
                "boarding_points": [
                    {
                        "trip_point_id": 107162132,
                        "location_id": 2702,
                        "location_name": "Biman_Bandar Station",
                        "location_time": "07:43 AM"
                    }
                ],
                "is_international": 0,
                "is_from_city_international": false
            },
            {
                "trip_number": "KISHORGANJ EXPRESS (781)",
                "departure_date_time": "28 Dec, 10:58 am",
                "departure_full_date": "2024-12-28",
                "departure_date_time_jd": "Sat, 28 Dec 2024, 10:58 AM",
                "arrival_date_time": "28 Dec, 01:04 pm",
                "travel_time": "02h 06m",
                "origin_city_name": "biman_bandar",
                "destination_city_name": "bajitpur",
                "seat_types": [
                    {
                        "key": 3,
                        "type": "SNIGDHA",
                        "trip_id": 8379225,
                        "trip_route_id": 51574256,
                        "route_id": 22724,
                        "fare": "210.00",
                        "vat_percent": 15,
                        "vat_amount": 32,
                        "origin_city_seq": 2,
                        "destination_city_seq": 7,
                        "seat_counts": {
                            "online": 0,
                            "offline": 0,
                            "is_divided": true
                        }
                    },
                    {
                        "key": 7,
                        "type": "S_CHAIR",
                        "trip_id": 8379249,
                        "trip_route_id": 51574696,
                        "route_id": 22724,
                        "fare": "125.00",
                        "vat_percent": 0,
                        "vat_amount": 0,
                        "origin_city_seq": 2,
                        "destination_city_seq": 7,
                        "seat_counts": {
                            "online": 9,
                            "offline": 8,
                            "is_divided": true
                        }
                    },
                    {
                        "key": 2,
                        "type": "AC_S",
                        "trip_id": 8379250,
                        "trip_route_id": 51574728,
                        "route_id": 22724,
                        "fare": "250.00",
                        "vat_percent": 15,
                        "vat_amount": 38,
                        "origin_city_seq": 2,
                        "destination_city_seq": 7,
                        "seat_counts": {
                            "online": 0,
                            "offline": 0,
                            "is_divided": true
                        }
                    }
                ],
                "train_model": "781",
                "is_open_for_all": true,
                "is_eid_trip": 0,
                "boarding_points": [
                    {
                        "trip_point_id": 107163525,
                        "location_id": 2702,
                        "location_name": "Biman_Bandar Station",
                        "location_time": "10:58 AM"
                    }
                ],
                "is_international": 0,
                "is_from_city_international": false
            },
            {
                "trip_number": "EGAROSINDHUR GODHULI (749)",
                "departure_date_time": "28 Dec, 07:13 pm",
                "departure_full_date": "2024-12-28",
                "departure_date_time_jd": "Sat, 28 Dec 2024, 07:13 PM",
                "arrival_date_time": "28 Dec, 09:20 pm",
                "travel_time": "02h 07m",
                "origin_city_name": "biman_bandar",
                "destination_city_name": "bajitpur",
                "seat_types": [
                    {
                        "key": 5,
                        "type": "F_SEAT",
                        "trip_id": 8379165,
                        "trip_route_id": 51572664,
                        "route_id": 22724,
                        "fare": "170.00",
                        "vat_percent": 15,
                        "vat_amount": 26,
                        "origin_city_seq": 2,
                        "destination_city_seq": 7,
                        "seat_counts": {
                            "online": 0,
                            "offline": 0,
                            "is_divided": true
                        }
                    },
                    {
                        "key": 6,
                        "type": "F_CHAIR",
                        "trip_id": 8379227,
                        "trip_route_id": 51574304,
                        "route_id": 22724,
                        "fare": "170.00",
                        "vat_percent": 15,
                        "vat_amount": 26,
                        "origin_city_seq": 2,
                        "destination_city_seq": 7,
                        "seat_counts": {
                            "online": 0,
                            "offline": 0,
                            "is_divided": true
                        }
                    },
                    {
                        "key": 7,
                        "type": "S_CHAIR",
                        "trip_id": 8379229,
                        "trip_route_id": 51574350,
                        "route_id": 22724,
                        "fare": "125.00",
                        "vat_percent": 0,
                        "vat_amount": 0,
                        "origin_city_seq": 2,
                        "destination_city_seq": 7,
                        "seat_counts": {
                            "online": 0,
                            "offline": 0,
                            "is_divided": true
                        }
                    },
                    {
                        "key": 8,
                        "type": "SHOVAN",
                        "trip_id": 8379230,
                        "trip_route_id": 51574373,
                        "route_id": 22724,
                        "fare": "105.00",
                        "vat_percent": 0,
                        "vat_amount": 0,
                        "origin_city_seq": 2,
                        "destination_city_seq": 7,
                        "seat_counts": {
                            "online": 9,
                            "offline": 9,
                            "is_divided": true
                        }
                    }
                ],
                "train_model": "749",
                "is_open_for_all": true,
                "is_eid_trip": 0,
                "boarding_points": [
                    {
                        "trip_point_id": 107162414,
                        "location_id": 2702,
                        "location_name": "Biman_Bandar Station",
                        "location_time": "07:13 PM"
                    }
                ],
                "is_international": 0,
                "is_from_city_international": false
            }
        ],
        "recommendations": [],
        "selected_seat_class": "S_CHAIR"
    },
    "extra": {
        "hash": "514D97166D2B16D7D4CA0823A966E975"
    }
}