{
    "data": {
        "trains": [
            {
                "trip_number": "PARABAT EXPRESS (709)",
                "departure_date_time": "28 Dec, 06:58 am",
                "departure_full_date": "2024-12-28",
                "departure_date_time_jd": "Sat, 28 Dec 2024, 06:58 AM",
                "arrival_date_time": "28 Dec, 11:25 am",
                "travel_time": "04h 27m",
                "origin_city_name": "biman_bandar",
                "destination_city_name": "kulaura",
                "seat_types": [
                    {
                        "key": 3,
                        "type": "SNIGDHA",
                        "trip_id": 8379128,
                        "trip_route_id": 51571715,
                        "route_id": 22134,
                        "fare": "530.00",
                        "vat_percent": 15,
                        "vat_amount": 80,
                        "origin_city_seq": 2,
                        "destination_city_seq": 10,
                        "seat_counts": {
                            "online": 0,
                            "offline": 0,
                            "is_divided": true
                        }
                    },
                    {
                        "key": 7,
                        "type": "S_CHAIR",
                        "trip_id": 8379171,
                        "trip_route_id": 51572824,
                        "route_id": 22134,
                        "fare": "320.00",
                        "vat_percent": 0,
                        "vat_amount": 0,
                        "origin_city_seq": 2,
                        "destination_city_seq": 10,
                        "seat_counts": {
                            "online": 0,
                            "offline": 0,
                            "is_divided": true
                        }
                    },
                    {
                        "key": 5,
                        "type": "F_SEAT",
                        "trip_id": 8379172,
                        "trip_route_id": 51572861,
                        "route_id": 22134,
                        "fare": "425.00",
                        "vat_percent": 15,
                        "vat_amount": 64,
                        "origin_city_seq": 2,
                        "destination_city_seq": 10,
                        "seat_counts": {
                            "online": 0,
                            "offline": 0,
                            "is_divided": true
                        }
                    },
                    {
                        "key": 2,
                        "type": "AC_S",
                        "trip_id": 8379173,
                        "trip_route_id": 51572896,
                        "route_id": 22134,
                        "fare": "635.00",
                        "vat_percent": 15,
                        "vat_amount": 96,
                        "origin_city_seq": 2,
                        "destination_city_seq": 10,
                        "seat_counts": {
                            "online": 0,
                            "offline": 0,
                            "is_divided": true
                        }
                    }
                ],
                "train_model": "709",
                "is_open_for_all": true,
                "is_eid_trip": 0,
                "boarding_points": [
                    {
                        "trip_point_id": 107161770,
                        "location_id": 2702,
                        "location_name": "Biman_Bandar Station",
                        "location_time": "06:58 AM"
                    }
                ],
                "is_international": 0,
                "is_from_city_international": false
            },
            {
                "trip_number": "JAYENTIKA EXPRESS (717)",
                "departure_date_time": "28 Dec, 11:43 am",
                "departure_full_date": "2024-12-28",
                "departure_date_time_jd": "Sat, 28 Dec 2024, 11:43 AM",
                "arrival_date_time": "28 Dec, 05:11 pm",
                "travel_time": "05h 28m",
                "origin_city_name": "biman_bandar",
                "destination_city_name": "kulaura",
                "seat_types": [
                    {
                        "key": 3,
                        "type": "SNIGDHA",
                        "trip_id": 8379132,
                        "trip_route_id": 51571888,
                        "route_id": 22312,
                        "fare": "530.00",
                        "vat_percent": 15,
                        "vat_amount": 80,
                        "origin_city_seq": 2,
                        "destination_city_seq": 14,
                        "seat_counts": {
                            "online": 0,
                            "offline": 0,
                            "is_divided": true
                        }
                    },
                    {
                        "key": 7,
                        "type": "S_CHAIR",
                        "trip_id": 8379179,
                        "trip_route_id": 51573150,
                        "route_id": 22312,
                        "fare": "320.00",
                        "vat_percent": 0,
                        "vat_amount": 0,
                        "origin_city_seq": 2,
                        "destination_city_seq": 14,
                        "seat_counts": {
                            "online": 0,
                            "offline": 0,
                            "is_divided": true
                        }
                    },
                    {
                        "key": 2,
                        "type": "AC_S",
                        "trip_id": 8379180,
                        "trip_route_id": 51573185,
                        "route_id": 22312,
                        "fare": "635.00",
                        "vat_percent": 15,
                        "vat_amount": 96,
                        "origin_city_seq": 2,
                        "destination_city_seq": 14,
                        "seat_counts": {
                            "online": 0,
                            "offline": 0,
                            "is_divided": true
                        }
                    }
                ],
                "train_model": "717",
                "is_open_for_all": true,
                "is_eid_trip": 0,
                "boarding_points": [
                    {
                        "trip_point_id": 107161861,
                        "location_id": 2702,
                        "location_name": "Biman_Bandar Station",
                        "location_time": "11:43 AM"
                    }
                ],
                "is_international": 0,
                "is_from_city_international": false
            },
            {
                "trip_number": "UPABAN EXPRESS (739)",
                "departure_date_time": "28 Dec, 10:28 pm",
                "departure_full_date": "2024-12-28",
                "departure_date_time_jd": "Sat, 28 Dec 2024, 10:28 PM",
                "arrival_date_time": "29 Dec, 03:08 am",
                "travel_time": "04h 40m",
                "origin_city_name": "biman_bandar",
                "destination_city_name": "kulaura",
                "seat_types": [
                    {
                        "key": 7,
                        "type": "S_CHAIR",
                        "trip_id": 8379207,
                        "trip_route_id": 51573906,
                        "route_id": 22773,
                        "fare": "320.00",
                        "vat_percent": 0,
                        "vat_amount": 0,
                        "origin_city_seq": 2,
                        "destination_city_seq": 9,
                        "seat_counts": {
                            "online": 0,
                            "offline": 0,
                            "is_divided": true
                        }
                    }
                ],
                "train_model": "739",
                "is_open_for_all": true,
                "is_eid_trip": 0,
                "boarding_points": [
                    {
                        "trip_point_id": 107163243,
                        "location_id": 2702,
                        "location_name": "Biman_Bandar Station",
                        "location_time": "10:28 PM"
                    }
                ],
                "is_international": 0,
                "is_from_city_international": false
            }
        ],
        "recommendations": [
            {
                "origin": "Ashuganj",
                "destination": "Kulaura"
            },
            {
                "origin": "Biman_bandar",
                "destination": "Bhanugach"
            }
        ],
        "selected_seat_class": "S_CHAIR"
    },
    "extra": {
        "hash": "514D97166D2B16D7D4CA0823A966E975"
    }
}