{
    "data": {
        "trains": [
            {
                "trip_number": "JAMALPUR EXPRESS (799)",
                "departure_date_time": "28 Dec, 10:28 am",
                "departure_full_date": "2024-12-28",
                "departure_date_time_jd": "Sat, 28 Dec 2024, 10:28 AM",
                "arrival_date_time": "28 Dec, 02:58 pm",
                "travel_time": "04h 30m",
                "origin_city_name": "biman_bandar",
                "destination_city_name": "tarakandi",
                "seat_types": [
                    {
                        "key": 3,
                        "type": "SNIGDHA",
                        "trip_id": 8379242,
                        "trip_route_id": 51574539,
                        "route_id": 24119,
                        "fare": "420.00",
                        "vat_percent": 15,
                        "vat_amount": 63,
                        "origin_city_seq": 2,
                        "destination_city_seq": 12,
                        "seat_counts": {
                            "online": 3,
                            "offline": 2,
                            "is_divided": true
                        }
                    },
                    {
                        "key": 7,
                        "type": "S_CHAIR",
                        "trip_id": 8379255,
                        "trip_route_id": 51574828,
                        "route_id": 24119,
                        "fare": "250.00",
                        "vat_percent": 0,
                        "vat_amount": 0,
                        "origin_city_seq": 2,
                        "destination_city_seq": 12,
                        "seat_counts": {
                            "online": 8,
                            "offline": 7,
                            "is_divided": true
                        }
                    }
                ],
                "train_model": "799",
                "is_open_for_all": true,
                "is_eid_trip": 0,
                "boarding_points": [
                    {
                        "trip_point_id": 107163753,
                        "location_id": 2702,
                        "location_name": "Biman_Bandar Station",
                        "location_time": "10:28 AM"
                    }
                ],
                "is_international": 0,
                "is_from_city_international": false
            },
            {
                "trip_number": "AGHNIBINA EXPRESS (735)",
                "departure_date_time": "28 Dec, 11:58 am",
                "departure_full_date": "2024-12-28",
                "departure_date_time_jd": "Sat, 28 Dec 2024, 11:58 AM",
                "arrival_date_time": "28 Dec, 04:50 pm",
                "travel_time": "04h 52m",
                "origin_city_name": "biman_bandar",
                "destination_city_name": "tarakandi",
                "seat_types": [
                    {
                        "key": 5,
                        "type": "F_SEAT",
                        "trip_id": 8379143,
                        "trip_route_id": 51572190,
                        "route_id": 22687,
                        "fare": "335.00",
                        "vat_percent": 15,
                        "vat_amount": 51,
                        "origin_city_seq": 2,
                        "destination_city_seq": 9,
                        "seat_counts": {
                            "online": 0,
                            "offline": 0,
                            "is_divided": true
                        }
                    },
                    {
                        "key": 6,
                        "type": "F_CHAIR",
                        "trip_id": 8379194,
                        "trip_route_id": 51573629,
                        "route_id": 22687,
                        "fare": "335.00",
                        "vat_percent": 15,
                        "vat_amount": 51,
                        "origin_city_seq": 2,
                        "destination_city_seq": 9,
                        "seat_counts": {
                            "online": 0,
                            "offline": 0,
                            "is_divided": true
                        }
                    },
                    {
                        "key": 7,
                        "type": "S_CHAIR",
                        "trip_id": 8379195,
                        "trip_route_id": 51573648,
                        "route_id": 22687,
                        "fare": "250.00",
                        "vat_percent": 0,
                        "vat_amount": 0,
                        "origin_city_seq": 2,
                        "destination_city_seq": 9,
                        "seat_counts": {
                            "online": 0,
                            "offline": 0,
                            "is_divided": true
                        }
                    },
                    {
                        "key": 8,
                        "type": "SHOVAN",
                        "trip_id": 8379196,
                        "trip_route_id": 51573667,
                        "route_id": 22687,
                        "fare": "210.00",
                        "vat_percent": 0,
                        "vat_amount": 0,
                        "origin_city_seq": 2,
                        "destination_city_seq": 9,
                        "seat_counts": {
                            "online": 5,
                            "offline": 5,
                            "is_divided": true
                        }
                    }
                ],
                "train_model": "735",
                "is_open_for_all": true,
                "is_eid_trip": 0,
                "boarding_points": [
                    {
                        "trip_point_id": 107162074,
                        "location_id": 2702,
                        "location_name": "Biman_Bandar Station",
                        "location_time": "11:58 AM"
                    }
                ],
                "is_international": 0,
                "is_from_city_international": false
            },
            {
                "trip_number": "JAMUNA EXPRESS (745)",
                "departure_date_time": "28 Dec, 05:13 pm",
                "departure_full_date": "2024-12-28",
                "departure_date_time_jd": "Sat, 28 Dec 2024, 05:13 PM",
                "arrival_date_time": "28 Dec, 10:50 pm",
                "travel_time": "05h 37m",
                "origin_city_name": "biman_bandar",
                "destination_city_name": "tarakandi",
                "seat_types": [
                    {
                        "key": 8,
                        "type": "SHOVAN",
                        "trip_id": 8379222,
                        "trip_route_id": 51574195,
                        "route_id": 23516,
                        "fare": "210.00",
                        "vat_percent": 0,
                        "vat_amount": 0,
                        "origin_city_seq": 2,
                        "destination_city_seq": 12,
                        "seat_counts": {
                            "online": 0,
                            "offline": 0,
                            "is_divided": true
                        }
                    }
                ],
                "train_model": "745",
                "is_open_for_all": true,
                "is_eid_trip": 0,
                "boarding_points": [
                    {
                        "trip_point_id": 107163484,
                        "location_id": 2702,
                        "location_name": "Biman_Bandar Station",
                        "location_time": "05:13 PM"
                    }
                ],
                "is_international": 0,
                "is_from_city_international": false
            }
        ],
        "recommendations": [],
        "selected_seat_class": "S_CHAIR"
    },
    "extra": {
        "hash": "514D97166D2B16D7D4CA0823A966E975"
    }
}