{
    "data": {
        "trains": [
            {
                "trip_number": "PARABAT EXPRESS (709)",
                "departure_date_time": "28 Dec, 06:58 am",
                "departure_full_date": "2024-12-28",
                "departure_date_time_jd": "Sat, 28 Dec 2024, 06:58 AM",
                "arrival_date_time": "28 Dec, 08:50 am",
                "travel_time": "01h 52m",
                "origin_city_name": "biman_bandar",
                "destination_city_name": "azampur",
                "seat_types": [
                    {
                        "key": 3,
                        "type": "SNIGDHA",
                        "trip_id": 8379128,
                        "trip_route_id": 51571717,
                        "route_id": 22131,
                        "fare": "285.00",
                        "vat_percent": 15,
                        "vat_amount": 43,
                        "origin_city_seq": 2,
                        "destination_city_seq": 5,
                        "seat_counts": {
                            "online": 0,
                            "offline": 0,
                            "is_divided": true
                        }
                    },
                    {
                        "key": 7,
                        "type": "S_CHAIR",
                        "trip_id": 8379171,
                        "trip_route_id": 51572826,
                        "route_id": 22131,
                        "fare": "175.00",
                        "vat_percent": 0,
                        "vat_amount": 0,
                        "origin_city_seq": 2,
                        "destination_city_seq": 5,
                        "seat_counts": {
                            "online": 0,
                            "offline": 0,
                            "is_divided": true
                        }
                    },
                    {
                        "key": 5,
                        "type": "F_SEAT",
                        "trip_id": 8379172,
                        "trip_route_id": 51572863,
                        "route_id": 22131,
                        "fare": "230.00",
                        "vat_percent": 15,
                        "vat_amount": 35,
                        "origin_city_seq": 2,
                        "destination_city_seq": 5,
                        "seat_counts": {
                            "online": 0,
                            "offline": 0,
                            "is_divided": true
                        }
                    },
                    {
                        "key": 2,
                        "type": "AC_S",
                        "trip_id": 8379173,
                        "trip_route_id": 51572898,
                        "route_id": 22131,
                        "fare": "345.00",
                        "vat_percent": 15,
                        "vat_amount": 52,
                        "origin_city_seq": 2,
                        "destination_city_seq": 5,
                        "seat_counts": {
                            "online": 0,
                            "offline": 0,
                            "is_divided": true
                        }
                    }
                ],
                "train_model": "709",
                "is_open_for_all": true,
                "is_eid_trip": 0,
                "boarding_points": [
                    {
                        "trip_point_id": 107161770,
                        "location_id": 2702,
                        "location_name": "Biman_Bandar Station",
                        "location_time": "06:58 AM"
                    }
                ],
                "is_international": 0,
                "is_from_city_international": false
            }
        ],
        "recommendations": [
            {
                "origin": "Bhairab_bazar",
                "destination": "Azampur"
            },
            {
                "origin": "Biman_bandar",
                "destination": "Brahmanbaria"
            }
        ],
        "selected_seat_class": "S_CHAIR"
    },
    "extra": {
        "hash": "514D97166D2B16D7D4CA0823A966E975"
    }
}