{
    "data": {
        "trains": [
            {
                "trip_number": "EGAROSINDHUR PROVATI (737)",
                "departure_date_time": "28 Dec, 07:43 am",
                "departure_full_date": "2024-12-28",
                "departure_date_time_jd": "Sat, 28 Dec 2024, 07:43 AM",
                "arrival_date_time": "28 Dec, 09:52 am",
                "travel_time": "02h 09m",
                "origin_city_name": "biman_bandar",
                "destination_city_name": "sararchar",
                "seat_types": [
                    {
                        "key": 5,
                        "type": "F_SEAT",
                        "trip_id": 8379147,
                        "trip_route_id": 51572271,
                        "route_id": 22725,
                        "fare": "175.00",
                        "vat_percent": 15,
                        "vat_amount": 27,
                        "origin_city_seq": 2,
                        "destination_city_seq": 8,
                        "seat_counts": {
                            "online": 0,
                            "offline": 0,
                            "is_divided": true
                        }
                    },
                    {
                        "key": 7,
                        "type": "S_CHAIR",
                        "trip_id": 8379201,
                        "trip_route_id": 51573765,
                        "route_id": 22725,
                        "fare": "130.00",
                        "vat_percent": 0,
                        "vat_amount": 0,
                        "origin_city_seq": 2,
                        "destination_city_seq": 8,
                        "seat_counts": {
                            "online": 0,
                            "offline": 0,
                            "is_divided": true
                        }
                    },
                    {
                        "key": 8,
                        "type": "SHOVAN",
                        "trip_id": 8379202,
                        "trip_route_id": 51573788,
                        "route_id": 22725,
                        "fare": "110.00",
                        "vat_percent": 0,
                        "vat_amount": 0,
                        "origin_city_seq": 2,
                        "destination_city_seq": 8,
                        "seat_counts": {
                            "online": 8,
                            "offline": 7,
                            "is_divided": true
                        }
                    }
                ],
                "train_model": "737",
                "is_open_for_all": true,
                "is_eid_trip": 0,
                "boarding_points": [
                    {
                        "trip_point_id": 107162132,
                        "location_id": 2702,
                        "location_name": "Biman_Bandar Station",
                        "location_time": "07:43 AM"
                    }
                ],
                "is_international": 0,
                "is_from_city_international": false
            },
            {
                "trip_number": "KISHORGANJ EXPRESS (781)",
                "departure_date_time": "28 Dec, 10:58 am",
                "departure_full_date": "2024-12-28",
                "departure_date_time_jd": "Sat, 28 Dec 2024, 10:58 AM",
                "arrival_date_time": "28 Dec, 01:14 pm",
                "travel_time": "02h 16m",
                "origin_city_name": "biman_bandar",
                "destination_city_name": "sararchar",
                "seat_types": [
                    {
                        "key": 3,
                        "type": "SNIGDHA",
                        "trip_id": 8379225,
                        "trip_route_id": 51574257,
                        "route_id": 22725,
                        "fare": "215.00",
                        "vat_percent": 15,
                        "vat_amount": 33,
                        "origin_city_seq": 2,
                        "destination_city_seq": 8,
                        "seat_counts": {
                            "online": 0,
                            "offline": 0,
                            "is_divided": true
                        }
                    },
                    {
                        "key": 7,
                        "type": "S_CHAIR",
                        "trip_id": 8379249,
                        "trip_route_id": 51574697,
                        "route_id": 22725,
                        "fare": "130.00",
                        "vat_percent": 0,
                        "vat_amount": 0,
                        "origin_city_seq": 2,
                        "destination_city_seq": 8,
                        "seat_counts": {
                            "online": 0,
                            "offline": 0,
                            "is_divided": true
                        }
                    },
                    {
                        "key": 2,
                        "type": "AC_S",
                        "trip_id": 8379250,
                        "trip_route_id": 51574729,
                        "route_id": 22725,
                        "fare": "260.00",
                        "vat_percent": 15,
                        "vat_amount": 39,
                        "origin_city_seq": 2,
                        "destination_city_seq": 8,
                        "seat_counts": {
                            "online": 0,
                            "offline": 0,
                            "is_divided": true
                        }
                    }
                ],
                "train_model": "781",
                "is_open_for_all": true,
                "is_eid_trip": 0,
                "boarding_points": [
                    {
                        "trip_point_id": 107163525,
                        "location_id": 2702,
                        "location_name": "Biman_Bandar Station",
                        "location_time": "10:58 AM"
                    }
                ],
                "is_international": 0,
                "is_from_city_international": false
            },
            {
                "trip_number": "EGAROSINDHUR GODHULI (749)",
                "departure_date_time": "28 Dec, 07:13 pm",
                "departure_full_date": "2024-12-28",
                "departure_date_time_jd": "Sat, 28 Dec 2024, 07:13 PM",
                "arrival_date_time": "28 Dec, 09:30 pm",
                "travel_time": "02h 17m",
                "origin_city_name": "biman_bandar",
                "destination_city_name": "sararchar",
                "seat_types": [
                    {
                        "key": 5,
                        "type": "F_SEAT",
                        "trip_id": 8379165,
                        "trip_route_id": 51572665,
                        "route_id": 22725,
                        "fare": "175.00",
                        "vat_percent": 15,
                        "vat_amount": 27,
                        "origin_city_seq": 2,
                        "destination_city_seq": 8,
                        "seat_counts": {
                            "online": 0,
                            "offline": 0,
                            "is_divided": true
                        }
                    },
                    {
                        "key": 6,
                        "type": "F_CHAIR",
                        "trip_id": 8379227,
                        "trip_route_id": 51574305,
                        "route_id": 22725,
                        "fare": "175.00",
                        "vat_percent": 15,
                        "vat_amount": 27,
                        "origin_city_seq": 2,
                        "destination_city_seq": 8,
                        "seat_counts": {
                            "online": 0,
                            "offline": 0,
                            "is_divided": true
                        }
                    },
                    {
                        "key": 7,
                        "type": "S_CHAIR",
                        "trip_id": 8379229,
                        "trip_route_id": 51574351,
                        "route_id": 22725,
                        "fare": "130.00",
                        "vat_percent": 0,
                        "vat_amount": 0,
                        "origin_city_seq": 2,
                        "destination_city_seq": 8,
                        "seat_counts": {
                            "online": 0,
                            "offline": 0,
                            "is_divided": true
                        }
                    },
                    {
                        "key": 8,
                        "type": "SHOVAN",
                        "trip_id": 8379230,
                        "trip_route_id": 51574374,
                        "route_id": 22725,
                        "fare": "110.00",
                        "vat_percent": 0,
                        "vat_amount": 0,
                        "origin_city_seq": 2,
                        "destination_city_seq": 8,
                        "seat_counts": {
                            "online": 8,
                            "offline": 7,
                            "is_divided": true
                        }
                    }
                ],
                "train_model": "749",
                "is_open_for_all": true,
                "is_eid_trip": 0,
                "boarding_points": [
                    {
                        "trip_point_id": 107162414,
                        "location_id": 2702,
                        "location_name": "Biman_Bandar Station",
                        "location_time": "07:13 PM"
                    }
                ],
                "is_international": 0,
                "is_from_city_international": false
            }
        ],
        "recommendations": [],
        "selected_seat_class": "S_CHAIR"
    },
    "extra": {
        "hash": "514D97166D2B16D7D4CA0823A966E975"
    }
}