{
    "data": {
        "trains": [
            {
                "trip_number": "TISTA EXPRESS (707)",
                "departure_date_time": "28 Dec, 07:58 am",
                "departure_full_date": "2024-12-28",
                "departure_date_time_jd": "Sat, 28 Dec 2024, 07:58 AM",
                "arrival_date_time": "28 Dec, 12:30 pm",
                "travel_time": "04h 32m",
                "origin_city_name": "biman_bandar",
                "destination_city_name": "dewanganj_bazar",
                "seat_types": [
                    {
                        "key": 3,
                        "type": "SNIGDHA",
                        "trip_id": 8379126,
                        "trip_route_id": 51571652,
                        "route_id": 22076,
                        "fare": "415.00",
                        "vat_percent": 15,
                        "vat_amount": 63,
                        "origin_city_seq": 2,
                        "destination_city_seq": 11,
                        "seat_counts": {
                            "online": 24,
                            "offline": 23,
                            "is_divided": true
                        }
                    },
                    {
                        "key": 7,
                        "type": "S_CHAIR",
                        "trip_id": 8379159,
                        "trip_route_id": 51572519,
                        "route_id": 22076,
                        "fare": "250.00",
                        "vat_percent": 0,
                        "vat_amount": 0,
                        "origin_city_seq": 2,
                        "destination_city_seq": 11,
                        "seat_counts": {
                            "online": 9,
                            "offline": 8,
                            "is_divided": true
                        }
                    },
                    {
                        "key": 5,
                        "type": "F_SEAT",
                        "trip_id": 8379160,
                        "trip_route_id": 51572548,
                        "route_id": 22076,
                        "fare": "335.00",
                        "vat_percent": 15,
                        "vat_amount": 51,
                        "origin_city_seq": 2,
                        "destination_city_seq": 11,
                        "seat_counts": {
                            "online": 3,
                            "offline": 3,
                            "is_divided": true
                        }
                    },
                    {
                        "key": 2,
                        "type": "AC_S",
                        "trip_id": 8379161,
                        "trip_route_id": 51572577,
                        "route_id": 22076,
                        "fare": "500.00",
                        "vat_percent": 15,
                        "vat_amount": 75,
                        "origin_city_seq": 2,
                        "destination_city_seq": 11,
                        "seat_counts": {
                            "online": 0,
                            "offline": 0,
                            "is_divided": true
                        }
                    }
                ],
                "train_model": "707",
                "is_open_for_all": true,
                "is_eid_trip": 0,
                "boarding_points": [
                    {
                        "trip_point_id": 107161734,
                        "location_id": 2702,
                        "location_name": "Biman_Bandar Station",
                        "location_time": "07:58 AM"
                    }
                ],
                "is_international": 0,
                "is_from_city_international": false
            },
            {
                "trip_number": "BHRAMMAPUTRA EXPRESS (743)",
                "departure_date_time": "28 Dec, 06:43 pm",
                "departure_full_date": "2024-12-28",
                "departure_date_time_jd": "Sat, 28 Dec 2024, 06:43 PM",
                "arrival_date_time": "28 Dec, 11:50 pm",
                "travel_time": "05h 07m",
                "origin_city_name": "biman_bandar",
                "destination_city_name": "dewanganj_bazar",
                "seat_types": [
                    {
                        "key": 3,
                        "type": "SNIGDHA",
                        "trip_id": 8379144,
                        "trip_route_id": 51572214,
                        "route_id": 22076,
                        "fare": "415.00",
                        "vat_percent": 15,
                        "vat_amount": 63,
                        "origin_city_seq": 2,
                        "destination_city_seq": 11,
                        "seat_counts": {
                            "online": 3,
                            "offline": 2,
                            "is_divided": true
                        }
                    },
                    {
                        "key": 7,
                        "type": "S_CHAIR",
                        "trip_id": 8379216,
                        "trip_route_id": 51574059,
                        "route_id": 22076,
                        "fare": "250.00",
                        "vat_percent": 0,
                        "vat_amount": 0,
                        "origin_city_seq": 2,
                        "destination_city_seq": 11,
                        "seat_counts": {
                            "online": 7,
                            "offline": 6,
                            "is_divided": true
                        }
                    }
                ],
                "train_model": "743",
                "is_open_for_all": true,
                "is_eid_trip": 0,
                "boarding_points": [
                    {
                        "trip_point_id": 107162086,
                        "location_id": 2702,
                        "location_name": "Biman_Bandar Station",
                        "location_time": "06:43 PM"
                    }
                ],
                "is_international": 0,
                "is_from_city_international": false
            }
        ],
        "recommendations": [],
        "selected_seat_class": "S_CHAIR"
    },
    "extra": {
        "hash": "514D97166D2B16D7D4CA0823A966E975"
    }
}