{
    "data": {
        "trains": [
            {
                "trip_number": "BARENDRA EXPRESS (732)",
                "departure_date_time": "28 Dec, 07:30 am",
                "departure_full_date": "2024-12-28",
                "departure_date_time_jd": "Sat, 28 Dec 2024, 07:30 AM",
                "arrival_date_time": "28 Dec, 09:36 am",
                "travel_time": "02h 06m",
                "origin_city_name": "birampur",
                "destination_city_name": "natore",
                "seat_types": [
                    {
                        "key": 7,
                        "type": "S_CHAIR",
                        "trip_id": 8379058,
                        "trip_route_id": 51566934,
                        "route_id": 20329,
                        "fare": "130.00",
                        "vat_percent": 0,
                        "vat_amount": 0,
                        "origin_city_seq": 8,
                        "destination_city_seq": 17,
                        "seat_counts": {
                            "online": 5,
                            "offline": 5,
                            "is_divided": true
                        }
                    }
                ],
                "train_model": "732",
                "is_open_for_all": true,
                "is_eid_trip": 0,
                "boarding_points": [
                    {
                        "trip_point_id": 107159604,
                        "location_id": 2781,
                        "location_name": "Birampur Station",
                        "location_time": "07:30 AM"
                    }
                ],
                "is_international": 0,
                "is_from_city_international": false
            },
            {
                "trip_number": "RUPSHA EXPRESS (728)",
                "departure_date_time": "28 Dec, 10:53 am",
                "departure_full_date": "2024-12-28",
                "departure_date_time_jd": "Sat, 28 Dec 2024, 10:53 AM",
                "arrival_date_time": "28 Dec, 12:52 pm",
                "travel_time": "01h 59m",
                "origin_city_name": "birampur",
                "destination_city_name": "natore",
                "seat_types": [
                    {
                        "key": 2,
                        "type": "AC_S",
                        "trip_id": 8379088,
                        "trip_route_id": 51568704,
                        "route_id": 21339,
                        "fare": "260.00",
                        "vat_percent": 15,
                        "vat_amount": 39,
                        "origin_city_seq": 7,
                        "destination_city_seq": 12,
                        "seat_counts": {
                            "online": 0,
                            "offline": 0,
                            "is_divided": true
                        }
                    },
                    {
                        "key": 3,
                        "type": "SNIGDHA",
                        "trip_id": 8379099,
                        "trip_route_id": 51569729,
                        "route_id": 21339,
                        "fare": "220.00",
                        "vat_percent": 15,
                        "vat_amount": 33,
                        "origin_city_seq": 7,
                        "destination_city_seq": 12,
                        "seat_counts": {
                            "online": 0,
                            "offline": 0,
                            "is_divided": true
                        }
                    },
                    {
                        "key": 7,
                        "type": "S_CHAIR",
                        "trip_id": 8379100,
                        "trip_route_id": 51569900,
                        "route_id": 21339,
                        "fare": "130.00",
                        "vat_percent": 0,
                        "vat_amount": 0,
                        "origin_city_seq": 7,
                        "destination_city_seq": 12,
                        "seat_counts": {
                            "online": 0,
                            "offline": 0,
                            "is_divided": true
                        }
                    }
                ],
                "train_model": "728",
                "is_open_for_all": true,
                "is_eid_trip": 0,
                "boarding_points": [
                    {
                        "trip_point_id": 107160498,
                        "location_id": 2781,
                        "location_name": "Birampur Station",
                        "location_time": "10:53 AM"
                    }
                ],
                "is_international": 0,
                "is_from_city_international": false
            },
            {
                "trip_number": "TITUMIR EXPRESS (734)",
                "departure_date_time": "28 Dec, 05:25 pm",
                "departure_full_date": "2024-12-28",
                "departure_date_time_jd": "Sat, 28 Dec 2024, 05:25 PM",
                "arrival_date_time": "28 Dec, 07:50 pm",
                "travel_time": "02h 25m",
                "origin_city_name": "birampur",
                "destination_city_name": "natore",
                "seat_types": [
                    {
                        "key": 7,
                        "type": "S_CHAIR",
                        "trip_id": 8379116,
                        "trip_route_id": 51571074,
                        "route_id": 20329,
                        "fare": "130.00",
                        "vat_percent": 0,
                        "vat_amount": 0,
                        "origin_city_seq": 8,
                        "destination_city_seq": 17,
                        "seat_counts": {
                            "online": 10,
                            "offline": 10,
                            "is_divided": true
                        }
                    }
                ],
                "train_model": "734",
                "is_open_for_all": true,
                "is_eid_trip": 0,
                "boarding_points": [
                    {
                        "trip_point_id": 107161504,
                        "location_id": 2781,
                        "location_name": "Birampur Station",
                        "location_time": "05:25 PM"
                    }
                ],
                "is_international": 0,
                "is_from_city_international": false
            }
        ],
        "recommendations": [],
        "selected_seat_class": "S_CHAIR"
    },
    "extra": {
        "hash": "514D97166D2B16D7D4CA0823A966E975"
    }
}