{
    "data": {
        "trains": [
            {
                "trip_number": "DRUTOJAN EXPRESS (757)",
                "departure_date_time": "28 Dec, 02:46 am",
                "departure_full_date": "2024-12-28",
                "departure_date_time_jd": "Sat, 28 Dec 2024, 02:46 AM",
                "arrival_date_time": "28 Dec, 04:20 am",
                "travel_time": "01h 34m",
                "origin_city_name": "birampur",
                "destination_city_name": "dinajpur",
                "seat_types": [
                    {
                        "key": 3,
                        "type": "SNIGDHA",
                        "trip_id": 8378746,
                        "trip_route_id": 51557034,
                        "route_id": 19372,
                        "fare": "150.00",
                        "vat_percent": 15,
                        "vat_amount": 23,
                        "origin_city_seq": 17,
                        "destination_city_seq": 21,
                        "seat_counts": {
                            "online": 0,
                            "offline": 0,
                            "is_divided": true
                        }
                    },
                    {
                        "key": 7,
                        "type": "S_CHAIR",
                        "trip_id": 8378756,
                        "trip_route_id": 51558108,
                        "route_id": 19372,
                        "fare": "75.00",
                        "vat_percent": 0,
                        "vat_amount": 0,
                        "origin_city_seq": 17,
                        "destination_city_seq": 21,
                        "seat_counts": {
                            "online": 5,
                            "offline": 5,
                            "is_divided": true
                        }
                    }
                ],
                "train_model": "757",
                "is_open_for_all": true,
                "is_eid_trip": 0,
                "boarding_points": [
                    {
                        "trip_point_id": 107153741,
                        "location_id": 2781,
                        "location_name": "Birampur Station",
                        "location_time": "02:46 AM"
                    }
                ],
                "is_international": 0,
                "is_from_city_international": false
            },
            {
                "trip_number": "EKOTA EXPRESS (705)",
                "departure_date_time": "28 Dec, 05:37 pm",
                "departure_full_date": "2024-12-28",
                "departure_date_time_jd": "Sat, 28 Dec 2024, 05:37 PM",
                "arrival_date_time": "28 Dec, 07:00 pm",
                "travel_time": "01h 23m",
                "origin_city_name": "birampur",
                "destination_city_name": "dinajpur",
                "seat_types": [
                    {
                        "key": 3,
                        "type": "SNIGDHA",
                        "trip_id": 8379059,
                        "trip_route_id": 51567031,
                        "route_id": 19372,
                        "fare": "125.00",
                        "vat_percent": 15,
                        "vat_amount": 19,
                        "origin_city_seq": 17,
                        "destination_city_seq": 21,
                        "seat_counts": {
                            "online": 0,
                            "offline": 0,
                            "is_divided": true
                        }
                    },
                    {
                        "key": 7,
                        "type": "S_CHAIR",
                        "trip_id": 8379060,
                        "trip_route_id": 51567113,
                        "route_id": 19372,
                        "fare": "75.00",
                        "vat_percent": 0,
                        "vat_amount": 0,
                        "origin_city_seq": 17,
                        "destination_city_seq": 21,
                        "seat_counts": {
                            "online": 5,
                            "offline": 5,
                            "is_divided": true
                        }
                    },
                    {
                        "key": 2,
                        "type": "AC_S",
                        "trip_id": 8379061,
                        "trip_route_id": 51567218,
                        "route_id": 19372,
                        "fare": "150.00",
                        "vat_percent": 15,
                        "vat_amount": 23,
                        "origin_city_seq": 17,
                        "destination_city_seq": 21,
                        "seat_counts": {
                            "online": 0,
                            "offline": 0,
                            "is_divided": true
                        }
                    }
                ],
                "train_model": "705",
                "is_open_for_all": true,
                "is_eid_trip": 0,
                "boarding_points": [
                    {
                        "trip_point_id": 107159633,
                        "location_id": 2781,
                        "location_name": "Birampur Station",
                        "location_time": "05:37 PM"
                    }
                ],
                "is_international": 0,
                "is_from_city_international": false
            }
        ],
        "recommendations": [],
        "selected_seat_class": "S_CHAIR"
    },
    "extra": {
        "hash": "514D97166D2B16D7D4CA0823A966E975"
    }
}