{
    "data": {
        "trains": [
            {
                "trip_number": "LALMONI EXPRESS (752)",
                "departure_date_time": "28 Dec, 12:02 pm",
                "departure_full_date": "2024-12-28",
                "departure_date_time_jd": "Sat, 28 Dec 2024, 12:02 PM",
                "arrival_date_time": "28 Dec, 12:19 pm",
                "travel_time": "00h 17m",
                "origin_city_name": "bonar_para",
                "destination_city_name": "sonatola",
                "seat_types": [
                    {
                        "key": 7,
                        "type": "S_CHAIR",
                        "trip_id": 8379046,
                        "trip_route_id": 51566167,
                        "route_id": 24066,
                        "fare": "50.00",
                        "vat_percent": 0,
                        "vat_amount": 0,
                        "origin_city_seq": 7,
                        "destination_city_seq": 8,
                        "seat_counts": {
                            "online": 5,
                            "offline": 5,
                            "is_divided": true
                        }
                    }
                ],
                "train_model": "752",
                "is_open_for_all": true,
                "is_eid_trip": 0,
                "boarding_points": [
                    {
                        "trip_point_id": 107159264,
                        "location_id": 2711,
                        "location_name": "Bonar_Para Station",
                        "location_time": "12:02 PM"
                    }
                ],
                "is_international": 0,
                "is_from_city_international": false
            },
            {
                "trip_number": "KOROTOA EXPRESS (714)",
                "departure_date_time": "28 Dec, 08:50 pm",
                "departure_full_date": "2024-12-28",
                "departure_date_time_jd": "Sat, 28 Dec 2024, 08:50 PM",
                "arrival_date_time": "28 Dec, 09:11 pm",
                "travel_time": "00h 21m",
                "origin_city_name": "bonar_para",
                "destination_city_name": "sonatola",
                "seat_types": [
                    {
                        "key": 7,
                        "type": "S_CHAIR",
                        "trip_id": 8379117,
                        "trip_route_id": 51571220,
                        "route_id": 21275,
                        "fare": "50.00",
                        "vat_percent": 0,
                        "vat_amount": 0,
                        "origin_city_seq": 14,
                        "destination_city_seq": 16,
                        "seat_counts": {
                            "online": 8,
                            "offline": 7,
                            "is_divided": true
                        }
                    }
                ],
                "train_model": "714",
                "is_open_for_all": true,
                "is_eid_trip": 0,
                "boarding_points": [
                    {
                        "trip_point_id": 107161531,
                        "location_id": 2711,
                        "location_name": "Bonar_Para Station",
                        "location_time": "08:50 PM"
                    }
                ],
                "is_international": 0,
                "is_from_city_international": false
            }
        ],
        "recommendations": [],
        "selected_seat_class": "S_CHAIR"
    },
    "extra": {
        "hash": "514D97166D2B16D7D4CA0823A966E975"
    }
}