{
    "data": {
        "trains": [
            {
                "trip_number": "KOROTOA EXPRESS (714)",
                "departure_date_time": "28 Dec, 04:10 pm",
                "departure_full_date": "2024-12-28",
                "departure_date_time_jd": "Sat, 28 Dec 2024, 04:10 PM",
                "arrival_date_time": "28 Dec, 08:20 pm",
                "travel_time": "04h 10m",
                "origin_city_name": "burimari",
                "destination_city_name": "gaibandha",
                "seat_types": [
                    {
                        "key": 7,
                        "type": "S_CHAIR",
                        "trip_id": 8379117,
                        "trip_route_id": 51571186,
                        "route_id": 21208,
                        "fare": "180.00",
                        "vat_percent": 0,
                        "vat_amount": 0,
                        "origin_city_seq": 1,
                        "destination_city_seq": 13,
                        "seat_counts": {
                            "online": 25,
                            "offline": 25,
                            "is_divided": true
                        }
                    }
                ],
                "train_model": "714",
                "is_open_for_all": true,
                "is_eid_trip": 0,
                "boarding_points": [
                    {
                        "trip_point_id": 107161527,
                        "location_id": 2786,
                        "location_name": "Burimari Station",
                        "location_time": "04:10 PM"
                    }
                ],
                "is_international": 0,
                "is_from_city_international": false
            }
        ],
        "recommendations": [],
        "selected_seat_class": "S_CHAIR"
    },
    "extra": {
        "hash": "514D97166D2B16D7D4CA0823A966E975"
    }
}