{
    "data": {
        "trains": [
            {
                "trip_number": "PROBAL EXPRESS (822)",
                "departure_date_time": "07 Feb, 11:52 am",
                "departure_full_date": "2025-02-07",
                "departure_date_time_jd": "Fri, 07 Feb 2025, 11:52 AM",
                "arrival_date_time": "07 Feb, 02:25 pm",
                "travel_time": "02h 33m",
                "origin_city_name": "chakaria",
                "destination_city_name": "chattogram",
                "seat_types": [
                    {
                        "key": 7,
                        "type": "S_CHAIR",
                        "trip_id": 8393824,
                        "trip_route_id": 52054354,
                        "route_id": 27038,
                        "fare": "145.00",
                        "vat_percent": 0,
                        "vat_amount": 0,
                        "origin_city_seq": 5,
                        "destination_city_seq": 12,
                        "seat_counts": {
                            "online": 4,
                            "offline": 3,
                            "is_divided": true
                        }
                    },
                    {
                        "key": 8,
                        "type": "SHOVAN",
                        "trip_id": 8393825,
                        "trip_route_id": 52054371,
                        "route_id": 27038,
                        "fare": "120.00",
                        "vat_percent": 0,
                        "vat_amount": 0,
                        "origin_city_seq": 5,
                        "destination_city_seq": 12,
                        "seat_counts": {
                            "online": 13,
                            "offline": 12,
                            "is_divided": true
                        }
                    }
                ],
                "train_model": "822",
                "is_open_for_all": true,
                "is_eid_trip": 0,
                "parent_route": {
                    "origin_city_name": "cox's bazar",
                    "destination_city_name": "chattogram",
                    "departure_date": "2025-02-07",
                    "departure_time": "10:35:00",
                    "arrival_date": "2025-02-07",
                    "arrival_time": "14:25:00"
                },
                "boarding_points": [
                    {
                        "trip_point_id": 107443282,
                        "location_id": 2926,
                        "location_name": "Chakaria Station",
                        "location_time": "11:52 AM",
                        "location_date": "07 Feb 2025"
                    }
                ],
                "is_international": 0,
                "is_from_city_international": false
            },
            {
                "trip_number": "SHAIKAT EXPRESS (824)",
                "departure_date_time": "07 Feb, 09:26 pm",
                "departure_full_date": "2025-02-07",
                "departure_date_time_jd": "Fri, 07 Feb 2025, 09:26 PM",
                "arrival_date_time": "07 Feb, 11:50 pm",
                "travel_time": "02h 24m",
                "origin_city_name": "chakaria",
                "destination_city_name": "chattogram",
                "seat_types": [
                    {
                        "key": 7,
                        "type": "S_CHAIR",
                        "trip_id": 8393820,
                        "trip_route_id": 52054332,
                        "route_id": 26355,
                        "fare": "145.00",
                        "vat_percent": 0,
                        "vat_amount": 0,
                        "origin_city_seq": 4,
                        "destination_city_seq": 10,
                        "seat_counts": {
                            "online": 10,
                            "offline": 10,
                            "is_divided": true
                        }
                    },
                    {
                        "key": 8,
                        "type": "SHOVAN",
                        "trip_id": 8393821,
                        "trip_route_id": 52054345,
                        "route_id": 26355,
                        "fare": "120.00",
                        "vat_percent": 0,
                        "vat_amount": 0,
                        "origin_city_seq": 4,
                        "destination_city_seq": 10,
                        "seat_counts": {
                            "online": 18,
                            "offline": 17,
                            "is_divided": true
                        }
                    }
                ],
                "train_model": "824",
                "is_open_for_all": true,
                "is_eid_trip": 0,
                "parent_route": {
                    "origin_city_name": "cox's bazar",
                    "destination_city_name": "chattogram",
                    "departure_date": "2025-02-07",
                    "departure_time": "20:15:00",
                    "arrival_date": "2025-02-07",
                    "arrival_time": "23:50:00"
                },
                "boarding_points": [
                    {
                        "trip_point_id": 107443257,
                        "location_id": 2926,
                        "location_name": "Chakaria Station",
                        "location_time": "09:26 PM",
                        "location_date": "07 Feb 2025"
                    }
                ],
                "is_international": 0,
                "is_from_city_international": false
            }
        ],
        "recommendations": [],
        "selected_seat_class": "S_CHAIR"
    },
    "extra": {
        "hash": "A6C3575B71B528B4C7AB898FA4331E67"
    }
}