{
    "data": {
        "trains": [
            {
                "trip_number": "MEGHNA EXPRESS (730)",
                "departure_date_time": "28 Dec, 05:00 am",
                "departure_full_date": "2024-12-28",
                "departure_date_time_jd": "Sat, 28 Dec 2024, 05:00 AM",
                "arrival_date_time": "28 Dec, 06:15 am",
                "travel_time": "01h 15m",
                "origin_city_name": "chandpur",
                "destination_city_name": "laksam",
                "seat_types": [
                    {
                        "key": 5,
                        "type": "F_SEAT",
                        "trip_id": 8379264,
                        "trip_route_id": 51575084,
                        "route_id": 22647,
                        "fare": "90.00",
                        "vat_percent": 15,
                        "vat_amount": 14,
                        "origin_city_seq": 1,
                        "destination_city_seq": 10,
                        "seat_counts": {
                            "online": 0,
                            "offline": 0,
                            "is_divided": true
                        }
                    },
                    {
                        "key": 7,
                        "type": "S_CHAIR",
                        "trip_id": 8379265,
                        "trip_route_id": 51575121,
                        "route_id": 22647,
                        "fare": "65.00",
                        "vat_percent": 0,
                        "vat_amount": 0,
                        "origin_city_seq": 1,
                        "destination_city_seq": 10,
                        "seat_counts": {
                            "online": 0,
                            "offline": 0,
                            "is_divided": true
                        }
                    },
                    {
                        "key": 8,
                        "type": "SHOVAN",
                        "trip_id": 8379266,
                        "trip_route_id": 51575158,
                        "route_id": 22647,
                        "fare": "55.00",
                        "vat_percent": 0,
                        "vat_amount": 0,
                        "origin_city_seq": 1,
                        "destination_city_seq": 10,
                        "seat_counts": {
                            "online": 25,
                            "offline": 25,
                            "is_divided": true
                        }
                    },
                    {
                        "key": 6,
                        "type": "F_CHAIR",
                        "trip_id": 8379281,
                        "trip_route_id": 51575726,
                        "route_id": 22647,
                        "fare": "90.00",
                        "vat_percent": 15,
                        "vat_amount": 14,
                        "origin_city_seq": 1,
                        "destination_city_seq": 10,
                        "seat_counts": {
                            "online": 3,
                            "offline": 2,
                            "is_divided": true
                        }
                    }
                ],
                "train_model": "730",
                "is_open_for_all": true,
                "is_eid_trip": 0,
                "boarding_points": [
                    {
                        "trip_point_id": 107164132,
                        "location_id": 2869,
                        "location_name": "Chandpur Station",
                        "location_time": "05:00 AM"
                    }
                ],
                "is_international": 0,
                "is_from_city_international": false
            }
        ],
        "recommendations": [],
        "selected_seat_class": "S_CHAIR"
    },
    "extra": {
        "hash": "514D97166D2B16D7D4CA0823A966E975"
    }
}