{
    "data": {
        "trains": [
            {
                "trip_number": "MEGHNA EXPRESS (729)",
                "departure_date_time": "28 Dec, 06:00 pm",
                "departure_full_date": "2024-12-28",
                "departure_date_time_jd": "Sat, 28 Dec 2024, 06:00 PM",
                "arrival_date_time": "28 Dec, 08:59 pm",
                "travel_time": "02h 59m",
                "origin_city_name": "chattogram",
                "destination_city_name": "meher",
                "seat_types": [
                    {
                        "key": 5,
                        "type": "F_SEAT",
                        "trip_id": 8379257,
                        "trip_route_id": 51574884,
                        "route_id": 22611,
                        "fare": "240.00",
                        "vat_percent": 15,
                        "vat_amount": 36,
                        "origin_city_seq": 1,
                        "destination_city_seq": 9,
                        "seat_counts": {
                            "online": 0,
                            "offline": 0,
                            "is_divided": true
                        }
                    },
                    {
                        "key": 8,
                        "type": "SHOVAN",
                        "trip_id": 8379258,
                        "trip_route_id": 51574920,
                        "route_id": 22611,
                        "fare": "150.00",
                        "vat_percent": 0,
                        "vat_amount": 0,
                        "origin_city_seq": 1,
                        "destination_city_seq": 9,
                        "seat_counts": {
                            "online": 13,
                            "offline": 12,
                            "is_divided": true
                        }
                    },
                    {
                        "key": 7,
                        "type": "S_CHAIR",
                        "trip_id": 8379274,
                        "trip_route_id": 51575426,
                        "route_id": 22611,
                        "fare": "180.00",
                        "vat_percent": 0,
                        "vat_amount": 0,
                        "origin_city_seq": 1,
                        "destination_city_seq": 9,
                        "seat_counts": {
                            "online": 2,
                            "offline": 1,
                            "is_divided": true
                        }
                    },
                    {
                        "key": 6,
                        "type": "F_CHAIR",
                        "trip_id": 8379280,
                        "trip_route_id": 51575690,
                        "route_id": 22611,
                        "fare": "240.00",
                        "vat_percent": 15,
                        "vat_amount": 36,
                        "origin_city_seq": 1,
                        "destination_city_seq": 9,
                        "seat_counts": {
                            "online": 2,
                            "offline": 1,
                            "is_divided": true
                        }
                    }
                ],
                "train_model": "729",
                "is_open_for_all": true,
                "is_eid_trip": 0,
                "boarding_points": [
                    {
                        "trip_point_id": 107164002,
                        "location_id": 2820,
                        "location_name": "Chattogram Station",
                        "location_time": "06:00 PM"
                    }
                ],
                "is_international": 0,
                "is_from_city_international": false
            }
        ],
        "recommendations": [],
        "selected_seat_class": "S_CHAIR"
    },
    "extra": {
        "hash": "514D97166D2B16D7D4CA0823A966E975"
    }
}