{
    "data": {
        "trains": [
            {
                "trip_number": "COXS BAZAR EXPRESS (814)",
                "departure_date_time": "28 Dec, 04:00 am",
                "departure_full_date": "2024-12-28",
                "departure_date_time_jd": "Sat, 28 Dec 2024, 04:00 AM",
                "arrival_date_time": "28 Dec, 07:20 am",
                "travel_time": "03h 20m",
                "origin_city_name": "chattogram",
                "destination_city_name": "coxs bazar",
                "seat_types": [
                    {
                        "key": 7,
                        "type": "S_CHAIR",
                        "trip_id": 8378971,
                        "trip_route_id": 51564184,
                        "route_id": 25718,
                        "fare": "250.00",
                        "vat_percent": 0,
                        "vat_amount": 0,
                        "origin_city_seq": 3,
                        "destination_city_seq": 4,
                        "seat_counts": {
                            "online": 0,
                            "offline": 0,
                            "is_divided": true
                        }
                    },
                    {
                        "key": 3,
                        "type": "SNIGDHA",
                        "trip_id": 8378972,
                        "trip_route_id": 51564189,
                        "route_id": 25718,
                        "fare": "408.00",
                        "vat_percent": 15,
                        "vat_amount": 62,
                        "origin_city_seq": 3,
                        "destination_city_seq": 4,
                        "seat_counts": {
                            "online": 1,
                            "offline": 0,
                            "is_divided": true
                        }
                    }
                ],
                "train_model": "814",
                "is_open_for_all": true,
                "is_eid_trip": 0,
                "boarding_points": [
                    {
                        "trip_point_id": 107157915,
                        "location_id": 2820,
                        "location_name": "Chattogram Station",
                        "location_time": "04:00 AM"
                    }
                ],
                "is_international": 0,
                "is_from_city_international": false
            },
            {
                "trip_number": "EID SPL 9 (09)",
                "departure_date_time": "28 Dec, 07:00 am",
                "departure_full_date": "2024-12-28",
                "departure_date_time_jd": "Sat, 28 Dec 2024, 07:00 AM",
                "arrival_date_time": "28 Dec, 10:20 am",
                "travel_time": "03h 20m",
                "origin_city_name": "chattogram",
                "destination_city_name": "coxs bazar",
                "seat_types": [
                    {
                        "key": 8,
                        "type": "SHOVAN",
                        "trip_id": 8376788,
                        "trip_route_id": 51496215,
                        "route_id": 26281,
                        "fare": "185.00",
                        "vat_percent": 0,
                        "vat_amount": 0,
                        "origin_city_seq": 1,
                        "destination_city_seq": 10,
                        "seat_counts": {
                            "online": 0,
                            "offline": 0,
                            "is_divided": true
                        }
                    },
                    {
                        "key": 7,
                        "type": "S_CHAIR",
                        "trip_id": 8376819,
                        "trip_route_id": 51496458,
                        "route_id": 26281,
                        "fare": "225.00",
                        "vat_percent": 0,
                        "vat_amount": 0,
                        "origin_city_seq": 1,
                        "destination_city_seq": 10,
                        "seat_counts": {
                            "online": 0,
                            "offline": 0,
                            "is_divided": true
                        }
                    },
                    {
                        "key": 6,
                        "type": "F_CHAIR",
                        "trip_id": 8376850,
                        "trip_route_id": 51496584,
                        "route_id": 26281,
                        "fare": "295.00",
                        "vat_percent": 15,
                        "vat_amount": 45,
                        "origin_city_seq": 1,
                        "destination_city_seq": 10,
                        "seat_counts": {
                            "online": 0,
                            "offline": 0,
                            "is_divided": true
                        }
                    },
                    {
                        "key": 5,
                        "type": "F_SEAT",
                        "trip_id": 8376881,
                        "trip_route_id": 51496615,
                        "route_id": 26281,
                        "fare": "295.00",
                        "vat_percent": 15,
                        "vat_amount": 45,
                        "origin_city_seq": 1,
                        "destination_city_seq": 10,
                        "seat_counts": {
                            "online": 0,
                            "offline": 0,
                            "is_divided": true
                        }
                    }
                ],
                "train_model": "09",
                "is_open_for_all": true,
                "is_eid_trip": 0,
                "boarding_points": [
                    {
                        "trip_point_id": 107118144,
                        "location_id": 2820,
                        "location_name": "Chattogram Station",
                        "location_time": "07:00 AM"
                    }
                ],
                "is_international": 0,
                "is_from_city_international": false
            },
            {
                "trip_number": "PARJOTAK EXPRESS (816)",
                "departure_date_time": "28 Dec, 11:40 am",
                "departure_full_date": "2024-12-28",
                "departure_date_time_jd": "Sat, 28 Dec 2024, 11:40 AM",
                "arrival_date_time": "28 Dec, 03:00 pm",
                "travel_time": "03h 20m",
                "origin_city_name": "chattogram",
                "destination_city_name": "coxs bazar",
                "seat_types": [
                    {
                        "key": 7,
                        "type": "S_CHAIR",
                        "trip_id": 8379341,
                        "trip_route_id": 51576769,
                        "route_id": 25718,
                        "fare": "250.00",
                        "vat_percent": 0,
                        "vat_amount": 0,
                        "origin_city_seq": 3,
                        "destination_city_seq": 4,
                        "seat_counts": {
                            "online": 0,
                            "offline": 0,
                            "is_divided": true
                        }
                    },
                    {
                        "key": 3,
                        "type": "SNIGDHA",
                        "trip_id": 8379342,
                        "trip_route_id": 51576775,
                        "route_id": 25718,
                        "fare": "408.00",
                        "vat_percent": 15,
                        "vat_amount": 62,
                        "origin_city_seq": 3,
                        "destination_city_seq": 4,
                        "seat_counts": {
                            "online": 0,
                            "offline": 0,
                            "is_divided": true
                        }
                    },
                    {
                        "key": 2,
                        "type": "AC_S",
                        "trip_id": 8379358,
                        "trip_route_id": 51576987,
                        "route_id": 25718,
                        "fare": "491.00",
                        "vat_percent": 15,
                        "vat_amount": 74,
                        "origin_city_seq": 3,
                        "destination_city_seq": 4,
                        "seat_counts": {
                            "online": 0,
                            "offline": 0,
                            "is_divided": true
                        }
                    }
                ],
                "train_model": "816",
                "is_open_for_all": true,
                "is_eid_trip": 0,
                "boarding_points": [
                    {
                        "trip_point_id": 107165223,
                        "location_id": 2820,
                        "location_name": "Chattogram Station",
                        "location_time": "11:40 AM"
                    }
                ],
                "is_international": 0,
                "is_from_city_international": false
            }
        ],
        "recommendations": [],
        "selected_seat_class": "S_CHAIR"
    },
    "extra": {
        "hash": "514D97166D2B16D7D4CA0823A966E975"
    }
}