{
    "data": {
        "trains": [
            {
                "trip_number": "BIJOY EXPRESS (785)",
                "departure_date_time": "28 Dec, 09:15 am",
                "departure_full_date": "2024-12-28",
                "departure_date_time_jd": "Sat, 28 Dec 2024, 09:15 AM",
                "arrival_date_time": "28 Dec, 06:10 pm",
                "travel_time": "08h 55m",
                "origin_city_name": "chattogram",
                "destination_city_name": "jamalpur_town",
                "seat_types": [
                    {
                        "key": 3,
                        "type": "SNIGDHA",
                        "trip_id": 8379231,
                        "trip_route_id": 51574392,
                        "route_id": 25881,
                        "fare": "875.00",
                        "vat_percent": 15,
                        "vat_amount": 132,
                        "origin_city_seq": 1,
                        "destination_city_seq": 14,
                        "seat_counts": {
                            "online": 20,
                            "offline": 20,
                            "is_divided": true
                        }
                    },
                    {
                        "key": 2,
                        "type": "AC_S",
                        "trip_id": 8379259,
                        "trip_route_id": 51574959,
                        "route_id": 25881,
                        "fare": "1050.00",
                        "vat_percent": 15,
                        "vat_amount": 158,
                        "origin_city_seq": 1,
                        "destination_city_seq": 14,
                        "seat_counts": {
                            "online": 2,
                            "offline": 2,
                            "is_divided": true
                        }
                    },
                    {
                        "key": 7,
                        "type": "S_CHAIR",
                        "trip_id": 8379260,
                        "trip_route_id": 51574982,
                        "route_id": 25881,
                        "fare": "525.00",
                        "vat_percent": 0,
                        "vat_amount": 0,
                        "origin_city_seq": 1,
                        "destination_city_seq": 14,
                        "seat_counts": {
                            "online": 27,
                            "offline": 27,
                            "is_divided": true
                        }
                    },
                    {
                        "key": 5,
                        "type": "F_SEAT",
                        "trip_id": 8379299,
                        "trip_route_id": 51576235,
                        "route_id": 25881,
                        "fare": "700.00",
                        "vat_percent": 15,
                        "vat_amount": 105,
                        "origin_city_seq": 1,
                        "destination_city_seq": 14,
                        "seat_counts": {
                            "online": 3,
                            "offline": 3,
                            "is_divided": true
                        }
                    }
                ],
                "train_model": "785",
                "is_open_for_all": true,
                "is_eid_trip": 0,
                "boarding_points": [
                    {
                        "trip_point_id": 107163629,
                        "location_id": 2820,
                        "location_name": "Chattogram Station",
                        "location_time": "09:15 AM"
                    }
                ],
                "is_international": 0,
                "is_from_city_international": false
            }
        ],
        "recommendations": [],
        "selected_seat_class": "S_CHAIR"
    },
    "extra": {
        "hash": "514D97166D2B16D7D4CA0823A966E975"
    }
}