{
    "data": {
        "trains": [
            {
                "trip_number": "RUPSHA EXPRESS (728)",
                "departure_date_time": "28 Dec, 08:30 am",
                "departure_full_date": "2024-12-28",
                "departure_date_time_jd": "Sat, 28 Dec 2024, 08:30 AM",
                "arrival_date_time": "28 Dec, 03:51 pm",
                "travel_time": "07h 21m",
                "origin_city_name": "chilahati",
                "destination_city_name": "darshana_halt",
                "seat_types": [
                    {
                        "key": 2,
                        "type": "AC_S",
                        "trip_id": 8379088,
                        "trip_route_id": 51568769,
                        "route_id": 20046,
                        "fare": "860.00",
                        "vat_percent": 15,
                        "vat_amount": 129,
                        "origin_city_seq": 1,
                        "destination_city_seq": 19,
                        "seat_counts": {
                            "online": 0,
                            "offline": 0,
                            "is_divided": true
                        }
                    },
                    {
                        "key": 3,
                        "type": "SNIGDHA",
                        "trip_id": 8379099,
                        "trip_route_id": 51569794,
                        "route_id": 20046,
                        "fare": "715.00",
                        "vat_percent": 15,
                        "vat_amount": 108,
                        "origin_city_seq": 1,
                        "destination_city_seq": 19,
                        "seat_counts": {
                            "online": 3,
                            "offline": 2,
                            "is_divided": true
                        }
                    },
                    {
                        "key": 7,
                        "type": "S_CHAIR",
                        "trip_id": 8379100,
                        "trip_route_id": 51569965,
                        "route_id": 20046,
                        "fare": "430.00",
                        "vat_percent": 0,
                        "vat_amount": 0,
                        "origin_city_seq": 1,
                        "destination_city_seq": 19,
                        "seat_counts": {
                            "online": 3,
                            "offline": 2,
                            "is_divided": true
                        }
                    },
                    {
                        "key": 5,
                        "type": "F_SEAT",
                        "trip_id": 8379336,
                        "trip_route_id": 51576725,
                        "route_id": 20046,
                        "fare": "575.00",
                        "vat_percent": 15,
                        "vat_amount": 87,
                        "origin_city_seq": 1,
                        "destination_city_seq": 19,
                        "seat_counts": {
                            "online": 2,
                            "offline": 2,
                            "is_divided": true
                        }
                    }
                ],
                "train_model": "728",
                "is_open_for_all": true,
                "is_eid_trip": 0,
                "boarding_points": [
                    {
                        "trip_point_id": 107160504,
                        "location_id": 2741,
                        "location_name": "Chilahati Station",
                        "location_time": "08:30 AM"
                    }
                ],
                "is_international": 0,
                "is_from_city_international": false
            },
            {
                "trip_number": "SIMANTA EXPRESS (748)",
                "departure_date_time": "28 Dec, 06:45 pm",
                "departure_full_date": "2024-12-28",
                "departure_date_time_jd": "Sat, 28 Dec 2024, 06:45 PM",
                "arrival_date_time": "29 Dec, 01:37 am",
                "travel_time": "06h 52m",
                "origin_city_name": "chilahati",
                "destination_city_name": "darshana_halt",
                "seat_types": [
                    {
                        "key": 7,
                        "type": "S_CHAIR",
                        "trip_id": 8379056,
                        "trip_route_id": 51566785,
                        "route_id": 20046,
                        "fare": "430.00",
                        "vat_percent": 0,
                        "vat_amount": 0,
                        "origin_city_seq": 1,
                        "destination_city_seq": 19,
                        "seat_counts": {
                            "online": 3,
                            "offline": 2,
                            "is_divided": true
                        }
                    },
                    {
                        "key": 1,
                        "type": "AC_B",
                        "trip_id": 8379086,
                        "trip_route_id": 51568525,
                        "route_id": 20046,
                        "fare": "1285.00",
                        "vat_percent": 15,
                        "vat_amount": 193,
                        "origin_city_seq": 1,
                        "destination_city_seq": 19,
                        "seat_counts": {
                            "online": 0,
                            "offline": 0,
                            "is_divided": true
                        }
                    },
                    {
                        "key": 3,
                        "type": "SNIGDHA",
                        "trip_id": 8379087,
                        "trip_route_id": 51568640,
                        "route_id": 20046,
                        "fare": "715.00",
                        "vat_percent": 15,
                        "vat_amount": 108,
                        "origin_city_seq": 1,
                        "destination_city_seq": 19,
                        "seat_counts": {
                            "online": 3,
                            "offline": 2,
                            "is_divided": true
                        }
                    }
                ],
                "train_model": "748",
                "is_open_for_all": true,
                "is_eid_trip": 0,
                "boarding_points": [
                    {
                        "trip_point_id": 107159534,
                        "location_id": 2741,
                        "location_name": "Chilahati Station",
                        "location_time": "06:45 PM"
                    }
                ],
                "is_international": 0,
                "is_from_city_international": false
            }
        ],
        "recommendations": [],
        "selected_seat_class": "S_CHAIR"
    },
    "extra": {
        "hash": "514D97166D2B16D7D4CA0823A966E975"
    }
}