{
    "data": {
        "trains": [
            {
                "trip_number": "TITUMIR EXPRESS (733)",
                "departure_date_time": "03 Jul, 07:20 am",
                "departure_full_date": "2025-07-03",
                "departure_date_time_jd": "Thu, 03 Jul 2025, 07:20 AM",
                "arrival_date_time": "03 Jul, 08:45 am",
                "travel_time": "01h 25m",
                "origin_city_name": "abdulpur",
                "destination_city_name": "santahar",
                "seat_types": [
                    {
                        "key": 7,
                        "type": "S_CHAIR",
                        "trip_id": 8446827,
                        "trip_route_id": 53828503,
                        "route_id": 20162,
                        "fare": "75.00",
                        "vat_percent": 0,
                        "vat_amount": 0,
                        "origin_city_seq": 2,
                        "destination_city_seq": 6,
                        "seat_counts": {
                            "online": 8,
                            "offline": 7,
                            "is_divided": true
                        }
                    }
                ],
                "train_model": "733",
                "is_open_for_all": true,
                "is_eid_trip": 0,
                "parent_route": {
                    "origin_city_name": "rajshahi",
                    "destination_city_name": "chilahati",
                    "departure_date": "2025-07-03",
                    "departure_time": "06:20:00",
                    "arrival_date": "2025-07-03",
                    "arrival_time": "13:00:00"
                },
                "boarding_points": [
                    {
                        "trip_point_id": 108471327,
                        "location_id": 2708,
                        "location_name": "Abdulpur Station",
                        "location_time": "07:20 AM",
                        "location_date": "03 Jul 2025"
                    }
                ],
                "is_international": 0,
                "is_from_city_international": false
            },
            {
                "trip_number": "BARENDRA EXPRESS (731)",
                "departure_date_time": "03 Jul, 04:00 pm",
                "departure_full_date": "2025-07-03",
                "departure_date_time_jd": "Thu, 03 Jul 2025, 04:00 PM",
                "arrival_date_time": "03 Jul, 05:20 pm",
                "travel_time": "01h 20m",
                "origin_city_name": "abdulpur",
                "destination_city_name": "santahar",
                "seat_types": [
                    {
                        "key": 7,
                        "type": "S_CHAIR",
                        "trip_id": 8446931,
                        "trip_route_id": 53831626,
                        "route_id": 20162,
                        "fare": "75.00",
                        "vat_percent": 0,
                        "vat_amount": 0,
                        "origin_city_seq": 2,
                        "destination_city_seq": 6,
                        "seat_counts": {
                            "online": 10,
                            "offline": 10,
                            "is_divided": true
                        }
                    }
                ],
                "train_model": "731",
                "is_open_for_all": true,
                "is_eid_trip": 0,
                "parent_route": {
                    "origin_city_name": "rajshahi",
                    "destination_city_name": "chilahati",
                    "departure_date": "2025-07-03",
                    "departure_time": "15:00:00",
                    "arrival_date": "2025-07-03",
                    "arrival_time": "21:30:00"
                },
                "boarding_points": [
                    {
                        "trip_point_id": 108473266,
                        "location_id": 2708,
                        "location_name": "Abdulpur Station",
                        "location_time": "04:00 PM",
                        "location_date": "03 Jul 2025"
                    }
                ],
                "is_international": 0,
                "is_from_city_international": false
            },
            {
                "trip_number": "BANGLABANDHA EXPRESS (803)",
                "departure_date_time": "03 Jul, 10:00 pm",
                "departure_full_date": "2025-07-03",
                "departure_date_time_jd": "Thu, 03 Jul 2025, 10:00 PM",
                "arrival_date_time": "03 Jul, 11:21 pm",
                "travel_time": "01h 21m",
                "origin_city_name": "abdulpur",
                "destination_city_name": "santahar",
                "seat_types": [
                    {
                        "key": 7,
                        "type": "S_CHAIR",
                        "trip_id": 8446687,
                        "trip_route_id": 53825033,
                        "route_id": 20861,
                        "fare": "75.00",
                        "vat_percent": 0,
                        "vat_amount": 0,
                        "origin_city_seq": 2,
                        "destination_city_seq": 6,
                        "seat_counts": {
                            "online": 5,
                            "offline": 5,
                            "is_divided": true
                        }
                    },
                    {
                        "key": 1,
                        "type": "AC_B",
                        "trip_id": 8446959,
                        "trip_route_id": 53832907,
                        "route_id": 20861,
                        "fare": "220.00",
                        "vat_percent": 15,
                        "vat_amount": 33,
                        "origin_city_seq": 2,
                        "destination_city_seq": 6,
                        "seat_counts": {
                            "online": 0,
                            "offline": 0,
                            "is_divided": true
                        }
                    }
                ],
                "train_model": "803",
                "is_open_for_all": true,
                "is_eid_trip": 0,
                "parent_route": {
                    "origin_city_name": "rajshahi",
                    "destination_city_name": "panchagarh",
                    "departure_date": "2025-07-03",
                    "departure_time": "21:00:00",
                    "arrival_date": "2025-07-04",
                    "arrival_time": "04:40:00"
                },
                "boarding_points": [
                    {
                        "trip_point_id": 108469034,
                        "location_id": 2708,
                        "location_name": "Abdulpur Station",
                        "location_time": "10:00 PM",
                        "location_date": "03 Jul 2025"
                    }
                ],
                "is_international": 0,
                "is_from_city_international": false
            }
        ],
        "recommendations": [],
        "selected_seat_class": "S_CHAIR"
    },
    "extra": {
        "hash": "2E1B68AB3FFC1C6C577E36F562130B61"
    }
}