{
    "data": {
        "trains": [
            {
                "trip_number": "BANGLABANDHA EXPRESS (803)",
                "departure_date_time": "03 Jul, 10:00 pm",
                "departure_full_date": "2025-07-03",
                "departure_date_time_jd": "Thu, 03 Jul 2025, 10:00 PM",
                "arrival_date_time": "04 Jul, 02:25 am",
                "travel_time": "04h 25m",
                "origin_city_name": "abdulpur",
                "destination_city_name": "dinajpur",
                "seat_types": [
                    {
                        "key": 7,
                        "type": "S_CHAIR",
                        "trip_id": 8446687,
                        "trip_route_id": 53825030,
                        "route_id": 20864,
                        "fare": "225.00",
                        "vat_percent": 0,
                        "vat_amount": 0,
                        "origin_city_seq": 2,
                        "destination_city_seq": 14,
                        "seat_counts": {
                            "online": 8,
                            "offline": 7,
                            "is_divided": true
                        }
                    },
                    {
                        "key": 1,
                        "type": "AC_B",
                        "trip_id": 8446959,
                        "trip_route_id": 53832904,
                        "route_id": 20864,
                        "fare": "605.00",
                        "vat_percent": 15,
                        "vat_amount": 91,
                        "origin_city_seq": 2,
                        "destination_city_seq": 14,
                        "seat_counts": {
                            "online": 0,
                            "offline": 0,
                            "is_divided": true
                        }
                    }
                ],
                "train_model": "803",
                "is_open_for_all": true,
                "is_eid_trip": 0,
                "parent_route": {
                    "origin_city_name": "rajshahi",
                    "destination_city_name": "panchagarh",
                    "departure_date": "2025-07-03",
                    "departure_time": "21:00:00",
                    "arrival_date": "2025-07-04",
                    "arrival_time": "04:40:00"
                },
                "boarding_points": [
                    {
                        "trip_point_id": 108469034,
                        "location_id": 2708,
                        "location_name": "Abdulpur Station",
                        "location_time": "10:00 PM",
                        "location_date": "03 Jul 2025"
                    }
                ],
                "is_international": 0,
                "is_from_city_international": false
            }
        ],
        "recommendations": [],
        "selected_seat_class": "S_CHAIR"
    },
    "extra": {
        "hash": "2E1B68AB3FFC1C6C577E36F562130B61"
    }
}