{
    "data": {
        "trains": [
            {
                "trip_number": "SILKCITY EXPRESS (754)",
                "departure_date_time": "03 Jul, 08:22 am",
                "departure_full_date": "2025-07-03",
                "departure_date_time_jd": "Thu, 03 Jul 2025, 08:22 AM",
                "arrival_date_time": "03 Jul, 01:10 pm",
                "travel_time": "04h 48m",
                "origin_city_name": "abdulpur",
                "destination_city_name": "dhaka",
                "seat_types": [
                    {
                        "key": 2,
                        "type": "AC_S",
                        "trip_id": 8446928,
                        "trip_route_id": 53831459,
                        "route_id": 19565,
                        "fare": "900.00",
                        "vat_percent": 15,
                        "vat_amount": 135,
                        "origin_city_seq": 4,
                        "destination_city_seq": 15,
                        "seat_counts": {
                            "online": 2,
                            "offline": 2,
                            "is_divided": true
                        }
                    },
                    {
                        "key": 3,
                        "type": "SNIGDHA",
                        "trip_id": 8446929,
                        "trip_route_id": 53831500,
                        "route_id": 19565,
                        "fare": "750.00",
                        "vat_percent": 15,
                        "vat_amount": 113,
                        "origin_city_seq": 4,
                        "destination_city_seq": 15,
                        "seat_counts": {
                            "online": 5,
                            "offline": 5,
                            "is_divided": true
                        }
                    },
                    {
                        "key": 7,
                        "type": "S_CHAIR",
                        "trip_id": 8446930,
                        "trip_route_id": 53831541,
                        "route_id": 19565,
                        "fare": "450.00",
                        "vat_percent": 0,
                        "vat_amount": 0,
                        "origin_city_seq": 4,
                        "destination_city_seq": 15,
                        "seat_counts": {
                            "online": 17,
                            "offline": 17,
                            "is_divided": true
                        }
                    }
                ],
                "train_model": "754",
                "is_open_for_all": true,
                "is_eid_trip": 0,
                "parent_route": {
                    "origin_city_name": "rajshahi",
                    "destination_city_name": "dhaka",
                    "departure_date": "2025-07-03",
                    "departure_time": "07:40:00",
                    "arrival_date": "2025-07-03",
                    "arrival_time": "13:10:00"
                },
                "boarding_points": [
                    {
                        "trip_point_id": 108473189,
                        "location_id": 2708,
                        "location_name": "Abdulpur Station",
                        "location_time": "08:22 AM",
                        "location_date": "03 Jul 2025"
                    }
                ],
                "is_international": 0,
                "is_from_city_international": false
            },
            {
                "trip_number": "PADMA EXPRESS (760)",
                "departure_date_time": "03 Jul, 04:47 pm",
                "departure_full_date": "2025-07-03",
                "departure_date_time_jd": "Thu, 03 Jul 2025, 04:47 PM",
                "arrival_date_time": "03 Jul, 09:15 pm",
                "travel_time": "04h 28m",
                "origin_city_name": "abdulpur",
                "destination_city_name": "dhaka",
                "seat_types": [
                    {
                        "key": 3,
                        "type": "SNIGDHA",
                        "trip_id": 8446619,
                        "trip_route_id": 53821324,
                        "route_id": 19565,
                        "fare": "750.00",
                        "vat_percent": 15,
                        "vat_amount": 113,
                        "origin_city_seq": 4,
                        "destination_city_seq": 15,
                        "seat_counts": {
                            "online": 3,
                            "offline": 2,
                            "is_divided": true
                        }
                    },
                    {
                        "key": 7,
                        "type": "S_CHAIR",
                        "trip_id": 8446620,
                        "trip_route_id": 53821363,
                        "route_id": 19565,
                        "fare": "450.00",
                        "vat_percent": 0,
                        "vat_amount": 0,
                        "origin_city_seq": 4,
                        "destination_city_seq": 15,
                        "seat_counts": {
                            "online": 14,
                            "offline": 14,
                            "is_divided": true
                        }
                    },
                    {
                        "key": 2,
                        "type": "AC_S",
                        "trip_id": 8446684,
                        "trip_route_id": 53824871,
                        "route_id": 19565,
                        "fare": "900.00",
                        "vat_percent": 15,
                        "vat_amount": 135,
                        "origin_city_seq": 4,
                        "destination_city_seq": 15,
                        "seat_counts": {
                            "online": 0,
                            "offline": 0,
                            "is_divided": true
                        }
                    }
                ],
                "train_model": "760",
                "is_open_for_all": true,
                "is_eid_trip": 0,
                "parent_route": {
                    "origin_city_name": "rajshahi",
                    "destination_city_name": "dhaka",
                    "departure_date": "2025-07-03",
                    "departure_time": "16:00:00",
                    "arrival_date": "2025-07-03",
                    "arrival_time": "21:15:00"
                },
                "boarding_points": [
                    {
                        "trip_point_id": 108467084,
                        "location_id": 2708,
                        "location_name": "Abdulpur Station",
                        "location_time": "04:47 PM",
                        "location_date": "03 Jul 2025"
                    }
                ],
                "is_international": 0,
                "is_from_city_international": false
            }
        ],
        "recommendations": [],
        "selected_seat_class": "S_CHAIR"
    },
    "extra": {
        "hash": "2E1B68AB3FFC1C6C577E36F562130B61"
    }
}