{
    "data": {
        "trains": [
            {
                "trip_number": "RAJSHAHI COMMUTER (58)",
                "departure_date_time": "03 Jul, 08:04 pm",
                "departure_full_date": "2025-07-03",
                "departure_date_time_jd": "Thu, 03 Jul 2025, 08:04 PM",
                "arrival_date_time": "03 Jul, 08:13 pm",
                "travel_time": "00h 09m",
                "origin_city_name": "abdulpur",
                "destination_city_name": "azim nagar",
                "seat_types": [
                    {
                        "key": 8,
                        "type": "SHOVAN",
                        "trip_id": 8446866,
                        "trip_route_id": 53829731,
                        "route_id": 23446,
                        "fare": "45.00",
                        "vat_percent": 0,
                        "vat_amount": 0,
                        "origin_city_seq": 10,
                        "destination_city_seq": 11,
                        "seat_counts": {
                            "online": 0,
                            "offline": 0,
                            "is_divided": true
                        }
                    }
                ],
                "train_model": "58",
                "is_open_for_all": true,
                "is_eid_trip": 0,
                "parent_route": {
                    "origin_city_name": "rohanpur",
                    "destination_city_name": "ishwardi",
                    "departure_date": "2025-07-03",
                    "departure_time": "17:10:00",
                    "arrival_date": "2025-07-03",
                    "arrival_time": "20:40:00"
                },
                "boarding_points": [
                    {
                        "trip_point_id": 108472064,
                        "location_id": 2708,
                        "location_name": "Abdulpur Station",
                        "location_time": "08:04 PM",
                        "location_date": "03 Jul 2025"
                    }
                ],
                "is_international": 0,
                "is_from_city_international": false
            }
        ],
        "recommendations": [
            {
                "origin": "Azim nagar",
                "destination": "Azim nagar"
            },
            {
                "origin": "Abdulpur",
                "destination": "Abdulpur"
            }
        ],
        "selected_seat_class": "S_CHAIR"
    },
    "extra": {
        "hash": "2E1B68AB3FFC1C6C577E36F562130B61"
    }
}