{
    "data": {
        "trains": [
            {
                "trip_number": "PADMA EXPRESS (759)",
                "departure_date_time": "03 Jul, 02:50 am",
                "departure_full_date": "2025-07-03",
                "departure_date_time_jd": "Thu, 03 Jul 2025, 02:50 AM",
                "arrival_date_time": "03 Jul, 04:00 am",
                "travel_time": "01h 10m",
                "origin_city_name": "abdulpur",
                "destination_city_name": "rajshahi",
                "seat_types": [
                    {
                        "key": 1,
                        "type": "AC_B",
                        "trip_id": 8446279,
                        "trip_route_id": 53809935,
                        "route_id": 19542,
                        "fare": "150.00",
                        "vat_percent": 15,
                        "vat_amount": 23,
                        "origin_city_seq": 13,
                        "destination_city_seq": 16,
                        "seat_counts": {
                            "online": 0,
                            "offline": 0,
                            "is_divided": true
                        }
                    },
                    {
                        "key": 3,
                        "type": "SNIGDHA",
                        "trip_id": 8446280,
                        "trip_route_id": 53809982,
                        "route_id": 19542,
                        "fare": "100.00",
                        "vat_percent": 15,
                        "vat_amount": 15,
                        "origin_city_seq": 13,
                        "destination_city_seq": 16,
                        "seat_counts": {
                            "online": 3,
                            "offline": 2,
                            "is_divided": true
                        }
                    },
                    {
                        "key": 7,
                        "type": "S_CHAIR",
                        "trip_id": 8446281,
                        "trip_route_id": 53810029,
                        "route_id": 19542,
                        "fare": "50.00",
                        "vat_percent": 0,
                        "vat_amount": 0,
                        "origin_city_seq": 13,
                        "destination_city_seq": 16,
                        "seat_counts": {
                            "online": 4,
                            "offline": 3,
                            "is_divided": true
                        }
                    }
                ],
                "train_model": "759",
                "is_open_for_all": true,
                "is_eid_trip": 0,
                "parent_route": {
                    "origin_city_name": "dhaka",
                    "destination_city_name": "rajshahi",
                    "departure_date": "2025-07-02",
                    "departure_time": "22:45:00",
                    "arrival_date": "2025-07-03",
                    "arrival_time": "04:00:00"
                },
                "boarding_points": [
                    {
                        "trip_point_id": 108460471,
                        "location_id": 2708,
                        "location_name": "Abdulpur Station",
                        "location_time": "02:50 AM",
                        "location_date": "03 Jul 2025"
                    }
                ],
                "is_international": 0,
                "is_from_city_international": false
            },
            {
                "trip_number": "RAJSHAHI COMMUTER (57)",
                "departure_date_time": "03 Jul, 07:45 am",
                "departure_full_date": "2025-07-03",
                "departure_date_time_jd": "Thu, 03 Jul 2025, 07:45 AM",
                "arrival_date_time": "03 Jul, 09:00 am",
                "travel_time": "01h 15m",
                "origin_city_name": "abdulpur",
                "destination_city_name": "rajshahi",
                "seat_types": [
                    {
                        "key": 8,
                        "type": "SHOVAN",
                        "trip_id": 8446863,
                        "trip_route_id": 53829686,
                        "route_id": 23422,
                        "fare": "45.00",
                        "vat_percent": 0,
                        "vat_amount": 0,
                        "origin_city_seq": 3,
                        "destination_city_seq": 7,
                        "seat_counts": {
                            "online": 10,
                            "offline": 10,
                            "is_divided": true
                        }
                    },
                    {
                        "key": 7,
                        "type": "S_CHAIR",
                        "trip_id": 8446919,
                        "trip_route_id": 53831201,
                        "route_id": 23422,
                        "fare": "50.00",
                        "vat_percent": 0,
                        "vat_amount": 0,
                        "origin_city_seq": 3,
                        "destination_city_seq": 7,
                        "seat_counts": {
                            "online": 4,
                            "offline": 3,
                            "is_divided": true
                        }
                    }
                ],
                "train_model": "57",
                "is_open_for_all": true,
                "is_eid_trip": 0,
                "parent_route": {
                    "origin_city_name": "ishwardi",
                    "destination_city_name": "rohanpur",
                    "departure_date": "2025-07-03",
                    "departure_time": "07:00:00",
                    "arrival_date": "2025-07-03",
                    "arrival_time": "11:10:00"
                },
                "boarding_points": [
                    {
                        "trip_point_id": 108472043,
                        "location_id": 2708,
                        "location_name": "Abdulpur Station",
                        "location_time": "07:45 AM",
                        "location_date": "03 Jul 2025"
                    }
                ],
                "is_international": 0,
                "is_from_city_international": false
            },
            {
                "trip_number": "BARENDRA EXPRESS (732)",
                "departure_date_time": "03 Jul, 10:15 am",
                "departure_full_date": "2025-07-03",
                "departure_date_time_jd": "Thu, 03 Jul 2025, 10:15 AM",
                "arrival_date_time": "03 Jul, 11:10 am",
                "travel_time": "00h 55m",
                "origin_city_name": "abdulpur",
                "destination_city_name": "rajshahi",
                "seat_types": [
                    {
                        "key": 7,
                        "type": "S_CHAIR",
                        "trip_id": 8446932,
                        "trip_route_id": 53831702,
                        "route_id": 20354,
                        "fare": "50.00",
                        "vat_percent": 0,
                        "vat_amount": 0,
                        "origin_city_seq": 18,
                        "destination_city_seq": 19,
                        "seat_counts": {
                            "online": 60,
                            "offline": 60,
                            "is_divided": true
                        }
                    }
                ],
                "train_model": "732",
                "is_open_for_all": true,
                "is_eid_trip": 0,
                "parent_route": {
                    "origin_city_name": "chilahati",
                    "destination_city_name": "rajshahi",
                    "departure_date": "2025-07-03",
                    "departure_time": "05:00:00",
                    "arrival_date": "2025-07-03",
                    "arrival_time": "11:10:00"
                },
                "boarding_points": [
                    {
                        "trip_point_id": 108473293,
                        "location_id": 2708,
                        "location_name": "Abdulpur Station",
                        "location_time": "10:15 AM",
                        "location_date": "03 Jul 2025"
                    }
                ],
                "is_international": 0,
                "is_from_city_international": false
            },
            {
                "trip_number": "BANGLABANDHA EXPRESS (804)",
                "departure_date_time": "03 Jul, 04:15 pm",
                "departure_full_date": "2025-07-03",
                "departure_date_time_jd": "Thu, 03 Jul 2025, 04:15 PM",
                "arrival_date_time": "03 Jul, 05:15 pm",
                "travel_time": "01h 00m",
                "origin_city_name": "abdulpur",
                "destination_city_name": "rajshahi",
                "seat_types": [
                    {
                        "key": 7,
                        "type": "S_CHAIR",
                        "trip_id": 8446657,
                        "trip_route_id": 53823416,
                        "route_id": 21024,
                        "fare": "50.00",
                        "vat_percent": 0,
                        "vat_amount": 0,
                        "origin_city_seq": 20,
                        "destination_city_seq": 21,
                        "seat_counts": {
                            "online": 71,
                            "offline": 71,
                            "is_divided": true
                        }
                    },
                    {
                        "key": 2,
                        "type": "AC_S",
                        "trip_id": 8446960,
                        "trip_route_id": 53832980,
                        "route_id": 21024,
                        "fare": "110.00",
                        "vat_percent": 15,
                        "vat_amount": 17,
                        "origin_city_seq": 20,
                        "destination_city_seq": 21,
                        "seat_counts": {
                            "online": 0,
                            "offline": 0,
                            "is_divided": true
                        }
                    }
                ],
                "train_model": "804",
                "is_open_for_all": true,
                "is_eid_trip": 0,
                "parent_route": {
                    "origin_city_name": "panchagarh",
                    "destination_city_name": "rajshahi",
                    "departure_date": "2025-07-03",
                    "departure_time": "09:00:00",
                    "arrival_date": "2025-07-03",
                    "arrival_time": "17:15:00"
                },
                "boarding_points": [
                    {
                        "trip_point_id": 108468194,
                        "location_id": 2708,
                        "location_name": "Abdulpur Station",
                        "location_time": "04:15 PM",
                        "location_date": "03 Jul 2025"
                    }
                ],
                "is_international": 0,
                "is_from_city_international": false
            },
            {
                "trip_number": "SILKCITY EXPRESS (753)",
                "departure_date_time": "03 Jul, 07:09 pm",
                "departure_full_date": "2025-07-03",
                "departure_date_time_jd": "Thu, 03 Jul 2025, 07:09 PM",
                "arrival_date_time": "03 Jul, 08:20 pm",
                "travel_time": "01h 11m",
                "origin_city_name": "abdulpur",
                "destination_city_name": "rajshahi",
                "seat_types": [
                    {
                        "key": 2,
                        "type": "AC_S",
                        "trip_id": 8446925,
                        "trip_route_id": 53831325,
                        "route_id": 19542,
                        "fare": "110.00",
                        "vat_percent": 15,
                        "vat_amount": 17,
                        "origin_city_seq": 13,
                        "destination_city_seq": 16,
                        "seat_counts": {
                            "online": 2,
                            "offline": 2,
                            "is_divided": true
                        }
                    },
                    {
                        "key": 3,
                        "type": "SNIGDHA",
                        "trip_id": 8446926,
                        "trip_route_id": 53831371,
                        "route_id": 19542,
                        "fare": "100.00",
                        "vat_percent": 15,
                        "vat_amount": 15,
                        "origin_city_seq": 13,
                        "destination_city_seq": 16,
                        "seat_counts": {
                            "online": 3,
                            "offline": 2,
                            "is_divided": true
                        }
                    },
                    {
                        "key": 7,
                        "type": "S_CHAIR",
                        "trip_id": 8446927,
                        "trip_route_id": 53831423,
                        "route_id": 19542,
                        "fare": "50.00",
                        "vat_percent": 0,
                        "vat_amount": 0,
                        "origin_city_seq": 13,
                        "destination_city_seq": 16,
                        "seat_counts": {
                            "online": 28,
                            "offline": 27,
                            "is_divided": true
                        }
                    }
                ],
                "train_model": "753",
                "is_open_for_all": true,
                "is_eid_trip": 0,
                "parent_route": {
                    "origin_city_name": "dhaka",
                    "destination_city_name": "rajshahi",
                    "departure_date": "2025-07-03",
                    "departure_time": "14:30:00",
                    "arrival_date": "2025-07-03",
                    "arrival_time": "20:20:00"
                },
                "boarding_points": [
                    {
                        "trip_point_id": 108473112,
                        "location_id": 2708,
                        "location_name": "Abdulpur Station",
                        "location_time": "07:09 PM",
                        "location_date": "03 Jul 2025"
                    }
                ],
                "is_international": 0,
                "is_from_city_international": false
            },
            {
                "trip_number": "TITUMIR EXPRESS (734)",
                "departure_date_time": "03 Jul, 08:30 pm",
                "departure_full_date": "2025-07-03",
                "departure_date_time_jd": "Thu, 03 Jul 2025, 08:30 PM",
                "arrival_date_time": "03 Jul, 09:30 pm",
                "travel_time": "01h 00m",
                "origin_city_name": "abdulpur",
                "destination_city_name": "rajshahi",
                "seat_types": [
                    {
                        "key": 7,
                        "type": "S_CHAIR",
                        "trip_id": 8446918,
                        "trip_route_id": 53831189,
                        "route_id": 20354,
                        "fare": "50.00",
                        "vat_percent": 0,
                        "vat_amount": 0,
                        "origin_city_seq": 18,
                        "destination_city_seq": 19,
                        "seat_counts": {
                            "online": 77,
                            "offline": 76,
                            "is_divided": true
                        }
                    }
                ],
                "train_model": "734",
                "is_open_for_all": true,
                "is_eid_trip": 0,
                "parent_route": {
                    "origin_city_name": "chilahati",
                    "destination_city_name": "rajshahi",
                    "departure_date": "2025-07-03",
                    "departure_time": "15:00:00",
                    "arrival_date": "2025-07-03",
                    "arrival_time": "21:30:00"
                },
                "boarding_points": [
                    {
                        "trip_point_id": 108472987,
                        "location_id": 2708,
                        "location_name": "Abdulpur Station",
                        "location_time": "08:30 PM",
                        "location_date": "03 Jul 2025"
                    }
                ],
                "is_international": 0,
                "is_from_city_international": false
            },
            {
                "trip_number": "SAGARDARI EXPRESS (761)",
                "departure_date_time": "03 Jul, 08:56 pm",
                "departure_full_date": "2025-07-03",
                "departure_date_time_jd": "Thu, 03 Jul 2025, 08:56 PM",
                "arrival_date_time": "03 Jul, 10:00 pm",
                "travel_time": "01h 04m",
                "origin_city_name": "abdulpur",
                "destination_city_name": "rajshahi",
                "seat_types": [
                    {
                        "key": 7,
                        "type": "S_CHAIR",
                        "trip_id": 8446681,
                        "trip_route_id": 53824682,
                        "route_id": 21456,
                        "fare": "50.00",
                        "vat_percent": 0,
                        "vat_amount": 0,
                        "origin_city_seq": 16,
                        "destination_city_seq": 17,
                        "seat_counts": {
                            "online": 5,
                            "offline": 5,
                            "is_divided": true
                        }
                    }
                ],
                "train_model": "761",
                "is_open_for_all": true,
                "is_eid_trip": 0,
                "parent_route": {
                    "origin_city_name": "khulna",
                    "destination_city_name": "rajshahi",
                    "departure_date": "2025-07-03",
                    "departure_time": "16:00:00",
                    "arrival_date": "2025-07-03",
                    "arrival_time": "22:00:00"
                },
                "boarding_points": [
                    {
                        "trip_point_id": 108468877,
                        "location_id": 2708,
                        "location_name": "Abdulpur Station",
                        "location_time": "08:56 PM",
                        "location_date": "03 Jul 2025"
                    }
                ],
                "is_international": 0,
                "is_from_city_international": false
            }
        ],
        "recommendations": [],
        "selected_seat_class": "S_CHAIR"
    },
    "extra": {
        "hash": "1BC1529A04E386F94B558D7ED712C194"
    }
}