{
    "data": {
        "trains": [
            {
                "trip_number": "SAGARDARI EXPRESS (762)",
                "departure_date_time": "03 Jul, 06:42 am",
                "departure_full_date": "2025-07-03",
                "departure_date_time_jd": "Thu, 03 Jul 2025, 06:42 AM",
                "arrival_date_time": "03 Jul, 09:20 am",
                "travel_time": "02h 38m",
                "origin_city_name": "abdulpur",
                "destination_city_name": "darshana_halt",
                "seat_types": [
                    {
                        "key": 7,
                        "type": "S_CHAIR",
                        "trip_id": 8446683,
                        "trip_route_id": 53824820,
                        "route_id": 26037,
                        "fare": "175.00",
                        "vat_percent": 0,
                        "vat_amount": 0,
                        "origin_city_seq": 2,
                        "destination_city_seq": 11,
                        "seat_counts": {
                            "online": 2,
                            "offline": 1,
                            "is_divided": true
                        }
                    }
                ],
                "train_model": "762",
                "is_open_for_all": true,
                "is_eid_trip": 0,
                "parent_route": {
                    "origin_city_name": "rajshahi",
                    "destination_city_name": "khulna",
                    "departure_date": "2025-07-03",
                    "departure_time": "06:00:00",
                    "arrival_date": "2025-07-03",
                    "arrival_time": "12:10:00"
                },
                "boarding_points": [
                    {
                        "trip_point_id": 108468939,
                        "location_id": 2708,
                        "location_name": "Abdulpur Station",
                        "location_time": "06:42 AM",
                        "location_date": "03 Jul 2025"
                    }
                ],
                "is_international": 0,
                "is_from_city_international": false
            }
        ],
        "recommendations": [],
        "selected_seat_class": "S_CHAIR"
    },
    "extra": {
        "hash": "2E1B68AB3FFC1C6C577E36F562130B61"
    }
}