{
    "data": {
        "trains": [
            {
                "trip_number": "DRUTOJAN EXPRESS (758)",
                "departure_date_time": "03 Jul, 01:16 pm",
                "departure_full_date": "2025-07-03",
                "departure_date_time_jd": "Thu, 03 Jul 2025, 01:16 PM",
                "arrival_date_time": "03 Jul, 06:55 pm",
                "travel_time": "05h 39m",
                "origin_city_name": "ahsanganj",
                "destination_city_name": "dhaka",
                "seat_types": [
                    {
                        "key": 3,
                        "type": "SNIGDHA",
                        "trip_id": 8446670,
                        "trip_route_id": 53823928,
                        "route_id": 23494,
                        "fare": "745.00",
                        "vat_percent": 15,
                        "vat_amount": 112,
                        "origin_city_seq": 16,
                        "destination_city_seq": 25,
                        "seat_counts": {
                            "online": 2,
                            "offline": 2,
                            "is_divided": true
                        }
                    },
                    {
                        "key": 7,
                        "type": "S_CHAIR",
                        "trip_id": 8446677,
                        "trip_route_id": 53824424,
                        "route_id": 23494,
                        "fare": "445.00",
                        "vat_percent": 0,
                        "vat_amount": 0,
                        "origin_city_seq": 16,
                        "destination_city_seq": 25,
                        "seat_counts": {
                            "online": 16,
                            "offline": 16,
                            "is_divided": true
                        }
                    },
                    {
                        "key": 2,
                        "type": "AC_S",
                        "trip_id": 8446678,
                        "trip_route_id": 53824487,
                        "route_id": 23494,
                        "fare": "890.00",
                        "vat_percent": 15,
                        "vat_amount": 134,
                        "origin_city_seq": 16,
                        "destination_city_seq": 25,
                        "seat_counts": {
                            "online": 2,
                            "offline": 2,
                            "is_divided": true
                        }
                    }
                ],
                "train_model": "758",
                "is_open_for_all": true,
                "is_eid_trip": 0,
                "parent_route": {
                    "origin_city_name": "panchagarh",
                    "destination_city_name": "dhaka",
                    "departure_date": "2025-07-03",
                    "departure_time": "07:20:00",
                    "arrival_date": "2025-07-03",
                    "arrival_time": "18:55:00"
                },
                "boarding_points": [
                    {
                        "trip_point_id": 108468490,
                        "location_id": 2707,
                        "location_name": "Ahsanganj Station",
                        "location_time": "01:16 PM",
                        "location_date": "03 Jul 2025"
                    }
                ],
                "is_international": 0,
                "is_from_city_international": false
            },
            {
                "trip_number": "NILSAGAR EXPRESS (766)",
                "departure_date_time": "03 Jul, 11:49 pm",
                "departure_full_date": "2025-07-03",
                "departure_date_time_jd": "Thu, 03 Jul 2025, 11:49 PM",
                "arrival_date_time": "04 Jul, 05:25 am",
                "travel_time": "05h 36m",
                "origin_city_name": "ahsanganj",
                "destination_city_name": "dhaka",
                "seat_types": [
                    {
                        "key": 7,
                        "type": "S_CHAIR",
                        "trip_id": 8446648,
                        "trip_route_id": 53822905,
                        "route_id": 19852,
                        "fare": "445.00",
                        "vat_percent": 0,
                        "vat_amount": 0,
                        "origin_city_seq": 11,
                        "destination_city_seq": 16,
                        "seat_counts": {
                            "online": 8,
                            "offline": 8,
                            "is_divided": true
                        }
                    },
                    {
                        "key": 3,
                        "type": "SNIGDHA",
                        "trip_id": 8446649,
                        "trip_route_id": 53822950,
                        "route_id": 19852,
                        "fare": "745.00",
                        "vat_percent": 15,
                        "vat_amount": 112,
                        "origin_city_seq": 11,
                        "destination_city_seq": 16,
                        "seat_counts": {
                            "online": 3,
                            "offline": 3,
                            "is_divided": true
                        }
                    },
                    {
                        "key": 1,
                        "type": "AC_B",
                        "trip_id": 8446650,
                        "trip_route_id": 53822995,
                        "route_id": 19852,
                        "fare": "1335.00",
                        "vat_percent": 15,
                        "vat_amount": 201,
                        "origin_city_seq": 11,
                        "destination_city_seq": 16,
                        "seat_counts": {
                            "online": 0,
                            "offline": 0,
                            "is_divided": true
                        }
                    }
                ],
                "train_model": "766",
                "is_open_for_all": true,
                "is_eid_trip": 0,
                "parent_route": {
                    "origin_city_name": "chilahati",
                    "destination_city_name": "dhaka",
                    "departure_date": "2025-07-03",
                    "departure_time": "20:00:00",
                    "arrival_date": "2025-07-04",
                    "arrival_time": "05:25:00"
                },
                "boarding_points": [
                    {
                        "trip_point_id": 108467953,
                        "location_id": 2707,
                        "location_name": "Ahsanganj Station",
                        "location_time": "11:49 PM",
                        "location_date": "03 Jul 2025"
                    }
                ],
                "is_international": 0,
                "is_from_city_international": false
            }
        ],
        "recommendations": [],
        "selected_seat_class": "S_CHAIR"
    },
    "extra": {
        "hash": "2E1B68AB3FFC1C6C577E36F562130B61"
    }
}