{
    "data": {
        "trains": [
            {
                "trip_number": "TURNA (741)",
                "departure_date_time": "03 Jul, 02:50 am",
                "departure_full_date": "2025-07-03",
                "departure_date_time_jd": "Thu, 03 Jul 2025, 02:50 AM",
                "arrival_date_time": "03 Jul, 05:10 am",
                "travel_time": "02h 20m",
                "origin_city_name": "akhaura",
                "destination_city_name": "dhaka",
                "seat_types": [
                    {
                        "key": 7,
                        "type": "S_CHAIR",
                        "trip_id": 8446413,
                        "trip_route_id": 53816052,
                        "route_id": 22824,
                        "fare": "170.00",
                        "vat_percent": 0,
                        "vat_amount": 0,
                        "origin_city_seq": 5,
                        "destination_city_seq": 8,
                        "seat_counts": {
                            "online": 0,
                            "offline": 0,
                            "is_divided": true
                        }
                    },
                    {
                        "key": 4,
                        "type": "F_BERTH",
                        "trip_id": 8446414,
                        "trip_route_id": 53816065,
                        "route_id": 22824,
                        "fare": "335.00",
                        "vat_percent": 15,
                        "vat_amount": 51,
                        "origin_city_seq": 5,
                        "destination_city_seq": 8,
                        "seat_counts": {
                            "online": 0,
                            "offline": 0,
                            "is_divided": true
                        }
                    },
                    {
                        "key": 1,
                        "type": "AC_B",
                        "trip_id": 8446415,
                        "trip_route_id": 53816078,
                        "route_id": 22824,
                        "fare": "500.00",
                        "vat_percent": 15,
                        "vat_amount": 75,
                        "origin_city_seq": 5,
                        "destination_city_seq": 8,
                        "seat_counts": {
                            "online": 0,
                            "offline": 0,
                            "is_divided": true
                        }
                    },
                    {
                        "key": 3,
                        "type": "SNIGDHA",
                        "trip_id": 8446416,
                        "trip_route_id": 53816091,
                        "route_id": 22824,
                        "fare": "280.00",
                        "vat_percent": 15,
                        "vat_amount": 42,
                        "origin_city_seq": 5,
                        "destination_city_seq": 8,
                        "seat_counts": {
                            "online": 0,
                            "offline": 0,
                            "is_divided": true
                        }
                    }
                ],
                "train_model": "741",
                "is_open_for_all": true,
                "is_eid_trip": 0,
                "parent_route": {
                    "origin_city_name": "chattogram",
                    "destination_city_name": "dhaka",
                    "departure_date": "2025-07-02",
                    "departure_time": "23:30:00",
                    "arrival_date": "2025-07-03",
                    "arrival_time": "05:10:00"
                },
                "boarding_points": [
                    {
                        "trip_point_id": 108463679,
                        "location_id": 2828,
                        "location_name": "Akhaura Station",
                        "location_time": "02:50 AM",
                        "location_date": "03 Jul 2025"
                    }
                ],
                "is_international": 0,
                "is_from_city_international": false
            },
            {
                "trip_number": "UPAKUL EXPRESS (711)",
                "departure_date_time": "03 Jul, 08:53 am",
                "departure_full_date": "2025-07-03",
                "departure_date_time_jd": "Thu, 03 Jul 2025, 08:53 AM",
                "arrival_date_time": "03 Jul, 11:20 am",
                "travel_time": "02h 27m",
                "origin_city_name": "akhaura",
                "destination_city_name": "dhaka",
                "seat_types": [
                    {
                        "key": 3,
                        "type": "SNIGDHA",
                        "trip_id": 8446725,
                        "trip_route_id": 53826048,
                        "route_id": 22253,
                        "fare": "280.00",
                        "vat_percent": 15,
                        "vat_amount": 42,
                        "origin_city_seq": 10,
                        "destination_city_seq": 15,
                        "seat_counts": {
                            "online": 1,
                            "offline": 0,
                            "is_divided": true
                        }
                    },
                    {
                        "key": 7,
                        "type": "S_CHAIR",
                        "trip_id": 8446726,
                        "trip_route_id": 53826119,
                        "route_id": 22253,
                        "fare": "170.00",
                        "vat_percent": 0,
                        "vat_amount": 0,
                        "origin_city_seq": 10,
                        "destination_city_seq": 15,
                        "seat_counts": {
                            "online": 0,
                            "offline": 0,
                            "is_divided": true
                        }
                    }
                ],
                "train_model": "711",
                "is_open_for_all": true,
                "is_eid_trip": 0,
                "parent_route": {
                    "origin_city_name": "noakhali",
                    "destination_city_name": "dhaka",
                    "departure_date": "2025-07-03",
                    "departure_time": "06:00:00",
                    "arrival_date": "2025-07-03",
                    "arrival_time": "11:20:00"
                },
                "boarding_points": [
                    {
                        "trip_point_id": 108469656,
                        "location_id": 2828,
                        "location_name": "Akhaura Station",
                        "location_time": "08:53 AM",
                        "location_date": "03 Jul 2025"
                    }
                ],
                "is_international": 0,
                "is_from_city_international": false
            },
            {
                "trip_number": "CHATTALA EXPRESS (801)",
                "departure_date_time": "03 Jul, 10:08 am",
                "departure_full_date": "2025-07-03",
                "departure_date_time_jd": "Thu, 03 Jul 2025, 10:08 AM",
                "arrival_date_time": "03 Jul, 12:40 pm",
                "travel_time": "02h 32m",
                "origin_city_name": "akhaura",
                "destination_city_name": "dhaka",
                "seat_types": [
                    {
                        "key": 3,
                        "type": "SNIGDHA",
                        "trip_id": 8446804,
                        "trip_route_id": 53828045,
                        "route_id": 22902,
                        "fare": "280.00",
                        "vat_percent": 15,
                        "vat_amount": 42,
                        "origin_city_seq": 10,
                        "destination_city_seq": 16,
                        "seat_counts": {
                            "online": 1,
                            "offline": 0,
                            "is_divided": true
                        }
                    },
                    {
                        "key": 7,
                        "type": "S_CHAIR",
                        "trip_id": 8446806,
                        "trip_route_id": 53828091,
                        "route_id": 22902,
                        "fare": "170.00",
                        "vat_percent": 0,
                        "vat_amount": 0,
                        "origin_city_seq": 10,
                        "destination_city_seq": 16,
                        "seat_counts": {
                            "online": 0,
                            "offline": 0,
                            "is_divided": true
                        }
                    }
                ],
                "train_model": "801",
                "is_open_for_all": true,
                "is_eid_trip": 0,
                "parent_route": {
                    "origin_city_name": "chattogram",
                    "destination_city_name": "dhaka",
                    "departure_date": "2025-07-03",
                    "departure_time": "06:00:00",
                    "arrival_date": "2025-07-03",
                    "arrival_time": "12:40:00"
                },
                "boarding_points": [
                    {
                        "trip_point_id": 108471028,
                        "location_id": 2828,
                        "location_name": "Akhaura Station",
                        "location_time": "10:08 AM",
                        "location_date": "03 Jul 2025"
                    }
                ],
                "is_international": 0,
                "is_from_city_international": false
            },
            {
                "trip_number": "MOHANAGAR EXPRESS (721)",
                "departure_date_time": "03 Jul, 04:08 pm",
                "departure_full_date": "2025-07-03",
                "departure_date_time_jd": "Thu, 03 Jul 2025, 04:08 PM",
                "arrival_date_time": "03 Jul, 06:40 pm",
                "travel_time": "02h 32m",
                "origin_city_name": "akhaura",
                "destination_city_name": "dhaka",
                "seat_types": [
                    {
                        "key": 7,
                        "type": "S_CHAIR",
                        "trip_id": 8446939,
                        "trip_route_id": 53832195,
                        "route_id": 22503,
                        "fare": "170.00",
                        "vat_percent": 0,
                        "vat_amount": 0,
                        "origin_city_seq": 8,
                        "destination_city_seq": 13,
                        "seat_counts": {
                            "online": 0,
                            "offline": 0,
                            "is_divided": true
                        }
                    },
                    {
                        "key": 2,
                        "type": "AC_S",
                        "trip_id": 8446940,
                        "trip_route_id": 53832235,
                        "route_id": 22503,
                        "fare": "335.00",
                        "vat_percent": 15,
                        "vat_amount": 51,
                        "origin_city_seq": 8,
                        "destination_city_seq": 13,
                        "seat_counts": {
                            "online": 0,
                            "offline": 0,
                            "is_divided": true
                        }
                    },
                    {
                        "key": 3,
                        "type": "SNIGDHA",
                        "trip_id": 8446941,
                        "trip_route_id": 53832276,
                        "route_id": 22503,
                        "fare": "280.00",
                        "vat_percent": 15,
                        "vat_amount": 42,
                        "origin_city_seq": 8,
                        "destination_city_seq": 13,
                        "seat_counts": {
                            "online": 0,
                            "offline": 0,
                            "is_divided": true
                        }
                    }
                ],
                "train_model": "721",
                "is_open_for_all": true,
                "is_eid_trip": 0,
                "parent_route": {
                    "origin_city_name": "chattogram",
                    "destination_city_name": "dhaka",
                    "departure_date": "2025-07-03",
                    "departure_time": "12:30:00",
                    "arrival_date": "2025-07-03",
                    "arrival_time": "18:40:00"
                },
                "boarding_points": [
                    {
                        "trip_point_id": 108473544,
                        "location_id": 2828,
                        "location_name": "Akhaura Station",
                        "location_time": "04:08 PM",
                        "location_date": "03 Jul 2025"
                    }
                ],
                "is_international": 0,
                "is_from_city_international": false
            },
            {
                "trip_number": "MAHANAGAR GODHULI (703)",
                "departure_date_time": "03 Jul, 06:23 pm",
                "departure_full_date": "2025-07-03",
                "departure_date_time_jd": "Thu, 03 Jul 2025, 06:23 PM",
                "arrival_date_time": "03 Jul, 08:45 pm",
                "travel_time": "02h 22m",
                "origin_city_name": "akhaura",
                "destination_city_name": "dhaka",
                "seat_types": [
                    {
                        "key": 3,
                        "type": "SNIGDHA",
                        "trip_id": 8446701,
                        "trip_route_id": 53825323,
                        "route_id": 22035,
                        "fare": "280.00",
                        "vat_percent": 15,
                        "vat_amount": 42,
                        "origin_city_seq": 6,
                        "destination_city_seq": 10,
                        "seat_counts": {
                            "online": 0,
                            "offline": 0,
                            "is_divided": true
                        }
                    },
                    {
                        "key": 7,
                        "type": "S_CHAIR",
                        "trip_id": 8446702,
                        "trip_route_id": 53825347,
                        "route_id": 22035,
                        "fare": "170.00",
                        "vat_percent": 0,
                        "vat_amount": 0,
                        "origin_city_seq": 6,
                        "destination_city_seq": 10,
                        "seat_counts": {
                            "online": 0,
                            "offline": 0,
                            "is_divided": true
                        }
                    },
                    {
                        "key": 5,
                        "type": "F_SEAT",
                        "trip_id": 8446703,
                        "trip_route_id": 53825368,
                        "route_id": 22035,
                        "fare": "225.00",
                        "vat_percent": 15,
                        "vat_amount": 34,
                        "origin_city_seq": 6,
                        "destination_city_seq": 10,
                        "seat_counts": {
                            "online": 0,
                            "offline": 0,
                            "is_divided": true
                        }
                    },
                    {
                        "key": 2,
                        "type": "AC_S",
                        "trip_id": 8446704,
                        "trip_route_id": 53825388,
                        "route_id": 22035,
                        "fare": "335.00",
                        "vat_percent": 15,
                        "vat_amount": 51,
                        "origin_city_seq": 6,
                        "destination_city_seq": 10,
                        "seat_counts": {
                            "online": 0,
                            "offline": 0,
                            "is_divided": true
                        }
                    }
                ],
                "train_model": "703",
                "is_open_for_all": true,
                "is_eid_trip": 0,
                "parent_route": {
                    "origin_city_name": "chattogram",
                    "destination_city_name": "dhaka",
                    "departure_date": "2025-07-03",
                    "departure_time": "15:00:00",
                    "arrival_date": "2025-07-03",
                    "arrival_time": "20:45:00"
                },
                "boarding_points": [
                    {
                        "trip_point_id": 108469216,
                        "location_id": 2828,
                        "location_name": "Akhaura Station",
                        "location_time": "06:23 PM",
                        "location_date": "03 Jul 2025"
                    }
                ],
                "is_international": 0,
                "is_from_city_international": false
            }
        ],
        "recommendations": [],
        "selected_seat_class": "S_CHAIR"
    },
    "extra": {
        "hash": "2E1B68AB3FFC1C6C577E36F562130B61"
    }
}