{
    "data": {
        "trains": [
            {
                "trip_number": "SIMANTA EXPRESS (747)",
                "departure_date_time": "03 Jul, 03:32 am",
                "departure_full_date": "2025-07-03",
                "departure_date_time_jd": "Thu, 03 Jul 2025, 03:32 AM",
                "arrival_date_time": "03 Jul, 06:45 am",
                "travel_time": "03h 13m",
                "origin_city_name": "akkelpur",
                "destination_city_name": "chilahati",
                "seat_types": [
                    {
                        "key": 3,
                        "type": "SNIGDHA",
                        "trip_id": 8446302,
                        "trip_route_id": 53810902,
                        "route_id": 20004,
                        "fare": "290.00",
                        "vat_percent": 15,
                        "vat_amount": 44,
                        "origin_city_seq": 17,
                        "destination_city_seq": 25,
                        "seat_counts": {
                            "online": 0,
                            "offline": 0,
                            "is_divided": true
                        }
                    },
                    {
                        "key": 7,
                        "type": "S_CHAIR",
                        "trip_id": 8446303,
                        "trip_route_id": 53811025,
                        "route_id": 20004,
                        "fare": "175.00",
                        "vat_percent": 0,
                        "vat_amount": 0,
                        "origin_city_seq": 17,
                        "destination_city_seq": 25,
                        "seat_counts": {
                            "online": 3,
                            "offline": 2,
                            "is_divided": true
                        }
                    }
                ],
                "train_model": "747",
                "is_open_for_all": true,
                "is_eid_trip": 0,
                "parent_route": {
                    "origin_city_name": "khulna",
                    "destination_city_name": "chilahati",
                    "departure_date": "2025-07-02",
                    "departure_time": "21:15:00",
                    "arrival_date": "2025-07-03",
                    "arrival_time": "06:45:00"
                },
                "boarding_points": [
                    {
                        "trip_point_id": 108461043,
                        "location_id": 2758,
                        "location_name": "Akkelpur Station",
                        "location_time": "03:32 AM",
                        "location_date": "03 Jul 2025"
                    }
                ],
                "is_international": 0,
                "is_from_city_international": false
            },
            {
                "trip_number": "TITUMIR EXPRESS (733)",
                "departure_date_time": "03 Jul, 09:12 am",
                "departure_full_date": "2025-07-03",
                "departure_date_time_jd": "Thu, 03 Jul 2025, 09:12 AM",
                "arrival_date_time": "03 Jul, 01:00 pm",
                "travel_time": "03h 48m",
                "origin_city_name": "akkelpur",
                "destination_city_name": "chilahati",
                "seat_types": [
                    {
                        "key": 7,
                        "type": "S_CHAIR",
                        "trip_id": 8446827,
                        "trip_route_id": 53828475,
                        "route_id": 20220,
                        "fare": "175.00",
                        "vat_percent": 0,
                        "vat_amount": 0,
                        "origin_city_seq": 7,
                        "destination_city_seq": 19,
                        "seat_counts": {
                            "online": 5,
                            "offline": 5,
                            "is_divided": true
                        }
                    }
                ],
                "train_model": "733",
                "is_open_for_all": true,
                "is_eid_trip": 0,
                "parent_route": {
                    "origin_city_name": "rajshahi",
                    "destination_city_name": "chilahati",
                    "departure_date": "2025-07-03",
                    "departure_time": "06:20:00",
                    "arrival_date": "2025-07-03",
                    "arrival_time": "13:00:00"
                },
                "boarding_points": [
                    {
                        "trip_point_id": 108471324,
                        "location_id": 2758,
                        "location_name": "Akkelpur Station",
                        "location_time": "09:12 AM",
                        "location_date": "03 Jul 2025"
                    }
                ],
                "is_international": 0,
                "is_from_city_international": false
            },
            {
                "trip_number": "NILSAGAR EXPRESS (765)",
                "departure_date_time": "03 Jul, 12:40 pm",
                "departure_full_date": "2025-07-03",
                "departure_date_time_jd": "Thu, 03 Jul 2025, 12:40 PM",
                "arrival_date_time": "03 Jul, 04:00 pm",
                "travel_time": "03h 20m",
                "origin_city_name": "akkelpur",
                "destination_city_name": "chilahati",
                "seat_types": [
                    {
                        "key": 2,
                        "type": "AC_S",
                        "trip_id": 8446651,
                        "trip_route_id": 53823042,
                        "route_id": 19794,
                        "fare": "345.00",
                        "vat_percent": 15,
                        "vat_amount": 52,
                        "origin_city_seq": 9,
                        "destination_city_seq": 17,
                        "seat_counts": {
                            "online": 0,
                            "offline": 0,
                            "is_divided": true
                        }
                    },
                    {
                        "key": 3,
                        "type": "SNIGDHA",
                        "trip_id": 8446652,
                        "trip_route_id": 53823109,
                        "route_id": 19794,
                        "fare": "290.00",
                        "vat_percent": 15,
                        "vat_amount": 44,
                        "origin_city_seq": 9,
                        "destination_city_seq": 17,
                        "seat_counts": {
                            "online": 1,
                            "offline": 1,
                            "is_divided": true
                        }
                    },
                    {
                        "key": 7,
                        "type": "S_CHAIR",
                        "trip_id": 8446653,
                        "trip_route_id": 53823182,
                        "route_id": 19794,
                        "fare": "175.00",
                        "vat_percent": 0,
                        "vat_amount": 0,
                        "origin_city_seq": 9,
                        "destination_city_seq": 17,
                        "seat_counts": {
                            "online": 3,
                            "offline": 2,
                            "is_divided": true
                        }
                    }
                ],
                "train_model": "765",
                "is_open_for_all": true,
                "is_eid_trip": 0,
                "parent_route": {
                    "origin_city_name": "dhaka",
                    "destination_city_name": "chilahati",
                    "departure_date": "2025-07-03",
                    "departure_time": "06:45:00",
                    "arrival_date": "2025-07-03",
                    "arrival_time": "16:00:00"
                },
                "boarding_points": [
                    {
                        "trip_point_id": 108468039,
                        "location_id": 2758,
                        "location_name": "Akkelpur Station",
                        "location_time": "12:40 PM",
                        "location_date": "03 Jul 2025"
                    }
                ],
                "is_international": 0,
                "is_from_city_international": false
            },
            {
                "trip_number": "BARENDRA EXPRESS (731)",
                "departure_date_time": "03 Jul, 05:52 pm",
                "departure_full_date": "2025-07-03",
                "departure_date_time_jd": "Thu, 03 Jul 2025, 05:52 PM",
                "arrival_date_time": "03 Jul, 09:30 pm",
                "travel_time": "03h 38m",
                "origin_city_name": "akkelpur",
                "destination_city_name": "chilahati",
                "seat_types": [
                    {
                        "key": 7,
                        "type": "S_CHAIR",
                        "trip_id": 8446931,
                        "trip_route_id": 53831612,
                        "route_id": 20220,
                        "fare": "175.00",
                        "vat_percent": 0,
                        "vat_amount": 0,
                        "origin_city_seq": 7,
                        "destination_city_seq": 19,
                        "seat_counts": {
                            "online": 5,
                            "offline": 5,
                            "is_divided": true
                        }
                    }
                ],
                "train_model": "731",
                "is_open_for_all": true,
                "is_eid_trip": 0,
                "parent_route": {
                    "origin_city_name": "rajshahi",
                    "destination_city_name": "chilahati",
                    "departure_date": "2025-07-03",
                    "departure_time": "15:00:00",
                    "arrival_date": "2025-07-03",
                    "arrival_time": "21:30:00"
                },
                "boarding_points": [
                    {
                        "trip_point_id": 108473264,
                        "location_id": 2758,
                        "location_name": "Akkelpur Station",
                        "location_time": "05:52 PM",
                        "location_date": "03 Jul 2025"
                    }
                ],
                "is_international": 0,
                "is_from_city_international": false
            }
        ],
        "recommendations": [],
        "selected_seat_class": "S_CHAIR"
    },
    "extra": {
        "hash": "2E1B68AB3FFC1C6C577E36F562130B61"
    }
}