{
    "data": {
        "trains": [
            {
                "trip_number": "SUNDARBAN EXPRESS (725)",
                "departure_date_time": "03 Jul, 12:42 am",
                "departure_full_date": "2025-07-03",
                "departure_date_time_jd": "Thu, 03 Jul 2025, 12:42 AM",
                "arrival_date_time": "03 Jul, 05:10 am",
                "travel_time": "04h 28m",
                "origin_city_name": "alamdanga",
                "destination_city_name": "dhaka",
                "seat_types": [
                    {
                        "key": 7,
                        "type": "S_CHAIR",
                        "trip_id": 8446335,
                        "trip_route_id": 53813424,
                        "route_id": 25189,
                        "fare": "445.00",
                        "vat_percent": 0,
                        "vat_amount": 0,
                        "origin_city_seq": 8,
                        "destination_city_seq": 15,
                        "seat_counts": {
                            "online": 17,
                            "offline": 16,
                            "is_divided": true
                        }
                    },
                    {
                        "key": 3,
                        "type": "SNIGDHA",
                        "trip_id": 8446336,
                        "trip_route_id": 53813467,
                        "route_id": 25189,
                        "fare": "740.00",
                        "vat_percent": 15,
                        "vat_amount": 111,
                        "origin_city_seq": 8,
                        "destination_city_seq": 15,
                        "seat_counts": {
                            "online": 15,
                            "offline": 15,
                            "is_divided": true
                        }
                    }
                ],
                "train_model": "725",
                "is_open_for_all": true,
                "is_eid_trip": 0,
                "parent_route": {
                    "origin_city_name": "khulna",
                    "destination_city_name": "dhaka",
                    "departure_date": "2025-07-02",
                    "departure_time": "21:45:00",
                    "arrival_date": "2025-07-03",
                    "arrival_time": "05:10:00"
                },
                "boarding_points": [
                    {
                        "trip_point_id": 108462135,
                        "location_id": 2788,
                        "location_name": "Alamdanga Station",
                        "location_time": "12:42 AM",
                        "location_date": "03 Jul 2025"
                    }
                ],
                "is_international": 0,
                "is_from_city_international": false
            },
            {
                "trip_number": "CHITRA EXPRESS (763)",
                "departure_date_time": "03 Jul, 12:11 pm",
                "departure_full_date": "2025-07-03",
                "departure_date_time_jd": "Thu, 03 Jul 2025, 12:11 PM",
                "arrival_date_time": "03 Jul, 06:05 pm",
                "travel_time": "05h 54m",
                "origin_city_name": "alamdanga",
                "destination_city_name": "dhaka",
                "seat_types": [
                    {
                        "key": 3,
                        "type": "SNIGDHA",
                        "trip_id": 8446933,
                        "trip_route_id": 53831758,
                        "route_id": 20711,
                        "fare": "825.00",
                        "vat_percent": 15,
                        "vat_amount": 124,
                        "origin_city_seq": 9,
                        "destination_city_seq": 23,
                        "seat_counts": {
                            "online": 8,
                            "offline": 7,
                            "is_divided": true
                        }
                    },
                    {
                        "key": 2,
                        "type": "AC_S",
                        "trip_id": 8446935,
                        "trip_route_id": 53831912,
                        "route_id": 20711,
                        "fare": "990.00",
                        "vat_percent": 15,
                        "vat_amount": 149,
                        "origin_city_seq": 9,
                        "destination_city_seq": 23,
                        "seat_counts": {
                            "online": 0,
                            "offline": 0,
                            "is_divided": true
                        }
                    },
                    {
                        "key": 7,
                        "type": "S_CHAIR",
                        "trip_id": 8446936,
                        "trip_route_id": 53831987,
                        "route_id": 20711,
                        "fare": "495.00",
                        "vat_percent": 0,
                        "vat_amount": 0,
                        "origin_city_seq": 9,
                        "destination_city_seq": 23,
                        "seat_counts": {
                            "online": 8,
                            "offline": 7,
                            "is_divided": true
                        }
                    }
                ],
                "train_model": "763",
                "is_open_for_all": true,
                "is_eid_trip": 0,
                "parent_route": {
                    "origin_city_name": "khulna",
                    "destination_city_name": "dhaka",
                    "departure_date": "2025-07-03",
                    "departure_time": "09:00:00",
                    "arrival_date": "2025-07-03",
                    "arrival_time": "18:05:00"
                },
                "boarding_points": [
                    {
                        "trip_point_id": 108473319,
                        "location_id": 2788,
                        "location_name": "Alamdanga Station",
                        "location_time": "12:11 PM",
                        "location_date": "03 Jul 2025"
                    }
                ],
                "is_international": 0,
                "is_from_city_international": false
            },
            {
                "trip_number": "BENAPOLE EXPRESS (795)",
                "departure_date_time": "03 Jul, 03:41 pm",
                "departure_full_date": "2025-07-03",
                "departure_date_time_jd": "Thu, 03 Jul 2025, 03:41 PM",
                "arrival_date_time": "03 Jul, 08:30 pm",
                "travel_time": "04h 49m",
                "origin_city_name": "alamdanga",
                "destination_city_name": "dhaka",
                "seat_types": [
                    {
                        "key": 7,
                        "type": "S_CHAIR",
                        "trip_id": 8446686,
                        "trip_route_id": 53845404,
                        "route_id": 27651,
                        "fare": "445.00",
                        "vat_percent": 0,
                        "vat_amount": 0,
                        "origin_city_seq": 8,
                        "destination_city_seq": 15,
                        "seat_counts": {
                            "online": 6,
                            "offline": 6,
                            "is_divided": true
                        }
                    },
                    {
                        "key": 3,
                        "type": "SNIGDHA",
                        "trip_id": 8446835,
                        "trip_route_id": 53857977,
                        "route_id": 27651,
                        "fare": "740.00",
                        "vat_percent": 15,
                        "vat_amount": 111,
                        "origin_city_seq": 8,
                        "destination_city_seq": 15,
                        "seat_counts": {
                            "online": 4,
                            "offline": 3,
                            "is_divided": true
                        }
                    }
                ],
                "train_model": "795",
                "is_open_for_all": true,
                "is_eid_trip": 0,
                "parent_route": {
                    "origin_city_name": "benapole",
                    "destination_city_name": "dhaka",
                    "departure_date": "2025-07-03",
                    "departure_time": "12:25:00",
                    "arrival_date": "2025-07-03",
                    "arrival_time": "20:30:00"
                },
                "boarding_points": [
                    {
                        "trip_point_id": 108481105,
                        "location_id": 2788,
                        "location_name": "Alamdanga Station",
                        "location_time": "03:41 PM",
                        "location_date": "03 Jul 2025"
                    }
                ],
                "is_international": 0,
                "is_from_city_international": false
            }
        ],
        "recommendations": [],
        "selected_seat_class": "S_CHAIR"
    },
    "extra": {
        "hash": "2E1B68AB3FFC1C6C577E36F562130B61"
    }
}