{
    "data": {
        "trains": [
            {
                "trip_number": "UPAKUL EXPRESS (712)",
                "departure_date_time": "03 Jul, 05:03 pm",
                "departure_full_date": "2025-07-03",
                "departure_date_time_jd": "Thu, 03 Jul 2025, 05:03 PM",
                "arrival_date_time": "03 Jul, 08:40 pm",
                "travel_time": "03h 37m",
                "origin_city_name": "ashuganj",
                "destination_city_name": "noakhali",
                "seat_types": [
                    {
                        "key": 7,
                        "type": "S_CHAIR",
                        "trip_id": 8446876,
                        "trip_route_id": 53830050,
                        "route_id": 22285,
                        "fare": "180.00",
                        "vat_percent": 0,
                        "vat_amount": 0,
                        "origin_city_seq": 5,
                        "destination_city_seq": 16,
                        "seat_counts": {
                            "online": 14,
                            "offline": 13,
                            "is_divided": true
                        }
                    },
                    {
                        "key": 3,
                        "type": "SNIGDHA",
                        "trip_id": 8446877,
                        "trip_route_id": 53830077,
                        "route_id": 22285,
                        "fare": "300.00",
                        "vat_percent": 15,
                        "vat_amount": 45,
                        "origin_city_seq": 5,
                        "destination_city_seq": 16,
                        "seat_counts": {
                            "online": 8,
                            "offline": 8,
                            "is_divided": true
                        }
                    }
                ],
                "train_model": "712",
                "is_open_for_all": true,
                "is_eid_trip": 0,
                "parent_route": {
                    "origin_city_name": "dhaka",
                    "destination_city_name": "noakhali",
                    "departure_date": "2025-07-03",
                    "departure_time": "15:10:00",
                    "arrival_date": "2025-07-03",
                    "arrival_time": "20:40:00"
                },
                "boarding_points": [
                    {
                        "trip_point_id": 108472219,
                        "location_id": 2841,
                        "location_name": "Ashuganj Station",
                        "location_time": "05:03 PM",
                        "location_date": "03 Jul 2025"
                    }
                ],
                "is_international": 0,
                "is_from_city_international": false
            }
        ],
        "recommendations": [],
        "selected_seat_class": "S_CHAIR"
    },
    "extra": {
        "hash": "2E1B68AB3FFC1C6C577E36F562130B61"
    }
}