{
    "data": {
        "trains": [
            {
                "trip_number": "RAJSHAHI COMMUTER (58)",
                "departure_date_time": "03 Jul, 08:15 pm",
                "departure_full_date": "2025-07-03",
                "departure_date_time_jd": "Thu, 03 Jul 2025, 08:15 PM",
                "arrival_date_time": "03 Jul, 08:40 pm",
                "travel_time": "00h 25m",
                "origin_city_name": "azim nagar",
                "destination_city_name": "ishwardi",
                "seat_types": [
                    {
                        "key": 8,
                        "type": "SHOVAN",
                        "trip_id": 8446866,
                        "trip_route_id": 53829735,
                        "route_id": 27204,
                        "fare": "45.00",
                        "vat_percent": 0,
                        "vat_amount": 0,
                        "origin_city_seq": 11,
                        "destination_city_seq": 12,
                        "seat_counts": {
                            "online": 25,
                            "offline": 25,
                            "is_divided": true
                        }
                    },
                    {
                        "key": 7,
                        "type": "S_CHAIR",
                        "trip_id": 8446920,
                        "trip_route_id": 53831211,
                        "route_id": 27204,
                        "fare": "50.00",
                        "vat_percent": 0,
                        "vat_amount": 0,
                        "origin_city_seq": 11,
                        "destination_city_seq": 12,
                        "seat_counts": {
                            "online": 8,
                            "offline": 7,
                            "is_divided": true
                        }
                    }
                ],
                "train_model": "58",
                "is_open_for_all": true,
                "is_eid_trip": 0,
                "parent_route": {
                    "origin_city_name": "rohanpur",
                    "destination_city_name": "ishwardi",
                    "departure_date": "2025-07-03",
                    "departure_time": "17:10:00",
                    "arrival_date": "2025-07-03",
                    "arrival_time": "20:40:00"
                },
                "boarding_points": [
                    {
                        "trip_point_id": 108472074,
                        "location_id": 2755,
                        "location_name": "Azim Nagar Station",
                        "location_time": "08:15 PM",
                        "location_date": "03 Jul 2025"
                    }
                ],
                "is_international": 0,
                "is_from_city_international": false
            }
        ],
        "recommendations": [],
        "selected_seat_class": "S_CHAIR"
    },
    "extra": {
        "hash": "2E1B68AB3FFC1C6C577E36F562130B61"
    }
}