{
    "data": {
        "trains": [
            {
                "trip_number": "SAGARDARI EXPRESS (762)",
                "departure_date_time": "03 Jul, 06:53 am",
                "departure_full_date": "2025-07-03",
                "departure_date_time_jd": "Thu, 03 Jul 2025, 06:53 AM",
                "arrival_date_time": "03 Jul, 08:19 am",
                "travel_time": "01h 26m",
                "origin_city_name": "azim nagar",
                "destination_city_name": "poradaha",
                "seat_types": [
                    {
                        "key": 7,
                        "type": "S_CHAIR",
                        "trip_id": 8446683,
                        "trip_route_id": 53824833,
                        "route_id": 21475,
                        "fare": "105.00",
                        "vat_percent": 0,
                        "vat_amount": 0,
                        "origin_city_seq": 3,
                        "destination_city_seq": 8,
                        "seat_counts": {
                            "online": 3,
                            "offline": 2,
                            "is_divided": true
                        }
                    }
                ],
                "train_model": "762",
                "is_open_for_all": true,
                "is_eid_trip": 0,
                "parent_route": {
                    "origin_city_name": "rajshahi",
                    "destination_city_name": "khulna",
                    "departure_date": "2025-07-03",
                    "departure_time": "06:00:00",
                    "arrival_date": "2025-07-03",
                    "arrival_time": "12:10:00"
                },
                "boarding_points": [
                    {
                        "trip_point_id": 108468942,
                        "location_id": 2755,
                        "location_name": "Azim Nagar Station",
                        "location_time": "06:53 AM",
                        "location_date": "03 Jul 2025"
                    }
                ],
                "is_international": 0,
                "is_from_city_international": false
            },
            {
                "trip_number": "KAPOTAKSHA EXPRESS (716)",
                "departure_date_time": "03 Jul, 03:18 pm",
                "departure_full_date": "2025-07-03",
                "departure_date_time_jd": "Thu, 03 Jul 2025, 03:18 PM",
                "arrival_date_time": "03 Jul, 04:34 pm",
                "travel_time": "01h 16m",
                "origin_city_name": "azim nagar",
                "destination_city_name": "poradaha",
                "seat_types": [
                    {
                        "key": 3,
                        "type": "SNIGDHA",
                        "trip_id": 8446671,
                        "trip_route_id": 53824006,
                        "route_id": 21475,
                        "fare": "175.00",
                        "vat_percent": 15,
                        "vat_amount": 27,
                        "origin_city_seq": 3,
                        "destination_city_seq": 8,
                        "seat_counts": {
                            "online": 0,
                            "offline": 0,
                            "is_divided": true
                        }
                    },
                    {
                        "key": 7,
                        "type": "S_CHAIR",
                        "trip_id": 8446682,
                        "trip_route_id": 53824763,
                        "route_id": 21475,
                        "fare": "105.00",
                        "vat_percent": 0,
                        "vat_amount": 0,
                        "origin_city_seq": 3,
                        "destination_city_seq": 8,
                        "seat_counts": {
                            "online": 3,
                            "offline": 2,
                            "is_divided": true
                        }
                    }
                ],
                "train_model": "716",
                "is_open_for_all": true,
                "is_eid_trip": 0,
                "parent_route": {
                    "origin_city_name": "rajshahi",
                    "destination_city_name": "khulna",
                    "departure_date": "2025-07-03",
                    "departure_time": "14:30:00",
                    "arrival_date": "2025-07-03",
                    "arrival_time": "20:25:00"
                },
                "boarding_points": [
                    {
                        "trip_point_id": 108468527,
                        "location_id": 2755,
                        "location_name": "Azim Nagar Station",
                        "location_time": "03:18 PM",
                        "location_date": "03 Jul 2025"
                    }
                ],
                "is_international": 0,
                "is_from_city_international": false
            }
        ],
        "recommendations": [],
        "selected_seat_class": "S_CHAIR"
    },
    "extra": {
        "hash": "2E1B68AB3FFC1C6C577E36F562130B61"
    }
}