{
    "data": {
        "trains": [
            {
                "trip_number": "DHALARCHAR EXPRESS (780)",
                "departure_date_time": "03 Jul, 06:21 pm",
                "departure_full_date": "2025-07-03",
                "departure_date_time_jd": "Thu, 03 Jul 2025, 06:21 PM",
                "arrival_date_time": "03 Jul, 07:23 pm",
                "travel_time": "01h 02m",
                "origin_city_name": "azim nagar",
                "destination_city_name": "pabna",
                "seat_types": [
                    {
                        "key": 8,
                        "type": "SHOVAN",
                        "trip_id": 8449084,
                        "trip_route_id": 53905072,
                        "route_id": 27450,
                        "fare": "45.00",
                        "vat_percent": 0,
                        "vat_amount": 0,
                        "origin_city_seq": 5,
                        "destination_city_seq": 10,
                        "seat_counts": {
                            "online": 0,
                            "offline": 0,
                            "is_divided": true
                        }
                    }
                ],
                "train_model": "780",
                "is_open_for_all": true,
                "is_eid_trip": 0,
                "parent_route": {
                    "origin_city_name": "rajshahi",
                    "destination_city_name": "dhalarchar",
                    "departure_date": "2025-07-03",
                    "departure_time": "17:20:00",
                    "arrival_date": "2025-07-03",
                    "arrival_time": "21:15:00"
                },
                "boarding_points": [
                    {
                        "trip_point_id": 108515365,
                        "location_id": 2755,
                        "location_name": "Azim Nagar Station",
                        "location_time": "06:21 PM",
                        "location_date": "03 Jul 2025"
                    }
                ],
                "is_international": 0,
                "is_from_city_international": false
            }
        ],
        "recommendations": [
            {
                "origin": "Ishwardi bypass",
                "destination": "Pabna"
            },
            {
                "origin": "Azim nagar",
                "destination": "Tebunia"
            }
        ],
        "selected_seat_class": "S_CHAIR"
    },
    "extra": {
        "hash": "2E1B68AB3FFC1C6C577E36F562130B61"
    }
}