{
    "data": {
        "trains": [
            {
                "trip_number": "LALMONI EXPRESS (752)",
                "departure_date_time": "03 Jul, 02:50 pm",
                "departure_full_date": "2025-07-03",
                "departure_date_time_jd": "Thu, 03 Jul 2025, 02:50 PM",
                "arrival_date_time": "03 Jul, 07:45 pm",
                "travel_time": "04h 55m",
                "origin_city_name": "azim nagar",
                "destination_city_name": "dhaka",
                "seat_types": [
                    {
                        "key": 2,
                        "type": "AC_S",
                        "trip_id": 8446629,
                        "trip_route_id": 53821685,
                        "route_id": 19677,
                        "fare": "785.00",
                        "vat_percent": 15,
                        "vat_amount": 118,
                        "origin_city_seq": 12,
                        "destination_city_seq": 19,
                        "seat_counts": {
                            "online": 0,
                            "offline": 0,
                            "is_divided": true
                        }
                    },
                    {
                        "key": 3,
                        "type": "SNIGDHA",
                        "trip_id": 8446630,
                        "trip_route_id": 53821721,
                        "route_id": 19677,
                        "fare": "655.00",
                        "vat_percent": 15,
                        "vat_amount": 99,
                        "origin_city_seq": 12,
                        "destination_city_seq": 19,
                        "seat_counts": {
                            "online": 0,
                            "offline": 0,
                            "is_divided": true
                        }
                    },
                    {
                        "key": 7,
                        "type": "S_CHAIR",
                        "trip_id": 8446631,
                        "trip_route_id": 53821770,
                        "route_id": 19677,
                        "fare": "395.00",
                        "vat_percent": 0,
                        "vat_amount": 0,
                        "origin_city_seq": 12,
                        "destination_city_seq": 19,
                        "seat_counts": {
                            "online": 4,
                            "offline": 4,
                            "is_divided": true
                        }
                    }
                ],
                "train_model": "752",
                "is_open_for_all": true,
                "is_eid_trip": 0,
                "parent_route": {
                    "origin_city_name": "lalmonirhat",
                    "destination_city_name": "dhaka",
                    "departure_date": "2025-07-03",
                    "departure_time": "09:50:00",
                    "arrival_date": "2025-07-03",
                    "arrival_time": "19:45:00"
                },
                "boarding_points": [
                    {
                        "trip_point_id": 108467329,
                        "location_id": 2755,
                        "location_name": "Azim Nagar Station",
                        "location_time": "02:50 PM",
                        "location_date": "03 Jul 2025"
                    }
                ],
                "is_international": 0,
                "is_from_city_international": false
            }
        ],
        "recommendations": [],
        "selected_seat_class": "S_CHAIR"
    },
    "extra": {
        "hash": "2E1B68AB3FFC1C6C577E36F562130B61"
    }
}