{
    "data": {
        "trains": [
            {
                "trip_number": "DOLONCHAPA EXPRESS (768)",
                "departure_date_time": "03 Jul, 10:08 am",
                "departure_full_date": "2025-07-03",
                "departure_date_time_jd": "Thu, 03 Jul 2025, 10:08 AM",
                "arrival_date_time": "03 Jul, 02:49 pm",
                "travel_time": "04h 41m",
                "origin_city_name": "badarganj",
                "destination_city_name": "bogura",
                "seat_types": [
                    {
                        "key": 7,
                        "type": "S_CHAIR",
                        "trip_id": 8446672,
                        "trip_route_id": 53824049,
                        "route_id": 27136,
                        "fare": "185.00",
                        "vat_percent": 0,
                        "vat_amount": 0,
                        "origin_city_seq": 12,
                        "destination_city_seq": 22,
                        "seat_counts": {
                            "online": 3,
                            "offline": 2,
                            "is_divided": true
                        }
                    },
                    {
                        "key": 8,
                        "type": "SHOVAN",
                        "trip_id": 8446832,
                        "trip_route_id": 53828832,
                        "route_id": 27136,
                        "fare": "155.00",
                        "vat_percent": 0,
                        "vat_amount": 0,
                        "origin_city_seq": 12,
                        "destination_city_seq": 22,
                        "seat_counts": {
                            "online": 2,
                            "offline": 1,
                            "is_divided": true
                        }
                    }
                ],
                "train_model": "768",
                "is_open_for_all": true,
                "is_eid_trip": 0,
                "parent_route": {
                    "origin_city_name": "panchagarh",
                    "destination_city_name": "santahar",
                    "departure_date": "2025-07-03",
                    "departure_time": "06:00:00",
                    "arrival_date": "2025-07-03",
                    "arrival_time": "16:15:00"
                },
                "boarding_points": [
                    {
                        "trip_point_id": 108468579,
                        "location_id": 2732,
                        "location_name": "Badarganj Station",
                        "location_time": "10:08 AM",
                        "location_date": "03 Jul 2025"
                    }
                ],
                "is_international": 0,
                "is_from_city_international": false
            }
        ],
        "recommendations": [],
        "selected_seat_class": "S_CHAIR"
    },
    "extra": {
        "hash": "2E1B68AB3FFC1C6C577E36F562130B61"
    }
}