{
    "data": {
        "trains": [
            {
                "trip_number": "KOROTOA EXPRESS (713)",
                "departure_date_time": "03 Jul, 12:35 pm",
                "departure_full_date": "2025-07-03",
                "departure_date_time_jd": "Thu, 03 Jul 2025, 12:35 PM",
                "arrival_date_time": "03 Jul, 01:12 pm",
                "travel_time": "00h 37m",
                "origin_city_name": "bamondanga",
                "destination_city_name": "kaunia",
                "seat_types": [
                    {
                        "key": 7,
                        "type": "S_CHAIR",
                        "trip_id": 8446692,
                        "trip_route_id": 53825268,
                        "route_id": 21161,
                        "fare": "55.00",
                        "vat_percent": 0,
                        "vat_amount": 0,
                        "origin_city_seq": 7,
                        "destination_city_seq": 9,
                        "seat_counts": {
                            "online": 3,
                            "offline": 2,
                            "is_divided": true
                        }
                    }
                ],
                "train_model": "713",
                "is_open_for_all": true,
                "is_eid_trip": 0,
                "parent_route": {
                    "origin_city_name": "santahar",
                    "destination_city_name": "burimari",
                    "departure_date": "2025-07-03",
                    "departure_time": "09:25:00",
                    "arrival_date": "2025-07-03",
                    "arrival_time": "16:00:00"
                },
                "boarding_points": [
                    {
                        "trip_point_id": 108469165,
                        "location_id": 2717,
                        "location_name": "Bamondanga Station",
                        "location_time": "12:35 PM",
                        "location_date": "03 Jul 2025"
                    }
                ],
                "is_international": 0,
                "is_from_city_international": false
            }
        ],
        "recommendations": [],
        "selected_seat_class": "S_CHAIR"
    },
    "extra": {
        "hash": "1BC1529A04E386F94B558D7ED712C194"
    }
}