{
    "data": {
        "trains": [
            {
                "trip_number": "PAHARIKA EXPRESS (719)",
                "departure_date_time": "03 Jul, 02:50 pm",
                "departure_full_date": "2025-07-03",
                "departure_date_time_jd": "Thu, 03 Jul 2025, 02:50 PM",
                "arrival_date_time": "03 Jul, 03:55 pm",
                "travel_time": "01h 05m",
                "origin_city_name": "baramchal",
                "destination_city_name": "sylhet",
                "seat_types": [
                    {
                        "key": 7,
                        "type": "S_CHAIR",
                        "trip_id": 8446729,
                        "trip_route_id": 53826247,
                        "route_id": 22421,
                        "fare": "50.00",
                        "vat_percent": 0,
                        "vat_amount": 0,
                        "origin_city_seq": 15,
                        "destination_city_seq": 17,
                        "seat_counts": {
                            "online": 3,
                            "offline": 2,
                            "is_divided": true
                        }
                    }
                ],
                "train_model": "719",
                "is_open_for_all": true,
                "is_eid_trip": 0,
                "parent_route": {
                    "origin_city_name": "chattogram",
                    "destination_city_name": "sylhet",
                    "departure_date": "2025-07-03",
                    "departure_time": "07:50:00",
                    "arrival_date": "2025-07-03",
                    "arrival_time": "15:55:00"
                },
                "boarding_points": [
                    {
                        "trip_point_id": 108469773,
                        "location_id": 2863,
                        "location_name": "Baramchal Station",
                        "location_time": "02:50 PM",
                        "location_date": "03 Jul 2025"
                    }
                ],
                "is_international": 0,
                "is_from_city_international": false
            }
        ],
        "recommendations": [],
        "selected_seat_class": "S_CHAIR"
    },
    "extra": {
        "hash": "2E1B68AB3FFC1C6C577E36F562130B61"
    }
}