{
    "data": {
        "trains": [
            {
                "trip_number": "HAWR EXPRESS (778)",
                "departure_date_time": "03 Jul, 08:16 am",
                "departure_full_date": "2025-07-03",
                "departure_date_time_jd": "Thu, 03 Jul 2025, 08:16 AM",
                "arrival_date_time": "03 Jul, 08:47 am",
                "travel_time": "00h 31m",
                "origin_city_name": "barhatta",
                "destination_city_name": "netrakona",
                "seat_types": [
                    {
                        "key": 8,
                        "type": "SHOVAN",
                        "trip_id": 8446872,
                        "trip_route_id": 53829924,
                        "route_id": 23177,
                        "fare": "45.00",
                        "vat_percent": 0,
                        "vat_amount": 0,
                        "origin_city_seq": 2,
                        "destination_city_seq": 4,
                        "seat_counts": {
                            "online": 0,
                            "offline": 0,
                            "is_divided": true
                        }
                    }
                ],
                "train_model": "778",
                "is_open_for_all": true,
                "is_eid_trip": 0,
                "parent_route": {
                    "origin_city_name": "mohanganj",
                    "destination_city_name": "dhaka",
                    "departure_date": "2025-07-03",
                    "departure_time": "08:00:00",
                    "arrival_date": "2025-07-03",
                    "arrival_time": "13:55:00"
                },
                "boarding_points": [
                    {
                        "trip_point_id": 108472156,
                        "location_id": 2870,
                        "location_name": "Barhatta Station",
                        "location_time": "08:16 AM",
                        "location_date": "03 Jul 2025"
                    }
                ],
                "is_international": 0,
                "is_from_city_international": false
            }
        ],
        "recommendations": [
            {
                "origin": "Thakrokona",
                "destination": "Netrakona"
            },
            {
                "origin": "Barhatta",
                "destination": "Thakrokona"
            }
        ],
        "selected_seat_class": "S_CHAIR"
    },
    "extra": {
        "hash": "2E1B68AB3FFC1C6C577E36F562130B61"
    }
}