{
    "data": {
        "trains": [
            {
                "trip_number": "CHATTALA EXPRESS (802)",
                "departure_date_time": "03 Jul, 04:00 pm",
                "departure_full_date": "2025-07-03",
                "departure_date_time_jd": "Thu, 03 Jul 2025, 04:00 PM",
                "arrival_date_time": "03 Jul, 06:04 pm",
                "travel_time": "02h 04m",
                "origin_city_name": "bhairab_bazar",
                "destination_city_name": "laksam",
                "seat_types": [
                    {
                        "key": 7,
                        "type": "S_CHAIR",
                        "trip_id": 8446809,
                        "trip_route_id": 53828176,
                        "route_id": 22965,
                        "fare": "155.00",
                        "vat_percent": 0,
                        "vat_amount": 0,
                        "origin_city_seq": 5,
                        "destination_city_seq": 11,
                        "seat_counts": {
                            "online": 3,
                            "offline": 3,
                            "is_divided": true
                        }
                    }
                ],
                "train_model": "802",
                "is_open_for_all": true,
                "is_eid_trip": 0,
                "parent_route": {
                    "origin_city_name": "dhaka",
                    "destination_city_name": "chattogram",
                    "departure_date": "2025-07-03",
                    "departure_time": "14:15:00",
                    "arrival_date": "2025-07-03",
                    "arrival_time": "20:30:00"
                },
                "boarding_points": [
                    {
                        "trip_point_id": 108471121,
                        "location_id": 2829,
                        "location_name": "Bhairab_Bazar Station",
                        "location_time": "04:00 PM",
                        "location_date": "03 Jul 2025"
                    }
                ],
                "is_international": 0,
                "is_from_city_international": false
            }
        ],
        "recommendations": [],
        "selected_seat_class": "S_CHAIR"
    },
    "extra": {
        "hash": "2E1B68AB3FFC1C6C577E36F562130B61"
    }
}