{
    "data": {
        "trains": [
            {
                "trip_number": "KISHORGANJ EXPRESS (781)",
                "departure_date_time": "03 Jul, 12:35 pm",
                "departure_full_date": "2025-07-03",
                "departure_date_time_jd": "Thu, 03 Jul 2025, 12:35 PM",
                "arrival_date_time": "03 Jul, 01:04 pm",
                "travel_time": "00h 29m",
                "origin_city_name": "bhairab_bazar",
                "destination_city_name": "bajitpur",
                "seat_types": [
                    {
                        "key": 7,
                        "type": "S_CHAIR",
                        "trip_id": 8446882,
                        "trip_route_id": 53830245,
                        "route_id": 23338,
                        "fare": "50.00",
                        "vat_percent": 0,
                        "vat_amount": 0,
                        "origin_city_seq": 5,
                        "destination_city_seq": 7,
                        "seat_counts": {
                            "online": 3,
                            "offline": 2,
                            "is_divided": true
                        }
                    }
                ],
                "train_model": "781",
                "is_open_for_all": true,
                "is_eid_trip": 0,
                "parent_route": {
                    "origin_city_name": "dhaka",
                    "destination_city_name": "kishorganj",
                    "departure_date": "2025-07-03",
                    "departure_time": "10:30:00",
                    "arrival_date": "2025-07-03",
                    "arrival_time": "14:10:00"
                },
                "boarding_points": [
                    {
                        "trip_point_id": 108472375,
                        "location_id": 2829,
                        "location_name": "Bhairab_Bazar Station",
                        "location_time": "12:35 PM",
                        "location_date": "03 Jul 2025"
                    }
                ],
                "is_international": 0,
                "is_from_city_international": false
            }
        ],
        "recommendations": [],
        "selected_seat_class": "S_CHAIR"
    },
    "extra": {
        "hash": "2E1B68AB3FFC1C6C577E36F562130B61"
    }
}