{
    "data": {
        "trains": [
            {
                "trip_number": "MADHUMATI EXPRESS (756)",
                "departure_date_time": "03 Jul, 08:27 am",
                "departure_full_date": "2025-07-03",
                "departure_date_time_jd": "Thu, 03 Jul 2025, 08:27 AM",
                "arrival_date_time": "03 Jul, 02:00 pm",
                "travel_time": "05h 33m",
                "origin_city_name": "bheramara",
                "destination_city_name": "dhaka",
                "seat_types": [
                    {
                        "key": 7,
                        "type": "S_CHAIR",
                        "trip_id": 8446691,
                        "trip_route_id": 53825175,
                        "route_id": 25856,
                        "fare": "450.00",
                        "vat_percent": 0,
                        "vat_amount": 0,
                        "origin_city_seq": 4,
                        "destination_city_seq": 22,
                        "seat_counts": {
                            "online": 35,
                            "offline": 35,
                            "is_divided": true
                        }
                    },
                    {
                        "key": 2,
                        "type": "AC_S",
                        "trip_id": 8446910,
                        "trip_route_id": 53830899,
                        "route_id": 25856,
                        "fare": "895.00",
                        "vat_percent": 15,
                        "vat_amount": 135,
                        "origin_city_seq": 4,
                        "destination_city_seq": 22,
                        "seat_counts": {
                            "online": 2,
                            "offline": 2,
                            "is_divided": true
                        }
                    }
                ],
                "train_model": "756",
                "is_open_for_all": true,
                "is_eid_trip": 0,
                "parent_route": {
                    "origin_city_name": "rajshahi",
                    "destination_city_name": "dhaka",
                    "departure_date": "2025-07-03",
                    "departure_time": "06:40:00",
                    "arrival_date": "2025-07-03",
                    "arrival_time": "14:00:00"
                },
                "boarding_points": [
                    {
                        "trip_point_id": 108469122,
                        "location_id": 2779,
                        "location_name": "Bheramara Station",
                        "location_time": "08:27 AM",
                        "location_date": "03 Jul 2025"
                    }
                ],
                "is_international": 0,
                "is_from_city_international": false
            },
            {
                "trip_number": "CHITRA EXPRESS (763)",
                "departure_date_time": "03 Jul, 12:55 pm",
                "departure_full_date": "2025-07-03",
                "departure_date_time_jd": "Thu, 03 Jul 2025, 12:55 PM",
                "arrival_date_time": "03 Jul, 06:05 pm",
                "travel_time": "05h 10m",
                "origin_city_name": "bheramara",
                "destination_city_name": "dhaka",
                "seat_types": [
                    {
                        "key": 3,
                        "type": "SNIGDHA",
                        "trip_id": 8446933,
                        "trip_route_id": 53831750,
                        "route_id": 20717,
                        "fare": "760.00",
                        "vat_percent": 15,
                        "vat_amount": 114,
                        "origin_city_seq": 12,
                        "destination_city_seq": 23,
                        "seat_counts": {
                            "online": 6,
                            "offline": 5,
                            "is_divided": true
                        }
                    },
                    {
                        "key": 2,
                        "type": "AC_S",
                        "trip_id": 8446935,
                        "trip_route_id": 53831906,
                        "route_id": 20717,
                        "fare": "910.00",
                        "vat_percent": 15,
                        "vat_amount": 137,
                        "origin_city_seq": 12,
                        "destination_city_seq": 23,
                        "seat_counts": {
                            "online": 0,
                            "offline": 0,
                            "is_divided": true
                        }
                    },
                    {
                        "key": 7,
                        "type": "S_CHAIR",
                        "trip_id": 8446936,
                        "trip_route_id": 53831976,
                        "route_id": 20717,
                        "fare": "455.00",
                        "vat_percent": 0,
                        "vat_amount": 0,
                        "origin_city_seq": 12,
                        "destination_city_seq": 23,
                        "seat_counts": {
                            "online": 4,
                            "offline": 3,
                            "is_divided": true
                        }
                    }
                ],
                "train_model": "763",
                "is_open_for_all": true,
                "is_eid_trip": 0,
                "parent_route": {
                    "origin_city_name": "khulna",
                    "destination_city_name": "dhaka",
                    "departure_date": "2025-07-03",
                    "departure_time": "09:00:00",
                    "arrival_date": "2025-07-03",
                    "arrival_time": "18:05:00"
                },
                "boarding_points": [
                    {
                        "trip_point_id": 108473316,
                        "location_id": 2779,
                        "location_name": "Bheramara Station",
                        "location_time": "12:55 PM",
                        "location_date": "03 Jul 2025"
                    }
                ],
                "is_international": 0,
                "is_from_city_international": false
            }
        ],
        "recommendations": [],
        "selected_seat_class": "S_CHAIR"
    },
    "extra": {
        "hash": "2E1B68AB3FFC1C6C577E36F562130B61"
    }
}