{
    "data": {
        "trains": [
            {
                "trip_number": "TUNGIPARA EXPRESS (784)",
                "departure_date_time": "03 Jul, 05:03 pm",
                "departure_full_date": "2025-07-03",
                "departure_date_time_jd": "Thu, 03 Jul 2025, 05:03 PM",
                "arrival_date_time": "03 Jul, 10:10 pm",
                "travel_time": "05h 07m",
                "origin_city_name": "bheramara",
                "destination_city_name": "gobra",
                "seat_types": [
                    {
                        "key": 8,
                        "type": "SHOVAN",
                        "trip_id": 8446849,
                        "trip_route_id": 53829410,
                        "route_id": 21963,
                        "fare": "185.00",
                        "vat_percent": 0,
                        "vat_amount": 0,
                        "origin_city_seq": 3,
                        "destination_city_seq": 21,
                        "seat_counts": {
                            "online": 3,
                            "offline": 2,
                            "is_divided": true
                        }
                    },
                    {
                        "key": 7,
                        "type": "S_CHAIR",
                        "trip_id": 8446850,
                        "trip_route_id": 53829490,
                        "route_id": 21963,
                        "fare": "220.00",
                        "vat_percent": 0,
                        "vat_amount": 0,
                        "origin_city_seq": 3,
                        "destination_city_seq": 21,
                        "seat_counts": {
                            "online": 0,
                            "offline": 0,
                            "is_divided": true
                        }
                    }
                ],
                "train_model": "784",
                "is_open_for_all": true,
                "is_eid_trip": 0,
                "parent_route": {
                    "origin_city_name": "rajshahi",
                    "destination_city_name": "gobra",
                    "departure_date": "2025-07-03",
                    "departure_time": "15:30:00",
                    "arrival_date": "2025-07-03",
                    "arrival_time": "22:10:00"
                },
                "boarding_points": [
                    {
                        "trip_point_id": 108471857,
                        "location_id": 2779,
                        "location_name": "Bheramara Station",
                        "location_time": "05:03 PM",
                        "location_date": "03 Jul 2025"
                    }
                ],
                "is_international": 0,
                "is_from_city_international": false
            }
        ],
        "recommendations": [],
        "selected_seat_class": "S_CHAIR"
    },
    "extra": {
        "hash": "2E1B68AB3FFC1C6C577E36F562130B61"
    }
}