{
    "data": {
        "trains": [
            {
                "trip_number": "JAMALPUR EXPRESS (800)",
                "departure_date_time": "03 Jul, 05:15 pm",
                "departure_full_date": "2025-07-03",
                "departure_date_time_jd": "Thu, 03 Jul 2025, 05:15 PM",
                "arrival_date_time": "03 Jul, 07:22 pm",
                "travel_time": "02h 07m",
                "origin_city_name": "bhuapur",
                "destination_city_name": "jamalpur_town",
                "seat_types": [
                    {
                        "key": 7,
                        "type": "S_CHAIR",
                        "trip_id": 8446950,
                        "trip_route_id": 53832506,
                        "route_id": 24183,
                        "fare": "70.00",
                        "vat_percent": 0,
                        "vat_amount": 0,
                        "origin_city_seq": 1,
                        "destination_city_seq": 7,
                        "seat_counts": {
                            "online": 143,
                            "offline": 142,
                            "is_divided": true
                        }
                    },
                    {
                        "key": 3,
                        "type": "SNIGDHA",
                        "trip_id": 8446951,
                        "trip_route_id": 53832524,
                        "route_id": 24183,
                        "fare": "115.00",
                        "vat_percent": 15,
                        "vat_amount": 18,
                        "origin_city_seq": 1,
                        "destination_city_seq": 7,
                        "seat_counts": {
                            "online": 38,
                            "offline": 37,
                            "is_divided": true
                        }
                    }
                ],
                "train_model": "800",
                "is_open_for_all": true,
                "is_eid_trip": 0,
                "parent_route": {
                    "origin_city_name": "bhuapur",
                    "destination_city_name": "dhaka",
                    "departure_date": "2025-07-03",
                    "departure_time": "17:15:00",
                    "arrival_date": "2025-07-03",
                    "arrival_time": "23:55:00"
                },
                "boarding_points": [
                    {
                        "trip_point_id": 108473774,
                        "location_id": 2852,
                        "location_name": "Bhuapur Station",
                        "location_time": "05:15 PM",
                        "location_date": "03 Jul 2025"
                    }
                ],
                "is_international": 0,
                "is_from_city_international": false
            }
        ],
        "recommendations": [],
        "selected_seat_class": "S_CHAIR"
    },
    "extra": {
        "hash": "2E1B68AB3FFC1C6C577E36F562130B61"
    }
}