{
    "data": {
        "trains": [
            {
                "trip_number": "JAMALPUR EXPRESS (799)",
                "departure_date_time": "03 Jul, 01:34 pm",
                "departure_full_date": "2025-07-03",
                "departure_date_time_jd": "Thu, 03 Jul 2025, 01:34 PM",
                "arrival_date_time": "03 Jul, 02:25 pm",
                "travel_time": "00h 51m",
                "origin_city_name": "bidyaganj",
                "destination_city_name": "jamalpur_town",
                "seat_types": [
                    {
                        "key": 7,
                        "type": "S_CHAIR",
                        "trip_id": 8446948,
                        "trip_route_id": 53832475,
                        "route_id": 24151,
                        "fare": "50.00",
                        "vat_percent": 0,
                        "vat_amount": 0,
                        "origin_city_seq": 6,
                        "destination_city_seq": 9,
                        "seat_counts": {
                            "online": 3,
                            "offline": 2,
                            "is_divided": true
                        }
                    }
                ],
                "train_model": "799",
                "is_open_for_all": true,
                "is_eid_trip": 0,
                "parent_route": {
                    "origin_city_name": "dhaka",
                    "destination_city_name": "bhuapur",
                    "departure_date": "2025-07-03",
                    "departure_time": "10:00:00",
                    "arrival_date": "2025-07-03",
                    "arrival_time": "16:45:00"
                },
                "boarding_points": [
                    {
                        "trip_point_id": 108473752,
                        "location_id": 2949,
                        "location_name": "Bidyaganj Station",
                        "location_time": "01:34 PM",
                        "location_date": "03 Jul 2025"
                    }
                ],
                "is_international": 0,
                "is_from_city_international": false
            },
            {
                "trip_number": "JAMUNA EXPRESS (745)",
                "departure_date_time": "03 Jul, 09:15 pm",
                "departure_full_date": "2025-07-03",
                "departure_date_time_jd": "Thu, 03 Jul 2025, 09:15 PM",
                "arrival_date_time": "03 Jul, 10:05 pm",
                "travel_time": "00h 50m",
                "origin_city_name": "bidyaganj",
                "destination_city_name": "jamalpur_town",
                "seat_types": [
                    {
                        "key": 8,
                        "type": "SHOVAN",
                        "trip_id": 8446778,
                        "trip_route_id": 53827551,
                        "route_id": 23239,
                        "fare": "45.00",
                        "vat_percent": 0,
                        "vat_amount": 0,
                        "origin_city_seq": 8,
                        "destination_city_seq": 11,
                        "seat_counts": {
                            "online": 10,
                            "offline": 10,
                            "is_divided": true
                        }
                    }
                ],
                "train_model": "745",
                "is_open_for_all": true,
                "is_eid_trip": 0,
                "parent_route": {
                    "origin_city_name": "dhaka",
                    "destination_city_name": "tarakandi",
                    "departure_date": "2025-07-03",
                    "departure_time": "16:45:00",
                    "arrival_date": "2025-07-03",
                    "arrival_time": "23:30:00"
                },
                "boarding_points": [
                    {
                        "trip_point_id": 108470658,
                        "location_id": 2949,
                        "location_name": "Bidyaganj Station",
                        "location_time": "09:15 PM",
                        "location_date": "03 Jul 2025"
                    }
                ],
                "is_international": 0,
                "is_from_city_international": false
            }
        ],
        "recommendations": [],
        "selected_seat_class": "S_CHAIR"
    },
    "extra": {
        "hash": "2E1B68AB3FFC1C6C577E36F562130B61"
    }
}