{
    "data": {
        "trains": [
            {
                "trip_number": "CHITRA EXPRESS (764)",
                "departure_date_time": "03 Jul, 07:30 pm",
                "departure_full_date": "2025-07-03",
                "departure_date_time_jd": "Thu, 03 Jul 2025, 07:30 PM",
                "arrival_date_time": "04 Jul, 01:24 am",
                "travel_time": "05h 54m",
                "origin_city_name": "dhaka",
                "destination_city_name": "chuadanga",
                "seat_types": [
                    {
                        "key": 3,
                        "type": "SNIGDHA",
                        "trip_id": 8446934,
                        "trip_route_id": 53831787,
                        "route_id": 20616,
                        "fare": "855.00",
                        "vat_percent": 15,
                        "vat_amount": 129,
                        "origin_city_seq": 1,
                        "destination_city_seq": 17,
                        "seat_counts": {
                            "online": 16,
                            "offline": 15,
                            "is_divided": true
                        }
                    },
                    {
                        "key": 1,
                        "type": "AC_B",
                        "trip_id": 8446937,
                        "trip_route_id": 53832020,
                        "route_id": 20616,
                        "fare": "1540.00",
                        "vat_percent": 15,
                        "vat_amount": 231,
                        "origin_city_seq": 1,
                        "destination_city_seq": 17,
                        "seat_counts": {
                            "online": 1,
                            "offline": 1,
                            "is_divided": true
                        }
                    },
                    {
                        "key": 7,
                        "type": "S_CHAIR",
                        "trip_id": 8446938,
                        "trip_route_id": 53832077,
                        "route_id": 20616,
                        "fare": "515.00",
                        "vat_percent": 0,
                        "vat_amount": 0,
                        "origin_city_seq": 1,
                        "destination_city_seq": 17,
                        "seat_counts": {
                            "online": 20,
                            "offline": 19,
                            "is_divided": true
                        }
                    }
                ],
                "train_model": "764",
                "is_open_for_all": true,
                "is_eid_trip": 0,
                "parent_route": {
                    "origin_city_name": "dhaka",
                    "destination_city_name": "khulna",
                    "departure_date": "2025-07-03",
                    "departure_time": "19:30:00",
                    "arrival_date": "2025-07-04",
                    "arrival_time": "04:40:00"
                },
                "boarding_points": [
                    {
                        "trip_point_id": 108473349,
                        "location_id": 2719,
                        "location_name": "Kamalapur Station",
                        "location_time": "07:30 PM",
                        "location_date": "03 Jul 2025"
                    }
                ],
                "is_international": 0,
                "is_from_city_international": false
            }
        ],
        "recommendations": [],
        "selected_seat_class": "S_CHAIR"
    },
    "extra": {
        "hash": "2E1B68AB3FFC1C6C577E36F562130B61"
    }
}