{
    "data": {
        "trains": [
            {
                "trip_number": "JAMUNA EXPRESS (745)",
                "departure_date_time": "03 Jul, 04:45 pm",
                "departure_full_date": "2025-07-03",
                "departure_date_time_jd": "Thu, 03 Jul 2025, 04:45 PM",
                "arrival_date_time": "03 Jul, 09:28 pm",
                "travel_time": "04h 43m",
                "origin_city_name": "dhaka",
                "destination_city_name": "piyarpur",
                "seat_types": [
                    {
                        "key": 8,
                        "type": "SHOVAN",
                        "trip_id": 8446778,
                        "trip_route_id": 53827520,
                        "route_id": 24831,
                        "fare": "150.00",
                        "vat_percent": 0,
                        "vat_amount": 0,
                        "origin_city_seq": 1,
                        "destination_city_seq": 9,
                        "seat_counts": {
                            "online": 0,
                            "offline": 0,
                            "is_divided": true
                        }
                    }
                ],
                "train_model": "745",
                "is_open_for_all": true,
                "is_eid_trip": 0,
                "parent_route": {
                    "origin_city_name": "dhaka",
                    "destination_city_name": "tarakandi",
                    "departure_date": "2025-07-03",
                    "departure_time": "16:45:00",
                    "arrival_date": "2025-07-03",
                    "arrival_time": "23:30:00"
                },
                "boarding_points": [
                    {
                        "trip_point_id": 108470638,
                        "location_id": 2719,
                        "location_name": "Kamalapur Station",
                        "location_time": "04:45 PM",
                        "location_date": "03 Jul 2025"
                    }
                ],
                "is_international": 0,
                "is_from_city_international": false
            }
        ],
        "recommendations": [
            {
                "origin": "Joydebpur",
                "destination": "Piyarpur"
            },
            {
                "origin": "Biman_bandar",
                "destination": "Bidyaganj"
            }
        ],
        "selected_seat_class": "S_CHAIR"
    },
    "extra": {
        "hash": "2E1B68AB3FFC1C6C577E36F562130B61"
    }
}