{
    "data": {
        "trains": [
            {
                "trip_number": "HAWR EXPRESS (777)",
                "departure_date_time": "03 Jul, 10:15 pm",
                "departure_full_date": "2025-07-03",
                "departure_date_time_jd": "Thu, 03 Jul 2025, 10:15 PM",
                "arrival_date_time": "04 Jul, 02:00 am",
                "travel_time": "03h 45m",
                "origin_city_name": "dhaka",
                "destination_city_name": "gouripur_myn",
                "seat_types": [
                    {
                        "key": 8,
                        "type": "SHOVAN",
                        "trip_id": 8446867,
                        "trip_route_id": 53829758,
                        "route_id": 23128,
                        "fare": "160.00",
                        "vat_percent": 0,
                        "vat_amount": 0,
                        "origin_city_seq": 1,
                        "destination_city_seq": 6,
                        "seat_counts": {
                            "online": 5,
                            "offline": 4,
                            "is_divided": true
                        }
                    },
                    {
                        "key": 7,
                        "type": "S_CHAIR",
                        "trip_id": 8446868,
                        "trip_route_id": 53829801,
                        "route_id": 23128,
                        "fare": "190.00",
                        "vat_percent": 0,
                        "vat_amount": 0,
                        "origin_city_seq": 1,
                        "destination_city_seq": 6,
                        "seat_counts": {
                            "online": 0,
                            "offline": 0,
                            "is_divided": true
                        }
                    }
                ],
                "train_model": "777",
                "is_open_for_all": true,
                "is_eid_trip": 0,
                "parent_route": {
                    "origin_city_name": "dhaka",
                    "destination_city_name": "mohanganj",
                    "departure_date": "2025-07-03",
                    "departure_time": "22:15:00",
                    "arrival_date": "2025-07-04",
                    "arrival_time": "04:10:00"
                },
                "boarding_points": [
                    {
                        "trip_point_id": 108472078,
                        "location_id": 2719,
                        "location_name": "Kamalapur Station",
                        "location_time": "10:15 PM",
                        "location_date": "03 Jul 2025"
                    }
                ],
                "is_international": 0,
                "is_from_city_international": false
            }
        ],
        "recommendations": [],
        "selected_seat_class": "S_CHAIR"
    },
    "extra": {
        "hash": "2E1B68AB3FFC1C6C577E36F562130B61"
    }
}