{
    "data": {
        "trains": [
            {
                "trip_number": "MOHONGANJ EXPRESS (789)",
                "departure_date_time": "03 Jul, 01:42 pm",
                "departure_full_date": "2025-07-03",
                "departure_date_time_jd": "Thu, 03 Jul 2025, 01:42 PM",
                "arrival_date_time": "03 Jul, 06:40 pm",
                "travel_time": "04h 58m",
                "origin_city_name": "biman_bandar",
                "destination_city_name": "mohanganj",
                "seat_types": [
                    {
                        "key": 3,
                        "type": "SNIGDHA",
                        "trip_id": 8446798,
                        "trip_route_id": 53827933,
                        "route_id": 23055,
                        "fare": "410.00",
                        "vat_percent": 15,
                        "vat_amount": 62,
                        "origin_city_seq": 2,
                        "destination_city_seq": 10,
                        "seat_counts": {
                            "online": 8,
                            "offline": 7,
                            "is_divided": true
                        }
                    },
                    {
                        "key": 2,
                        "type": "AC_S",
                        "trip_id": 8446799,
                        "trip_route_id": 53827955,
                        "route_id": 23055,
                        "fare": "495.00",
                        "vat_percent": 15,
                        "vat_amount": 75,
                        "origin_city_seq": 2,
                        "destination_city_seq": 10,
                        "seat_counts": {
                            "online": 3,
                            "offline": 2,
                            "is_divided": true
                        }
                    },
                    {
                        "key": 7,
                        "type": "S_CHAIR",
                        "trip_id": 8446800,
                        "trip_route_id": 53827977,
                        "route_id": 23055,
                        "fare": "250.00",
                        "vat_percent": 0,
                        "vat_amount": 0,
                        "origin_city_seq": 2,
                        "destination_city_seq": 10,
                        "seat_counts": {
                            "online": 25,
                            "offline": 24,
                            "is_divided": true
                        }
                    }
                ],
                "train_model": "789",
                "is_open_for_all": true,
                "is_eid_trip": 0,
                "parent_route": {
                    "origin_city_name": "dhaka",
                    "destination_city_name": "mohanganj",
                    "departure_date": "2025-07-03",
                    "departure_time": "13:15:00",
                    "arrival_date": "2025-07-03",
                    "arrival_time": "18:40:00"
                },
                "boarding_points": [
                    {
                        "trip_point_id": 108470923,
                        "location_id": 2702,
                        "location_name": "Biman_Bandar Station",
                        "location_time": "01:42 PM",
                        "location_date": "03 Jul 2025"
                    }
                ],
                "is_international": 0,
                "is_from_city_international": false
            },
            {
                "trip_number": "HAWR EXPRESS (777)",
                "departure_date_time": "03 Jul, 10:15 pm",
                "departure_full_date": "2025-07-03",
                "departure_date_time_jd": "Thu, 03 Jul 2025, 10:15 PM",
                "arrival_date_time": "04 Jul, 04:10 am",
                "travel_time": "05h 55m",
                "origin_city_name": "dhaka",
                "destination_city_name": "mohanganj",
                "seat_types": [
                    {
                        "key": 8,
                        "type": "SHOVAN",
                        "trip_id": 8446867,
                        "trip_route_id": 53829754,
                        "route_id": 23123,
                        "fare": "205.00",
                        "vat_percent": 0,
                        "vat_amount": 0,
                        "origin_city_seq": 1,
                        "destination_city_seq": 11,
                        "seat_counts": {
                            "online": 4,
                            "offline": 4,
                            "is_divided": true
                        }
                    },
                    {
                        "key": 7,
                        "type": "S_CHAIR",
                        "trip_id": 8446868,
                        "trip_route_id": 53829797,
                        "route_id": 23123,
                        "fare": "250.00",
                        "vat_percent": 0,
                        "vat_amount": 0,
                        "origin_city_seq": 1,
                        "destination_city_seq": 11,
                        "seat_counts": {
                            "online": 0,
                            "offline": 0,
                            "is_divided": true
                        }
                    },
                    {
                        "key": 4,
                        "type": "F_BERTH",
                        "trip_id": 8446869,
                        "trip_route_id": 53829824,
                        "route_id": 23123,
                        "fare": "495.00",
                        "vat_percent": 15,
                        "vat_amount": 75,
                        "origin_city_seq": 1,
                        "destination_city_seq": 11,
                        "seat_counts": {
                            "online": 0,
                            "offline": 0,
                            "is_divided": true
                        }
                    }
                ],
                "train_model": "777",
                "is_open_for_all": true,
                "is_eid_trip": 0,
                "parent_route": {
                    "origin_city_name": "dhaka",
                    "destination_city_name": "mohanganj",
                    "departure_date": "2025-07-03",
                    "departure_time": "22:15:00",
                    "arrival_date": "2025-07-04",
                    "arrival_time": "04:10:00"
                },
                "boarding_points": [
                    {
                        "trip_point_id": 108472078,
                        "location_id": 2719,
                        "location_name": "Kamalapur Station",
                        "location_time": "10:15 PM",
                        "location_date": "03 Jul 2025"
                    }
                ],
                "is_international": 0,
                "is_from_city_international": false
            }
        ],
        "recommendations": [],
        "selected_seat_class": "S_CHAIR"
    },
    "extra": {
        "hash": "1BC1529A04E386F94B558D7ED712C194"
    }
}