{
    "data": {
        "trains": [
            {
                "trip_number": "PARABAT EXPRESS (709)",
                "departure_date_time": "03 Jul, 06:30 am",
                "departure_full_date": "2025-07-03",
                "departure_date_time_jd": "Thu, 03 Jul 2025, 06:30 AM",
                "arrival_date_time": "03 Jul, 08:26 am",
                "travel_time": "01h 56m",
                "origin_city_name": "dhaka",
                "destination_city_name": "brahmanbaria",
                "seat_types": [
                    {
                        "key": 3,
                        "type": "SNIGDHA",
                        "trip_id": 8446717,
                        "trip_route_id": 53825716,
                        "route_id": 22121,
                        "fare": "250.00",
                        "vat_percent": 15,
                        "vat_amount": 38,
                        "origin_city_seq": 1,
                        "destination_city_seq": 4,
                        "seat_counts": {
                            "online": 0,
                            "offline": 0,
                            "is_divided": true
                        }
                    },
                    {
                        "key": 5,
                        "type": "F_SEAT",
                        "trip_id": 8446719,
                        "trip_route_id": 53825791,
                        "route_id": 22121,
                        "fare": "200.00",
                        "vat_percent": 15,
                        "vat_amount": 30,
                        "origin_city_seq": 1,
                        "destination_city_seq": 4,
                        "seat_counts": {
                            "online": 0,
                            "offline": 0,
                            "is_divided": true
                        }
                    },
                    {
                        "key": 2,
                        "type": "AC_S",
                        "trip_id": 8446720,
                        "trip_route_id": 53825826,
                        "route_id": 22121,
                        "fare": "295.00",
                        "vat_percent": 15,
                        "vat_amount": 45,
                        "origin_city_seq": 1,
                        "destination_city_seq": 4,
                        "seat_counts": {
                            "online": 0,
                            "offline": 0,
                            "is_divided": true
                        }
                    }
                ],
                "train_model": "709",
                "is_open_for_all": true,
                "is_eid_trip": 0,
                "parent_route": {
                    "origin_city_name": "dhaka",
                    "destination_city_name": "sylhet",
                    "departure_date": "2025-07-03",
                    "departure_time": "06:30:00",
                    "arrival_date": "2025-07-03",
                    "arrival_time": "13:00:00"
                },
                "boarding_points": [
                    {
                        "trip_point_id": 108469482,
                        "location_id": 2719,
                        "location_name": "Kamalapur Station",
                        "location_time": "06:30 AM",
                        "location_date": "03 Jul 2025"
                    }
                ],
                "is_international": 0,
                "is_from_city_international": false
            },
            {
                "trip_number": "PARABAT EXPRESS (709)",
                "departure_date_time": "03 Jul, 06:58 am",
                "departure_full_date": "2025-07-03",
                "departure_date_time_jd": "Thu, 03 Jul 2025, 06:58 AM",
                "arrival_date_time": "03 Jul, 08:26 am",
                "travel_time": "01h 28m",
                "origin_city_name": "biman_bandar",
                "destination_city_name": "brahmanbaria",
                "seat_types": [
                    {
                        "key": 7,
                        "type": "S_CHAIR",
                        "trip_id": 8446718,
                        "trip_route_id": 53825774,
                        "route_id": 22130,
                        "fare": "150.00",
                        "vat_percent": 0,
                        "vat_amount": 0,
                        "origin_city_seq": 2,
                        "destination_city_seq": 4,
                        "seat_counts": {
                            "online": 0,
                            "offline": 0,
                            "is_divided": true
                        }
                    }
                ],
                "train_model": "709",
                "is_open_for_all": true,
                "is_eid_trip": 0,
                "parent_route": {
                    "origin_city_name": "dhaka",
                    "destination_city_name": "sylhet",
                    "departure_date": "2025-07-03",
                    "departure_time": "06:30:00",
                    "arrival_date": "2025-07-03",
                    "arrival_time": "13:00:00"
                },
                "boarding_points": [
                    {
                        "trip_point_id": 108469509,
                        "location_id": 2702,
                        "location_name": "Biman_Bandar Station",
                        "location_time": "06:58 AM",
                        "location_date": "03 Jul 2025"
                    }
                ],
                "is_international": 0,
                "is_from_city_international": false
            },
            {
                "trip_number": "MAHANAGAR PROVATI (704)",
                "departure_date_time": "03 Jul, 08:12 am",
                "departure_full_date": "2025-07-03",
                "departure_date_time_jd": "Thu, 03 Jul 2025, 08:12 AM",
                "arrival_date_time": "03 Jul, 09:40 am",
                "travel_time": "01h 28m",
                "origin_city_name": "biman_bandar",
                "destination_city_name": "brahmanbaria",
                "seat_types": [
                    {
                        "key": 7,
                        "type": "S_CHAIR",
                        "trip_id": 8446705,
                        "trip_route_id": 53825410,
                        "route_id": 22047,
                        "fare": "150.00",
                        "vat_percent": 0,
                        "vat_amount": 0,
                        "origin_city_seq": 2,
                        "destination_city_seq": 5,
                        "seat_counts": {
                            "online": 4,
                            "offline": 3,
                            "is_divided": true
                        }
                    }
                ],
                "train_model": "704",
                "is_open_for_all": true,
                "is_eid_trip": 0,
                "parent_route": {
                    "origin_city_name": "dhaka",
                    "destination_city_name": "chattogram",
                    "departure_date": "2025-07-03",
                    "departure_time": "07:45:00",
                    "arrival_date": "2025-07-03",
                    "arrival_time": "13:35:00"
                },
                "boarding_points": [
                    {
                        "trip_point_id": 108469281,
                        "location_id": 2702,
                        "location_name": "Biman_Bandar Station",
                        "location_time": "08:12 AM",
                        "location_date": "03 Jul 2025"
                    }
                ],
                "is_international": 0,
                "is_from_city_international": false
            },
            {
                "trip_number": "MAHANAGAR PROVATI (704)",
                "departure_date_time": "03 Jul, 07:45 am",
                "departure_full_date": "2025-07-03",
                "departure_date_time_jd": "Thu, 03 Jul 2025, 07:45 AM",
                "arrival_date_time": "03 Jul, 09:39 am",
                "travel_time": "01h 54m",
                "origin_city_name": "dhaka",
                "destination_city_name": "brahmanbaria",
                "seat_types": [
                    {
                        "key": 5,
                        "type": "F_SEAT",
                        "trip_id": 8446706,
                        "trip_route_id": 53825421,
                        "route_id": 22041,
                        "fare": "200.00",
                        "vat_percent": 15,
                        "vat_amount": 30,
                        "origin_city_seq": 1,
                        "destination_city_seq": 5,
                        "seat_counts": {
                            "online": 0,
                            "offline": 0,
                            "is_divided": true
                        }
                    },
                    {
                        "key": 2,
                        "type": "AC_S",
                        "trip_id": 8446707,
                        "trip_route_id": 53825446,
                        "route_id": 22041,
                        "fare": "295.00",
                        "vat_percent": 15,
                        "vat_amount": 45,
                        "origin_city_seq": 1,
                        "destination_city_seq": 5,
                        "seat_counts": {
                            "online": 0,
                            "offline": 0,
                            "is_divided": true
                        }
                    },
                    {
                        "key": 3,
                        "type": "SNIGDHA",
                        "trip_id": 8446708,
                        "trip_route_id": 53825471,
                        "route_id": 22041,
                        "fare": "250.00",
                        "vat_percent": 15,
                        "vat_amount": 38,
                        "origin_city_seq": 1,
                        "destination_city_seq": 5,
                        "seat_counts": {
                            "online": 0,
                            "offline": 0,
                            "is_divided": true
                        }
                    }
                ],
                "train_model": "704",
                "is_open_for_all": true,
                "is_eid_trip": 0,
                "parent_route": {
                    "origin_city_name": "dhaka",
                    "destination_city_name": "chattogram",
                    "departure_date": "2025-07-03",
                    "departure_time": "07:45:00",
                    "arrival_date": "2025-07-03",
                    "arrival_time": "13:35:00"
                },
                "boarding_points": [
                    {
                        "trip_point_id": 108469296,
                        "location_id": 2719,
                        "location_name": "Kamalapur Station",
                        "location_time": "07:45 AM",
                        "location_date": "03 Jul 2025"
                    }
                ],
                "is_international": 0,
                "is_from_city_international": false
            },
            {
                "trip_number": "CHATTALA EXPRESS (802)",
                "departure_date_time": "03 Jul, 02:43 pm",
                "departure_full_date": "2025-07-03",
                "departure_date_time_jd": "Thu, 03 Jul 2025, 02:43 PM",
                "arrival_date_time": "03 Jul, 04:19 pm",
                "travel_time": "01h 36m",
                "origin_city_name": "biman_bandar",
                "destination_city_name": "brahmanbaria",
                "seat_types": [
                    {
                        "key": 3,
                        "type": "SNIGDHA",
                        "trip_id": 8446807,
                        "trip_route_id": 53828122,
                        "route_id": 22956,
                        "fare": "250.00",
                        "vat_percent": 15,
                        "vat_amount": 38,
                        "origin_city_seq": 2,
                        "destination_city_seq": 6,
                        "seat_counts": {
                            "online": 9,
                            "offline": 9,
                            "is_divided": true
                        }
                    }
                ],
                "train_model": "802",
                "is_open_for_all": true,
                "is_eid_trip": 0,
                "parent_route": {
                    "origin_city_name": "dhaka",
                    "destination_city_name": "chattogram",
                    "departure_date": "2025-07-03",
                    "departure_time": "14:15:00",
                    "arrival_date": "2025-07-03",
                    "arrival_time": "20:30:00"
                },
                "boarding_points": [
                    {
                        "trip_point_id": 108471085,
                        "location_id": 2702,
                        "location_name": "Biman_Bandar Station",
                        "location_time": "02:43 PM",
                        "location_date": "03 Jul 2025"
                    }
                ],
                "is_international": 0,
                "is_from_city_international": false
            },
            {
                "trip_number": "CHATTALA EXPRESS (802)",
                "departure_date_time": "03 Jul, 02:15 pm",
                "departure_full_date": "2025-07-03",
                "departure_date_time_jd": "Thu, 03 Jul 2025, 02:15 PM",
                "arrival_date_time": "03 Jul, 04:19 pm",
                "travel_time": "02h 04m",
                "origin_city_name": "dhaka",
                "destination_city_name": "brahmanbaria",
                "seat_types": [
                    {
                        "key": 7,
                        "type": "S_CHAIR",
                        "trip_id": 8446809,
                        "trip_route_id": 53828142,
                        "route_id": 22945,
                        "fare": "150.00",
                        "vat_percent": 0,
                        "vat_amount": 0,
                        "origin_city_seq": 1,
                        "destination_city_seq": 6,
                        "seat_counts": {
                            "online": 0,
                            "offline": 0,
                            "is_divided": true
                        }
                    }
                ],
                "train_model": "802",
                "is_open_for_all": true,
                "is_eid_trip": 0,
                "parent_route": {
                    "origin_city_name": "dhaka",
                    "destination_city_name": "chattogram",
                    "departure_date": "2025-07-03",
                    "departure_time": "14:15:00",
                    "arrival_date": "2025-07-03",
                    "arrival_time": "20:30:00"
                },
                "boarding_points": [
                    {
                        "trip_point_id": 108471112,
                        "location_id": 2719,
                        "location_name": "Kamalapur Station",
                        "location_time": "02:15 PM",
                        "location_date": "03 Jul 2025"
                    }
                ],
                "is_international": 0,
                "is_from_city_international": false
            },
            {
                "trip_number": "KALNI EXPRESS (773)",
                "departure_date_time": "03 Jul, 02:55 pm",
                "departure_full_date": "2025-07-03",
                "departure_date_time_jd": "Thu, 03 Jul 2025, 02:55 PM",
                "arrival_date_time": "03 Jul, 04:46 pm",
                "travel_time": "01h 51m",
                "origin_city_name": "dhaka",
                "destination_city_name": "brahmanbaria",
                "seat_types": [
                    {
                        "key": 7,
                        "type": "S_CHAIR",
                        "trip_id": 8446911,
                        "trip_route_id": 53830905,
                        "route_id": 27568,
                        "fare": "150.00",
                        "vat_percent": 0,
                        "vat_amount": 0,
                        "origin_city_seq": 1,
                        "destination_city_seq": 3,
                        "seat_counts": {
                            "online": 0,
                            "offline": 0,
                            "is_divided": true
                        }
                    }
                ],
                "train_model": "773",
                "is_open_for_all": true,
                "is_eid_trip": 0,
                "parent_route": {
                    "origin_city_name": "dhaka",
                    "destination_city_name": "sylhet",
                    "departure_date": "2025-07-03",
                    "departure_time": "14:55:00",
                    "arrival_date": "2025-07-03",
                    "arrival_time": "21:30:00"
                },
                "boarding_points": [
                    {
                        "trip_point_id": 108472848,
                        "location_id": 2719,
                        "location_name": "Kamalapur Station",
                        "location_time": "02:55 PM",
                        "location_date": "03 Jul 2025"
                    }
                ],
                "is_international": 0,
                "is_from_city_international": false
            },
            {
                "trip_number": "UPAKUL EXPRESS (712)",
                "departure_date_time": "03 Jul, 03:38 pm",
                "departure_full_date": "2025-07-03",
                "departure_date_time_jd": "Thu, 03 Jul 2025, 03:38 PM",
                "arrival_date_time": "03 Jul, 05:17 pm",
                "travel_time": "01h 39m",
                "origin_city_name": "biman_bandar",
                "destination_city_name": "brahmanbaria",
                "seat_types": [
                    {
                        "key": 7,
                        "type": "S_CHAIR",
                        "trip_id": 8446876,
                        "trip_route_id": 53830057,
                        "route_id": 22277,
                        "fare": "150.00",
                        "vat_percent": 0,
                        "vat_amount": 0,
                        "origin_city_seq": 2,
                        "destination_city_seq": 6,
                        "seat_counts": {
                            "online": 0,
                            "offline": 0,
                            "is_divided": true
                        }
                    },
                    {
                        "key": 3,
                        "type": "SNIGDHA",
                        "trip_id": 8446877,
                        "trip_route_id": 53830084,
                        "route_id": 22277,
                        "fare": "250.00",
                        "vat_percent": 15,
                        "vat_amount": 38,
                        "origin_city_seq": 2,
                        "destination_city_seq": 6,
                        "seat_counts": {
                            "online": 3,
                            "offline": 2,
                            "is_divided": true
                        }
                    }
                ],
                "train_model": "712",
                "is_open_for_all": true,
                "is_eid_trip": 0,
                "parent_route": {
                    "origin_city_name": "dhaka",
                    "destination_city_name": "noakhali",
                    "departure_date": "2025-07-03",
                    "departure_time": "15:10:00",
                    "arrival_date": "2025-07-03",
                    "arrival_time": "20:40:00"
                },
                "boarding_points": [
                    {
                        "trip_point_id": 108472224,
                        "location_id": 2702,
                        "location_name": "Biman_Bandar Station",
                        "location_time": "03:38 PM",
                        "location_date": "03 Jul 2025"
                    }
                ],
                "is_international": 0,
                "is_from_city_international": false
            },
            {
                "trip_number": "MOHANAGAR EXPRESS (722)",
                "departure_date_time": "03 Jul, 09:48 pm",
                "departure_full_date": "2025-07-03",
                "departure_date_time_jd": "Thu, 03 Jul 2025, 09:48 PM",
                "arrival_date_time": "03 Jul, 11:28 pm",
                "travel_time": "01h 40m",
                "origin_city_name": "biman_bandar",
                "destination_city_name": "brahmanbaria",
                "seat_types": [
                    {
                        "key": 7,
                        "type": "S_CHAIR",
                        "trip_id": 8446942,
                        "trip_route_id": 53832305,
                        "route_id": 22524,
                        "fare": "150.00",
                        "vat_percent": 0,
                        "vat_amount": 0,
                        "origin_city_seq": 2,
                        "destination_city_seq": 6,
                        "seat_counts": {
                            "online": 0,
                            "offline": 0,
                            "is_divided": true
                        }
                    }
                ],
                "train_model": "722",
                "is_open_for_all": true,
                "is_eid_trip": 0,
                "parent_route": {
                    "origin_city_name": "dhaka",
                    "destination_city_name": "chattogram",
                    "departure_date": "2025-07-03",
                    "departure_time": "21:20:00",
                    "arrival_date": "2025-07-04",
                    "arrival_time": "03:30:00"
                },
                "boarding_points": [
                    {
                        "trip_point_id": 108473613,
                        "location_id": 2702,
                        "location_name": "Biman_Bandar Station",
                        "location_time": "09:48 PM",
                        "location_date": "03 Jul 2025"
                    }
                ],
                "is_international": 0,
                "is_from_city_international": false
            },
            {
                "trip_number": "MOHANAGAR EXPRESS (722)",
                "departure_date_time": "03 Jul, 09:20 pm",
                "departure_full_date": "2025-07-03",
                "departure_date_time_jd": "Thu, 03 Jul 2025, 09:20 PM",
                "arrival_date_time": "03 Jul, 11:28 pm",
                "travel_time": "02h 08m",
                "origin_city_name": "dhaka",
                "destination_city_name": "brahmanbaria",
                "seat_types": [
                    {
                        "key": 1,
                        "type": "AC_B",
                        "trip_id": 8446943,
                        "trip_route_id": 53832316,
                        "route_id": 22515,
                        "fare": "445.00",
                        "vat_percent": 15,
                        "vat_amount": 67,
                        "origin_city_seq": 1,
                        "destination_city_seq": 6,
                        "seat_counts": {
                            "online": 0,
                            "offline": 0,
                            "is_divided": true
                        }
                    },
                    {
                        "key": 3,
                        "type": "SNIGDHA",
                        "trip_id": 8446944,
                        "trip_route_id": 53832341,
                        "route_id": 22515,
                        "fare": "250.00",
                        "vat_percent": 15,
                        "vat_amount": 38,
                        "origin_city_seq": 1,
                        "destination_city_seq": 6,
                        "seat_counts": {
                            "online": 0,
                            "offline": 0,
                            "is_divided": true
                        }
                    }
                ],
                "train_model": "722",
                "is_open_for_all": true,
                "is_eid_trip": 0,
                "parent_route": {
                    "origin_city_name": "dhaka",
                    "destination_city_name": "chattogram",
                    "departure_date": "2025-07-03",
                    "departure_time": "21:20:00",
                    "arrival_date": "2025-07-04",
                    "arrival_time": "03:30:00"
                },
                "boarding_points": [
                    {
                        "trip_point_id": 108473632,
                        "location_id": 2719,
                        "location_name": "Kamalapur Station",
                        "location_time": "09:20 PM",
                        "location_date": "03 Jul 2025"
                    }
                ],
                "is_international": 0,
                "is_from_city_international": false
            }
        ],
        "recommendations": [],
        "selected_seat_class": "S_CHAIR"
    },
    "extra": {
        "hash": "2E1B68AB3FFC1C6C577E36F562130B61"
    }
}