{
    "data": {
        "trains": [
            {
                "trip_number": "SILKCITY EXPRESS (753)",
                "departure_date_time": "03 Jul, 02:30 pm",
                "departure_full_date": "2025-07-03",
                "departure_date_time_jd": "Thu, 03 Jul 2025, 02:30 PM",
                "arrival_date_time": "03 Jul, 05:31 pm",
                "travel_time": "03h 01m",
                "origin_city_name": "dhaka",
                "destination_city_name": "ullapara",
                "seat_types": [
                    {
                        "key": 2,
                        "type": "AC_S",
                        "trip_id": 8446925,
                        "trip_route_id": 53831285,
                        "route_id": 19506,
                        "fare": "640.00",
                        "vat_percent": 15,
                        "vat_amount": 96,
                        "origin_city_seq": 1,
                        "destination_city_seq": 9,
                        "seat_counts": {
                            "online": 2,
                            "offline": 2,
                            "is_divided": true
                        }
                    },
                    {
                        "key": 3,
                        "type": "SNIGDHA",
                        "trip_id": 8446926,
                        "trip_route_id": 53831331,
                        "route_id": 19506,
                        "fare": "535.00",
                        "vat_percent": 15,
                        "vat_amount": 81,
                        "origin_city_seq": 1,
                        "destination_city_seq": 9,
                        "seat_counts": {
                            "online": 6,
                            "offline": 5,
                            "is_divided": true
                        }
                    }
                ],
                "train_model": "753",
                "is_open_for_all": true,
                "is_eid_trip": 0,
                "parent_route": {
                    "origin_city_name": "dhaka",
                    "destination_city_name": "rajshahi",
                    "departure_date": "2025-07-03",
                    "departure_time": "14:30:00",
                    "arrival_date": "2025-07-03",
                    "arrival_time": "20:20:00"
                },
                "boarding_points": [
                    {
                        "trip_point_id": 108473102,
                        "location_id": 2719,
                        "location_name": "Kamalapur Station",
                        "location_time": "02:30 PM",
                        "location_date": "03 Jul 2025"
                    }
                ],
                "is_international": 0,
                "is_from_city_international": false
            },
            {
                "trip_number": "SILKCITY EXPRESS (753)",
                "departure_date_time": "03 Jul, 02:58 pm",
                "departure_full_date": "2025-07-03",
                "departure_date_time_jd": "Thu, 03 Jul 2025, 02:58 PM",
                "arrival_date_time": "03 Jul, 05:31 pm",
                "travel_time": "02h 33m",
                "origin_city_name": "biman_bandar",
                "destination_city_name": "ullapara",
                "seat_types": [
                    {
                        "key": 7,
                        "type": "S_CHAIR",
                        "trip_id": 8446927,
                        "trip_route_id": 53831401,
                        "route_id": 19513,
                        "fare": "320.00",
                        "vat_percent": 0,
                        "vat_amount": 0,
                        "origin_city_seq": 2,
                        "destination_city_seq": 9,
                        "seat_counts": {
                            "online": 3,
                            "offline": 2,
                            "is_divided": true
                        }
                    }
                ],
                "train_model": "753",
                "is_open_for_all": true,
                "is_eid_trip": 0,
                "parent_route": {
                    "origin_city_name": "dhaka",
                    "destination_city_name": "rajshahi",
                    "departure_date": "2025-07-03",
                    "departure_time": "14:30:00",
                    "arrival_date": "2025-07-03",
                    "arrival_time": "20:20:00"
                },
                "boarding_points": [
                    {
                        "trip_point_id": 108473159,
                        "location_id": 2702,
                        "location_name": "Biman_Bandar Station",
                        "location_time": "02:58 PM",
                        "location_date": "03 Jul 2025"
                    }
                ],
                "is_international": 0,
                "is_from_city_international": false
            },
            {
                "trip_number": "CHITRA EXPRESS (764)",
                "departure_date_time": "03 Jul, 07:30 pm",
                "departure_full_date": "2025-07-03",
                "departure_date_time_jd": "Thu, 03 Jul 2025, 07:30 PM",
                "arrival_date_time": "03 Jul, 10:26 pm",
                "travel_time": "02h 56m",
                "origin_city_name": "dhaka",
                "destination_city_name": "ullapara",
                "seat_types": [
                    {
                        "key": 3,
                        "type": "SNIGDHA",
                        "trip_id": 8446934,
                        "trip_route_id": 53831781,
                        "route_id": 20608,
                        "fare": "535.00",
                        "vat_percent": 15,
                        "vat_amount": 81,
                        "origin_city_seq": 1,
                        "destination_city_seq": 9,
                        "seat_counts": {
                            "online": 15,
                            "offline": 15,
                            "is_divided": true
                        }
                    },
                    {
                        "key": 1,
                        "type": "AC_B",
                        "trip_id": 8446937,
                        "trip_route_id": 53832014,
                        "route_id": 20608,
                        "fare": "955.00",
                        "vat_percent": 15,
                        "vat_amount": 144,
                        "origin_city_seq": 1,
                        "destination_city_seq": 9,
                        "seat_counts": {
                            "online": 1,
                            "offline": 1,
                            "is_divided": true
                        }
                    },
                    {
                        "key": 7,
                        "type": "S_CHAIR",
                        "trip_id": 8446938,
                        "trip_route_id": 53832071,
                        "route_id": 20608,
                        "fare": "320.00",
                        "vat_percent": 0,
                        "vat_amount": 0,
                        "origin_city_seq": 1,
                        "destination_city_seq": 9,
                        "seat_counts": {
                            "online": 0,
                            "offline": 0,
                            "is_divided": true
                        }
                    }
                ],
                "train_model": "764",
                "is_open_for_all": true,
                "is_eid_trip": 0,
                "parent_route": {
                    "origin_city_name": "dhaka",
                    "destination_city_name": "khulna",
                    "departure_date": "2025-07-03",
                    "departure_time": "19:30:00",
                    "arrival_date": "2025-07-04",
                    "arrival_time": "04:40:00"
                },
                "boarding_points": [
                    {
                        "trip_point_id": 108473349,
                        "location_id": 2719,
                        "location_name": "Kamalapur Station",
                        "location_time": "07:30 PM",
                        "location_date": "03 Jul 2025"
                    }
                ],
                "is_international": 0,
                "is_from_city_international": false
            },
            {
                "trip_number": "PADMA EXPRESS (759)",
                "departure_date_time": "03 Jul, 10:45 pm",
                "departure_full_date": "2025-07-03",
                "departure_date_time_jd": "Thu, 03 Jul 2025, 10:45 PM",
                "arrival_date_time": "04 Jul, 01:30 am",
                "travel_time": "02h 45m",
                "origin_city_name": "dhaka",
                "destination_city_name": "ullapara",
                "seat_types": [
                    {
                        "key": 1,
                        "type": "AC_B",
                        "trip_id": 8446616,
                        "trip_route_id": 53821155,
                        "route_id": 19506,
                        "fare": "955.00",
                        "vat_percent": 15,
                        "vat_amount": 144,
                        "origin_city_seq": 1,
                        "destination_city_seq": 9,
                        "seat_counts": {
                            "online": 0,
                            "offline": 0,
                            "is_divided": true
                        }
                    },
                    {
                        "key": 3,
                        "type": "SNIGDHA",
                        "trip_id": 8446617,
                        "trip_route_id": 53821202,
                        "route_id": 19506,
                        "fare": "535.00",
                        "vat_percent": 15,
                        "vat_amount": 81,
                        "origin_city_seq": 1,
                        "destination_city_seq": 9,
                        "seat_counts": {
                            "online": 3,
                            "offline": 2,
                            "is_divided": true
                        }
                    },
                    {
                        "key": 7,
                        "type": "S_CHAIR",
                        "trip_id": 8446618,
                        "trip_route_id": 53821249,
                        "route_id": 19506,
                        "fare": "320.00",
                        "vat_percent": 0,
                        "vat_amount": 0,
                        "origin_city_seq": 1,
                        "destination_city_seq": 9,
                        "seat_counts": {
                            "online": 1,
                            "offline": 0,
                            "is_divided": true
                        }
                    }
                ],
                "train_model": "759",
                "is_open_for_all": true,
                "is_eid_trip": 0,
                "parent_route": {
                    "origin_city_name": "dhaka",
                    "destination_city_name": "rajshahi",
                    "departure_date": "2025-07-03",
                    "departure_time": "22:45:00",
                    "arrival_date": "2025-07-04",
                    "arrival_time": "04:00:00"
                },
                "boarding_points": [
                    {
                        "trip_point_id": 108467006,
                        "location_id": 2719,
                        "location_name": "Kamalapur Station",
                        "location_time": "10:45 PM",
                        "location_date": "03 Jul 2025"
                    }
                ],
                "is_international": 0,
                "is_from_city_international": false
            }
        ],
        "recommendations": [],
        "selected_seat_class": "S_CHAIR"
    },
    "extra": {
        "hash": "2E1B68AB3FFC1C6C577E36F562130B61"
    }
}