{
    "data": {
        "trains": [
            {
                "trip_number": "SILKCITY EXPRESS (753)",
                "departure_date_time": "03 Jul, 02:30 pm",
                "departure_full_date": "2025-07-03",
                "departure_date_time_jd": "Thu, 03 Jul 2025, 02:30 PM",
                "arrival_date_time": "03 Jul, 06:48 pm",
                "travel_time": "04h 18m",
                "origin_city_name": "dhaka",
                "destination_city_name": "ishwardi bypass",
                "seat_types": [
                    {
                        "key": 2,
                        "type": "AC_S",
                        "trip_id": 8446925,
                        "trip_route_id": 53831295,
                        "route_id": 19509,
                        "fare": "770.00",
                        "vat_percent": 15,
                        "vat_amount": 116,
                        "origin_city_seq": 1,
                        "destination_city_seq": 12,
                        "seat_counts": {
                            "online": 2,
                            "offline": 2,
                            "is_divided": true
                        }
                    },
                    {
                        "key": 3,
                        "type": "SNIGDHA",
                        "trip_id": 8446926,
                        "trip_route_id": 53831341,
                        "route_id": 19509,
                        "fare": "640.00",
                        "vat_percent": 15,
                        "vat_amount": 96,
                        "origin_city_seq": 1,
                        "destination_city_seq": 12,
                        "seat_counts": {
                            "online": 3,
                            "offline": 3,
                            "is_divided": true
                        }
                    }
                ],
                "train_model": "753",
                "is_open_for_all": true,
                "is_eid_trip": 0,
                "parent_route": {
                    "origin_city_name": "dhaka",
                    "destination_city_name": "rajshahi",
                    "departure_date": "2025-07-03",
                    "departure_time": "14:30:00",
                    "arrival_date": "2025-07-03",
                    "arrival_time": "20:20:00"
                },
                "boarding_points": [
                    {
                        "trip_point_id": 108473102,
                        "location_id": 2719,
                        "location_name": "Kamalapur Station",
                        "location_time": "02:30 PM",
                        "location_date": "03 Jul 2025"
                    }
                ],
                "is_international": 0,
                "is_from_city_international": false
            },
            {
                "trip_number": "SILKCITY EXPRESS (753)",
                "departure_date_time": "03 Jul, 02:58 pm",
                "departure_full_date": "2025-07-03",
                "departure_date_time_jd": "Thu, 03 Jul 2025, 02:58 PM",
                "arrival_date_time": "03 Jul, 06:48 pm",
                "travel_time": "03h 50m",
                "origin_city_name": "biman_bandar",
                "destination_city_name": "ishwardi bypass",
                "seat_types": [
                    {
                        "key": 7,
                        "type": "S_CHAIR",
                        "trip_id": 8446927,
                        "trip_route_id": 53831406,
                        "route_id": 19516,
                        "fare": "385.00",
                        "vat_percent": 0,
                        "vat_amount": 0,
                        "origin_city_seq": 2,
                        "destination_city_seq": 12,
                        "seat_counts": {
                            "online": 3,
                            "offline": 2,
                            "is_divided": true
                        }
                    }
                ],
                "train_model": "753",
                "is_open_for_all": true,
                "is_eid_trip": 0,
                "parent_route": {
                    "origin_city_name": "dhaka",
                    "destination_city_name": "rajshahi",
                    "departure_date": "2025-07-03",
                    "departure_time": "14:30:00",
                    "arrival_date": "2025-07-03",
                    "arrival_time": "20:20:00"
                },
                "boarding_points": [
                    {
                        "trip_point_id": 108473159,
                        "location_id": 2702,
                        "location_name": "Biman_Bandar Station",
                        "location_time": "02:58 PM",
                        "location_date": "03 Jul 2025"
                    }
                ],
                "is_international": 0,
                "is_from_city_international": false
            },
            {
                "trip_number": "PADMA EXPRESS (759)",
                "departure_date_time": "03 Jul, 10:45 pm",
                "departure_full_date": "2025-07-03",
                "departure_date_time_jd": "Thu, 03 Jul 2025, 10:45 PM",
                "arrival_date_time": "04 Jul, 02:30 am",
                "travel_time": "03h 45m",
                "origin_city_name": "dhaka",
                "destination_city_name": "ishwardi bypass",
                "seat_types": [
                    {
                        "key": 1,
                        "type": "AC_B",
                        "trip_id": 8446616,
                        "trip_route_id": 53821164,
                        "route_id": 19509,
                        "fare": "1150.00",
                        "vat_percent": 15,
                        "vat_amount": 173,
                        "origin_city_seq": 1,
                        "destination_city_seq": 12,
                        "seat_counts": {
                            "online": 0,
                            "offline": 0,
                            "is_divided": true
                        }
                    },
                    {
                        "key": 3,
                        "type": "SNIGDHA",
                        "trip_id": 8446617,
                        "trip_route_id": 53821211,
                        "route_id": 19509,
                        "fare": "640.00",
                        "vat_percent": 15,
                        "vat_amount": 96,
                        "origin_city_seq": 1,
                        "destination_city_seq": 12,
                        "seat_counts": {
                            "online": 2,
                            "offline": 1,
                            "is_divided": true
                        }
                    },
                    {
                        "key": 7,
                        "type": "S_CHAIR",
                        "trip_id": 8446618,
                        "trip_route_id": 53821258,
                        "route_id": 19509,
                        "fare": "385.00",
                        "vat_percent": 0,
                        "vat_amount": 0,
                        "origin_city_seq": 1,
                        "destination_city_seq": 12,
                        "seat_counts": {
                            "online": 0,
                            "offline": 0,
                            "is_divided": true
                        }
                    }
                ],
                "train_model": "759",
                "is_open_for_all": true,
                "is_eid_trip": 0,
                "parent_route": {
                    "origin_city_name": "dhaka",
                    "destination_city_name": "rajshahi",
                    "departure_date": "2025-07-03",
                    "departure_time": "22:45:00",
                    "arrival_date": "2025-07-04",
                    "arrival_time": "04:00:00"
                },
                "boarding_points": [
                    {
                        "trip_point_id": 108467006,
                        "location_id": 2719,
                        "location_name": "Kamalapur Station",
                        "location_time": "10:45 PM",
                        "location_date": "03 Jul 2025"
                    }
                ],
                "is_international": 0,
                "is_from_city_international": false
            }
        ],
        "recommendations": [],
        "selected_seat_class": "S_CHAIR"
    },
    "extra": {
        "hash": "2E1B68AB3FFC1C6C577E36F562130B61"
    }
}