{
    "data": {
        "trains": [
            {
                "trip_number": "PARABAT EXPRESS (709)",
                "departure_date_time": "03 Jul, 06:30 am",
                "departure_full_date": "2025-07-03",
                "departure_date_time_jd": "Thu, 03 Jul 2025, 06:30 AM",
                "arrival_date_time": "03 Jul, 09:52 am",
                "travel_time": "03h 22m",
                "origin_city_name": "dhaka",
                "destination_city_name": "shaistaganj",
                "seat_types": [
                    {
                        "key": 3,
                        "type": "SNIGDHA",
                        "trip_id": 8446717,
                        "trip_route_id": 53825714,
                        "route_id": 22124,
                        "fare": "395.00",
                        "vat_percent": 15,
                        "vat_amount": 60,
                        "origin_city_seq": 1,
                        "destination_city_seq": 7,
                        "seat_counts": {
                            "online": 0,
                            "offline": 0,
                            "is_divided": true
                        }
                    },
                    {
                        "key": 5,
                        "type": "F_SEAT",
                        "trip_id": 8446719,
                        "trip_route_id": 53825789,
                        "route_id": 22124,
                        "fare": "315.00",
                        "vat_percent": 15,
                        "vat_amount": 48,
                        "origin_city_seq": 1,
                        "destination_city_seq": 7,
                        "seat_counts": {
                            "online": 0,
                            "offline": 0,
                            "is_divided": true
                        }
                    },
                    {
                        "key": 2,
                        "type": "AC_S",
                        "trip_id": 8446720,
                        "trip_route_id": 53825824,
                        "route_id": 22124,
                        "fare": "470.00",
                        "vat_percent": 15,
                        "vat_amount": 71,
                        "origin_city_seq": 1,
                        "destination_city_seq": 7,
                        "seat_counts": {
                            "online": 0,
                            "offline": 0,
                            "is_divided": true
                        }
                    }
                ],
                "train_model": "709",
                "is_open_for_all": true,
                "is_eid_trip": 0,
                "parent_route": {
                    "origin_city_name": "dhaka",
                    "destination_city_name": "sylhet",
                    "departure_date": "2025-07-03",
                    "departure_time": "06:30:00",
                    "arrival_date": "2025-07-03",
                    "arrival_time": "13:00:00"
                },
                "boarding_points": [
                    {
                        "trip_point_id": 108469482,
                        "location_id": 2719,
                        "location_name": "Kamalapur Station",
                        "location_time": "06:30 AM",
                        "location_date": "03 Jul 2025"
                    }
                ],
                "is_international": 0,
                "is_from_city_international": false
            },
            {
                "trip_number": "PARABAT EXPRESS (709)",
                "departure_date_time": "03 Jul, 06:58 am",
                "departure_full_date": "2025-07-03",
                "departure_date_time_jd": "Thu, 03 Jul 2025, 06:58 AM",
                "arrival_date_time": "03 Jul, 09:52 am",
                "travel_time": "02h 54m",
                "origin_city_name": "biman_bandar",
                "destination_city_name": "shaistaganj",
                "seat_types": [
                    {
                        "key": 7,
                        "type": "S_CHAIR",
                        "trip_id": 8446718,
                        "trip_route_id": 53825772,
                        "route_id": 22132,
                        "fare": "235.00",
                        "vat_percent": 0,
                        "vat_amount": 0,
                        "origin_city_seq": 2,
                        "destination_city_seq": 7,
                        "seat_counts": {
                            "online": 3,
                            "offline": 2,
                            "is_divided": true
                        }
                    }
                ],
                "train_model": "709",
                "is_open_for_all": true,
                "is_eid_trip": 0,
                "parent_route": {
                    "origin_city_name": "dhaka",
                    "destination_city_name": "sylhet",
                    "departure_date": "2025-07-03",
                    "departure_time": "06:30:00",
                    "arrival_date": "2025-07-03",
                    "arrival_time": "13:00:00"
                },
                "boarding_points": [
                    {
                        "trip_point_id": 108469509,
                        "location_id": 2702,
                        "location_name": "Biman_Bandar Station",
                        "location_time": "06:58 AM",
                        "location_date": "03 Jul 2025"
                    }
                ],
                "is_international": 0,
                "is_from_city_international": false
            },
            {
                "trip_number": "KALNI EXPRESS (773)",
                "departure_date_time": "03 Jul, 02:55 pm",
                "departure_full_date": "2025-07-03",
                "departure_date_time_jd": "Thu, 03 Jul 2025, 02:55 PM",
                "arrival_date_time": "03 Jul, 06:12 pm",
                "travel_time": "03h 17m",
                "origin_city_name": "dhaka",
                "destination_city_name": "shaistaganj",
                "seat_types": [
                    {
                        "key": 7,
                        "type": "S_CHAIR",
                        "trip_id": 8446911,
                        "trip_route_id": 53830903,
                        "route_id": 22850,
                        "fare": "235.00",
                        "vat_percent": 0,
                        "vat_amount": 0,
                        "origin_city_seq": 1,
                        "destination_city_seq": 6,
                        "seat_counts": {
                            "online": 0,
                            "offline": 0,
                            "is_divided": true
                        }
                    }
                ],
                "train_model": "773",
                "is_open_for_all": true,
                "is_eid_trip": 0,
                "parent_route": {
                    "origin_city_name": "dhaka",
                    "destination_city_name": "sylhet",
                    "departure_date": "2025-07-03",
                    "departure_time": "14:55:00",
                    "arrival_date": "2025-07-03",
                    "arrival_time": "21:30:00"
                },
                "boarding_points": [
                    {
                        "trip_point_id": 108472848,
                        "location_id": 2719,
                        "location_name": "Kamalapur Station",
                        "location_time": "02:55 PM",
                        "location_date": "03 Jul 2025"
                    }
                ],
                "is_international": 0,
                "is_from_city_international": false
            },
            {
                "trip_number": "UPABAN EXPRESS (739)",
                "departure_date_time": "03 Jul, 10:28 pm",
                "departure_full_date": "2025-07-03",
                "departure_date_time_jd": "Thu, 03 Jul 2025, 10:28 PM",
                "arrival_date_time": "04 Jul, 01:22 am",
                "travel_time": "02h 54m",
                "origin_city_name": "biman_bandar",
                "destination_city_name": "shaistaganj",
                "seat_types": [
                    {
                        "key": 7,
                        "type": "S_CHAIR",
                        "trip_id": 8446760,
                        "trip_route_id": 53827166,
                        "route_id": 22771,
                        "fare": "235.00",
                        "vat_percent": 0,
                        "vat_amount": 0,
                        "origin_city_seq": 2,
                        "destination_city_seq": 5,
                        "seat_counts": {
                            "online": 0,
                            "offline": 0,
                            "is_divided": true
                        }
                    }
                ],
                "train_model": "739",
                "is_open_for_all": true,
                "is_eid_trip": 0,
                "parent_route": {
                    "origin_city_name": "dhaka",
                    "destination_city_name": "sylhet",
                    "departure_date": "2025-07-03",
                    "departure_time": "22:00:00",
                    "arrival_date": "2025-07-04",
                    "arrival_time": "05:00:00"
                },
                "boarding_points": [
                    {
                        "trip_point_id": 108470340,
                        "location_id": 2702,
                        "location_name": "Biman_Bandar Station",
                        "location_time": "10:28 PM",
                        "location_date": "03 Jul 2025"
                    }
                ],
                "is_international": 0,
                "is_from_city_international": false
            },
            {
                "trip_number": "UPABAN EXPRESS (739)",
                "departure_date_time": "03 Jul, 10:00 pm",
                "departure_full_date": "2025-07-03",
                "departure_date_time_jd": "Thu, 03 Jul 2025, 10:00 PM",
                "arrival_date_time": "04 Jul, 01:22 am",
                "travel_time": "03h 22m",
                "origin_city_name": "dhaka",
                "destination_city_name": "shaistaganj",
                "seat_types": [
                    {
                        "key": 1,
                        "type": "AC_B",
                        "trip_id": 8446761,
                        "trip_route_id": 53827178,
                        "route_id": 22763,
                        "fare": "705.00",
                        "vat_percent": 15,
                        "vat_amount": 106,
                        "origin_city_seq": 1,
                        "destination_city_seq": 5,
                        "seat_counts": {
                            "online": 0,
                            "offline": 0,
                            "is_divided": true
                        }
                    },
                    {
                        "key": 3,
                        "type": "SNIGDHA",
                        "trip_id": 8446762,
                        "trip_route_id": 53827194,
                        "route_id": 22763,
                        "fare": "395.00",
                        "vat_percent": 15,
                        "vat_amount": 60,
                        "origin_city_seq": 1,
                        "destination_city_seq": 5,
                        "seat_counts": {
                            "online": 0,
                            "offline": 0,
                            "is_divided": true
                        }
                    }
                ],
                "train_model": "739",
                "is_open_for_all": true,
                "is_eid_trip": 0,
                "parent_route": {
                    "origin_city_name": "dhaka",
                    "destination_city_name": "sylhet",
                    "departure_date": "2025-07-03",
                    "departure_time": "22:00:00",
                    "arrival_date": "2025-07-04",
                    "arrival_time": "05:00:00"
                },
                "boarding_points": [
                    {
                        "trip_point_id": 108470357,
                        "location_id": 2719,
                        "location_name": "Kamalapur Station",
                        "location_time": "10:00 PM",
                        "location_date": "03 Jul 2025"
                    }
                ],
                "is_international": 0,
                "is_from_city_international": false
            }
        ],
        "recommendations": [],
        "selected_seat_class": "S_CHAIR"
    },
    "extra": {
        "hash": "2E1B68AB3FFC1C6C577E36F562130B61"
    }
}