{
    "data": {
        "trains": [
            {
                "trip_number": "CHILAHATI EXPRESS (805)",
                "departure_date_time": "03 Jul, 05:00 pm",
                "departure_full_date": "2025-07-03",
                "departure_date_time_jd": "Thu, 03 Jul 2025, 05:00 PM",
                "arrival_date_time": "04 Jul, 01:41 am",
                "travel_time": "08h 41m",
                "origin_city_name": "dhaka",
                "destination_city_name": "nilphamari",
                "seat_types": [
                    {
                        "key": 7,
                        "type": "S_CHAIR",
                        "trip_id": 8446842,
                        "trip_route_id": 53829142,
                        "route_id": 24686,
                        "fare": "625.00",
                        "vat_percent": 0,
                        "vat_amount": 0,
                        "origin_city_seq": 1,
                        "destination_city_seq": 12,
                        "seat_counts": {
                            "online": 10,
                            "offline": 9,
                            "is_divided": true
                        }
                    }
                ],
                "train_model": "805",
                "is_open_for_all": true,
                "is_eid_trip": 0,
                "parent_route": {
                    "origin_city_name": "dhaka",
                    "destination_city_name": "chilahati",
                    "departure_date": "2025-07-03",
                    "departure_time": "17:00:00",
                    "arrival_date": "2025-07-04",
                    "arrival_time": "02:45:00"
                },
                "boarding_points": [
                    {
                        "trip_point_id": 108471702,
                        "location_id": 2719,
                        "location_name": "Kamalapur Station",
                        "location_time": "05:00 PM",
                        "location_date": "03 Jul 2025"
                    }
                ],
                "is_international": 0,
                "is_from_city_international": false
            }
        ],
        "recommendations": [],
        "selected_seat_class": "S_CHAIR"
    },
    "extra": {
        "hash": "2E1B68AB3FFC1C6C577E36F562130B61"
    }
}