{
    "data": {
        "trains": [
            {
                "trip_number": "PARJOTAK EXPRESS (816)",
                "departure_date_time": "03 Jul, 06:15 am",
                "departure_full_date": "2025-07-03",
                "departure_date_time_jd": "Thu, 03 Jul 2025, 06:15 AM",
                "arrival_date_time": "03 Jul, 02:40 pm",
                "travel_time": "08h 25m",
                "origin_city_name": "dhaka",
                "destination_city_name": "coxs bazar",
                "seat_types": [
                    {
                        "key": 2,
                        "type": "AC_S",
                        "trip_id": 8446607,
                        "trip_route_id": 53820947,
                        "route_id": 25713,
                        "fare": "1382.00",
                        "vat_percent": 15,
                        "vat_amount": 208,
                        "origin_city_seq": 1,
                        "destination_city_seq": 4,
                        "seat_counts": {
                            "online": 0,
                            "offline": 0,
                            "is_divided": true
                        }
                    },
                    {
                        "key": 3,
                        "type": "SNIGDHA",
                        "trip_id": 8446608,
                        "trip_route_id": 53820952,
                        "route_id": 25713,
                        "fare": "1152.00",
                        "vat_percent": 15,
                        "vat_amount": 173,
                        "origin_city_seq": 1,
                        "destination_city_seq": 4,
                        "seat_counts": {
                            "online": 0,
                            "offline": 0,
                            "is_divided": true
                        }
                    },
                    {
                        "key": 7,
                        "type": "S_CHAIR",
                        "trip_id": 8446609,
                        "trip_route_id": 53820958,
                        "route_id": 25713,
                        "fare": "695.00",
                        "vat_percent": 0,
                        "vat_amount": 0,
                        "origin_city_seq": 1,
                        "destination_city_seq": 4,
                        "seat_counts": {
                            "online": 0,
                            "offline": 0,
                            "is_divided": true
                        }
                    }
                ],
                "train_model": "816",
                "is_open_for_all": true,
                "is_eid_trip": 0,
                "parent_route": {
                    "origin_city_name": "dhaka",
                    "destination_city_name": "coxs bazar",
                    "departure_date": "2025-07-03",
                    "departure_time": "06:15:00",
                    "arrival_date": "2025-07-03",
                    "arrival_time": "14:40:00"
                },
                "boarding_points": [
                    {
                        "trip_point_id": 108466853,
                        "location_id": 2719,
                        "location_name": "Kamalapur Station",
                        "location_time": "06:15 AM",
                        "location_date": "03 Jul 2025"
                    }
                ],
                "is_international": 0,
                "is_from_city_international": false
            },
            {
                "trip_number": "COXS BAZAR EXPRESS (814)",
                "departure_date_time": "03 Jul, 11:00 pm",
                "departure_full_date": "2025-07-03",
                "departure_date_time_jd": "Thu, 03 Jul 2025, 11:00 PM",
                "arrival_date_time": "04 Jul, 07:20 am",
                "travel_time": "08h 20m",
                "origin_city_name": "dhaka",
                "destination_city_name": "coxs bazar",
                "seat_types": [
                    {
                        "key": 7,
                        "type": "S_CHAIR",
                        "trip_id": 8446601,
                        "trip_route_id": 53820926,
                        "route_id": 25713,
                        "fare": "695.00",
                        "vat_percent": 0,
                        "vat_amount": 0,
                        "origin_city_seq": 1,
                        "destination_city_seq": 4,
                        "seat_counts": {
                            "online": 0,
                            "offline": 0,
                            "is_divided": true
                        }
                    },
                    {
                        "key": 3,
                        "type": "SNIGDHA",
                        "trip_id": 8446602,
                        "trip_route_id": 53820931,
                        "route_id": 25713,
                        "fare": "1152.00",
                        "vat_percent": 15,
                        "vat_amount": 173,
                        "origin_city_seq": 1,
                        "destination_city_seq": 4,
                        "seat_counts": {
                            "online": 0,
                            "offline": 0,
                            "is_divided": true
                        }
                    }
                ],
                "train_model": "814",
                "is_open_for_all": true,
                "is_eid_trip": 0,
                "parent_route": {
                    "origin_city_name": "dhaka",
                    "destination_city_name": "coxs bazar",
                    "departure_date": "2025-07-03",
                    "departure_time": "23:00:00",
                    "arrival_date": "2025-07-04",
                    "arrival_time": "07:20:00"
                },
                "boarding_points": [
                    {
                        "trip_point_id": 108466827,
                        "location_id": 2719,
                        "location_name": "Kamalapur Station",
                        "location_time": "11:00 PM",
                        "location_date": "03 Jul 2025"
                    }
                ],
                "is_international": 0,
                "is_from_city_international": false
            }
        ],
        "recommendations": [
            {
                "origin": "Chattogram",
                "destination": "Cox's bazar"
            },
            {
                "origin": "Biman_bandar",
                "destination": "Chattogram"
            }
        ],
        "selected_seat_class": "S_CHAIR"
    },
    "extra": {
        "hash": "2E1B68AB3FFC1C6C577E36F562130B61"
    }
}