{
    "data": {
        "trains": [
            {
                "trip_number": "KALNI EXPRESS (773)",
                "departure_date_time": "03 Jul, 02:55 pm",
                "departure_full_date": "2025-07-03",
                "departure_date_time_jd": "Thu, 03 Jul 2025, 02:55 PM",
                "arrival_date_time": "03 Jul, 05:34 pm",
                "travel_time": "02h 39m",
                "origin_city_name": "dhaka",
                "destination_city_name": "harashpur",
                "seat_types": [
                    {
                        "key": 7,
                        "type": "S_CHAIR",
                        "trip_id": 8446911,
                        "trip_route_id": 53830910,
                        "route_id": 24091,
                        "fare": "195.00",
                        "vat_percent": 0,
                        "vat_amount": 0,
                        "origin_city_seq": 1,
                        "destination_city_seq": 5,
                        "seat_counts": {
                            "online": 0,
                            "offline": 0,
                            "is_divided": true
                        }
                    }
                ],
                "train_model": "773",
                "is_open_for_all": true,
                "is_eid_trip": 0,
                "parent_route": {
                    "origin_city_name": "dhaka",
                    "destination_city_name": "sylhet",
                    "departure_date": "2025-07-03",
                    "departure_time": "14:55:00",
                    "arrival_date": "2025-07-03",
                    "arrival_time": "21:30:00"
                },
                "boarding_points": [
                    {
                        "trip_point_id": 108472848,
                        "location_id": 2719,
                        "location_name": "Kamalapur Station",
                        "location_time": "02:55 PM",
                        "location_date": "03 Jul 2025"
                    }
                ],
                "is_international": 0,
                "is_from_city_international": false
            }
        ],
        "recommendations": [
            {
                "origin": "Brahmanbaria",
                "destination": "Harashpur"
            },
            {
                "origin": "Biman_bandar",
                "destination": "Azampur"
            }
        ],
        "selected_seat_class": "S_CHAIR"
    },
    "extra": {
        "hash": "2E1B68AB3FFC1C6C577E36F562130B61"
    }
}