{
    "data": {
        "trains": [
            {
                "trip_number": "NILSAGAR EXPRESS (765)",
                "departure_date_time": "03 Jul, 06:45 am",
                "departure_full_date": "2025-07-03",
                "departure_date_time_jd": "Thu, 03 Jul 2025, 06:45 AM",
                "arrival_date_time": "03 Jul, 02:27 pm",
                "travel_time": "07h 42m",
                "origin_city_name": "dhaka",
                "destination_city_name": "saidpur",
                "seat_types": [
                    {
                        "key": 2,
                        "type": "AC_S",
                        "trip_id": 8446651,
                        "trip_route_id": 53822998,
                        "route_id": 19759,
                        "fare": "1205.00",
                        "vat_percent": 15,
                        "vat_amount": 181,
                        "origin_city_seq": 1,
                        "destination_city_seq": 14,
                        "seat_counts": {
                            "online": 6,
                            "offline": 6,
                            "is_divided": true
                        }
                    }
                ],
                "train_model": "765",
                "is_open_for_all": true,
                "is_eid_trip": 0,
                "parent_route": {
                    "origin_city_name": "dhaka",
                    "destination_city_name": "chilahati",
                    "departure_date": "2025-07-03",
                    "departure_time": "06:45:00",
                    "arrival_date": "2025-07-03",
                    "arrival_time": "16:00:00"
                },
                "boarding_points": [
                    {
                        "trip_point_id": 108468029,
                        "location_id": 2719,
                        "location_name": "Kamalapur Station",
                        "location_time": "06:45 AM",
                        "location_date": "03 Jul 2025"
                    }
                ],
                "is_international": 0,
                "is_from_city_international": false
            },
            {
                "trip_number": "NILSAGAR EXPRESS (765)",
                "departure_date_time": "03 Jul, 07:13 am",
                "departure_full_date": "2025-07-03",
                "departure_date_time_jd": "Thu, 03 Jul 2025, 07:13 AM",
                "arrival_date_time": "03 Jul, 02:27 pm",
                "travel_time": "07h 14m",
                "origin_city_name": "biman_bandar",
                "destination_city_name": "saidpur",
                "seat_types": [
                    {
                        "key": 3,
                        "type": "SNIGDHA",
                        "trip_id": 8446652,
                        "trip_route_id": 53823115,
                        "route_id": 19765,
                        "fare": "1005.00",
                        "vat_percent": 15,
                        "vat_amount": 151,
                        "origin_city_seq": 2,
                        "destination_city_seq": 14,
                        "seat_counts": {
                            "online": 2,
                            "offline": 1,
                            "is_divided": true
                        }
                    },
                    {
                        "key": 7,
                        "type": "S_CHAIR",
                        "trip_id": 8446653,
                        "trip_route_id": 53823188,
                        "route_id": 19765,
                        "fare": "605.00",
                        "vat_percent": 0,
                        "vat_amount": 0,
                        "origin_city_seq": 2,
                        "destination_city_seq": 14,
                        "seat_counts": {
                            "online": 3,
                            "offline": 2,
                            "is_divided": true
                        }
                    }
                ],
                "train_model": "765",
                "is_open_for_all": true,
                "is_eid_trip": 0,
                "parent_route": {
                    "origin_city_name": "dhaka",
                    "destination_city_name": "chilahati",
                    "departure_date": "2025-07-03",
                    "departure_time": "06:45:00",
                    "arrival_date": "2025-07-03",
                    "arrival_time": "16:00:00"
                },
                "boarding_points": [
                    {
                        "trip_point_id": 108468073,
                        "location_id": 2702,
                        "location_name": "Biman_Bandar Station",
                        "location_time": "07:13 AM",
                        "location_date": "03 Jul 2025"
                    }
                ],
                "is_international": 0,
                "is_from_city_international": false
            },
            {
                "trip_number": "CHILAHATI EXPRESS (805)",
                "departure_date_time": "03 Jul, 05:28 pm",
                "departure_full_date": "2025-07-03",
                "departure_date_time_jd": "Thu, 03 Jul 2025, 05:28 PM",
                "arrival_date_time": "04 Jul, 01:17 am",
                "travel_time": "07h 49m",
                "origin_city_name": "biman_bandar",
                "destination_city_name": "saidpur",
                "seat_types": [
                    {
                        "key": 3,
                        "type": "SNIGDHA",
                        "trip_id": 8446840,
                        "trip_route_id": 53829122,
                        "route_id": 24693,
                        "fare": "1005.00",
                        "vat_percent": 15,
                        "vat_amount": 151,
                        "origin_city_seq": 2,
                        "destination_city_seq": 11,
                        "seat_counts": {
                            "online": 3,
                            "offline": 2,
                            "is_divided": true
                        }
                    },
                    {
                        "key": 7,
                        "type": "S_CHAIR",
                        "trip_id": 8446842,
                        "trip_route_id": 53829190,
                        "route_id": 24693,
                        "fare": "605.00",
                        "vat_percent": 0,
                        "vat_amount": 0,
                        "origin_city_seq": 2,
                        "destination_city_seq": 11,
                        "seat_counts": {
                            "online": 5,
                            "offline": 5,
                            "is_divided": true
                        }
                    }
                ],
                "train_model": "805",
                "is_open_for_all": true,
                "is_eid_trip": 0,
                "parent_route": {
                    "origin_city_name": "dhaka",
                    "destination_city_name": "chilahati",
                    "departure_date": "2025-07-03",
                    "departure_time": "17:00:00",
                    "arrival_date": "2025-07-04",
                    "arrival_time": "02:45:00"
                },
                "boarding_points": [
                    {
                        "trip_point_id": 108471676,
                        "location_id": 2702,
                        "location_name": "Biman_Bandar Station",
                        "location_time": "05:28 PM",
                        "location_date": "03 Jul 2025"
                    }
                ],
                "is_international": 0,
                "is_from_city_international": false
            }
        ],
        "recommendations": [],
        "selected_seat_class": "S_CHAIR"
    },
    "extra": {
        "hash": "2E1B68AB3FFC1C6C577E36F562130B61"
    }
}