{
    "data": {
        "trains": [
            {
                "trip_number": "MOHONGANJ EXPRESS (789)",
                "departure_date_time": "03 Jul, 01:15 pm",
                "departure_full_date": "2025-07-03",
                "departure_date_time_jd": "Thu, 03 Jul 2025, 01:15 PM",
                "arrival_date_time": "03 Jul, 05:33 pm",
                "travel_time": "04h 18m",
                "origin_city_name": "dhaka",
                "destination_city_name": "netrakona",
                "seat_types": [
                    {
                        "key": 3,
                        "type": "SNIGDHA",
                        "trip_id": 8446798,
                        "trip_route_id": 53827919,
                        "route_id": 23050,
                        "fare": "360.00",
                        "vat_percent": 15,
                        "vat_amount": 54,
                        "origin_city_seq": 1,
                        "destination_city_seq": 7,
                        "seat_counts": {
                            "online": 0,
                            "offline": 0,
                            "is_divided": true
                        }
                    },
                    {
                        "key": 2,
                        "type": "AC_S",
                        "trip_id": 8446799,
                        "trip_route_id": 53827941,
                        "route_id": 23050,
                        "fare": "430.00",
                        "vat_percent": 15,
                        "vat_amount": 65,
                        "origin_city_seq": 1,
                        "destination_city_seq": 7,
                        "seat_counts": {
                            "online": 0,
                            "offline": 0,
                            "is_divided": true
                        }
                    }
                ],
                "train_model": "789",
                "is_open_for_all": true,
                "is_eid_trip": 0,
                "parent_route": {
                    "origin_city_name": "dhaka",
                    "destination_city_name": "mohanganj",
                    "departure_date": "2025-07-03",
                    "departure_time": "13:15:00",
                    "arrival_date": "2025-07-03",
                    "arrival_time": "18:40:00"
                },
                "boarding_points": [
                    {
                        "trip_point_id": 108470920,
                        "location_id": 2719,
                        "location_name": "Kamalapur Station",
                        "location_time": "01:15 PM",
                        "location_date": "03 Jul 2025"
                    }
                ],
                "is_international": 0,
                "is_from_city_international": false
            },
            {
                "trip_number": "MOHONGANJ EXPRESS (789)",
                "departure_date_time": "03 Jul, 01:42 pm",
                "departure_full_date": "2025-07-03",
                "departure_date_time_jd": "Thu, 03 Jul 2025, 01:42 PM",
                "arrival_date_time": "03 Jul, 05:33 pm",
                "travel_time": "03h 51m",
                "origin_city_name": "biman_bandar",
                "destination_city_name": "netrakona",
                "seat_types": [
                    {
                        "key": 7,
                        "type": "S_CHAIR",
                        "trip_id": 8446800,
                        "trip_route_id": 53827976,
                        "route_id": 23054,
                        "fare": "215.00",
                        "vat_percent": 0,
                        "vat_amount": 0,
                        "origin_city_seq": 2,
                        "destination_city_seq": 7,
                        "seat_counts": {
                            "online": 7,
                            "offline": 6,
                            "is_divided": true
                        }
                    }
                ],
                "train_model": "789",
                "is_open_for_all": true,
                "is_eid_trip": 0,
                "parent_route": {
                    "origin_city_name": "dhaka",
                    "destination_city_name": "mohanganj",
                    "departure_date": "2025-07-03",
                    "departure_time": "13:15:00",
                    "arrival_date": "2025-07-03",
                    "arrival_time": "18:40:00"
                },
                "boarding_points": [
                    {
                        "trip_point_id": 108470959,
                        "location_id": 2702,
                        "location_name": "Biman_Bandar Station",
                        "location_time": "01:42 PM",
                        "location_date": "03 Jul 2025"
                    }
                ],
                "is_international": 0,
                "is_from_city_international": false
            },
            {
                "trip_number": "HAWR EXPRESS (777)",
                "departure_date_time": "03 Jul, 10:15 pm",
                "departure_full_date": "2025-07-03",
                "departure_date_time_jd": "Thu, 03 Jul 2025, 10:15 PM",
                "arrival_date_time": "04 Jul, 02:40 am",
                "travel_time": "04h 25m",
                "origin_city_name": "dhaka",
                "destination_city_name": "netrakona",
                "seat_types": [
                    {
                        "key": 8,
                        "type": "SHOVAN",
                        "trip_id": 8446867,
                        "trip_route_id": 53829753,
                        "route_id": 23130,
                        "fare": "180.00",
                        "vat_percent": 0,
                        "vat_amount": 0,
                        "origin_city_seq": 1,
                        "destination_city_seq": 8,
                        "seat_counts": {
                            "online": 9,
                            "offline": 8,
                            "is_divided": true
                        }
                    },
                    {
                        "key": 7,
                        "type": "S_CHAIR",
                        "trip_id": 8446868,
                        "trip_route_id": 53829796,
                        "route_id": 23130,
                        "fare": "215.00",
                        "vat_percent": 0,
                        "vat_amount": 0,
                        "origin_city_seq": 1,
                        "destination_city_seq": 8,
                        "seat_counts": {
                            "online": 0,
                            "offline": 0,
                            "is_divided": true
                        }
                    }
                ],
                "train_model": "777",
                "is_open_for_all": true,
                "is_eid_trip": 0,
                "parent_route": {
                    "origin_city_name": "dhaka",
                    "destination_city_name": "mohanganj",
                    "departure_date": "2025-07-03",
                    "departure_time": "22:15:00",
                    "arrival_date": "2025-07-04",
                    "arrival_time": "04:10:00"
                },
                "boarding_points": [
                    {
                        "trip_point_id": 108472078,
                        "location_id": 2719,
                        "location_name": "Kamalapur Station",
                        "location_time": "10:15 PM",
                        "location_date": "03 Jul 2025"
                    }
                ],
                "is_international": 0,
                "is_from_city_international": false
            }
        ],
        "recommendations": [],
        "selected_seat_class": "S_CHAIR"
    },
    "extra": {
        "hash": "2E1B68AB3FFC1C6C577E36F562130B61"
    }
}