{
    "data": {
        "trains": [
            {
                "trip_number": "BANGLABANDHA EXPRESS (803)",
                "departure_date_time": "03 Jul, 12:40 am",
                "departure_full_date": "2025-07-03",
                "departure_date_time_jd": "Thu, 03 Jul 2025, 12:40 AM",
                "arrival_date_time": "03 Jul, 04:40 am",
                "travel_time": "04h 00m",
                "origin_city_name": "birampur",
                "destination_city_name": "panchagarh",
                "seat_types": [
                    {
                        "key": 7,
                        "type": "S_CHAIR",
                        "trip_id": 8446347,
                        "trip_route_id": 53814192,
                        "route_id": 20905,
                        "fare": "195.00",
                        "vat_percent": 0,
                        "vat_amount": 0,
                        "origin_city_seq": 10,
                        "destination_city_seq": 21,
                        "seat_counts": {
                            "online": 8,
                            "offline": 7,
                            "is_divided": true
                        }
                    },
                    {
                        "key": 1,
                        "type": "AC_B",
                        "trip_id": 8446580,
                        "trip_route_id": 53820728,
                        "route_id": 20905,
                        "fare": "530.00",
                        "vat_percent": 15,
                        "vat_amount": 80,
                        "origin_city_seq": 10,
                        "destination_city_seq": 21,
                        "seat_counts": {
                            "online": 0,
                            "offline": 0,
                            "is_divided": true
                        }
                    }
                ],
                "train_model": "803",
                "is_open_for_all": true,
                "is_eid_trip": 0,
                "parent_route": {
                    "origin_city_name": "rajshahi",
                    "destination_city_name": "panchagarh",
                    "departure_date": "2025-07-02",
                    "departure_time": "21:00:00",
                    "arrival_date": "2025-07-03",
                    "arrival_time": "04:40:00"
                },
                "boarding_points": [
                    {
                        "trip_point_id": 108462525,
                        "location_id": 2781,
                        "location_name": "Birampur Station",
                        "location_time": "12:40 AM",
                        "location_date": "03 Jul 2025"
                    }
                ],
                "is_international": 0,
                "is_from_city_international": false
            },
            {
                "trip_number": "DRUTOJAN EXPRESS (757)",
                "departure_date_time": "03 Jul, 03:14 am",
                "departure_full_date": "2025-07-03",
                "departure_date_time_jd": "Thu, 03 Jul 2025, 03:14 AM",
                "arrival_date_time": "03 Jul, 07:10 am",
                "travel_time": "03h 56m",
                "origin_city_name": "birampur",
                "destination_city_name": "panchagarh",
                "seat_types": [
                    {
                        "key": 3,
                        "type": "SNIGDHA",
                        "trip_id": 8446327,
                        "trip_route_id": 53812490,
                        "route_id": 19373,
                        "fare": "320.00",
                        "vat_percent": 15,
                        "vat_amount": 48,
                        "origin_city_seq": 17,
                        "destination_city_seq": 27,
                        "seat_counts": {
                            "online": 3,
                            "offline": 2,
                            "is_divided": true
                        }
                    },
                    {
                        "key": 7,
                        "type": "S_CHAIR",
                        "trip_id": 8446337,
                        "trip_route_id": 53813511,
                        "route_id": 19373,
                        "fare": "195.00",
                        "vat_percent": 0,
                        "vat_amount": 0,
                        "origin_city_seq": 17,
                        "destination_city_seq": 27,
                        "seat_counts": {
                            "online": 5,
                            "offline": 5,
                            "is_divided": true
                        }
                    },
                    {
                        "key": 1,
                        "type": "AC_B",
                        "trip_id": 8446460,
                        "trip_route_id": 53816947,
                        "route_id": 19373,
                        "fare": "575.00",
                        "vat_percent": 15,
                        "vat_amount": 87,
                        "origin_city_seq": 17,
                        "destination_city_seq": 27,
                        "seat_counts": {
                            "online": 0,
                            "offline": 0,
                            "is_divided": true
                        }
                    }
                ],
                "train_model": "757",
                "is_open_for_all": true,
                "is_eid_trip": 0,
                "parent_route": {
                    "origin_city_name": "dhaka",
                    "destination_city_name": "panchagarh",
                    "departure_date": "2025-07-02",
                    "departure_time": "20:45:00",
                    "arrival_date": "2025-07-03",
                    "arrival_time": "07:10:00"
                },
                "boarding_points": [
                    {
                        "trip_point_id": 108461787,
                        "location_id": 2781,
                        "location_name": "Birampur Station",
                        "location_time": "03:14 AM",
                        "location_date": "03 Jul 2025"
                    }
                ],
                "is_international": 0,
                "is_from_city_international": false
            },
            {
                "trip_number": "EKOTA EXPRESS (705)",
                "departure_date_time": "03 Jul, 05:37 pm",
                "departure_full_date": "2025-07-03",
                "departure_date_time_jd": "Thu, 03 Jul 2025, 05:37 PM",
                "arrival_date_time": "03 Jul, 09:00 pm",
                "travel_time": "03h 23m",
                "origin_city_name": "birampur",
                "destination_city_name": "panchagarh",
                "seat_types": [
                    {
                        "key": 3,
                        "type": "SNIGDHA",
                        "trip_id": 8446643,
                        "trip_route_id": 53822505,
                        "route_id": 19373,
                        "fare": "320.00",
                        "vat_percent": 15,
                        "vat_amount": 48,
                        "origin_city_seq": 17,
                        "destination_city_seq": 27,
                        "seat_counts": {
                            "online": 3,
                            "offline": 2,
                            "is_divided": true
                        }
                    },
                    {
                        "key": 7,
                        "type": "S_CHAIR",
                        "trip_id": 8446644,
                        "trip_route_id": 53822589,
                        "route_id": 19373,
                        "fare": "195.00",
                        "vat_percent": 0,
                        "vat_amount": 0,
                        "origin_city_seq": 17,
                        "destination_city_seq": 27,
                        "seat_counts": {
                            "online": 0,
                            "offline": 0,
                            "is_divided": true
                        }
                    },
                    {
                        "key": 2,
                        "type": "AC_S",
                        "trip_id": 8446645,
                        "trip_route_id": 53822694,
                        "route_id": 19373,
                        "fare": "385.00",
                        "vat_percent": 15,
                        "vat_amount": 58,
                        "origin_city_seq": 17,
                        "destination_city_seq": 27,
                        "seat_counts": {
                            "online": 0,
                            "offline": 0,
                            "is_divided": true
                        }
                    }
                ],
                "train_model": "705",
                "is_open_for_all": true,
                "is_eid_trip": 0,
                "parent_route": {
                    "origin_city_name": "dhaka",
                    "destination_city_name": "panchagarh",
                    "departure_date": "2025-07-03",
                    "departure_time": "10:15:00",
                    "arrival_date": "2025-07-03",
                    "arrival_time": "21:00:00"
                },
                "boarding_points": [
                    {
                        "trip_point_id": 108467724,
                        "location_id": 2781,
                        "location_name": "Birampur Station",
                        "location_time": "05:37 PM",
                        "location_date": "03 Jul 2025"
                    }
                ],
                "is_international": 0,
                "is_from_city_international": false
            }
        ],
        "recommendations": [],
        "selected_seat_class": "S_CHAIR"
    },
    "extra": {
        "hash": "2E1B68AB3FFC1C6C577E36F562130B61"
    }
}