{
    "data": {
        "trains": [
            {
                "trip_number": "BANGLABANDHA EXPRESS (803)",
                "departure_date_time": "03 Jul, 12:40 am",
                "departure_full_date": "2025-07-03",
                "departure_date_time_jd": "Thu, 03 Jul 2025, 12:40 AM",
                "arrival_date_time": "03 Jul, 03:43 am",
                "travel_time": "03h 03m",
                "origin_city_name": "birampur",
                "destination_city_name": "thakurgaon_road",
                "seat_types": [
                    {
                        "key": 7,
                        "type": "S_CHAIR",
                        "trip_id": 8446347,
                        "trip_route_id": 53814191,
                        "route_id": 20904,
                        "fare": "150.00",
                        "vat_percent": 0,
                        "vat_amount": 0,
                        "origin_city_seq": 10,
                        "destination_city_seq": 18,
                        "seat_counts": {
                            "online": 3,
                            "offline": 2,
                            "is_divided": true
                        }
                    },
                    {
                        "key": 1,
                        "type": "AC_B",
                        "trip_id": 8446580,
                        "trip_route_id": 53820727,
                        "route_id": 20904,
                        "fare": "425.00",
                        "vat_percent": 15,
                        "vat_amount": 64,
                        "origin_city_seq": 10,
                        "destination_city_seq": 18,
                        "seat_counts": {
                            "online": 0,
                            "offline": 0,
                            "is_divided": true
                        }
                    }
                ],
                "train_model": "803",
                "is_open_for_all": true,
                "is_eid_trip": 0,
                "parent_route": {
                    "origin_city_name": "rajshahi",
                    "destination_city_name": "panchagarh",
                    "departure_date": "2025-07-02",
                    "departure_time": "21:00:00",
                    "arrival_date": "2025-07-03",
                    "arrival_time": "04:40:00"
                },
                "boarding_points": [
                    {
                        "trip_point_id": 108462525,
                        "location_id": 2781,
                        "location_name": "Birampur Station",
                        "location_time": "12:40 AM",
                        "location_date": "03 Jul 2025"
                    }
                ],
                "is_international": 0,
                "is_from_city_international": false
            },
            {
                "trip_number": "DRUTOJAN EXPRESS (757)",
                "departure_date_time": "03 Jul, 03:14 am",
                "departure_full_date": "2025-07-03",
                "departure_date_time_jd": "Thu, 03 Jul 2025, 03:14 AM",
                "arrival_date_time": "03 Jul, 06:02 am",
                "travel_time": "02h 48m",
                "origin_city_name": "birampur",
                "destination_city_name": "thakurgaon_road",
                "seat_types": [
                    {
                        "key": 7,
                        "type": "S_CHAIR",
                        "trip_id": 8446337,
                        "trip_route_id": 53813510,
                        "route_id": 23397,
                        "fare": "150.00",
                        "vat_percent": 0,
                        "vat_amount": 0,
                        "origin_city_seq": 17,
                        "destination_city_seq": 24,
                        "seat_counts": {
                            "online": 0,
                            "offline": 0,
                            "is_divided": true
                        }
                    }
                ],
                "train_model": "757",
                "is_open_for_all": true,
                "is_eid_trip": 0,
                "parent_route": {
                    "origin_city_name": "dhaka",
                    "destination_city_name": "panchagarh",
                    "departure_date": "2025-07-02",
                    "departure_time": "20:45:00",
                    "arrival_date": "2025-07-03",
                    "arrival_time": "07:10:00"
                },
                "boarding_points": [
                    {
                        "trip_point_id": 108462182,
                        "location_id": 2781,
                        "location_name": "Birampur Station",
                        "location_time": "03:14 AM",
                        "location_date": "03 Jul 2025"
                    }
                ],
                "is_international": 0,
                "is_from_city_international": false
            },
            {
                "trip_number": "EKOTA EXPRESS (705)",
                "departure_date_time": "03 Jul, 05:37 pm",
                "departure_full_date": "2025-07-03",
                "departure_date_time_jd": "Thu, 03 Jul 2025, 05:37 PM",
                "arrival_date_time": "03 Jul, 08:15 pm",
                "travel_time": "02h 38m",
                "origin_city_name": "birampur",
                "destination_city_name": "thakurgaon_road",
                "seat_types": [
                    {
                        "key": 7,
                        "type": "S_CHAIR",
                        "trip_id": 8446644,
                        "trip_route_id": 53822588,
                        "route_id": 26411,
                        "fare": "150.00",
                        "vat_percent": 0,
                        "vat_amount": 0,
                        "origin_city_seq": 17,
                        "destination_city_seq": 24,
                        "seat_counts": {
                            "online": 5,
                            "offline": 5,
                            "is_divided": true
                        }
                    }
                ],
                "train_model": "705",
                "is_open_for_all": true,
                "is_eid_trip": 0,
                "parent_route": {
                    "origin_city_name": "dhaka",
                    "destination_city_name": "panchagarh",
                    "departure_date": "2025-07-03",
                    "departure_time": "10:15:00",
                    "arrival_date": "2025-07-03",
                    "arrival_time": "21:00:00"
                },
                "boarding_points": [
                    {
                        "trip_point_id": 108467770,
                        "location_id": 2781,
                        "location_name": "Birampur Station",
                        "location_time": "05:37 PM",
                        "location_date": "03 Jul 2025"
                    }
                ],
                "is_international": 0,
                "is_from_city_international": false
            }
        ],
        "recommendations": [],
        "selected_seat_class": "S_CHAIR"
    },
    "extra": {
        "hash": "1BC1529A04E386F94B558D7ED712C194"
    }
}