{
    "data": {
        "trains": [
            {
                "trip_number": "BANGLABANDHA EXPRESS (803)",
                "departure_date_time": "03 Jul, 12:40 am",
                "departure_full_date": "2025-07-03",
                "departure_date_time_jd": "Thu, 03 Jul 2025, 12:40 AM",
                "arrival_date_time": "03 Jul, 03:17 am",
                "travel_time": "02h 37m",
                "origin_city_name": "birampur",
                "destination_city_name": "pirganj",
                "seat_types": [
                    {
                        "key": 7,
                        "type": "S_CHAIR",
                        "trip_id": 8446347,
                        "trip_route_id": 53814190,
                        "route_id": 20903,
                        "fare": "125.00",
                        "vat_percent": 0,
                        "vat_amount": 0,
                        "origin_city_seq": 10,
                        "destination_city_seq": 16,
                        "seat_counts": {
                            "online": 0,
                            "offline": 0,
                            "is_divided": true
                        }
                    },
                    {
                        "key": 1,
                        "type": "AC_B",
                        "trip_id": 8446580,
                        "trip_route_id": 53820726,
                        "route_id": 20903,
                        "fare": "365.00",
                        "vat_percent": 15,
                        "vat_amount": 55,
                        "origin_city_seq": 10,
                        "destination_city_seq": 16,
                        "seat_counts": {
                            "online": 0,
                            "offline": 0,
                            "is_divided": true
                        }
                    }
                ],
                "train_model": "803",
                "is_open_for_all": true,
                "is_eid_trip": 0,
                "parent_route": {
                    "origin_city_name": "rajshahi",
                    "destination_city_name": "panchagarh",
                    "departure_date": "2025-07-02",
                    "departure_time": "21:00:00",
                    "arrival_date": "2025-07-03",
                    "arrival_time": "04:40:00"
                },
                "boarding_points": [
                    {
                        "trip_point_id": 108462525,
                        "location_id": 2781,
                        "location_name": "Birampur Station",
                        "location_time": "12:40 AM",
                        "location_date": "03 Jul 2025"
                    }
                ],
                "is_international": 0,
                "is_from_city_international": false
            }
        ],
        "recommendations": [
            {
                "origin": "Fulbari",
                "destination": "Pirganj"
            },
            {
                "origin": "Birampur",
                "destination": "Setabganj"
            }
        ],
        "selected_seat_class": "S_CHAIR"
    },
    "extra": {
        "hash": "2E1B68AB3FFC1C6C577E36F562130B61"
    }
}