{
    "data": {
        "trains": [
            {
                "trip_number": "LALMONI EXPRESS (752)",
                "departure_date_time": "03 Jul, 11:52 am",
                "departure_full_date": "2025-07-03",
                "departure_date_time_jd": "Thu, 03 Jul 2025, 11:52 AM",
                "arrival_date_time": "03 Jul, 12:09 pm",
                "travel_time": "00h 17m",
                "origin_city_name": "bonar_para",
                "destination_city_name": "sonatola",
                "seat_types": [
                    {
                        "key": 7,
                        "type": "S_CHAIR",
                        "trip_id": 8446631,
                        "trip_route_id": 53821764,
                        "route_id": 24066,
                        "fare": "50.00",
                        "vat_percent": 0,
                        "vat_amount": 0,
                        "origin_city_seq": 7,
                        "destination_city_seq": 8,
                        "seat_counts": {
                            "online": 5,
                            "offline": 5,
                            "is_divided": true
                        }
                    }
                ],
                "train_model": "752",
                "is_open_for_all": true,
                "is_eid_trip": 0,
                "parent_route": {
                    "origin_city_name": "lalmonirhat",
                    "destination_city_name": "dhaka",
                    "departure_date": "2025-07-03",
                    "departure_time": "09:50:00",
                    "arrival_date": "2025-07-03",
                    "arrival_time": "19:45:00"
                },
                "boarding_points": [
                    {
                        "trip_point_id": 108467395,
                        "location_id": 2711,
                        "location_name": "Bonar_Para Station",
                        "location_time": "11:52 AM",
                        "location_date": "03 Jul 2025"
                    }
                ],
                "is_international": 0,
                "is_from_city_international": false
            },
            {
                "trip_number": "KOROTOA EXPRESS (714)",
                "departure_date_time": "03 Jul, 08:50 pm",
                "departure_full_date": "2025-07-03",
                "departure_date_time_jd": "Thu, 03 Jul 2025, 08:50 PM",
                "arrival_date_time": "03 Jul, 09:11 pm",
                "travel_time": "00h 21m",
                "origin_city_name": "bonar_para",
                "destination_city_name": "sonatola",
                "seat_types": [
                    {
                        "key": 7,
                        "type": "S_CHAIR",
                        "trip_id": 8446826,
                        "trip_route_id": 53828374,
                        "route_id": 21275,
                        "fare": "50.00",
                        "vat_percent": 0,
                        "vat_amount": 0,
                        "origin_city_seq": 15,
                        "destination_city_seq": 17,
                        "seat_counts": {
                            "online": 10,
                            "offline": 10,
                            "is_divided": true
                        }
                    }
                ],
                "train_model": "714",
                "is_open_for_all": true,
                "is_eid_trip": 0,
                "parent_route": {
                    "origin_city_name": "burimari",
                    "destination_city_name": "santahar",
                    "departure_date": "2025-07-03",
                    "departure_time": "16:20:00",
                    "arrival_date": "2025-07-03",
                    "arrival_time": "22:40:00"
                },
                "boarding_points": [
                    {
                        "trip_point_id": 108471287,
                        "location_id": 2711,
                        "location_name": "Bonar_Para Station",
                        "location_time": "08:50 PM",
                        "location_date": "03 Jul 2025"
                    }
                ],
                "is_international": 0,
                "is_from_city_international": false
            }
        ],
        "recommendations": [],
        "selected_seat_class": "S_CHAIR"
    },
    "extra": {
        "hash": "2E1B68AB3FFC1C6C577E36F562130B61"
    }
}