{
    "data": {
        "trains": [
            {
                "trip_number": "LALMONI EXPRESS (751)",
                "departure_date_time": "03 Jul, 05:14 am",
                "departure_full_date": "2025-07-03",
                "departure_date_time_jd": "Thu, 03 Jul 2025, 05:14 AM",
                "arrival_date_time": "03 Jul, 07:20 am",
                "travel_time": "02h 06m",
                "origin_city_name": "bonar_para",
                "destination_city_name": "lalmonirhat",
                "seat_types": [
                    {
                        "key": 1,
                        "type": "AC_B",
                        "trip_id": 8446289,
                        "trip_route_id": 53810295,
                        "route_id": 19646,
                        "fare": "320.00",
                        "vat_percent": 15,
                        "vat_amount": 48,
                        "origin_city_seq": 14,
                        "destination_city_seq": 20,
                        "seat_counts": {
                            "online": 1,
                            "offline": 1,
                            "is_divided": true
                        }
                    },
                    {
                        "key": 3,
                        "type": "SNIGDHA",
                        "trip_id": 8446290,
                        "trip_route_id": 53810330,
                        "route_id": 19646,
                        "fare": "180.00",
                        "vat_percent": 15,
                        "vat_amount": 27,
                        "origin_city_seq": 14,
                        "destination_city_seq": 20,
                        "seat_counts": {
                            "online": 5,
                            "offline": 5,
                            "is_divided": true
                        }
                    },
                    {
                        "key": 7,
                        "type": "S_CHAIR",
                        "trip_id": 8446291,
                        "trip_route_id": 53810379,
                        "route_id": 19646,
                        "fare": "110.00",
                        "vat_percent": 0,
                        "vat_amount": 0,
                        "origin_city_seq": 14,
                        "destination_city_seq": 20,
                        "seat_counts": {
                            "online": 10,
                            "offline": 10,
                            "is_divided": true
                        }
                    }
                ],
                "train_model": "751",
                "is_open_for_all": true,
                "is_eid_trip": 0,
                "parent_route": {
                    "origin_city_name": "dhaka",
                    "destination_city_name": "lalmonirhat",
                    "departure_date": "2025-07-02",
                    "departure_time": "21:45:00",
                    "arrival_date": "2025-07-03",
                    "arrival_time": "07:20:00"
                },
                "boarding_points": [
                    {
                        "trip_point_id": 108460672,
                        "location_id": 2711,
                        "location_name": "Bonar_Para Station",
                        "location_time": "05:14 AM",
                        "location_date": "03 Jul 2025"
                    }
                ],
                "is_international": 0,
                "is_from_city_international": false
            },
            {
                "trip_number": "KOROTOA EXPRESS (713)",
                "departure_date_time": "03 Jul, 11:20 am",
                "departure_full_date": "2025-07-03",
                "departure_date_time_jd": "Thu, 03 Jul 2025, 11:20 AM",
                "arrival_date_time": "03 Jul, 01:40 pm",
                "travel_time": "02h 20m",
                "origin_city_name": "bonar_para",
                "destination_city_name": "lalmonirhat",
                "seat_types": [
                    {
                        "key": 7,
                        "type": "S_CHAIR",
                        "trip_id": 8446692,
                        "trip_route_id": 53825247,
                        "route_id": 21151,
                        "fare": "110.00",
                        "vat_percent": 0,
                        "vat_amount": 0,
                        "origin_city_seq": 5,
                        "destination_city_seq": 11,
                        "seat_counts": {
                            "online": 13,
                            "offline": 12,
                            "is_divided": true
                        }
                    }
                ],
                "train_model": "713",
                "is_open_for_all": true,
                "is_eid_trip": 0,
                "parent_route": {
                    "origin_city_name": "santahar",
                    "destination_city_name": "burimari",
                    "departure_date": "2025-07-03",
                    "departure_time": "09:25:00",
                    "arrival_date": "2025-07-03",
                    "arrival_time": "16:00:00"
                },
                "boarding_points": [
                    {
                        "trip_point_id": 108469163,
                        "location_id": 2711,
                        "location_name": "Bonar_Para Station",
                        "location_time": "11:20 AM",
                        "location_date": "03 Jul 2025"
                    }
                ],
                "is_international": 0,
                "is_from_city_international": false
            },
            {
                "trip_number": "BURIMARI EXPRESS (809)",
                "departure_date_time": "03 Jul, 04:03 pm",
                "departure_full_date": "2025-07-03",
                "departure_date_time_jd": "Thu, 03 Jul 2025, 04:03 PM",
                "arrival_date_time": "03 Jul, 06:10 pm",
                "travel_time": "02h 07m",
                "origin_city_name": "bonar_para",
                "destination_city_name": "lalmonirhat",
                "seat_types": [
                    {
                        "key": 7,
                        "type": "S_CHAIR",
                        "trip_id": 8446904,
                        "trip_route_id": 53830750,
                        "route_id": 26187,
                        "fare": "110.00",
                        "vat_percent": 0,
                        "vat_amount": 0,
                        "origin_city_seq": 8,
                        "destination_city_seq": 11,
                        "seat_counts": {
                            "online": 20,
                            "offline": 20,
                            "is_divided": true
                        }
                    },
                    {
                        "key": 3,
                        "type": "SNIGDHA",
                        "trip_id": 8446917,
                        "trip_route_id": 53831093,
                        "route_id": 26187,
                        "fare": "180.00",
                        "vat_percent": 15,
                        "vat_amount": 27,
                        "origin_city_seq": 8,
                        "destination_city_seq": 11,
                        "seat_counts": {
                            "online": 5,
                            "offline": 5,
                            "is_divided": true
                        }
                    }
                ],
                "train_model": "809",
                "is_open_for_all": true,
                "is_eid_trip": 0,
                "parent_route": {
                    "origin_city_name": "dhaka",
                    "destination_city_name": "burimari",
                    "departure_date": "2025-07-03",
                    "departure_time": "08:30:00",
                    "arrival_date": "2025-07-03",
                    "arrival_time": "21:45:00"
                },
                "boarding_points": [
                    {
                        "trip_point_id": 108472715,
                        "location_id": 2711,
                        "location_name": "Bonar_Para Station",
                        "location_time": "04:03 PM",
                        "location_date": "03 Jul 2025"
                    }
                ],
                "is_international": 0,
                "is_from_city_international": false
            }
        ],
        "recommendations": [],
        "selected_seat_class": "S_CHAIR"
    },
    "extra": {
        "hash": "2E1B68AB3FFC1C6C577E36F562130B61"
    }
}