{
    "data": {
        "trains": [
            {
                "trip_number": "PADMA EXPRESS (759)",
                "departure_date_time": "03 Jul, 01:53 am",
                "departure_full_date": "2025-07-03",
                "departure_date_time_jd": "Thu, 03 Jul 2025, 01:53 AM",
                "arrival_date_time": "03 Jul, 02:07 am",
                "travel_time": "00h 14m",
                "origin_city_name": "boral_bridge",
                "destination_city_name": "chatmohar",
                "seat_types": [
                    {
                        "key": 1,
                        "type": "AC_B",
                        "trip_id": 8446279,
                        "trip_route_id": 53809932,
                        "route_id": 23357,
                        "fare": "130.00",
                        "vat_percent": 15,
                        "vat_amount": 20,
                        "origin_city_seq": 10,
                        "destination_city_seq": 11,
                        "seat_counts": {
                            "online": 0,
                            "offline": 0,
                            "is_divided": true
                        }
                    },
                    {
                        "key": 3,
                        "type": "SNIGDHA",
                        "trip_id": 8446280,
                        "trip_route_id": 53809979,
                        "route_id": 23357,
                        "fare": "100.00",
                        "vat_percent": 15,
                        "vat_amount": 15,
                        "origin_city_seq": 10,
                        "destination_city_seq": 11,
                        "seat_counts": {
                            "online": 0,
                            "offline": 0,
                            "is_divided": true
                        }
                    },
                    {
                        "key": 7,
                        "type": "S_CHAIR",
                        "trip_id": 8446281,
                        "trip_route_id": 53810026,
                        "route_id": 23357,
                        "fare": "50.00",
                        "vat_percent": 0,
                        "vat_amount": 0,
                        "origin_city_seq": 10,
                        "destination_city_seq": 11,
                        "seat_counts": {
                            "online": 0,
                            "offline": 0,
                            "is_divided": true
                        }
                    }
                ],
                "train_model": "759",
                "is_open_for_all": true,
                "is_eid_trip": 0,
                "parent_route": {
                    "origin_city_name": "dhaka",
                    "destination_city_name": "rajshahi",
                    "departure_date": "2025-07-02",
                    "departure_time": "22:45:00",
                    "arrival_date": "2025-07-03",
                    "arrival_time": "04:00:00"
                },
                "boarding_points": [
                    {
                        "trip_point_id": 108460470,
                        "location_id": 2706,
                        "location_name": "Boral_Bridge Station",
                        "location_time": "01:53 AM",
                        "location_date": "03 Jul 2025"
                    }
                ],
                "is_international": 0,
                "is_from_city_international": false
            },
            {
                "trip_number": "SILKCITY EXPRESS (753)",
                "departure_date_time": "03 Jul, 06:09 pm",
                "departure_full_date": "2025-07-03",
                "departure_date_time_jd": "Thu, 03 Jul 2025, 06:09 PM",
                "arrival_date_time": "03 Jul, 06:23 pm",
                "travel_time": "00h 14m",
                "origin_city_name": "boral_bridge",
                "destination_city_name": "chatmohar",
                "seat_types": [
                    {
                        "key": 7,
                        "type": "S_CHAIR",
                        "trip_id": 8446927,
                        "trip_route_id": 53831420,
                        "route_id": 23357,
                        "fare": "50.00",
                        "vat_percent": 0,
                        "vat_amount": 0,
                        "origin_city_seq": 10,
                        "destination_city_seq": 11,
                        "seat_counts": {
                            "online": 5,
                            "offline": 5,
                            "is_divided": true
                        }
                    }
                ],
                "train_model": "753",
                "is_open_for_all": true,
                "is_eid_trip": 0,
                "parent_route": {
                    "origin_city_name": "dhaka",
                    "destination_city_name": "rajshahi",
                    "departure_date": "2025-07-03",
                    "departure_time": "14:30:00",
                    "arrival_date": "2025-07-03",
                    "arrival_time": "20:20:00"
                },
                "boarding_points": [
                    {
                        "trip_point_id": 108473163,
                        "location_id": 2706,
                        "location_name": "Boral_Bridge Station",
                        "location_time": "06:09 PM",
                        "location_date": "03 Jul 2025"
                    }
                ],
                "is_international": 0,
                "is_from_city_international": false
            }
        ],
        "recommendations": [],
        "selected_seat_class": "S_CHAIR"
    },
    "extra": {
        "hash": "2E1B68AB3FFC1C6C577E36F562130B61"
    }
}