{
    "data": {
        "trains": [
            {
                "trip_number": "MEGHNA EXPRESS (730)",
                "departure_date_time": "03 Jul, 05:07 am",
                "departure_full_date": "2025-07-03",
                "departure_date_time_jd": "Thu, 03 Jul 2025, 05:07 AM",
                "arrival_date_time": "03 Jul, 07:03 am",
                "travel_time": "01h 56m",
                "origin_city_name": "chandpur_court",
                "destination_city_name": "hasanpur",
                "seat_types": [
                    {
                        "key": 8,
                        "type": "SHOVAN",
                        "trip_id": 8446741,
                        "trip_route_id": 53826706,
                        "route_id": 27599,
                        "fare": "75.00",
                        "vat_percent": 0,
                        "vat_amount": 0,
                        "origin_city_seq": 2,
                        "destination_city_seq": 12,
                        "seat_counts": {
                            "online": 0,
                            "offline": 0,
                            "is_divided": true
                        }
                    }
                ],
                "train_model": "730",
                "is_open_for_all": true,
                "is_eid_trip": 0,
                "parent_route": {
                    "origin_city_name": "chandpur",
                    "destination_city_name": "chattogram",
                    "departure_date": "2025-07-03",
                    "departure_time": "05:00:00",
                    "arrival_date": "2025-07-03",
                    "arrival_time": "09:00:00"
                },
                "boarding_points": [
                    {
                        "trip_point_id": 108470030,
                        "location_id": 2871,
                        "location_name": "Chandpur_Court Station",
                        "location_time": "05:07 AM",
                        "location_date": "03 Jul 2025"
                    }
                ],
                "is_international": 0,
                "is_from_city_international": false
            }
        ],
        "recommendations": [
            {
                "origin": "Modhu_road",
                "destination": "Hasanpur"
            },
            {
                "origin": "Chandpur_court",
                "destination": "Nangolkot"
            }
        ],
        "selected_seat_class": "S_CHAIR"
    },
    "extra": {
        "hash": "2E1B68AB3FFC1C6C577E36F562130B61"
    }
}