{
    "data": {
        "trains": [
            {
                "trip_number": "DHALARCHAR EXPRESS (780)",
                "departure_date_time": "04 Jul, 06:11 pm",
                "departure_full_date": "2025-07-04",
                "departure_date_time_jd": "Fri, 04 Jul 2025, 06:11 PM",
                "arrival_date_time": "04 Jul, 09:15 pm",
                "travel_time": "03h 04m",
                "origin_city_name": "abdulpur",
                "destination_city_name": "dhalarchar",
                "seat_types": [
                    {
                        "key": 8,
                        "type": "SHOVAN",
                        "trip_id": 8449085,
                        "trip_route_id": 53905098,
                        "route_id": 27445,
                        "fare": "95.00",
                        "vat_percent": 0,
                        "vat_amount": 0,
                        "origin_city_seq": 4,
                        "destination_city_seq": 17,
                        "seat_counts": {
                            "online": 0,
                            "offline": 0,
                            "is_divided": true
                        }
                    }
                ],
                "train_model": "780",
                "is_open_for_all": true,
                "is_eid_trip": 0,
                "parent_route": {
                    "origin_city_name": "rajshahi",
                    "destination_city_name": "dhalarchar",
                    "departure_date": "2025-07-04",
                    "departure_time": "17:20:00",
                    "arrival_date": "2025-07-04",
                    "arrival_time": "21:15:00"
                },
                "boarding_points": [
                    {
                        "trip_point_id": 108515384,
                        "location_id": 2708,
                        "location_name": "Abdulpur Station",
                        "location_time": "06:11 PM",
                        "location_date": "04 Jul 2025"
                    }
                ],
                "is_international": 0,
                "is_from_city_international": false
            }
        ],
        "recommendations": [
            {
                "origin": "Azim nagar",
                "destination": "Dhalarchar"
            },
            {
                "origin": "Abdulpur",
                "destination": "Badherhat"
            }
        ],
        "selected_seat_class": "S_CHAIR"
    },
    "extra": {
        "hash": "2E1B68AB3FFC1C6C577E36F562130B61"
    }
}