{
    "data": {
        "trains": [
            {
                "trip_number": "DRUTOJAN EXPRESS (757)",
                "departure_date_time": "04 Jul, 01:16 am",
                "departure_full_date": "2025-07-04",
                "departure_date_time_jd": "Fri, 04 Jul 2025, 01:16 AM",
                "arrival_date_time": "04 Jul, 06:02 am",
                "travel_time": "04h 46m",
                "origin_city_name": "ahsanganj",
                "destination_city_name": "thakurgaon_road",
                "seat_types": [
                    {
                        "key": 3,
                        "type": "SNIGDHA",
                        "trip_id": 8446669,
                        "trip_route_id": 53823883,
                        "route_id": 19600,
                        "fare": "420.00",
                        "vat_percent": 15,
                        "vat_amount": 63,
                        "origin_city_seq": 12,
                        "destination_city_seq": 24,
                        "seat_counts": {
                            "online": 0,
                            "offline": 0,
                            "is_divided": true
                        }
                    },
                    {
                        "key": 7,
                        "type": "S_CHAIR",
                        "trip_id": 8446675,
                        "trip_route_id": 53824270,
                        "route_id": 19600,
                        "fare": "250.00",
                        "vat_percent": 0,
                        "vat_amount": 0,
                        "origin_city_seq": 12,
                        "destination_city_seq": 24,
                        "seat_counts": {
                            "online": 0,
                            "offline": 0,
                            "is_divided": true
                        }
                    },
                    {
                        "key": 1,
                        "type": "AC_B",
                        "trip_id": 8446829,
                        "trip_route_id": 53828661,
                        "route_id": 19600,
                        "fare": "750.00",
                        "vat_percent": 15,
                        "vat_amount": 113,
                        "origin_city_seq": 12,
                        "destination_city_seq": 24,
                        "seat_counts": {
                            "online": 0,
                            "offline": 0,
                            "is_divided": true
                        }
                    }
                ],
                "train_model": "757",
                "is_open_for_all": true,
                "is_eid_trip": 0,
                "parent_route": {
                    "origin_city_name": "dhaka",
                    "destination_city_name": "panchagarh",
                    "departure_date": "2025-07-03",
                    "departure_time": "20:45:00",
                    "arrival_date": "2025-07-04",
                    "arrival_time": "07:10:00"
                },
                "boarding_points": [
                    {
                        "trip_point_id": 108468449,
                        "location_id": 2707,
                        "location_name": "Ahsanganj Station",
                        "location_time": "01:16 AM",
                        "location_date": "04 Jul 2025"
                    }
                ],
                "is_international": 0,
                "is_from_city_international": false
            }
        ],
        "recommendations": [
            {
                "origin": "Santahar",
                "destination": "Thakurgaon_road"
            },
            {
                "origin": "Ahsanganj",
                "destination": "Pirganj"
            }
        ],
        "selected_seat_class": "S_CHAIR"
    },
    "extra": {
        "hash": "2E1B68AB3FFC1C6C577E36F562130B61"
    }
}