{
    "data": {
        "trains": [
            {
                "trip_number": "DRUTOJAN EXPRESS (757)",
                "departure_date_time": "04 Jul, 01:16 am",
                "departure_full_date": "2025-07-04",
                "departure_date_time_jd": "Fri, 04 Jul 2025, 01:16 AM",
                "arrival_date_time": "04 Jul, 03:50 am",
                "travel_time": "02h 34m",
                "origin_city_name": "ahsanganj",
                "destination_city_name": "parbatipur",
                "seat_types": [
                    {
                        "key": 3,
                        "type": "SNIGDHA",
                        "trip_id": 8446669,
                        "trip_route_id": 53823881,
                        "route_id": 19598,
                        "fare": "235.00",
                        "vat_percent": 15,
                        "vat_amount": 36,
                        "origin_city_seq": 12,
                        "destination_city_seq": 19,
                        "seat_counts": {
                            "online": 0,
                            "offline": 0,
                            "is_divided": true
                        }
                    },
                    {
                        "key": 7,
                        "type": "S_CHAIR",
                        "trip_id": 8446675,
                        "trip_route_id": 53824268,
                        "route_id": 19598,
                        "fare": "140.00",
                        "vat_percent": 0,
                        "vat_amount": 0,
                        "origin_city_seq": 12,
                        "destination_city_seq": 19,
                        "seat_counts": {
                            "online": 5,
                            "offline": 5,
                            "is_divided": true
                        }
                    },
                    {
                        "key": 1,
                        "type": "AC_B",
                        "trip_id": 8446829,
                        "trip_route_id": 53828659,
                        "route_id": 19598,
                        "fare": "415.00",
                        "vat_percent": 15,
                        "vat_amount": 63,
                        "origin_city_seq": 12,
                        "destination_city_seq": 19,
                        "seat_counts": {
                            "online": 0,
                            "offline": 0,
                            "is_divided": true
                        }
                    }
                ],
                "train_model": "757",
                "is_open_for_all": true,
                "is_eid_trip": 0,
                "parent_route": {
                    "origin_city_name": "dhaka",
                    "destination_city_name": "panchagarh",
                    "departure_date": "2025-07-03",
                    "departure_time": "20:45:00",
                    "arrival_date": "2025-07-04",
                    "arrival_time": "07:10:00"
                },
                "boarding_points": [
                    {
                        "trip_point_id": 108468449,
                        "location_id": 2707,
                        "location_name": "Ahsanganj Station",
                        "location_time": "01:16 AM",
                        "location_date": "04 Jul 2025"
                    }
                ],
                "is_international": 0,
                "is_from_city_international": false
            },
            {
                "trip_number": "TITUMIR EXPRESS (733)",
                "departure_date_time": "04 Jul, 08:19 am",
                "departure_full_date": "2025-07-04",
                "departure_date_time_jd": "Fri, 04 Jul 2025, 08:19 AM",
                "arrival_date_time": "04 Jul, 11:10 am",
                "travel_time": "02h 51m",
                "origin_city_name": "ahsanganj",
                "destination_city_name": "parbatipur",
                "seat_types": [
                    {
                        "key": 7,
                        "type": "S_CHAIR",
                        "trip_id": 8447195,
                        "trip_route_id": 53841153,
                        "route_id": 20201,
                        "fare": "140.00",
                        "vat_percent": 0,
                        "vat_amount": 0,
                        "origin_city_seq": 5,
                        "destination_city_seq": 14,
                        "seat_counts": {
                            "online": 5,
                            "offline": 5,
                            "is_divided": true
                        }
                    }
                ],
                "train_model": "733",
                "is_open_for_all": true,
                "is_eid_trip": 0,
                "parent_route": {
                    "origin_city_name": "rajshahi",
                    "destination_city_name": "chilahati",
                    "departure_date": "2025-07-04",
                    "departure_time": "06:20:00",
                    "arrival_date": "2025-07-04",
                    "arrival_time": "13:00:00"
                },
                "boarding_points": [
                    {
                        "trip_point_id": 108478536,
                        "location_id": 2707,
                        "location_name": "Ahsanganj Station",
                        "location_time": "08:19 AM",
                        "location_date": "04 Jul 2025"
                    }
                ],
                "is_international": 0,
                "is_from_city_international": false
            },
            {
                "trip_number": "NILSAGAR EXPRESS (765)",
                "departure_date_time": "04 Jul, 11:22 am",
                "departure_full_date": "2025-07-04",
                "departure_date_time_jd": "Fri, 04 Jul 2025, 11:22 AM",
                "arrival_date_time": "04 Jul, 02:00 pm",
                "travel_time": "02h 38m",
                "origin_city_name": "ahsanganj",
                "destination_city_name": "parbatipur",
                "seat_types": [
                    {
                        "key": 2,
                        "type": "AC_S",
                        "trip_id": 8447027,
                        "trip_route_id": 53835125,
                        "route_id": 19783,
                        "fare": "280.00",
                        "vat_percent": 15,
                        "vat_amount": 42,
                        "origin_city_seq": 7,
                        "destination_city_seq": 13,
                        "seat_counts": {
                            "online": 0,
                            "offline": 0,
                            "is_divided": true
                        }
                    },
                    {
                        "key": 3,
                        "type": "SNIGDHA",
                        "trip_id": 8447028,
                        "trip_route_id": 53835193,
                        "route_id": 19783,
                        "fare": "235.00",
                        "vat_percent": 15,
                        "vat_amount": 36,
                        "origin_city_seq": 7,
                        "destination_city_seq": 13,
                        "seat_counts": {
                            "online": 2,
                            "offline": 1,
                            "is_divided": true
                        }
                    },
                    {
                        "key": 7,
                        "type": "S_CHAIR",
                        "trip_id": 8447029,
                        "trip_route_id": 53835270,
                        "route_id": 19783,
                        "fare": "140.00",
                        "vat_percent": 0,
                        "vat_amount": 0,
                        "origin_city_seq": 7,
                        "destination_city_seq": 13,
                        "seat_counts": {
                            "online": 3,
                            "offline": 2,
                            "is_divided": true
                        }
                    }
                ],
                "train_model": "765",
                "is_open_for_all": true,
                "is_eid_trip": 0,
                "parent_route": {
                    "origin_city_name": "dhaka",
                    "destination_city_name": "chilahati",
                    "departure_date": "2025-07-04",
                    "departure_time": "06:45:00",
                    "arrival_date": "2025-07-04",
                    "arrival_time": "16:00:00"
                },
                "boarding_points": [
                    {
                        "trip_point_id": 108475199,
                        "location_id": 2707,
                        "location_name": "Ahsanganj Station",
                        "location_time": "11:22 AM",
                        "location_date": "04 Jul 2025"
                    }
                ],
                "is_international": 0,
                "is_from_city_international": false
            },
            {
                "trip_number": "RUPSHA EXPRESS (727)",
                "departure_date_time": "04 Jul, 01:00 pm",
                "departure_full_date": "2025-07-04",
                "departure_date_time_jd": "Fri, 04 Jul 2025, 01:00 PM",
                "arrival_date_time": "04 Jul, 03:10 pm",
                "travel_time": "02h 10m",
                "origin_city_name": "ahsanganj",
                "destination_city_name": "parbatipur",
                "seat_types": [
                    {
                        "key": 3,
                        "type": "SNIGDHA",
                        "trip_id": 8447044,
                        "trip_route_id": 53836511,
                        "route_id": 21317,
                        "fare": "235.00",
                        "vat_percent": 15,
                        "vat_amount": 36,
                        "origin_city_seq": 15,
                        "destination_city_seq": 21,
                        "seat_counts": {
                            "online": 0,
                            "offline": 0,
                            "is_divided": true
                        }
                    },
                    {
                        "key": 7,
                        "type": "S_CHAIR",
                        "trip_id": 8447045,
                        "trip_route_id": 53836664,
                        "route_id": 21317,
                        "fare": "140.00",
                        "vat_percent": 0,
                        "vat_amount": 0,
                        "origin_city_seq": 15,
                        "destination_city_seq": 21,
                        "seat_counts": {
                            "online": 3,
                            "offline": 2,
                            "is_divided": true
                        }
                    }
                ],
                "train_model": "727",
                "is_open_for_all": true,
                "is_eid_trip": 0,
                "parent_route": {
                    "origin_city_name": "khulna",
                    "destination_city_name": "chilahati",
                    "departure_date": "2025-07-04",
                    "departure_time": "07:15:00",
                    "arrival_date": "2025-07-04",
                    "arrival_time": "17:00:00"
                },
                "boarding_points": [
                    {
                        "trip_point_id": 108475792,
                        "location_id": 2707,
                        "location_name": "Ahsanganj Station",
                        "location_time": "01:00 PM",
                        "location_date": "04 Jul 2025"
                    }
                ],
                "is_international": 0,
                "is_from_city_international": false
            },
            {
                "trip_number": "BARENDRA EXPRESS (731)",
                "departure_date_time": "04 Jul, 04:44 pm",
                "departure_full_date": "2025-07-04",
                "departure_date_time_jd": "Fri, 04 Jul 2025, 04:44 PM",
                "arrival_date_time": "04 Jul, 07:25 pm",
                "travel_time": "02h 41m",
                "origin_city_name": "ahsanganj",
                "destination_city_name": "parbatipur",
                "seat_types": [
                    {
                        "key": 7,
                        "type": "S_CHAIR",
                        "trip_id": 8447294,
                        "trip_route_id": 53844083,
                        "route_id": 20201,
                        "fare": "140.00",
                        "vat_percent": 0,
                        "vat_amount": 0,
                        "origin_city_seq": 5,
                        "destination_city_seq": 14,
                        "seat_counts": {
                            "online": 5,
                            "offline": 5,
                            "is_divided": true
                        }
                    }
                ],
                "train_model": "731",
                "is_open_for_all": true,
                "is_eid_trip": 0,
                "parent_route": {
                    "origin_city_name": "rajshahi",
                    "destination_city_name": "chilahati",
                    "departure_date": "2025-07-04",
                    "departure_time": "15:00:00",
                    "arrival_date": "2025-07-04",
                    "arrival_time": "21:30:00"
                },
                "boarding_points": [
                    {
                        "trip_point_id": 108480358,
                        "location_id": 2707,
                        "location_name": "Ahsanganj Station",
                        "location_time": "04:44 PM",
                        "location_date": "04 Jul 2025"
                    }
                ],
                "is_international": 0,
                "is_from_city_international": false
            }
        ],
        "recommendations": [],
        "selected_seat_class": "S_CHAIR"
    },
    "extra": {
        "hash": "2E1B68AB3FFC1C6C577E36F562130B61"
    }
}