{
    "data": {
        "trains": [
            {
                "trip_number": "MAHANAGAR PROVATI (704)",
                "departure_date_time": "04 Jul, 10:08 am",
                "departure_full_date": "2025-07-04",
                "departure_date_time_jd": "Fri, 04 Jul 2025, 10:08 AM",
                "arrival_date_time": "04 Jul, 10:51 am",
                "travel_time": "00h 43m",
                "origin_city_name": "akhaura",
                "destination_city_name": "cumilla",
                "seat_types": [
                    {
                        "key": 7,
                        "type": "S_CHAIR",
                        "trip_id": 8447076,
                        "trip_route_id": 53838069,
                        "route_id": 22057,
                        "fare": "60.00",
                        "vat_percent": 0,
                        "vat_amount": 0,
                        "origin_city_seq": 6,
                        "destination_city_seq": 7,
                        "seat_counts": {
                            "online": 0,
                            "offline": 0,
                            "is_divided": true
                        }
                    },
                    {
                        "key": 5,
                        "type": "F_SEAT",
                        "trip_id": 8447077,
                        "trip_route_id": 53838094,
                        "route_id": 22057,
                        "fare": "90.00",
                        "vat_percent": 15,
                        "vat_amount": 14,
                        "origin_city_seq": 6,
                        "destination_city_seq": 7,
                        "seat_counts": {
                            "online": 0,
                            "offline": 0,
                            "is_divided": true
                        }
                    },
                    {
                        "key": 2,
                        "type": "AC_S",
                        "trip_id": 8447078,
                        "trip_route_id": 53838119,
                        "route_id": 22057,
                        "fare": "115.00",
                        "vat_percent": 15,
                        "vat_amount": 18,
                        "origin_city_seq": 6,
                        "destination_city_seq": 7,
                        "seat_counts": {
                            "online": 0,
                            "offline": 0,
                            "is_divided": true
                        }
                    },
                    {
                        "key": 3,
                        "type": "SNIGDHA",
                        "trip_id": 8447079,
                        "trip_route_id": 53838144,
                        "route_id": 22057,
                        "fare": "100.00",
                        "vat_percent": 15,
                        "vat_amount": 15,
                        "origin_city_seq": 6,
                        "destination_city_seq": 7,
                        "seat_counts": {
                            "online": 0,
                            "offline": 0,
                            "is_divided": true
                        }
                    }
                ],
                "train_model": "704",
                "is_open_for_all": true,
                "is_eid_trip": 0,
                "parent_route": {
                    "origin_city_name": "dhaka",
                    "destination_city_name": "chattogram",
                    "departure_date": "2025-07-04",
                    "departure_time": "07:45:00",
                    "arrival_date": "2025-07-04",
                    "arrival_time": "13:35:00"
                },
                "boarding_points": [
                    {
                        "trip_point_id": 108476526,
                        "location_id": 2828,
                        "location_name": "Akhaura Station",
                        "location_time": "10:08 AM",
                        "location_date": "04 Jul 2025"
                    }
                ],
                "is_international": 0,
                "is_from_city_international": false
            },
            {
                "trip_number": "PAHARIKA EXPRESS (720)",
                "departure_date_time": "04 Jul, 03:25 pm",
                "departure_full_date": "2025-07-04",
                "departure_date_time_jd": "Fri, 04 Jul 2025, 03:25 PM",
                "arrival_date_time": "04 Jul, 04:13 pm",
                "travel_time": "00h 48m",
                "origin_city_name": "akhaura",
                "destination_city_name": "cumilla",
                "seat_types": [
                    {
                        "key": 2,
                        "type": "AC_S",
                        "trip_id": 8447104,
                        "trip_route_id": 53839100,
                        "route_id": 22460,
                        "fare": "115.00",
                        "vat_percent": 15,
                        "vat_amount": 18,
                        "origin_city_seq": 10,
                        "destination_city_seq": 12,
                        "seat_counts": {
                            "online": 0,
                            "offline": 0,
                            "is_divided": true
                        }
                    },
                    {
                        "key": 7,
                        "type": "S_CHAIR",
                        "trip_id": 8447105,
                        "trip_route_id": 53839149,
                        "route_id": 22460,
                        "fare": "60.00",
                        "vat_percent": 0,
                        "vat_amount": 0,
                        "origin_city_seq": 10,
                        "destination_city_seq": 12,
                        "seat_counts": {
                            "online": 3,
                            "offline": 2,
                            "is_divided": true
                        }
                    },
                    {
                        "key": 3,
                        "type": "SNIGDHA",
                        "trip_id": 8447106,
                        "trip_route_id": 53839197,
                        "route_id": 22460,
                        "fare": "100.00",
                        "vat_percent": 15,
                        "vat_amount": 15,
                        "origin_city_seq": 10,
                        "destination_city_seq": 12,
                        "seat_counts": {
                            "online": 0,
                            "offline": 0,
                            "is_divided": true
                        }
                    }
                ],
                "train_model": "720",
                "is_open_for_all": true,
                "is_eid_trip": 0,
                "parent_route": {
                    "origin_city_name": "sylhet",
                    "destination_city_name": "chattogram",
                    "departure_date": "2025-07-04",
                    "departure_time": "10:30:00",
                    "arrival_date": "2025-07-04",
                    "arrival_time": "18:55:00"
                },
                "boarding_points": [
                    {
                        "trip_point_id": 108477128,
                        "location_id": 2828,
                        "location_name": "Akhaura Station",
                        "location_time": "03:25 PM",
                        "location_date": "04 Jul 2025"
                    }
                ],
                "is_international": 0,
                "is_from_city_international": false
            }
        ],
        "recommendations": [],
        "selected_seat_class": "S_CHAIR"
    },
    "extra": {
        "hash": "2E1B68AB3FFC1C6C577E36F562130B61"
    }
}