{
    "data": {
        "trains": [
            {
                "trip_number": "BIJOY EXPRESS (785)",
                "departure_date_time": "04 Jul, 12:40 pm",
                "departure_full_date": "2025-07-04",
                "departure_date_time_jd": "Fri, 04 Jul 2025, 12:40 PM",
                "arrival_date_time": "04 Jul, 06:00 pm",
                "travel_time": "05h 20m",
                "origin_city_name": "akhaura",
                "destination_city_name": "jamalpur_town",
                "seat_types": [
                    {
                        "key": 7,
                        "type": "S_CHAIR",
                        "trip_id": 8447257,
                        "trip_route_id": 53843021,
                        "route_id": 25886,
                        "fare": "285.00",
                        "vat_percent": 0,
                        "vat_amount": 0,
                        "origin_city_seq": 6,
                        "destination_city_seq": 14,
                        "seat_counts": {
                            "online": 0,
                            "offline": 0,
                            "is_divided": true
                        }
                    }
                ],
                "train_model": "785",
                "is_open_for_all": true,
                "is_eid_trip": 0,
                "parent_route": {
                    "origin_city_name": "chattogram",
                    "destination_city_name": "jamalpur_town",
                    "departure_date": "2025-07-04",
                    "departure_time": "09:15:00",
                    "arrival_date": "2025-07-04",
                    "arrival_time": "18:00:00"
                },
                "boarding_points": [
                    {
                        "trip_point_id": 108479684,
                        "location_id": 2828,
                        "location_name": "Akhaura Station",
                        "location_time": "12:40 PM",
                        "location_date": "04 Jul 2025"
                    }
                ],
                "is_international": 0,
                "is_from_city_international": false
            }
        ],
        "recommendations": [
            {
                "origin": "Bhairab_bazar",
                "destination": "Jamalpur_town"
            },
            {
                "origin": "Akhaura",
                "destination": "Piyarpur"
            }
        ],
        "selected_seat_class": "S_CHAIR"
    },
    "extra": {
        "hash": "2E1B68AB3FFC1C6C577E36F562130B61"
    }
}