{
    "data": {
        "trains": [
            {
                "trip_number": "SIMANTA EXPRESS (748)",
                "departure_date_time": "04 Jul, 12:42 am",
                "departure_full_date": "2025-07-04",
                "departure_date_time_jd": "Fri, 04 Jul 2025, 12:42 AM",
                "arrival_date_time": "04 Jul, 01:00 am",
                "travel_time": "00h 18m",
                "origin_city_name": "alamdanga",
                "destination_city_name": "chuadanga",
                "seat_types": [
                    {
                        "key": 7,
                        "type": "S_CHAIR",
                        "trip_id": 8446641,
                        "trip_route_id": 53822435,
                        "route_id": 21372,
                        "fare": "50.00",
                        "vat_percent": 0,
                        "vat_amount": 0,
                        "origin_city_seq": 17,
                        "destination_city_seq": 18,
                        "seat_counts": {
                            "online": 0,
                            "offline": 0,
                            "is_divided": true
                        }
                    },
                    {
                        "key": 3,
                        "type": "SNIGDHA",
                        "trip_id": 8446668,
                        "trip_route_id": 53823803,
                        "route_id": 21372,
                        "fare": "100.00",
                        "vat_percent": 15,
                        "vat_amount": 15,
                        "origin_city_seq": 17,
                        "destination_city_seq": 18,
                        "seat_counts": {
                            "online": 0,
                            "offline": 0,
                            "is_divided": true
                        }
                    }
                ],
                "train_model": "748",
                "is_open_for_all": true,
                "is_eid_trip": 0,
                "parent_route": {
                    "origin_city_name": "chilahati",
                    "destination_city_name": "khulna",
                    "departure_date": "2025-07-03",
                    "departure_time": "18:30:00",
                    "arrival_date": "2025-07-04",
                    "arrival_time": "04:10:00"
                },
                "boarding_points": [
                    {
                        "trip_point_id": 108467677,
                        "location_id": 2788,
                        "location_name": "Alamdanga Station",
                        "location_time": "12:42 AM",
                        "location_date": "04 Jul 2025"
                    }
                ],
                "is_international": 0,
                "is_from_city_international": false
            },
            {
                "trip_number": "CHITRA EXPRESS (764)",
                "departure_date_time": "04 Jul, 01:07 am",
                "departure_full_date": "2025-07-04",
                "departure_date_time_jd": "Fri, 04 Jul 2025, 01:07 AM",
                "arrival_date_time": "04 Jul, 01:24 am",
                "travel_time": "00h 17m",
                "origin_city_name": "alamdanga",
                "destination_city_name": "chuadanga",
                "seat_types": [
                    {
                        "key": 3,
                        "type": "SNIGDHA",
                        "trip_id": 8446934,
                        "trip_route_id": 53831833,
                        "route_id": 20652,
                        "fare": "100.00",
                        "vat_percent": 15,
                        "vat_amount": 15,
                        "origin_city_seq": 16,
                        "destination_city_seq": 17,
                        "seat_counts": {
                            "online": 0,
                            "offline": 0,
                            "is_divided": true
                        }
                    },
                    {
                        "key": 1,
                        "type": "AC_B",
                        "trip_id": 8446937,
                        "trip_route_id": 53832052,
                        "route_id": 20652,
                        "fare": "130.00",
                        "vat_percent": 15,
                        "vat_amount": 20,
                        "origin_city_seq": 16,
                        "destination_city_seq": 17,
                        "seat_counts": {
                            "online": 0,
                            "offline": 0,
                            "is_divided": true
                        }
                    },
                    {
                        "key": 7,
                        "type": "S_CHAIR",
                        "trip_id": 8446938,
                        "trip_route_id": 53832127,
                        "route_id": 20652,
                        "fare": "50.00",
                        "vat_percent": 0,
                        "vat_amount": 0,
                        "origin_city_seq": 16,
                        "destination_city_seq": 17,
                        "seat_counts": {
                            "online": 0,
                            "offline": 0,
                            "is_divided": true
                        }
                    }
                ],
                "train_model": "764",
                "is_open_for_all": true,
                "is_eid_trip": 0,
                "parent_route": {
                    "origin_city_name": "dhaka",
                    "destination_city_name": "khulna",
                    "departure_date": "2025-07-03",
                    "departure_time": "19:30:00",
                    "arrival_date": "2025-07-04",
                    "arrival_time": "04:40:00"
                },
                "boarding_points": [
                    {
                        "trip_point_id": 108473358,
                        "location_id": 2788,
                        "location_name": "Alamdanga Station",
                        "location_time": "01:07 AM",
                        "location_date": "04 Jul 2025"
                    }
                ],
                "is_international": 0,
                "is_from_city_international": false
            },
            {
                "trip_number": "RUPSHA EXPRESS (728)",
                "departure_date_time": "04 Jul, 03:04 pm",
                "departure_full_date": "2025-07-04",
                "departure_date_time_jd": "Fri, 04 Jul 2025, 03:04 PM",
                "arrival_date_time": "04 Jul, 03:20 pm",
                "travel_time": "00h 16m",
                "origin_city_name": "alamdanga",
                "destination_city_name": "chuadanga",
                "seat_types": [
                    {
                        "key": 2,
                        "type": "AC_S",
                        "trip_id": 8447040,
                        "trip_route_id": 53836153,
                        "route_id": 21372,
                        "fare": "110.00",
                        "vat_percent": 15,
                        "vat_amount": 17,
                        "origin_city_seq": 17,
                        "destination_city_seq": 18,
                        "seat_counts": {
                            "online": 0,
                            "offline": 0,
                            "is_divided": true
                        }
                    },
                    {
                        "key": 3,
                        "type": "SNIGDHA",
                        "trip_id": 8447046,
                        "trip_route_id": 53836833,
                        "route_id": 21372,
                        "fare": "100.00",
                        "vat_percent": 15,
                        "vat_amount": 15,
                        "origin_city_seq": 17,
                        "destination_city_seq": 18,
                        "seat_counts": {
                            "online": 0,
                            "offline": 0,
                            "is_divided": true
                        }
                    },
                    {
                        "key": 7,
                        "type": "S_CHAIR",
                        "trip_id": 8447047,
                        "trip_route_id": 53837004,
                        "route_id": 21372,
                        "fare": "50.00",
                        "vat_percent": 0,
                        "vat_amount": 0,
                        "origin_city_seq": 17,
                        "destination_city_seq": 18,
                        "seat_counts": {
                            "online": 0,
                            "offline": 0,
                            "is_divided": true
                        }
                    }
                ],
                "train_model": "728",
                "is_open_for_all": true,
                "is_eid_trip": 0,
                "parent_route": {
                    "origin_city_name": "chilahati",
                    "destination_city_name": "khulna",
                    "departure_date": "2025-07-04",
                    "departure_time": "08:30:00",
                    "arrival_date": "2025-07-04",
                    "arrival_time": "18:25:00"
                },
                "boarding_points": [
                    {
                        "trip_point_id": 108475607,
                        "location_id": 2788,
                        "location_name": "Alamdanga Station",
                        "location_time": "03:04 PM",
                        "location_date": "04 Jul 2025"
                    }
                ],
                "is_international": 0,
                "is_from_city_international": false
            }
        ],
        "recommendations": [
            {
                "origin": "Chuadanga",
                "destination": "Chuadanga"
            },
            {
                "origin": "Alamdanga",
                "destination": "Alamdanga"
            }
        ],
        "selected_seat_class": "S_CHAIR"
    },
    "extra": {
        "hash": "1BC1529A04E386F94B558D7ED712C194"
    }
}