{
    "data": {
        "trains": [
            {
                "trip_number": "RUPSHA EXPRESS (727)",
                "departure_date_time": "04 Jul, 10:23 am",
                "departure_full_date": "2025-07-04",
                "departure_date_time_jd": "Fri, 04 Jul 2025, 10:23 AM",
                "arrival_date_time": "04 Jul, 12:13 pm",
                "travel_time": "01h 50m",
                "origin_city_name": "alamdanga",
                "destination_city_name": "natore",
                "seat_types": [
                    {
                        "key": 3,
                        "type": "SNIGDHA",
                        "trip_id": 8447044,
                        "trip_route_id": 53836508,
                        "route_id": 21303,
                        "fare": "250.00",
                        "vat_percent": 15,
                        "vat_amount": 38,
                        "origin_city_seq": 9,
                        "destination_city_seq": 14,
                        "seat_counts": {
                            "online": 0,
                            "offline": 0,
                            "is_divided": true
                        }
                    },
                    {
                        "key": 7,
                        "type": "S_CHAIR",
                        "trip_id": 8447045,
                        "trip_route_id": 53836661,
                        "route_id": 21303,
                        "fare": "150.00",
                        "vat_percent": 0,
                        "vat_amount": 0,
                        "origin_city_seq": 9,
                        "destination_city_seq": 14,
                        "seat_counts": {
                            "online": 3,
                            "offline": 2,
                            "is_divided": true
                        }
                    }
                ],
                "train_model": "727",
                "is_open_for_all": true,
                "is_eid_trip": 0,
                "parent_route": {
                    "origin_city_name": "khulna",
                    "destination_city_name": "chilahati",
                    "departure_date": "2025-07-04",
                    "departure_time": "07:15:00",
                    "arrival_date": "2025-07-04",
                    "arrival_time": "17:00:00"
                },
                "boarding_points": [
                    {
                        "trip_point_id": 108475791,
                        "location_id": 2788,
                        "location_name": "Alamdanga Station",
                        "location_time": "10:23 AM",
                        "location_date": "04 Jul 2025"
                    }
                ],
                "is_international": 0,
                "is_from_city_international": false
            }
        ],
        "recommendations": [],
        "selected_seat_class": "S_CHAIR"
    },
    "extra": {
        "hash": "2E1B68AB3FFC1C6C577E36F562130B61"
    }
}