{
    "data": {
        "trains": [
            {
                "trip_number": "BENAPOLE EXPRESS (796)",
                "departure_date_time": "04 Jul, 03:36 am",
                "departure_full_date": "2025-07-04",
                "departure_date_time_jd": "Fri, 04 Jul 2025, 03:36 AM",
                "arrival_date_time": "04 Jul, 07:00 am",
                "travel_time": "03h 24m",
                "origin_city_name": "alamdanga",
                "destination_city_name": "benapole",
                "seat_types": [
                    {
                        "key": 3,
                        "type": "SNIGDHA",
                        "trip_id": 8446836,
                        "trip_route_id": 53845408,
                        "route_id": 27657,
                        "fare": "265.00",
                        "vat_percent": 15,
                        "vat_amount": 40,
                        "origin_city_seq": 8,
                        "destination_city_seq": 15,
                        "seat_counts": {
                            "online": 5,
                            "offline": 5,
                            "is_divided": true
                        }
                    },
                    {
                        "key": 7,
                        "type": "S_CHAIR",
                        "trip_id": 8446659,
                        "trip_route_id": 53845412,
                        "route_id": 27657,
                        "fare": "160.00",
                        "vat_percent": 0,
                        "vat_amount": 0,
                        "origin_city_seq": 8,
                        "destination_city_seq": 15,
                        "seat_counts": {
                            "online": 5,
                            "offline": 5,
                            "is_divided": true
                        }
                    }
                ],
                "train_model": "796",
                "is_open_for_all": true,
                "is_eid_trip": 0,
                "parent_route": {
                    "origin_city_name": "dhaka",
                    "destination_city_name": "benapole",
                    "departure_date": "2025-07-03",
                    "departure_time": "23:30:00",
                    "arrival_date": "2025-07-04",
                    "arrival_time": "07:00:00"
                },
                "boarding_points": [
                    {
                        "trip_point_id": 108481109,
                        "location_id": 2788,
                        "location_name": "Alamdanga Station",
                        "location_time": "03:36 AM",
                        "location_date": "04 Jul 2025"
                    }
                ],
                "is_international": 0,
                "is_from_city_international": false
            }
        ],
        "recommendations": [],
        "selected_seat_class": "S_CHAIR"
    },
    "extra": {
        "hash": "2E1B68AB3FFC1C6C577E36F562130B61"
    }
}