{
    "data": {
        "trains": [
            {
                "trip_number": "MOHANAGAR EXPRESS (722)",
                "departure_date_time": "04 Jul, 11:13 pm",
                "departure_full_date": "2025-07-04",
                "departure_date_time_jd": "Fri, 04 Jul 2025, 11:13 PM",
                "arrival_date_time": "05 Jul, 03:30 am",
                "travel_time": "04h 17m",
                "origin_city_name": "ashuganj",
                "destination_city_name": "chattogram",
                "seat_types": [
                    {
                        "key": 7,
                        "type": "S_CHAIR",
                        "trip_id": 8447305,
                        "trip_route_id": 53844762,
                        "route_id": 22531,
                        "fare": "275.00",
                        "vat_percent": 0,
                        "vat_amount": 0,
                        "origin_city_seq": 5,
                        "destination_city_seq": 14,
                        "seat_counts": {
                            "online": 5,
                            "offline": 5,
                            "is_divided": true
                        }
                    },
                    {
                        "key": 3,
                        "type": "SNIGDHA",
                        "trip_id": 8447307,
                        "trip_route_id": 53844814,
                        "route_id": 22531,
                        "fare": "460.00",
                        "vat_percent": 15,
                        "vat_amount": 69,
                        "origin_city_seq": 5,
                        "destination_city_seq": 14,
                        "seat_counts": {
                            "online": 5,
                            "offline": 4,
                            "is_divided": true
                        }
                    }
                ],
                "train_model": "722",
                "is_open_for_all": true,
                "is_eid_trip": 0,
                "parent_route": {
                    "origin_city_name": "dhaka",
                    "destination_city_name": "chattogram",
                    "departure_date": "2025-07-04",
                    "departure_time": "21:20:00",
                    "arrival_date": "2025-07-05",
                    "arrival_time": "03:30:00"
                },
                "boarding_points": [
                    {
                        "trip_point_id": 108480701,
                        "location_id": 2841,
                        "location_name": "Ashuganj Station",
                        "location_time": "11:13 PM",
                        "location_date": "04 Jul 2025"
                    }
                ],
                "is_international": 0,
                "is_from_city_international": false
            }
        ],
        "recommendations": [],
        "selected_seat_class": "S_CHAIR"
    },
    "extra": {
        "hash": "2E1B68AB3FFC1C6C577E36F562130B61"
    }
}