{
    "data": {
        "trains": [
            {
                "trip_number": "PARABAT EXPRESS (709)",
                "departure_date_time": "04 Jul, 08:52 am",
                "departure_full_date": "2025-07-04",
                "departure_date_time_jd": "Fri, 04 Jul 2025, 08:52 AM",
                "arrival_date_time": "04 Jul, 01:00 pm",
                "travel_time": "04h 08m",
                "origin_city_name": "azampur",
                "destination_city_name": "sylhet",
                "seat_types": [
                    {
                        "key": 3,
                        "type": "SNIGDHA",
                        "trip_id": 8447088,
                        "trip_route_id": 53838400,
                        "route_id": 22145,
                        "fare": "340.00",
                        "vat_percent": 15,
                        "vat_amount": 51,
                        "origin_city_seq": 5,
                        "destination_city_seq": 12,
                        "seat_counts": {
                            "online": 0,
                            "offline": 0,
                            "is_divided": true
                        }
                    },
                    {
                        "key": 7,
                        "type": "S_CHAIR",
                        "trip_id": 8447089,
                        "trip_route_id": 53838438,
                        "route_id": 22145,
                        "fare": "205.00",
                        "vat_percent": 0,
                        "vat_amount": 0,
                        "origin_city_seq": 5,
                        "destination_city_seq": 12,
                        "seat_counts": {
                            "online": 21,
                            "offline": 21,
                            "is_divided": true
                        }
                    },
                    {
                        "key": 5,
                        "type": "F_SEAT",
                        "trip_id": 8447090,
                        "trip_route_id": 53838474,
                        "route_id": 22145,
                        "fare": "275.00",
                        "vat_percent": 15,
                        "vat_amount": 42,
                        "origin_city_seq": 5,
                        "destination_city_seq": 12,
                        "seat_counts": {
                            "online": 0,
                            "offline": 0,
                            "is_divided": true
                        }
                    },
                    {
                        "key": 2,
                        "type": "AC_S",
                        "trip_id": 8447091,
                        "trip_route_id": 53838509,
                        "route_id": 22145,
                        "fare": "410.00",
                        "vat_percent": 15,
                        "vat_amount": 62,
                        "origin_city_seq": 5,
                        "destination_city_seq": 12,
                        "seat_counts": {
                            "online": 0,
                            "offline": 0,
                            "is_divided": true
                        }
                    }
                ],
                "train_model": "709",
                "is_open_for_all": true,
                "is_eid_trip": 0,
                "parent_route": {
                    "origin_city_name": "dhaka",
                    "destination_city_name": "sylhet",
                    "departure_date": "2025-07-04",
                    "departure_time": "06:30:00",
                    "arrival_date": "2025-07-04",
                    "arrival_time": "13:00:00"
                },
                "boarding_points": [
                    {
                        "trip_point_id": 108476732,
                        "location_id": 2839,
                        "location_name": "Azampur Station",
                        "location_time": "08:52 AM",
                        "location_date": "04 Jul 2025"
                    }
                ],
                "is_international": 0,
                "is_from_city_international": false
            },
            {
                "trip_number": "JAYENTIKA EXPRESS (717)",
                "departure_date_time": "04 Jul, 01:39 pm",
                "departure_full_date": "2025-07-04",
                "departure_date_time_jd": "Fri, 04 Jul 2025, 01:39 PM",
                "arrival_date_time": "04 Jul, 07:00 pm",
                "travel_time": "05h 21m",
                "origin_city_name": "azampur",
                "destination_city_name": "sylhet",
                "seat_types": [
                    {
                        "key": 2,
                        "type": "AC_S",
                        "trip_id": 8447247,
                        "trip_route_id": 53842747,
                        "route_id": 22316,
                        "fare": "410.00",
                        "vat_percent": 15,
                        "vat_amount": 62,
                        "origin_city_seq": 5,
                        "destination_city_seq": 16,
                        "seat_counts": {
                            "online": 0,
                            "offline": 0,
                            "is_divided": true
                        }
                    },
                    {
                        "key": 7,
                        "type": "S_CHAIR",
                        "trip_id": 8447248,
                        "trip_route_id": 53842782,
                        "route_id": 22316,
                        "fare": "205.00",
                        "vat_percent": 0,
                        "vat_amount": 0,
                        "origin_city_seq": 5,
                        "destination_city_seq": 16,
                        "seat_counts": {
                            "online": 7,
                            "offline": 7,
                            "is_divided": true
                        }
                    },
                    {
                        "key": 3,
                        "type": "SNIGDHA",
                        "trip_id": 8447249,
                        "trip_route_id": 53842817,
                        "route_id": 22316,
                        "fare": "340.00",
                        "vat_percent": 15,
                        "vat_amount": 51,
                        "origin_city_seq": 5,
                        "destination_city_seq": 16,
                        "seat_counts": {
                            "online": 0,
                            "offline": 0,
                            "is_divided": true
                        }
                    }
                ],
                "train_model": "717",
                "is_open_for_all": true,
                "is_eid_trip": 0,
                "parent_route": {
                    "origin_city_name": "dhaka",
                    "destination_city_name": "sylhet",
                    "departure_date": "2025-07-04",
                    "departure_time": "11:15:00",
                    "arrival_date": "2025-07-04",
                    "arrival_time": "19:00:00"
                },
                "boarding_points": [
                    {
                        "trip_point_id": 108479477,
                        "location_id": 2839,
                        "location_name": "Azampur Station",
                        "location_time": "01:39 PM",
                        "location_date": "04 Jul 2025"
                    }
                ],
                "is_international": 0,
                "is_from_city_international": false
            }
        ],
        "recommendations": [],
        "selected_seat_class": "S_CHAIR"
    },
    "extra": {
        "hash": "2E1B68AB3FFC1C6C577E36F562130B61"
    }
}