{
    "data": {
        "trains": [
            {
                "trip_number": "LALMONI EXPRESS (751)",
                "departure_date_time": "04 Jul, 01:59 am",
                "departure_full_date": "2025-07-04",
                "departure_date_time_jd": "Fri, 04 Jul 2025, 01:59 AM",
                "arrival_date_time": "04 Jul, 07:20 am",
                "travel_time": "05h 21m",
                "origin_city_name": "azim nagar",
                "destination_city_name": "lalmonirhat",
                "seat_types": [
                    {
                        "key": 1,
                        "type": "AC_B",
                        "trip_id": 8446626,
                        "trip_route_id": 53821562,
                        "route_id": 19641,
                        "fare": "855.00",
                        "vat_percent": 15,
                        "vat_amount": 129,
                        "origin_city_seq": 9,
                        "destination_city_seq": 20,
                        "seat_counts": {
                            "online": 0,
                            "offline": 0,
                            "is_divided": true
                        }
                    },
                    {
                        "key": 3,
                        "type": "SNIGDHA",
                        "trip_id": 8446627,
                        "trip_route_id": 53821597,
                        "route_id": 19641,
                        "fare": "475.00",
                        "vat_percent": 15,
                        "vat_amount": 72,
                        "origin_city_seq": 9,
                        "destination_city_seq": 20,
                        "seat_counts": {
                            "online": 0,
                            "offline": 0,
                            "is_divided": true
                        }
                    },
                    {
                        "key": 7,
                        "type": "S_CHAIR",
                        "trip_id": 8446628,
                        "trip_route_id": 53821650,
                        "route_id": 19641,
                        "fare": "285.00",
                        "vat_percent": 0,
                        "vat_amount": 0,
                        "origin_city_seq": 9,
                        "destination_city_seq": 20,
                        "seat_counts": {
                            "online": 1,
                            "offline": 1,
                            "is_divided": true
                        }
                    }
                ],
                "train_model": "751",
                "is_open_for_all": true,
                "is_eid_trip": 0,
                "parent_route": {
                    "origin_city_name": "dhaka",
                    "destination_city_name": "lalmonirhat",
                    "departure_date": "2025-07-03",
                    "departure_time": "21:45:00",
                    "arrival_date": "2025-07-04",
                    "arrival_time": "07:20:00"
                },
                "boarding_points": [
                    {
                        "trip_point_id": 108467236,
                        "location_id": 2755,
                        "location_name": "Azim Nagar Station",
                        "location_time": "01:59 AM",
                        "location_date": "04 Jul 2025"
                    }
                ],
                "is_international": 0,
                "is_from_city_international": false
            }
        ],
        "recommendations": [],
        "selected_seat_class": "S_CHAIR"
    },
    "extra": {
        "hash": "2E1B68AB3FFC1C6C577E36F562130B61"
    }
}