{
    "data": {
        "trains": [
            {
                "trip_number": "KURIGRAM EXPRESS (798)",
                "departure_date_time": "04 Jul, 08:54 am",
                "departure_full_date": "2025-07-04",
                "departure_date_time_jd": "Fri, 04 Jul 2025, 08:54 AM",
                "arrival_date_time": "04 Jul, 05:05 pm",
                "travel_time": "08h 11m",
                "origin_city_name": "badarganj",
                "destination_city_name": "dhaka",
                "seat_types": [
                    {
                        "key": 2,
                        "type": "AC_S",
                        "trip_id": 8447010,
                        "trip_route_id": 53833924,
                        "route_id": 19736,
                        "fare": "1205.00",
                        "vat_percent": 15,
                        "vat_amount": 181,
                        "origin_city_seq": 4,
                        "destination_city_seq": 10,
                        "seat_counts": {
                            "online": 0,
                            "offline": 0,
                            "is_divided": true
                        }
                    },
                    {
                        "key": 3,
                        "type": "SNIGDHA",
                        "trip_id": 8447012,
                        "trip_route_id": 53833986,
                        "route_id": 19736,
                        "fare": "1005.00",
                        "vat_percent": 15,
                        "vat_amount": 151,
                        "origin_city_seq": 4,
                        "destination_city_seq": 10,
                        "seat_counts": {
                            "online": 3,
                            "offline": 2,
                            "is_divided": true
                        }
                    },
                    {
                        "key": 7,
                        "type": "S_CHAIR",
                        "trip_id": 8447013,
                        "trip_route_id": 53834016,
                        "route_id": 19736,
                        "fare": "605.00",
                        "vat_percent": 0,
                        "vat_amount": 0,
                        "origin_city_seq": 4,
                        "destination_city_seq": 10,
                        "seat_counts": {
                            "online": 10,
                            "offline": 10,
                            "is_divided": true
                        }
                    }
                ],
                "train_model": "798",
                "is_open_for_all": true,
                "is_eid_trip": 0,
                "parent_route": {
                    "origin_city_name": "kurigram",
                    "destination_city_name": "dhaka",
                    "departure_date": "2025-07-04",
                    "departure_time": "07:10:00",
                    "arrival_date": "2025-07-04",
                    "arrival_time": "17:05:00"
                },
                "boarding_points": [
                    {
                        "trip_point_id": 108474621,
                        "location_id": 2732,
                        "location_name": "Badarganj Station",
                        "location_time": "08:54 AM",
                        "location_date": "04 Jul 2025"
                    }
                ],
                "is_international": 0,
                "is_from_city_international": false
            }
        ],
        "recommendations": [],
        "selected_seat_class": "S_CHAIR"
    },
    "extra": {
        "hash": "2E1B68AB3FFC1C6C577E36F562130B61"
    }
}