{
    "data": {
        "trains": [
            {
                "trip_number": "EGAROSINDHUR PROVATI (738)",
                "departure_date_time": "04 Jul, 07:27 am",
                "departure_full_date": "2025-07-04",
                "departure_date_time_jd": "Fri, 04 Jul 2025, 07:27 AM",
                "arrival_date_time": "04 Jul, 10:35 am",
                "travel_time": "03h 08m",
                "origin_city_name": "bajitpur",
                "destination_city_name": "dhaka",
                "seat_types": [
                    {
                        "key": 8,
                        "type": "SHOVAN",
                        "trip_id": 8447130,
                        "trip_route_id": 53839885,
                        "route_id": 22752,
                        "fare": "105.00",
                        "vat_percent": 0,
                        "vat_amount": 0,
                        "origin_city_seq": 5,
                        "destination_city_seq": 11,
                        "seat_counts": {
                            "online": 0,
                            "offline": 0,
                            "is_divided": true
                        }
                    },
                    {
                        "key": 7,
                        "type": "S_CHAIR",
                        "trip_id": 8447131,
                        "trip_route_id": 53839910,
                        "route_id": 22752,
                        "fare": "125.00",
                        "vat_percent": 0,
                        "vat_amount": 0,
                        "origin_city_seq": 5,
                        "destination_city_seq": 11,
                        "seat_counts": {
                            "online": 0,
                            "offline": 0,
                            "is_divided": true
                        }
                    },
                    {
                        "key": 6,
                        "type": "F_CHAIR",
                        "trip_id": 8447132,
                        "trip_route_id": 53839934,
                        "route_id": 22752,
                        "fare": "170.00",
                        "vat_percent": 15,
                        "vat_amount": 26,
                        "origin_city_seq": 5,
                        "destination_city_seq": 11,
                        "seat_counts": {
                            "online": 0,
                            "offline": 0,
                            "is_divided": true
                        }
                    },
                    {
                        "key": 5,
                        "type": "F_SEAT",
                        "trip_id": 8447133,
                        "trip_route_id": 53839958,
                        "route_id": 22752,
                        "fare": "170.00",
                        "vat_percent": 15,
                        "vat_amount": 26,
                        "origin_city_seq": 5,
                        "destination_city_seq": 11,
                        "seat_counts": {
                            "online": 0,
                            "offline": 0,
                            "is_divided": true
                        }
                    }
                ],
                "train_model": "738",
                "is_open_for_all": true,
                "is_eid_trip": 0,
                "parent_route": {
                    "origin_city_name": "kishorganj",
                    "destination_city_name": "dhaka",
                    "departure_date": "2025-07-04",
                    "departure_time": "06:30:00",
                    "arrival_date": "2025-07-04",
                    "arrival_time": "10:35:00"
                },
                "boarding_points": [
                    {
                        "trip_point_id": 108477597,
                        "location_id": 2864,
                        "location_name": "Bajitpur Station",
                        "location_time": "07:27 AM",
                        "location_date": "04 Jul 2025"
                    }
                ],
                "is_international": 0,
                "is_from_city_international": false
            },
            {
                "trip_number": "EGAROSINDHUR GODHULI (750)",
                "departure_date_time": "04 Jul, 02:05 pm",
                "departure_full_date": "2025-07-04",
                "departure_date_time_jd": "Fri, 04 Jul 2025, 02:05 PM",
                "arrival_date_time": "04 Jul, 04:45 pm",
                "travel_time": "02h 40m",
                "origin_city_name": "bajitpur",
                "destination_city_name": "dhaka",
                "seat_types": [
                    {
                        "key": 5,
                        "type": "F_SEAT",
                        "trip_id": 8447164,
                        "trip_route_id": 53840649,
                        "route_id": 22752,
                        "fare": "170.00",
                        "vat_percent": 15,
                        "vat_amount": 26,
                        "origin_city_seq": 5,
                        "destination_city_seq": 11,
                        "seat_counts": {
                            "online": 0,
                            "offline": 0,
                            "is_divided": true
                        }
                    },
                    {
                        "key": 6,
                        "type": "F_CHAIR",
                        "trip_id": 8447165,
                        "trip_route_id": 53840672,
                        "route_id": 22752,
                        "fare": "170.00",
                        "vat_percent": 15,
                        "vat_amount": 26,
                        "origin_city_seq": 5,
                        "destination_city_seq": 11,
                        "seat_counts": {
                            "online": 1,
                            "offline": 0,
                            "is_divided": true
                        }
                    },
                    {
                        "key": 7,
                        "type": "S_CHAIR",
                        "trip_id": 8447166,
                        "trip_route_id": 53840695,
                        "route_id": 22752,
                        "fare": "125.00",
                        "vat_percent": 0,
                        "vat_amount": 0,
                        "origin_city_seq": 5,
                        "destination_city_seq": 11,
                        "seat_counts": {
                            "online": 0,
                            "offline": 0,
                            "is_divided": true
                        }
                    },
                    {
                        "key": 8,
                        "type": "SHOVAN",
                        "trip_id": 8447167,
                        "trip_route_id": 53840719,
                        "route_id": 22752,
                        "fare": "105.00",
                        "vat_percent": 0,
                        "vat_amount": 0,
                        "origin_city_seq": 5,
                        "destination_city_seq": 11,
                        "seat_counts": {
                            "online": 2,
                            "offline": 2,
                            "is_divided": true
                        }
                    }
                ],
                "train_model": "750",
                "is_open_for_all": true,
                "is_eid_trip": 0,
                "parent_route": {
                    "origin_city_name": "kishorganj",
                    "destination_city_name": "dhaka",
                    "departure_date": "2025-07-04",
                    "departure_time": "12:50:00",
                    "arrival_date": "2025-07-04",
                    "arrival_time": "16:45:00"
                },
                "boarding_points": [
                    {
                        "trip_point_id": 108478175,
                        "location_id": 2864,
                        "location_name": "Bajitpur Station",
                        "location_time": "02:05 PM",
                        "location_date": "04 Jul 2025"
                    }
                ],
                "is_international": 0,
                "is_from_city_international": false
            },
            {
                "trip_number": "KISHORGANJ EXPRESS (782)",
                "departure_date_time": "04 Jul, 04:57 pm",
                "departure_full_date": "2025-07-04",
                "departure_date_time_jd": "Fri, 04 Jul 2025, 04:57 PM",
                "arrival_date_time": "04 Jul, 08:00 pm",
                "travel_time": "03h 03m",
                "origin_city_name": "bajitpur",
                "destination_city_name": "dhaka",
                "seat_types": [
                    {
                        "key": 3,
                        "type": "SNIGDHA",
                        "trip_id": 8447253,
                        "trip_route_id": 53842931,
                        "route_id": 22752,
                        "fare": "210.00",
                        "vat_percent": 15,
                        "vat_amount": 32,
                        "origin_city_seq": 5,
                        "destination_city_seq": 11,
                        "seat_counts": {
                            "online": 0,
                            "offline": 0,
                            "is_divided": true
                        }
                    },
                    {
                        "key": 2,
                        "type": "AC_S",
                        "trip_id": 8447254,
                        "trip_route_id": 53842955,
                        "route_id": 22752,
                        "fare": "250.00",
                        "vat_percent": 15,
                        "vat_amount": 38,
                        "origin_city_seq": 5,
                        "destination_city_seq": 11,
                        "seat_counts": {
                            "online": 0,
                            "offline": 0,
                            "is_divided": true
                        }
                    },
                    {
                        "key": 7,
                        "type": "S_CHAIR",
                        "trip_id": 8447255,
                        "trip_route_id": 53842979,
                        "route_id": 22752,
                        "fare": "125.00",
                        "vat_percent": 0,
                        "vat_amount": 0,
                        "origin_city_seq": 5,
                        "destination_city_seq": 11,
                        "seat_counts": {
                            "online": 0,
                            "offline": 0,
                            "is_divided": true
                        }
                    }
                ],
                "train_model": "782",
                "is_open_for_all": true,
                "is_eid_trip": 0,
                "parent_route": {
                    "origin_city_name": "kishorganj",
                    "destination_city_name": "dhaka",
                    "departure_date": "2025-07-04",
                    "departure_time": "16:00:00",
                    "arrival_date": "2025-07-04",
                    "arrival_time": "20:00:00"
                },
                "boarding_points": [
                    {
                        "trip_point_id": 108479621,
                        "location_id": 2864,
                        "location_name": "Bajitpur Station",
                        "location_time": "04:57 PM",
                        "location_date": "04 Jul 2025"
                    }
                ],
                "is_international": 0,
                "is_from_city_international": false
            }
        ],
        "recommendations": [],
        "selected_seat_class": "S_CHAIR"
    },
    "extra": {
        "hash": "2E1B68AB3FFC1C6C577E36F562130B61"
    }
}