{
    "data": {
        "trains": [
            {
                "trip_number": "LALMONI EXPRESS (751)",
                "departure_date_time": "04 Jul, 06:11 am",
                "departure_full_date": "2025-07-04",
                "departure_date_time_jd": "Fri, 04 Jul 2025, 06:11 AM",
                "arrival_date_time": "04 Jul, 07:20 am",
                "travel_time": "01h 09m",
                "origin_city_name": "bamondanga",
                "destination_city_name": "lalmonirhat",
                "seat_types": [
                    {
                        "key": 1,
                        "type": "AC_B",
                        "trip_id": 8446626,
                        "trip_route_id": 53821560,
                        "route_id": 19648,
                        "fare": "165.00",
                        "vat_percent": 15,
                        "vat_amount": 25,
                        "origin_city_seq": 16,
                        "destination_city_seq": 20,
                        "seat_counts": {
                            "online": 0,
                            "offline": 0,
                            "is_divided": true
                        }
                    },
                    {
                        "key": 3,
                        "type": "SNIGDHA",
                        "trip_id": 8446627,
                        "trip_route_id": 53821595,
                        "route_id": 19648,
                        "fare": "100.00",
                        "vat_percent": 15,
                        "vat_amount": 15,
                        "origin_city_seq": 16,
                        "destination_city_seq": 20,
                        "seat_counts": {
                            "online": 0,
                            "offline": 0,
                            "is_divided": true
                        }
                    },
                    {
                        "key": 7,
                        "type": "S_CHAIR",
                        "trip_id": 8446628,
                        "trip_route_id": 53821648,
                        "route_id": 19648,
                        "fare": "55.00",
                        "vat_percent": 0,
                        "vat_amount": 0,
                        "origin_city_seq": 16,
                        "destination_city_seq": 20,
                        "seat_counts": {
                            "online": 10,
                            "offline": 10,
                            "is_divided": true
                        }
                    }
                ],
                "train_model": "751",
                "is_open_for_all": true,
                "is_eid_trip": 0,
                "parent_route": {
                    "origin_city_name": "dhaka",
                    "destination_city_name": "lalmonirhat",
                    "departure_date": "2025-07-03",
                    "departure_time": "21:45:00",
                    "arrival_date": "2025-07-04",
                    "arrival_time": "07:20:00"
                },
                "boarding_points": [
                    {
                        "trip_point_id": 108467218,
                        "location_id": 2717,
                        "location_name": "Bamondanga Station",
                        "location_time": "06:11 AM",
                        "location_date": "04 Jul 2025"
                    }
                ],
                "is_international": 0,
                "is_from_city_international": false
            },
            {
                "trip_number": "KOROTOA EXPRESS (713)",
                "departure_date_time": "04 Jul, 12:35 pm",
                "departure_full_date": "2025-07-04",
                "departure_date_time_jd": "Fri, 04 Jul 2025, 12:35 PM",
                "arrival_date_time": "04 Jul, 01:40 pm",
                "travel_time": "01h 05m",
                "origin_city_name": "bamondanga",
                "destination_city_name": "lalmonirhat",
                "seat_types": [
                    {
                        "key": 7,
                        "type": "S_CHAIR",
                        "trip_id": 8447063,
                        "trip_route_id": 53837919,
                        "route_id": 21162,
                        "fare": "55.00",
                        "vat_percent": 0,
                        "vat_amount": 0,
                        "origin_city_seq": 7,
                        "destination_city_seq": 11,
                        "seat_counts": {
                            "online": 5,
                            "offline": 5,
                            "is_divided": true
                        }
                    }
                ],
                "train_model": "713",
                "is_open_for_all": true,
                "is_eid_trip": 0,
                "parent_route": {
                    "origin_city_name": "santahar",
                    "destination_city_name": "burimari",
                    "departure_date": "2025-07-04",
                    "departure_time": "09:25:00",
                    "arrival_date": "2025-07-04",
                    "arrival_time": "16:00:00"
                },
                "boarding_points": [
                    {
                        "trip_point_id": 108476408,
                        "location_id": 2717,
                        "location_name": "Bamondanga Station",
                        "location_time": "12:35 PM",
                        "location_date": "04 Jul 2025"
                    }
                ],
                "is_international": 0,
                "is_from_city_international": false
            }
        ],
        "recommendations": [],
        "selected_seat_class": "S_CHAIR"
    },
    "extra": {
        "hash": "2E1B68AB3FFC1C6C577E36F562130B61"
    }
}