{
    "data": {
        "trains": [
            {
                "trip_number": "HAWR EXPRESS (778)",
                "departure_date_time": "04 Jul, 08:16 am",
                "departure_full_date": "2025-07-04",
                "departure_date_time_jd": "Fri, 04 Jul 2025, 08:16 AM",
                "arrival_date_time": "04 Jul, 10:14 am",
                "travel_time": "01h 58m",
                "origin_city_name": "barhatta",
                "destination_city_name": "mymensingh",
                "seat_types": [
                    {
                        "key": 5,
                        "type": "F_SEAT",
                        "trip_id": 8447235,
                        "trip_route_id": 53842454,
                        "route_id": 23180,
                        "fare": "120.00",
                        "vat_percent": 15,
                        "vat_amount": 18,
                        "origin_city_seq": 2,
                        "destination_city_seq": 7,
                        "seat_counts": {
                            "online": 0,
                            "offline": 0,
                            "is_divided": true
                        }
                    },
                    {
                        "key": 8,
                        "type": "SHOVAN",
                        "trip_id": 8447236,
                        "trip_route_id": 53842499,
                        "route_id": 23180,
                        "fare": "85.00",
                        "vat_percent": 0,
                        "vat_amount": 0,
                        "origin_city_seq": 2,
                        "destination_city_seq": 7,
                        "seat_counts": {
                            "online": 0,
                            "offline": 0,
                            "is_divided": true
                        }
                    },
                    {
                        "key": 7,
                        "type": "S_CHAIR",
                        "trip_id": 8447237,
                        "trip_route_id": 53842543,
                        "route_id": 23180,
                        "fare": "105.00",
                        "vat_percent": 0,
                        "vat_amount": 0,
                        "origin_city_seq": 2,
                        "destination_city_seq": 7,
                        "seat_counts": {
                            "online": 0,
                            "offline": 0,
                            "is_divided": true
                        }
                    },
                    {
                        "key": 2,
                        "type": "AC_S",
                        "trip_id": 8447244,
                        "trip_route_id": 53842657,
                        "route_id": 23180,
                        "fare": "175.00",
                        "vat_percent": 15,
                        "vat_amount": 27,
                        "origin_city_seq": 2,
                        "destination_city_seq": 7,
                        "seat_counts": {
                            "online": 0,
                            "offline": 0,
                            "is_divided": true
                        }
                    }
                ],
                "train_model": "778",
                "is_open_for_all": true,
                "is_eid_trip": 0,
                "parent_route": {
                    "origin_city_name": "mohanganj",
                    "destination_city_name": "dhaka",
                    "departure_date": "2025-07-04",
                    "departure_time": "08:00:00",
                    "arrival_date": "2025-07-04",
                    "arrival_time": "13:55:00"
                },
                "boarding_points": [
                    {
                        "trip_point_id": 108479296,
                        "location_id": 2870,
                        "location_name": "Barhatta Station",
                        "location_time": "08:16 AM",
                        "location_date": "04 Jul 2025"
                    }
                ],
                "is_international": 0,
                "is_from_city_international": false
            }
        ],
        "recommendations": [
            {
                "origin": "Thakrokona",
                "destination": "Mymensingh"
            },
            {
                "origin": "Barhatta",
                "destination": "Gouripur_myn"
            }
        ],
        "selected_seat_class": "S_CHAIR"
    },
    "extra": {
        "hash": "2E1B68AB3FFC1C6C577E36F562130B61"
    }
}