{
    "data": {
        "trains": [
            {
                "trip_number": "BENAPOLE EXPRESS (795)",
                "departure_date_time": "04 Jul, 12:25 pm",
                "departure_full_date": "2025-07-04",
                "departure_date_time_jd": "Fri, 04 Jul 2025, 12:25 PM",
                "arrival_date_time": "04 Jul, 01:20 pm",
                "travel_time": "00h 55m",
                "origin_city_name": "benapole",
                "destination_city_name": "jashore",
                "seat_types": [
                    {
                        "key": 2,
                        "type": "AC_S",
                        "trip_id": 8447034,
                        "trip_route_id": 53835509,
                        "route_id": 25312,
                        "fare": "110.00",
                        "vat_percent": 15,
                        "vat_amount": 17,
                        "origin_city_seq": 1,
                        "destination_city_seq": 3,
                        "seat_counts": {
                            "online": 4,
                            "offline": 4,
                            "is_divided": true
                        }
                    },
                    {
                        "key": 7,
                        "type": "S_CHAIR",
                        "trip_id": 8447058,
                        "trip_route_id": 53837660,
                        "route_id": 25312,
                        "fare": "50.00",
                        "vat_percent": 0,
                        "vat_amount": 0,
                        "origin_city_seq": 1,
                        "destination_city_seq": 3,
                        "seat_counts": {
                            "online": 112,
                            "offline": 111,
                            "is_divided": true
                        }
                    },
                    {
                        "key": 3,
                        "type": "SNIGDHA",
                        "trip_id": 8447203,
                        "trip_route_id": 53841589,
                        "route_id": 25312,
                        "fare": "100.00",
                        "vat_percent": 15,
                        "vat_amount": 15,
                        "origin_city_seq": 1,
                        "destination_city_seq": 3,
                        "seat_counts": {
                            "online": 120,
                            "offline": 120,
                            "is_divided": true
                        }
                    }
                ],
                "train_model": "795",
                "is_open_for_all": true,
                "is_eid_trip": 0,
                "parent_route": {
                    "origin_city_name": "benapole",
                    "destination_city_name": "dhaka",
                    "departure_date": "2025-07-04",
                    "departure_time": "12:25:00",
                    "arrival_date": "2025-07-04",
                    "arrival_time": "20:30:00"
                },
                "boarding_points": [
                    {
                        "trip_point_id": 108475389,
                        "location_id": 2784,
                        "location_name": "Benapole Station",
                        "location_time": "12:25 PM",
                        "location_date": "04 Jul 2025"
                    }
                ],
                "is_international": 0,
                "is_from_city_international": false
            },
            {
                "trip_number": "RUPOSHI BANGLA EXPRESS (827)",
                "departure_date_time": "04 Jul, 03:25 pm",
                "departure_full_date": "2025-07-04",
                "departure_date_time_jd": "Fri, 04 Jul 2025, 03:25 PM",
                "arrival_date_time": "04 Jul, 04:12 pm",
                "travel_time": "00h 47m",
                "origin_city_name": "benapole",
                "destination_city_name": "jashore",
                "seat_types": [
                    {
                        "key": 7,
                        "type": "S_CHAIR",
                        "trip_id": 8447225,
                        "trip_route_id": 53842272,
                        "route_id": 26969,
                        "fare": "50.00",
                        "vat_percent": 0,
                        "vat_amount": 0,
                        "origin_city_seq": 1,
                        "destination_city_seq": 2,
                        "seat_counts": {
                            "online": 108,
                            "offline": 108,
                            "is_divided": true
                        }
                    },
                    {
                        "key": 3,
                        "type": "SNIGDHA",
                        "trip_id": 8447226,
                        "trip_route_id": 53842284,
                        "route_id": 26969,
                        "fare": "100.00",
                        "vat_percent": 15,
                        "vat_amount": 15,
                        "origin_city_seq": 1,
                        "destination_city_seq": 2,
                        "seat_counts": {
                            "online": 80,
                            "offline": 80,
                            "is_divided": true
                        }
                    },
                    {
                        "key": 2,
                        "type": "AC_S",
                        "trip_id": 8447227,
                        "trip_route_id": 53842293,
                        "route_id": 26969,
                        "fare": "110.00",
                        "vat_percent": 15,
                        "vat_amount": 17,
                        "origin_city_seq": 1,
                        "destination_city_seq": 2,
                        "seat_counts": {
                            "online": 12,
                            "offline": 12,
                            "is_divided": true
                        }
                    }
                ],
                "train_model": "827",
                "is_open_for_all": true,
                "is_eid_trip": 0,
                "parent_route": {
                    "origin_city_name": "benapole",
                    "destination_city_name": "dhaka",
                    "departure_date": "2025-07-04",
                    "departure_time": "15:25:00",
                    "arrival_date": "2025-07-04",
                    "arrival_time": "19:00:00"
                },
                "boarding_points": [
                    {
                        "trip_point_id": 108479182,
                        "location_id": 2784,
                        "location_name": "Benapole Station",
                        "location_time": "03:25 PM",
                        "location_date": "04 Jul 2025"
                    }
                ],
                "is_international": 0,
                "is_from_city_international": false
            }
        ],
        "recommendations": [],
        "selected_seat_class": "S_CHAIR"
    },
    "extra": {
        "hash": "2E1B68AB3FFC1C6C577E36F562130B61"
    }
}