{
    "data": {
        "trains": [
            {
                "trip_number": "BENAPOLE EXPRESS (795)",
                "departure_date_time": "04 Jul, 12:25 pm",
                "departure_full_date": "2025-07-04",
                "departure_date_time_jd": "Fri, 04 Jul 2025, 12:25 PM",
                "arrival_date_time": "04 Jul, 06:56 pm",
                "travel_time": "06h 31m",
                "origin_city_name": "benapole",
                "destination_city_name": "bhanga",
                "seat_types": [
                    {
                        "key": 7,
                        "type": "S_CHAIR",
                        "trip_id": 8447058,
                        "trip_route_id": 53837664,
                        "route_id": 25321,
                        "fare": "335.00",
                        "vat_percent": 0,
                        "vat_amount": 0,
                        "origin_city_seq": 1,
                        "destination_city_seq": 14,
                        "seat_counts": {
                            "online": 3,
                            "offline": 2,
                            "is_divided": true
                        }
                    },
                    {
                        "key": 3,
                        "type": "SNIGDHA",
                        "trip_id": 8447203,
                        "trip_route_id": 53841593,
                        "route_id": 25321,
                        "fare": "560.00",
                        "vat_percent": 15,
                        "vat_amount": 84,
                        "origin_city_seq": 1,
                        "destination_city_seq": 14,
                        "seat_counts": {
                            "online": 3,
                            "offline": 2,
                            "is_divided": true
                        }
                    }
                ],
                "train_model": "795",
                "is_open_for_all": true,
                "is_eid_trip": 0,
                "parent_route": {
                    "origin_city_name": "benapole",
                    "destination_city_name": "dhaka",
                    "departure_date": "2025-07-04",
                    "departure_time": "12:25:00",
                    "arrival_date": "2025-07-04",
                    "arrival_time": "20:30:00"
                },
                "boarding_points": [
                    {
                        "trip_point_id": 108476275,
                        "location_id": 2784,
                        "location_name": "Benapole Station",
                        "location_time": "12:25 PM",
                        "location_date": "04 Jul 2025"
                    }
                ],
                "is_international": 0,
                "is_from_city_international": false
            }
        ],
        "recommendations": [],
        "selected_seat_class": "S_CHAIR"
    },
    "extra": {
        "hash": "2E1B68AB3FFC1C6C577E36F562130B61"
    }
}