{
    "data": {
        "trains": [
            {
                "trip_number": "RUPOSHI BANGLA EXPRESS (827)",
                "departure_date_time": "04 Jul, 03:25 pm",
                "departure_full_date": "2025-07-04",
                "departure_date_time_jd": "Fri, 04 Jul 2025, 03:25 PM",
                "arrival_date_time": "04 Jul, 05:44 pm",
                "travel_time": "02h 19m",
                "origin_city_name": "benapole",
                "destination_city_name": "bhanga_junction",
                "seat_types": [
                    {
                        "key": 7,
                        "type": "S_CHAIR",
                        "trip_id": 8447225,
                        "trip_route_id": 53842274,
                        "route_id": 26972,
                        "fare": "195.00",
                        "vat_percent": 0,
                        "vat_amount": 0,
                        "origin_city_seq": 1,
                        "destination_city_seq": 5,
                        "seat_counts": {
                            "online": 6,
                            "offline": 6,
                            "is_divided": true
                        }
                    },
                    {
                        "key": 3,
                        "type": "SNIGDHA",
                        "trip_id": 8447226,
                        "trip_route_id": 53842286,
                        "route_id": 26972,
                        "fare": "320.00",
                        "vat_percent": 15,
                        "vat_amount": 48,
                        "origin_city_seq": 1,
                        "destination_city_seq": 5,
                        "seat_counts": {
                            "online": 0,
                            "offline": 0,
                            "is_divided": true
                        }
                    },
                    {
                        "key": 2,
                        "type": "AC_S",
                        "trip_id": 8447227,
                        "trip_route_id": 53842295,
                        "route_id": 26972,
                        "fare": "385.00",
                        "vat_percent": 15,
                        "vat_amount": 58,
                        "origin_city_seq": 1,
                        "destination_city_seq": 5,
                        "seat_counts": {
                            "online": 0,
                            "offline": 0,
                            "is_divided": true
                        }
                    }
                ],
                "train_model": "827",
                "is_open_for_all": true,
                "is_eid_trip": 0,
                "parent_route": {
                    "origin_city_name": "benapole",
                    "destination_city_name": "dhaka",
                    "departure_date": "2025-07-04",
                    "departure_time": "15:25:00",
                    "arrival_date": "2025-07-04",
                    "arrival_time": "19:00:00"
                },
                "boarding_points": [
                    {
                        "trip_point_id": 108479182,
                        "location_id": 2784,
                        "location_name": "Benapole Station",
                        "location_time": "03:25 PM",
                        "location_date": "04 Jul 2025"
                    }
                ],
                "is_international": 0,
                "is_from_city_international": false
            }
        ],
        "recommendations": [],
        "selected_seat_class": "S_CHAIR"
    },
    "extra": {
        "hash": "2E1B68AB3FFC1C6C577E36F562130B61"
    }
}