{
    "data": {
        "trains": [
            {
                "trip_number": "JAHANABAD EXPRESS (825)",
                "departure_date_time": "04 Jul, 08:16 am",
                "departure_full_date": "2025-07-04",
                "departure_date_time_jd": "Fri, 04 Jul 2025, 08:16 AM",
                "arrival_date_time": "04 Jul, 09:45 am",
                "travel_time": "01h 29m",
                "origin_city_name": "bhanga_junction",
                "destination_city_name": "dhaka",
                "seat_types": [
                    {
                        "key": 2,
                        "type": "AC_S",
                        "trip_id": 8447219,
                        "trip_route_id": 53842196,
                        "route_id": 26952,
                        "fare": "520.00",
                        "vat_percent": 15,
                        "vat_amount": 78,
                        "origin_city_seq": 7,
                        "destination_city_seq": 8,
                        "seat_counts": {
                            "online": 0,
                            "offline": 0,
                            "is_divided": true
                        }
                    },
                    {
                        "key": 3,
                        "type": "SNIGDHA",
                        "trip_id": 8447220,
                        "trip_route_id": 53842210,
                        "route_id": 26952,
                        "fare": "435.00",
                        "vat_percent": 15,
                        "vat_amount": 66,
                        "origin_city_seq": 7,
                        "destination_city_seq": 8,
                        "seat_counts": {
                            "online": 3,
                            "offline": 2,
                            "is_divided": true
                        }
                    },
                    {
                        "key": 7,
                        "type": "S_CHAIR",
                        "trip_id": 8447221,
                        "trip_route_id": 53842227,
                        "route_id": 26952,
                        "fare": "260.00",
                        "vat_percent": 0,
                        "vat_amount": 0,
                        "origin_city_seq": 7,
                        "destination_city_seq": 8,
                        "seat_counts": {
                            "online": 20,
                            "offline": 20,
                            "is_divided": true
                        }
                    }
                ],
                "train_model": "825",
                "is_open_for_all": true,
                "is_eid_trip": 0,
                "parent_route": {
                    "origin_city_name": "khulna",
                    "destination_city_name": "dhaka",
                    "departure_date": "2025-07-04",
                    "departure_time": "06:00:00",
                    "arrival_date": "2025-07-04",
                    "arrival_time": "09:45:00"
                },
                "boarding_points": [
                    {
                        "trip_point_id": 108479113,
                        "location_id": 2943,
                        "location_name": "Bhanga_Junction Station",
                        "location_time": "08:16 AM",
                        "location_date": "04 Jul 2025"
                    }
                ],
                "is_international": 0,
                "is_from_city_international": false
            },
            {
                "trip_number": "RUPOSHI BANGLA EXPRESS (827)",
                "departure_date_time": "04 Jul, 05:47 pm",
                "departure_full_date": "2025-07-04",
                "departure_date_time_jd": "Fri, 04 Jul 2025, 05:47 PM",
                "arrival_date_time": "04 Jul, 07:00 pm",
                "travel_time": "01h 13m",
                "origin_city_name": "bhanga_junction",
                "destination_city_name": "dhaka",
                "seat_types": [
                    {
                        "key": 7,
                        "type": "S_CHAIR",
                        "trip_id": 8447225,
                        "trip_route_id": 53842278,
                        "route_id": 26982,
                        "fare": "260.00",
                        "vat_percent": 0,
                        "vat_amount": 0,
                        "origin_city_seq": 5,
                        "destination_city_seq": 6,
                        "seat_counts": {
                            "online": 19,
                            "offline": 18,
                            "is_divided": true
                        }
                    },
                    {
                        "key": 3,
                        "type": "SNIGDHA",
                        "trip_id": 8447226,
                        "trip_route_id": 53842289,
                        "route_id": 26982,
                        "fare": "435.00",
                        "vat_percent": 15,
                        "vat_amount": 66,
                        "origin_city_seq": 5,
                        "destination_city_seq": 6,
                        "seat_counts": {
                            "online": 0,
                            "offline": 0,
                            "is_divided": true
                        }
                    },
                    {
                        "key": 2,
                        "type": "AC_S",
                        "trip_id": 8447227,
                        "trip_route_id": 53842297,
                        "route_id": 26982,
                        "fare": "520.00",
                        "vat_percent": 15,
                        "vat_amount": 78,
                        "origin_city_seq": 5,
                        "destination_city_seq": 6,
                        "seat_counts": {
                            "online": 0,
                            "offline": 0,
                            "is_divided": true
                        }
                    }
                ],
                "train_model": "827",
                "is_open_for_all": true,
                "is_eid_trip": 0,
                "parent_route": {
                    "origin_city_name": "benapole",
                    "destination_city_name": "dhaka",
                    "departure_date": "2025-07-04",
                    "departure_time": "15:25:00",
                    "arrival_date": "2025-07-04",
                    "arrival_time": "19:00:00"
                },
                "boarding_points": [
                    {
                        "trip_point_id": 108479186,
                        "location_id": 2943,
                        "location_name": "Bhanga_Junction Station",
                        "location_time": "05:47 PM",
                        "location_date": "04 Jul 2025"
                    }
                ],
                "is_international": 0,
                "is_from_city_international": false
            }
        ],
        "recommendations": [],
        "selected_seat_class": "S_CHAIR"
    },
    "extra": {
        "hash": "2E1B68AB3FFC1C6C577E36F562130B61"
    }
}