{
    "data": {
        "trains": [
            {
                "trip_number": "MADHUMATI EXPRESS (755)",
                "departure_date_time": "04 Jul, 04:30 pm",
                "departure_full_date": "2025-07-04",
                "departure_date_time_jd": "Fri, 04 Jul 2025, 04:30 PM",
                "arrival_date_time": "04 Jul, 10:30 pm",
                "travel_time": "06h 00m",
                "origin_city_name": "bhanga",
                "destination_city_name": "rajshahi",
                "seat_types": [
                    {
                        "key": 7,
                        "type": "S_CHAIR",
                        "trip_id": 8447277,
                        "trip_route_id": 53843483,
                        "route_id": 25786,
                        "fare": "320.00",
                        "vat_percent": 0,
                        "vat_amount": 0,
                        "origin_city_seq": 5,
                        "destination_city_seq": 22,
                        "seat_counts": {
                            "online": 10,
                            "offline": 10,
                            "is_divided": true
                        }
                    }
                ],
                "train_model": "755",
                "is_open_for_all": true,
                "is_eid_trip": 0,
                "parent_route": {
                    "origin_city_name": "dhaka",
                    "destination_city_name": "rajshahi",
                    "departure_date": "2025-07-04",
                    "departure_time": "15:00:00",
                    "arrival_date": "2025-07-04",
                    "arrival_time": "22:30:00"
                },
                "boarding_points": [
                    {
                        "trip_point_id": 108480001,
                        "location_id": 2752,
                        "location_name": "Bhanga Station",
                        "location_time": "04:30 PM",
                        "location_date": "04 Jul 2025"
                    }
                ],
                "is_international": 0,
                "is_from_city_international": false
            }
        ],
        "recommendations": [],
        "selected_seat_class": "S_CHAIR"
    },
    "extra": {
        "hash": "2E1B68AB3FFC1C6C577E36F562130B61"
    }
}