{
    "data": {
        "trains": [
            {
                "trip_number": "CHITRA EXPRESS (763)",
                "departure_date_time": "04 Jul, 12:55 pm",
                "departure_full_date": "2025-07-04",
                "departure_date_time_jd": "Fri, 04 Jul 2025, 12:55 PM",
                "arrival_date_time": "04 Jul, 01:15 pm",
                "travel_time": "00h 20m",
                "origin_city_name": "bheramara",
                "destination_city_name": "ishwardi",
                "seat_types": [
                    {
                        "key": 3,
                        "type": "SNIGDHA",
                        "trip_id": 8447296,
                        "trip_route_id": 53844217,
                        "route_id": 25093,
                        "fare": "115.00",
                        "vat_percent": 15,
                        "vat_amount": 18,
                        "origin_city_seq": 12,
                        "destination_city_seq": 13,
                        "seat_counts": {
                            "online": 0,
                            "offline": 0,
                            "is_divided": true
                        }
                    },
                    {
                        "key": 7,
                        "type": "S_CHAIR",
                        "trip_id": 8447299,
                        "trip_route_id": 53844444,
                        "route_id": 25093,
                        "fare": "70.00",
                        "vat_percent": 0,
                        "vat_amount": 0,
                        "origin_city_seq": 12,
                        "destination_city_seq": 13,
                        "seat_counts": {
                            "online": 0,
                            "offline": 0,
                            "is_divided": true
                        }
                    }
                ],
                "train_model": "763",
                "is_open_for_all": true,
                "is_eid_trip": 0,
                "parent_route": {
                    "origin_city_name": "khulna",
                    "destination_city_name": "dhaka",
                    "departure_date": "2025-07-04",
                    "departure_time": "09:00:00",
                    "arrival_date": "2025-07-04",
                    "arrival_time": "18:05:00"
                },
                "boarding_points": [
                    {
                        "trip_point_id": 108480409,
                        "location_id": 2779,
                        "location_name": "Bheramara Station",
                        "location_time": "12:55 PM",
                        "location_date": "04 Jul 2025"
                    }
                ],
                "is_international": 0,
                "is_from_city_international": false
            },
            {
                "trip_number": "SAGARDARI EXPRESS (761)",
                "departure_date_time": "04 Jul, 07:47 pm",
                "departure_full_date": "2025-07-04",
                "departure_date_time_jd": "Fri, 04 Jul 2025, 07:47 PM",
                "arrival_date_time": "04 Jul, 08:10 pm",
                "travel_time": "00h 23m",
                "origin_city_name": "bheramara",
                "destination_city_name": "ishwardi",
                "seat_types": [
                    {
                        "key": 7,
                        "type": "S_CHAIR",
                        "trip_id": 8447054,
                        "trip_route_id": 53837487,
                        "route_id": 21448,
                        "fare": "70.00",
                        "vat_percent": 0,
                        "vat_amount": 0,
                        "origin_city_seq": 12,
                        "destination_city_seq": 14,
                        "seat_counts": {
                            "online": 0,
                            "offline": 0,
                            "is_divided": true
                        }
                    }
                ],
                "train_model": "761",
                "is_open_for_all": true,
                "is_eid_trip": 0,
                "parent_route": {
                    "origin_city_name": "khulna",
                    "destination_city_name": "rajshahi",
                    "departure_date": "2025-07-04",
                    "departure_time": "16:00:00",
                    "arrival_date": "2025-07-04",
                    "arrival_time": "22:00:00"
                },
                "boarding_points": [
                    {
                        "trip_point_id": 108476186,
                        "location_id": 2779,
                        "location_name": "Bheramara Station",
                        "location_time": "07:47 PM",
                        "location_date": "04 Jul 2025"
                    }
                ],
                "is_international": 0,
                "is_from_city_international": false
            },
            {
                "trip_number": "MADHUMATI EXPRESS (755)",
                "departure_date_time": "04 Jul, 08:35 pm",
                "departure_full_date": "2025-07-04",
                "departure_date_time_jd": "Fri, 04 Jul 2025, 08:35 PM",
                "arrival_date_time": "04 Jul, 09:05 pm",
                "travel_time": "00h 30m",
                "origin_city_name": "bheramara",
                "destination_city_name": "ishwardi",
                "seat_types": [
                    {
                        "key": 7,
                        "type": "S_CHAIR",
                        "trip_id": 8447277,
                        "trip_route_id": 53843479,
                        "route_id": 25824,
                        "fare": "70.00",
                        "vat_percent": 0,
                        "vat_amount": 0,
                        "origin_city_seq": 19,
                        "destination_city_seq": 21,
                        "seat_counts": {
                            "online": 10,
                            "offline": 10,
                            "is_divided": true
                        }
                    }
                ],
                "train_model": "755",
                "is_open_for_all": true,
                "is_eid_trip": 0,
                "parent_route": {
                    "origin_city_name": "dhaka",
                    "destination_city_name": "rajshahi",
                    "departure_date": "2025-07-04",
                    "departure_time": "15:00:00",
                    "arrival_date": "2025-07-04",
                    "arrival_time": "22:30:00"
                },
                "boarding_points": [
                    {
                        "trip_point_id": 108479992,
                        "location_id": 2779,
                        "location_name": "Bheramara Station",
                        "location_time": "08:35 PM",
                        "location_date": "04 Jul 2025"
                    }
                ],
                "is_international": 0,
                "is_from_city_international": false
            }
        ],
        "recommendations": [],
        "selected_seat_class": "S_CHAIR"
    },
    "extra": {
        "hash": "2E1B68AB3FFC1C6C577E36F562130B61"
    }
}