{
    "data": {
        "trains": [
            {
                "trip_number": "SIMANTA EXPRESS (748)",
                "departure_date_time": "04 Jul, 12:03 am",
                "departure_full_date": "2025-07-04",
                "departure_date_time_jd": "Fri, 04 Jul 2025, 12:03 AM",
                "arrival_date_time": "04 Jul, 02:41 am",
                "travel_time": "02h 38m",
                "origin_city_name": "bheramara",
                "destination_city_name": "jashore",
                "seat_types": [
                    {
                        "key": 7,
                        "type": "S_CHAIR",
                        "trip_id": 8446641,
                        "trip_route_id": 53822422,
                        "route_id": 20122,
                        "fare": "155.00",
                        "vat_percent": 0,
                        "vat_amount": 0,
                        "origin_city_seq": 15,
                        "destination_city_seq": 22,
                        "seat_counts": {
                            "online": 3,
                            "offline": 2,
                            "is_divided": true
                        }
                    },
                    {
                        "key": 3,
                        "type": "SNIGDHA",
                        "trip_id": 8446668,
                        "trip_route_id": 53823791,
                        "route_id": 20122,
                        "fare": "260.00",
                        "vat_percent": 15,
                        "vat_amount": 39,
                        "origin_city_seq": 15,
                        "destination_city_seq": 22,
                        "seat_counts": {
                            "online": 0,
                            "offline": 0,
                            "is_divided": true
                        }
                    }
                ],
                "train_model": "748",
                "is_open_for_all": true,
                "is_eid_trip": 0,
                "parent_route": {
                    "origin_city_name": "chilahati",
                    "destination_city_name": "khulna",
                    "departure_date": "2025-07-03",
                    "departure_time": "18:30:00",
                    "arrival_date": "2025-07-04",
                    "arrival_time": "04:10:00"
                },
                "boarding_points": [
                    {
                        "trip_point_id": 108467673,
                        "location_id": 2779,
                        "location_name": "Bheramara Station",
                        "location_time": "12:03 AM",
                        "location_date": "04 Jul 2025"
                    }
                ],
                "is_international": 0,
                "is_from_city_international": false
            },
            {
                "trip_number": "CHITRA EXPRESS (764)",
                "departure_date_time": "04 Jul, 12:28 am",
                "departure_full_date": "2025-07-04",
                "departure_date_time_jd": "Fri, 04 Jul 2025, 12:28 AM",
                "arrival_date_time": "04 Jul, 03:07 am",
                "travel_time": "02h 39m",
                "origin_city_name": "bheramara",
                "destination_city_name": "jashore",
                "seat_types": [
                    {
                        "key": 3,
                        "type": "SNIGDHA",
                        "trip_id": 8446934,
                        "trip_route_id": 53831819,
                        "route_id": 20647,
                        "fare": "260.00",
                        "vat_percent": 15,
                        "vat_amount": 39,
                        "origin_city_seq": 13,
                        "destination_city_seq": 21,
                        "seat_counts": {
                            "online": 3,
                            "offline": 2,
                            "is_divided": true
                        }
                    },
                    {
                        "key": 1,
                        "type": "AC_B",
                        "trip_id": 8446937,
                        "trip_route_id": 53832041,
                        "route_id": 20647,
                        "fare": "465.00",
                        "vat_percent": 15,
                        "vat_amount": 70,
                        "origin_city_seq": 13,
                        "destination_city_seq": 21,
                        "seat_counts": {
                            "online": 0,
                            "offline": 0,
                            "is_divided": true
                        }
                    },
                    {
                        "key": 7,
                        "type": "S_CHAIR",
                        "trip_id": 8446938,
                        "trip_route_id": 53832110,
                        "route_id": 20647,
                        "fare": "155.00",
                        "vat_percent": 0,
                        "vat_amount": 0,
                        "origin_city_seq": 13,
                        "destination_city_seq": 21,
                        "seat_counts": {
                            "online": 3,
                            "offline": 2,
                            "is_divided": true
                        }
                    }
                ],
                "train_model": "764",
                "is_open_for_all": true,
                "is_eid_trip": 0,
                "parent_route": {
                    "origin_city_name": "dhaka",
                    "destination_city_name": "khulna",
                    "departure_date": "2025-07-03",
                    "departure_time": "19:30:00",
                    "arrival_date": "2025-07-04",
                    "arrival_time": "04:40:00"
                },
                "boarding_points": [
                    {
                        "trip_point_id": 108473355,
                        "location_id": 2779,
                        "location_name": "Bheramara Station",
                        "location_time": "12:28 AM",
                        "location_date": "04 Jul 2025"
                    }
                ],
                "is_international": 0,
                "is_from_city_international": false
            },
            {
                "trip_number": "SAGARDARI EXPRESS (762)",
                "departure_date_time": "04 Jul, 07:57 am",
                "departure_full_date": "2025-07-04",
                "departure_date_time_jd": "Fri, 04 Jul 2025, 07:57 AM",
                "arrival_date_time": "04 Jul, 10:35 am",
                "travel_time": "02h 38m",
                "origin_city_name": "bheramara",
                "destination_city_name": "jashore",
                "seat_types": [
                    {
                        "key": 7,
                        "type": "S_CHAIR",
                        "trip_id": 8447055,
                        "trip_route_id": 53837551,
                        "route_id": 21490,
                        "fare": "155.00",
                        "vat_percent": 0,
                        "vat_amount": 0,
                        "origin_city_seq": 6,
                        "destination_city_seq": 15,
                        "seat_counts": {
                            "online": 5,
                            "offline": 5,
                            "is_divided": true
                        }
                    }
                ],
                "train_model": "762",
                "is_open_for_all": true,
                "is_eid_trip": 0,
                "parent_route": {
                    "origin_city_name": "rajshahi",
                    "destination_city_name": "khulna",
                    "departure_date": "2025-07-04",
                    "departure_time": "06:00:00",
                    "arrival_date": "2025-07-04",
                    "arrival_time": "12:10:00"
                },
                "boarding_points": [
                    {
                        "trip_point_id": 108476218,
                        "location_id": 2779,
                        "location_name": "Bheramara Station",
                        "location_time": "07:57 AM",
                        "location_date": "04 Jul 2025"
                    }
                ],
                "is_international": 0,
                "is_from_city_international": false
            },
            {
                "trip_number": "RUPSHA EXPRESS (728)",
                "departure_date_time": "04 Jul, 02:27 pm",
                "departure_full_date": "2025-07-04",
                "departure_date_time_jd": "Fri, 04 Jul 2025, 02:27 PM",
                "arrival_date_time": "04 Jul, 04:58 pm",
                "travel_time": "02h 31m",
                "origin_city_name": "bheramara",
                "destination_city_name": "jashore",
                "seat_types": [
                    {
                        "key": 2,
                        "type": "AC_S",
                        "trip_id": 8447040,
                        "trip_route_id": 53836133,
                        "route_id": 20122,
                        "fare": "310.00",
                        "vat_percent": 15,
                        "vat_amount": 47,
                        "origin_city_seq": 15,
                        "destination_city_seq": 22,
                        "seat_counts": {
                            "online": 0,
                            "offline": 0,
                            "is_divided": true
                        }
                    },
                    {
                        "key": 3,
                        "type": "SNIGDHA",
                        "trip_id": 8447046,
                        "trip_route_id": 53836813,
                        "route_id": 20122,
                        "fare": "260.00",
                        "vat_percent": 15,
                        "vat_amount": 39,
                        "origin_city_seq": 15,
                        "destination_city_seq": 22,
                        "seat_counts": {
                            "online": 0,
                            "offline": 0,
                            "is_divided": true
                        }
                    },
                    {
                        "key": 7,
                        "type": "S_CHAIR",
                        "trip_id": 8447047,
                        "trip_route_id": 53836983,
                        "route_id": 20122,
                        "fare": "155.00",
                        "vat_percent": 0,
                        "vat_amount": 0,
                        "origin_city_seq": 15,
                        "destination_city_seq": 22,
                        "seat_counts": {
                            "online": 3,
                            "offline": 2,
                            "is_divided": true
                        }
                    }
                ],
                "train_model": "728",
                "is_open_for_all": true,
                "is_eid_trip": 0,
                "parent_route": {
                    "origin_city_name": "chilahati",
                    "destination_city_name": "khulna",
                    "departure_date": "2025-07-04",
                    "departure_time": "08:30:00",
                    "arrival_date": "2025-07-04",
                    "arrival_time": "18:25:00"
                },
                "boarding_points": [
                    {
                        "trip_point_id": 108475603,
                        "location_id": 2779,
                        "location_name": "Bheramara Station",
                        "location_time": "02:27 PM",
                        "location_date": "04 Jul 2025"
                    }
                ],
                "is_international": 0,
                "is_from_city_international": false
            }
        ],
        "recommendations": [],
        "selected_seat_class": "S_CHAIR"
    },
    "extra": {
        "hash": "2E1B68AB3FFC1C6C577E36F562130B61"
    }
}