{
    "data": {
        "trains": [
            {
                "trip_number": "TUNGIPARA EXPRESS (784)",
                "departure_date_time": "04 Jul, 05:03 pm",
                "departure_full_date": "2025-07-04",
                "departure_date_time_jd": "Fri, 04 Jul 2025, 05:03 PM",
                "arrival_date_time": "04 Jul, 07:10 pm",
                "travel_time": "02h 07m",
                "origin_city_name": "bheramara",
                "destination_city_name": "kalukhali",
                "seat_types": [
                    {
                        "key": 8,
                        "type": "SHOVAN",
                        "trip_id": 8447217,
                        "trip_route_id": 53842073,
                        "route_id": 21958,
                        "fare": "75.00",
                        "vat_percent": 0,
                        "vat_amount": 0,
                        "origin_city_seq": 3,
                        "destination_city_seq": 9,
                        "seat_counts": {
                            "online": 0,
                            "offline": 0,
                            "is_divided": true
                        }
                    },
                    {
                        "key": 7,
                        "type": "S_CHAIR",
                        "trip_id": 8447218,
                        "trip_route_id": 53842153,
                        "route_id": 21958,
                        "fare": "90.00",
                        "vat_percent": 0,
                        "vat_amount": 0,
                        "origin_city_seq": 3,
                        "destination_city_seq": 9,
                        "seat_counts": {
                            "online": 0,
                            "offline": 0,
                            "is_divided": true
                        }
                    }
                ],
                "train_model": "784",
                "is_open_for_all": true,
                "is_eid_trip": 0,
                "parent_route": {
                    "origin_city_name": "rajshahi",
                    "destination_city_name": "gobra",
                    "departure_date": "2025-07-04",
                    "departure_time": "15:30:00",
                    "arrival_date": "2025-07-04",
                    "arrival_time": "22:10:00"
                },
                "boarding_points": [
                    {
                        "trip_point_id": 108479067,
                        "location_id": 2779,
                        "location_name": "Bheramara Station",
                        "location_time": "05:03 PM",
                        "location_date": "04 Jul 2025"
                    }
                ],
                "is_international": 0,
                "is_from_city_international": false
            }
        ],
        "recommendations": [
            {
                "origin": "Poradaha",
                "destination": "Kalukhali"
            },
            {
                "origin": "Bheramara",
                "destination": "Pangsha"
            }
        ],
        "selected_seat_class": "S_CHAIR"
    },
    "extra": {
        "hash": "2E1B68AB3FFC1C6C577E36F562130B61"
    }
}