{
    "data": {
        "trains": [
            {
                "trip_number": "SAGARDARI EXPRESS (761)",
                "departure_date_time": "04 Jul, 07:47 pm",
                "departure_full_date": "2025-07-04",
                "departure_date_time_jd": "Fri, 04 Jul 2025, 07:47 PM",
                "arrival_date_time": "04 Jul, 08:43 pm",
                "travel_time": "00h 56m",
                "origin_city_name": "bheramara",
                "destination_city_name": "azim nagar",
                "seat_types": [
                    {
                        "key": 7,
                        "type": "S_CHAIR",
                        "trip_id": 8447054,
                        "trip_route_id": 53837490,
                        "route_id": 21449,
                        "fare": "85.00",
                        "vat_percent": 0,
                        "vat_amount": 0,
                        "origin_city_seq": 12,
                        "destination_city_seq": 15,
                        "seat_counts": {
                            "online": 0,
                            "offline": 0,
                            "is_divided": true
                        }
                    }
                ],
                "train_model": "761",
                "is_open_for_all": true,
                "is_eid_trip": 0,
                "parent_route": {
                    "origin_city_name": "khulna",
                    "destination_city_name": "rajshahi",
                    "departure_date": "2025-07-04",
                    "departure_time": "16:00:00",
                    "arrival_date": "2025-07-04",
                    "arrival_time": "22:00:00"
                },
                "boarding_points": [
                    {
                        "trip_point_id": 108476186,
                        "location_id": 2779,
                        "location_name": "Bheramara Station",
                        "location_time": "07:47 PM",
                        "location_date": "04 Jul 2025"
                    }
                ],
                "is_international": 0,
                "is_from_city_international": false
            }
        ],
        "recommendations": [
            {
                "origin": "Paksey",
                "destination": "Azim nagar"
            },
            {
                "origin": "Bheramara",
                "destination": "Ishwardi"
            }
        ],
        "selected_seat_class": "S_CHAIR"
    },
    "extra": {
        "hash": "2E1B68AB3FFC1C6C577E36F562130B61"
    }
}