{
    "data": {
        "trains": [
            {
                "trip_number": "SIMANTA EXPRESS (747)",
                "departure_date_time": "04 Jul, 12:57 am",
                "departure_full_date": "2025-07-04",
                "departure_date_time_jd": "Fri, 04 Jul 2025, 12:57 AM",
                "arrival_date_time": "04 Jul, 04:50 am",
                "travel_time": "03h 53m",
                "origin_city_name": "bheramara",
                "destination_city_name": "parbatipur",
                "seat_types": [
                    {
                        "key": 7,
                        "type": "S_CHAIR",
                        "trip_id": 8446640,
                        "trip_route_id": 53822284,
                        "route_id": 23360,
                        "fare": "275.00",
                        "vat_percent": 0,
                        "vat_amount": 0,
                        "origin_city_seq": 11,
                        "destination_city_seq": 21,
                        "seat_counts": {
                            "online": 3,
                            "offline": 2,
                            "is_divided": true
                        }
                    }
                ],
                "train_model": "747",
                "is_open_for_all": true,
                "is_eid_trip": 0,
                "parent_route": {
                    "origin_city_name": "khulna",
                    "destination_city_name": "chilahati",
                    "departure_date": "2025-07-03",
                    "departure_time": "21:15:00",
                    "arrival_date": "2025-07-04",
                    "arrival_time": "06:45:00"
                },
                "boarding_points": [
                    {
                        "trip_point_id": 108467629,
                        "location_id": 2779,
                        "location_name": "Bheramara Station",
                        "location_time": "12:57 AM",
                        "location_date": "04 Jul 2025"
                    }
                ],
                "is_international": 0,
                "is_from_city_international": false
            },
            {
                "trip_number": "RUPSHA EXPRESS (727)",
                "departure_date_time": "04 Jul, 11:02 am",
                "departure_full_date": "2025-07-04",
                "departure_date_time_jd": "Fri, 04 Jul 2025, 11:02 AM",
                "arrival_date_time": "04 Jul, 03:10 pm",
                "travel_time": "04h 08m",
                "origin_city_name": "bheramara",
                "destination_city_name": "parbatipur",
                "seat_types": [
                    {
                        "key": 7,
                        "type": "S_CHAIR",
                        "trip_id": 8447045,
                        "trip_route_id": 53836640,
                        "route_id": 23360,
                        "fare": "275.00",
                        "vat_percent": 0,
                        "vat_amount": 0,
                        "origin_city_seq": 11,
                        "destination_city_seq": 21,
                        "seat_counts": {
                            "online": 3,
                            "offline": 2,
                            "is_divided": true
                        }
                    }
                ],
                "train_model": "727",
                "is_open_for_all": true,
                "is_eid_trip": 0,
                "parent_route": {
                    "origin_city_name": "khulna",
                    "destination_city_name": "chilahati",
                    "departure_date": "2025-07-04",
                    "departure_time": "07:15:00",
                    "arrival_date": "2025-07-04",
                    "arrival_time": "17:00:00"
                },
                "boarding_points": [
                    {
                        "trip_point_id": 108475824,
                        "location_id": 2779,
                        "location_name": "Bheramara Station",
                        "location_time": "11:02 AM",
                        "location_date": "04 Jul 2025"
                    }
                ],
                "is_international": 0,
                "is_from_city_international": false
            }
        ],
        "recommendations": [],
        "selected_seat_class": "S_CHAIR"
    },
    "extra": {
        "hash": "2E1B68AB3FFC1C6C577E36F562130B61"
    }
}