{
    "data": {
        "trains": [
            {
                "trip_number": "JAMUNA EXPRESS (746)",
                "departure_date_time": "04 Jul, 04:03 am",
                "departure_full_date": "2025-07-04",
                "departure_date_time_jd": "Fri, 04 Jul 2025, 04:03 AM",
                "arrival_date_time": "04 Jul, 08:00 am",
                "travel_time": "03h 57m",
                "origin_city_name": "bidyaganj",
                "destination_city_name": "dhaka",
                "seat_types": [
                    {
                        "key": 8,
                        "type": "SHOVAN",
                        "trip_id": 8447156,
                        "trip_route_id": 53840467,
                        "route_id": 23266,
                        "fare": "140.00",
                        "vat_percent": 0,
                        "vat_amount": 0,
                        "origin_city_seq": 7,
                        "destination_city_seq": 14,
                        "seat_counts": {
                            "online": 3,
                            "offline": 2,
                            "is_divided": true
                        }
                    }
                ],
                "train_model": "746",
                "is_open_for_all": true,
                "is_eid_trip": 0,
                "parent_route": {
                    "origin_city_name": "tarakandi",
                    "destination_city_name": "dhaka",
                    "departure_date": "2025-07-04",
                    "departure_time": "02:00:00",
                    "arrival_date": "2025-07-04",
                    "arrival_time": "08:00:00"
                },
                "boarding_points": [
                    {
                        "trip_point_id": 108478054,
                        "location_id": 2949,
                        "location_name": "Bidyaganj Station",
                        "location_time": "04:03 AM",
                        "location_date": "04 Jul 2025"
                    }
                ],
                "is_international": 0,
                "is_from_city_international": false
            },
            {
                "trip_number": "JAMALPUR EXPRESS (800)",
                "departure_date_time": "04 Jul, 08:13 pm",
                "departure_full_date": "2025-07-04",
                "departure_date_time_jd": "Fri, 04 Jul 2025, 08:13 PM",
                "arrival_date_time": "04 Jul, 11:55 pm",
                "travel_time": "03h 42m",
                "origin_city_name": "bidyaganj",
                "destination_city_name": "dhaka",
                "seat_types": [
                    {
                        "key": 7,
                        "type": "S_CHAIR",
                        "trip_id": 8447313,
                        "trip_route_id": 53844981,
                        "route_id": 24237,
                        "fare": "165.00",
                        "vat_percent": 0,
                        "vat_amount": 0,
                        "origin_city_seq": 10,
                        "destination_city_seq": 14,
                        "seat_counts": {
                            "online": 3,
                            "offline": 2,
                            "is_divided": true
                        }
                    }
                ],
                "train_model": "800",
                "is_open_for_all": true,
                "is_eid_trip": 0,
                "parent_route": {
                    "origin_city_name": "bhuapur",
                    "destination_city_name": "dhaka",
                    "departure_date": "2025-07-04",
                    "departure_time": "17:15:00",
                    "arrival_date": "2025-07-04",
                    "arrival_time": "23:55:00"
                },
                "boarding_points": [
                    {
                        "trip_point_id": 108480884,
                        "location_id": 2949,
                        "location_name": "Bidyaganj Station",
                        "location_time": "08:13 PM",
                        "location_date": "04 Jul 2025"
                    }
                ],
                "is_international": 0,
                "is_from_city_international": false
            }
        ],
        "recommendations": [],
        "selected_seat_class": "S_CHAIR"
    },
    "extra": {
        "hash": "2E1B68AB3FFC1C6C577E36F562130B61"
    }
}