{
    "data": {
        "trains": [
            {
                "trip_number": "TISTA EXPRESS (707)",
                "departure_date_time": "04 Jul, 07:30 am",
                "departure_full_date": "2025-07-04",
                "departure_date_time_jd": "Fri, 04 Jul 2025, 07:30 AM",
                "arrival_date_time": "04 Jul, 09:44 am",
                "travel_time": "02h 14m",
                "origin_city_name": "dhaka",
                "destination_city_name": "gafargaon",
                "seat_types": [
                    {
                        "key": 2,
                        "type": "AC_S",
                        "trip_id": 8447080,
                        "trip_route_id": 53838151,
                        "route_id": 22066,
                        "fare": "205.00",
                        "vat_percent": 15,
                        "vat_amount": 31,
                        "origin_city_seq": 1,
                        "destination_city_seq": 4,
                        "seat_counts": {
                            "online": 0,
                            "offline": 0,
                            "is_divided": true
                        }
                    },
                    {
                        "key": 5,
                        "type": "F_SEAT",
                        "trip_id": 8447081,
                        "trip_route_id": 53838180,
                        "route_id": 22066,
                        "fare": "135.00",
                        "vat_percent": 15,
                        "vat_amount": 21,
                        "origin_city_seq": 1,
                        "destination_city_seq": 4,
                        "seat_counts": {
                            "online": 0,
                            "offline": 0,
                            "is_divided": true
                        }
                    },
                    {
                        "key": 3,
                        "type": "SNIGDHA",
                        "trip_id": 8447083,
                        "trip_route_id": 53838238,
                        "route_id": 22066,
                        "fare": "170.00",
                        "vat_percent": 15,
                        "vat_amount": 26,
                        "origin_city_seq": 1,
                        "destination_city_seq": 4,
                        "seat_counts": {
                            "online": 0,
                            "offline": 0,
                            "is_divided": true
                        }
                    }
                ],
                "train_model": "707",
                "is_open_for_all": true,
                "is_eid_trip": 0,
                "parent_route": {
                    "origin_city_name": "dhaka",
                    "destination_city_name": "dewanganj_bazar",
                    "departure_date": "2025-07-04",
                    "departure_time": "07:30:00",
                    "arrival_date": "2025-07-04",
                    "arrival_time": "12:50:00"
                },
                "boarding_points": [
                    {
                        "trip_point_id": 108476593,
                        "location_id": 2719,
                        "location_name": "Kamalapur Station",
                        "location_time": "07:30 AM",
                        "location_date": "04 Jul 2025"
                    }
                ],
                "is_international": 0,
                "is_from_city_international": false
            },
            {
                "trip_number": "TISTA EXPRESS (707)",
                "departure_date_time": "04 Jul, 07:58 am",
                "departure_full_date": "2025-07-04",
                "departure_date_time_jd": "Fri, 04 Jul 2025, 07:58 AM",
                "arrival_date_time": "04 Jul, 09:44 am",
                "travel_time": "01h 46m",
                "origin_city_name": "biman_bandar",
                "destination_city_name": "gafargaon",
                "seat_types": [
                    {
                        "key": 7,
                        "type": "S_CHAIR",
                        "trip_id": 8447082,
                        "trip_route_id": 53838220,
                        "route_id": 22072,
                        "fare": "105.00",
                        "vat_percent": 0,
                        "vat_amount": 0,
                        "origin_city_seq": 2,
                        "destination_city_seq": 4,
                        "seat_counts": {
                            "online": 5,
                            "offline": 4,
                            "is_divided": true
                        }
                    }
                ],
                "train_model": "707",
                "is_open_for_all": true,
                "is_eid_trip": 0,
                "parent_route": {
                    "origin_city_name": "dhaka",
                    "destination_city_name": "dewanganj_bazar",
                    "departure_date": "2025-07-04",
                    "departure_time": "07:30:00",
                    "arrival_date": "2025-07-04",
                    "arrival_time": "12:50:00"
                },
                "boarding_points": [
                    {
                        "trip_point_id": 108476631,
                        "location_id": 2702,
                        "location_name": "Biman_Bandar Station",
                        "location_time": "07:58 AM",
                        "location_date": "04 Jul 2025"
                    }
                ],
                "is_international": 0,
                "is_from_city_international": false
            },
            {
                "trip_number": "JAMALPUR EXPRESS (799)",
                "departure_date_time": "04 Jul, 10:00 am",
                "departure_full_date": "2025-07-04",
                "departure_date_time_jd": "Fri, 04 Jul 2025, 10:00 AM",
                "arrival_date_time": "04 Jul, 12:14 pm",
                "travel_time": "02h 14m",
                "origin_city_name": "dhaka",
                "destination_city_name": "gafargaon",
                "seat_types": [
                    {
                        "key": 7,
                        "type": "S_CHAIR",
                        "trip_id": 8447311,
                        "trip_route_id": 53844907,
                        "route_id": 24103,
                        "fare": "105.00",
                        "vat_percent": 0,
                        "vat_amount": 0,
                        "origin_city_seq": 1,
                        "destination_city_seq": 4,
                        "seat_counts": {
                            "online": 3,
                            "offline": 2,
                            "is_divided": true
                        }
                    }
                ],
                "train_model": "799",
                "is_open_for_all": true,
                "is_eid_trip": 0,
                "parent_route": {
                    "origin_city_name": "dhaka",
                    "destination_city_name": "bhuapur",
                    "departure_date": "2025-07-04",
                    "departure_time": "10:00:00",
                    "arrival_date": "2025-07-04",
                    "arrival_time": "16:45:00"
                },
                "boarding_points": [
                    {
                        "trip_point_id": 108480823,
                        "location_id": 2719,
                        "location_name": "Kamalapur Station",
                        "location_time": "10:00 AM",
                        "location_date": "04 Jul 2025"
                    }
                ],
                "is_international": 0,
                "is_from_city_international": false
            },
            {
                "trip_number": "AGHNIBINA EXPRESS (735)",
                "departure_date_time": "04 Jul, 11:30 am",
                "departure_full_date": "2025-07-04",
                "departure_date_time_jd": "Fri, 04 Jul 2025, 11:30 AM",
                "arrival_date_time": "04 Jul, 01:45 pm",
                "travel_time": "02h 15m",
                "origin_city_name": "dhaka",
                "destination_city_name": "gafargaon",
                "seat_types": [
                    {
                        "key": 8,
                        "type": "SHOVAN",
                        "trip_id": 8447118,
                        "trip_route_id": 53839605,
                        "route_id": 22680,
                        "fare": "85.00",
                        "vat_percent": 0,
                        "vat_amount": 0,
                        "origin_city_seq": 1,
                        "destination_city_seq": 3,
                        "seat_counts": {
                            "online": 27,
                            "offline": 26,
                            "is_divided": true
                        }
                    }
                ],
                "train_model": "735",
                "is_open_for_all": true,
                "is_eid_trip": 0,
                "parent_route": {
                    "origin_city_name": "dhaka",
                    "destination_city_name": "tarakandi",
                    "departure_date": "2025-07-04",
                    "departure_time": "11:30:00",
                    "arrival_date": "2025-07-04",
                    "arrival_time": "17:00:00"
                },
                "boarding_points": [
                    {
                        "trip_point_id": 108477413,
                        "location_id": 2719,
                        "location_name": "Kamalapur Station",
                        "location_time": "11:30 AM",
                        "location_date": "04 Jul 2025"
                    }
                ],
                "is_international": 0,
                "is_from_city_international": false
            },
            {
                "trip_number": "JAMUNA EXPRESS (745)",
                "departure_date_time": "04 Jul, 04:45 pm",
                "departure_full_date": "2025-07-04",
                "departure_date_time_jd": "Fri, 04 Jul 2025, 04:45 PM",
                "arrival_date_time": "04 Jul, 07:22 pm",
                "travel_time": "02h 37m",
                "origin_city_name": "dhaka",
                "destination_city_name": "gafargaon",
                "seat_types": [
                    {
                        "key": 8,
                        "type": "SHOVAN",
                        "trip_id": 8447152,
                        "trip_route_id": 53840337,
                        "route_id": 23217,
                        "fare": "85.00",
                        "vat_percent": 0,
                        "vat_amount": 0,
                        "origin_city_seq": 1,
                        "destination_city_seq": 6,
                        "seat_counts": {
                            "online": 15,
                            "offline": 15,
                            "is_divided": true
                        }
                    },
                    {
                        "key": 7,
                        "type": "S_CHAIR",
                        "trip_id": 8447153,
                        "trip_route_id": 53840374,
                        "route_id": 23217,
                        "fare": "105.00",
                        "vat_percent": 0,
                        "vat_amount": 0,
                        "origin_city_seq": 1,
                        "destination_city_seq": 6,
                        "seat_counts": {
                            "online": 1,
                            "offline": 0,
                            "is_divided": true
                        }
                    },
                    {
                        "key": 6,
                        "type": "F_CHAIR",
                        "trip_id": 8447154,
                        "trip_route_id": 53840399,
                        "route_id": 23217,
                        "fare": "135.00",
                        "vat_percent": 15,
                        "vat_amount": 21,
                        "origin_city_seq": 1,
                        "destination_city_seq": 6,
                        "seat_counts": {
                            "online": 0,
                            "offline": 0,
                            "is_divided": true
                        }
                    },
                    {
                        "key": 5,
                        "type": "F_SEAT",
                        "trip_id": 8447155,
                        "trip_route_id": 53840419,
                        "route_id": 23217,
                        "fare": "135.00",
                        "vat_percent": 15,
                        "vat_amount": 21,
                        "origin_city_seq": 1,
                        "destination_city_seq": 6,
                        "seat_counts": {
                            "online": 0,
                            "offline": 0,
                            "is_divided": true
                        }
                    }
                ],
                "train_model": "745",
                "is_open_for_all": true,
                "is_eid_trip": 0,
                "parent_route": {
                    "origin_city_name": "dhaka",
                    "destination_city_name": "tarakandi",
                    "departure_date": "2025-07-04",
                    "departure_time": "16:45:00",
                    "arrival_date": "2025-07-04",
                    "arrival_time": "23:30:00"
                },
                "boarding_points": [
                    {
                        "trip_point_id": 108477969,
                        "location_id": 2719,
                        "location_name": "Kamalapur Station",
                        "location_time": "04:45 PM",
                        "location_date": "04 Jul 2025"
                    }
                ],
                "is_international": 0,
                "is_from_city_international": false
            },
            {
                "trip_number": "BHRAMMAPUTRA EXPRESS (743)",
                "departure_date_time": "04 Jul, 06:43 pm",
                "departure_full_date": "2025-07-04",
                "departure_date_time_jd": "Fri, 04 Jul 2025, 06:43 PM",
                "arrival_date_time": "04 Jul, 08:35 pm",
                "travel_time": "01h 52m",
                "origin_city_name": "biman_bandar",
                "destination_city_name": "gafargaon",
                "seat_types": [
                    {
                        "key": 7,
                        "type": "S_CHAIR",
                        "trip_id": 8447148,
                        "trip_route_id": 53840230,
                        "route_id": 22072,
                        "fare": "105.00",
                        "vat_percent": 0,
                        "vat_amount": 0,
                        "origin_city_seq": 2,
                        "destination_city_seq": 4,
                        "seat_counts": {
                            "online": 3,
                            "offline": 2,
                            "is_divided": true
                        }
                    }
                ],
                "train_model": "743",
                "is_open_for_all": true,
                "is_eid_trip": 0,
                "parent_route": {
                    "origin_city_name": "dhaka",
                    "destination_city_name": "dewanganj_bazar",
                    "departure_date": "2025-07-04",
                    "departure_time": "18:15:00",
                    "arrival_date": "2025-07-04",
                    "arrival_time": "23:50:00"
                },
                "boarding_points": [
                    {
                        "trip_point_id": 108477897,
                        "location_id": 2702,
                        "location_name": "Biman_Bandar Station",
                        "location_time": "06:43 PM",
                        "location_date": "04 Jul 2025"
                    }
                ],
                "is_international": 0,
                "is_from_city_international": false
            },
            {
                "trip_number": "BHRAMMAPUTRA EXPRESS (743)",
                "departure_date_time": "04 Jul, 06:15 pm",
                "departure_full_date": "2025-07-04",
                "departure_date_time_jd": "Fri, 04 Jul 2025, 06:15 PM",
                "arrival_date_time": "04 Jul, 08:35 pm",
                "travel_time": "02h 20m",
                "origin_city_name": "dhaka",
                "destination_city_name": "gafargaon",
                "seat_types": [
                    {
                        "key": 3,
                        "type": "SNIGDHA",
                        "trip_id": 8447149,
                        "trip_route_id": 53840248,
                        "route_id": 22066,
                        "fare": "170.00",
                        "vat_percent": 15,
                        "vat_amount": 26,
                        "origin_city_seq": 1,
                        "destination_city_seq": 4,
                        "seat_counts": {
                            "online": 0,
                            "offline": 0,
                            "is_divided": true
                        }
                    }
                ],
                "train_model": "743",
                "is_open_for_all": true,
                "is_eid_trip": 0,
                "parent_route": {
                    "origin_city_name": "dhaka",
                    "destination_city_name": "dewanganj_bazar",
                    "departure_date": "2025-07-04",
                    "departure_time": "18:15:00",
                    "arrival_date": "2025-07-04",
                    "arrival_time": "23:50:00"
                },
                "boarding_points": [
                    {
                        "trip_point_id": 108477915,
                        "location_id": 2719,
                        "location_name": "Kamalapur Station",
                        "location_time": "06:15 PM",
                        "location_date": "04 Jul 2025"
                    }
                ],
                "is_international": 0,
                "is_from_city_international": false
            }
        ],
        "recommendations": [],
        "selected_seat_class": "S_CHAIR"
    },
    "extra": {
        "hash": "2E1B68AB3FFC1C6C577E36F562130B61"
    }
}