{
    "data": {
        "trains": [
            {
                "trip_number": "EKOTA EXPRESS (705)",
                "departure_date_time": "04 Jul, 10:15 am",
                "departure_full_date": "2025-07-04",
                "departure_date_time_jd": "Fri, 04 Jul 2025, 10:15 AM",
                "arrival_date_time": "04 Jul, 07:00 pm",
                "travel_time": "08h 45m",
                "origin_city_name": "dhaka",
                "destination_city_name": "dinajpur",
                "seat_types": [
                    {
                        "key": 3,
                        "type": "SNIGDHA",
                        "trip_id": 8447019,
                        "trip_route_id": 53834539,
                        "route_id": 19331,
                        "fare": "1050.00",
                        "vat_percent": 15,
                        "vat_amount": 158,
                        "origin_city_seq": 1,
                        "destination_city_seq": 21,
                        "seat_counts": {
                            "online": 18,
                            "offline": 17,
                            "is_divided": true
                        }
                    },
                    {
                        "key": 7,
                        "type": "S_CHAIR",
                        "trip_id": 8447020,
                        "trip_route_id": 53834618,
                        "route_id": 19331,
                        "fare": "630.00",
                        "vat_percent": 0,
                        "vat_amount": 0,
                        "origin_city_seq": 1,
                        "destination_city_seq": 21,
                        "seat_counts": {
                            "online": 65,
                            "offline": 65,
                            "is_divided": true
                        }
                    },
                    {
                        "key": 2,
                        "type": "AC_S",
                        "trip_id": 8447021,
                        "trip_route_id": 53834728,
                        "route_id": 19331,
                        "fare": "1255.00",
                        "vat_percent": 15,
                        "vat_amount": 189,
                        "origin_city_seq": 1,
                        "destination_city_seq": 21,
                        "seat_counts": {
                            "online": 0,
                            "offline": 0,
                            "is_divided": true
                        }
                    }
                ],
                "train_model": "705",
                "is_open_for_all": true,
                "is_eid_trip": 0,
                "parent_route": {
                    "origin_city_name": "dhaka",
                    "destination_city_name": "panchagarh",
                    "departure_date": "2025-07-04",
                    "departure_time": "10:15:00",
                    "arrival_date": "2025-07-04",
                    "arrival_time": "21:00:00"
                },
                "boarding_points": [
                    {
                        "trip_point_id": 108474876,
                        "location_id": 2719,
                        "location_name": "Kamalapur Station",
                        "location_time": "10:15 AM",
                        "location_date": "04 Jul 2025"
                    }
                ],
                "is_international": 0,
                "is_from_city_international": false
            },
            {
                "trip_number": "DRUTOJAN EXPRESS (757)",
                "departure_date_time": "04 Jul, 08:45 pm",
                "departure_full_date": "2025-07-04",
                "departure_date_time_jd": "Fri, 04 Jul 2025, 08:45 PM",
                "arrival_date_time": "05 Jul, 04:45 am",
                "travel_time": "08h 00m",
                "origin_city_name": "dhaka",
                "destination_city_name": "dinajpur",
                "seat_types": [
                    {
                        "key": 3,
                        "type": "SNIGDHA",
                        "trip_id": 8447041,
                        "trip_route_id": 53836175,
                        "route_id": 19331,
                        "fare": "1050.00",
                        "vat_percent": 15,
                        "vat_amount": 158,
                        "origin_city_seq": 1,
                        "destination_city_seq": 21,
                        "seat_counts": {
                            "online": 16,
                            "offline": 15,
                            "is_divided": true
                        }
                    },
                    {
                        "key": 7,
                        "type": "S_CHAIR",
                        "trip_id": 8447050,
                        "trip_route_id": 53837123,
                        "route_id": 19331,
                        "fare": "630.00",
                        "vat_percent": 0,
                        "vat_amount": 0,
                        "origin_city_seq": 1,
                        "destination_city_seq": 21,
                        "seat_counts": {
                            "online": 92,
                            "offline": 92,
                            "is_divided": true
                        }
                    },
                    {
                        "key": 1,
                        "type": "AC_B",
                        "trip_id": 8447197,
                        "trip_route_id": 53841256,
                        "route_id": 19331,
                        "fare": "1885.00",
                        "vat_percent": 15,
                        "vat_amount": 283,
                        "origin_city_seq": 1,
                        "destination_city_seq": 21,
                        "seat_counts": {
                            "online": 3,
                            "offline": 3,
                            "is_divided": true
                        }
                    }
                ],
                "train_model": "757",
                "is_open_for_all": true,
                "is_eid_trip": 0,
                "parent_route": {
                    "origin_city_name": "dhaka",
                    "destination_city_name": "panchagarh",
                    "departure_date": "2025-07-04",
                    "departure_time": "20:45:00",
                    "arrival_date": "2025-07-05",
                    "arrival_time": "07:10:00"
                },
                "boarding_points": [
                    {
                        "trip_point_id": 108475646,
                        "location_id": 2719,
                        "location_name": "Kamalapur Station",
                        "location_time": "08:45 PM",
                        "location_date": "04 Jul 2025"
                    }
                ],
                "is_international": 0,
                "is_from_city_international": false
            },
            {
                "trip_number": "PANCHAGARH EXPRESS (793)",
                "departure_date_time": "04 Jul, 11:30 pm",
                "departure_full_date": "2025-07-04",
                "departure_date_time_jd": "Fri, 04 Jul 2025, 11:30 PM",
                "arrival_date_time": "05 Jul, 06:58 am",
                "travel_time": "07h 28m",
                "origin_city_name": "dhaka",
                "destination_city_name": "dinajpur",
                "seat_types": [
                    {
                        "key": 3,
                        "type": "SNIGDHA",
                        "trip_id": 8447003,
                        "trip_route_id": 53833681,
                        "route_id": 19331,
                        "fare": "1050.00",
                        "vat_percent": 15,
                        "vat_amount": 158,
                        "origin_city_seq": 1,
                        "destination_city_seq": 21,
                        "seat_counts": {
                            "online": 24,
                            "offline": 23,
                            "is_divided": true
                        }
                    },
                    {
                        "key": 1,
                        "type": "AC_B",
                        "trip_id": 8447198,
                        "trip_route_id": 53841330,
                        "route_id": 19331,
                        "fare": "1885.00",
                        "vat_percent": 15,
                        "vat_amount": 283,
                        "origin_city_seq": 1,
                        "destination_city_seq": 21,
                        "seat_counts": {
                            "online": 3,
                            "offline": 2,
                            "is_divided": true
                        }
                    }
                ],
                "train_model": "793",
                "is_open_for_all": true,
                "is_eid_trip": 0,
                "parent_route": {
                    "origin_city_name": "dhaka",
                    "destination_city_name": "panchagarh",
                    "departure_date": "2025-07-04",
                    "departure_time": "23:30:00",
                    "arrival_date": "2025-07-05",
                    "arrival_time": "09:50:00"
                },
                "boarding_points": [
                    {
                        "trip_point_id": 108474490,
                        "location_id": 2719,
                        "location_name": "Kamalapur Station",
                        "location_time": "11:30 PM",
                        "location_date": "04 Jul 2025"
                    }
                ],
                "is_international": 0,
                "is_from_city_international": false
            },
            {
                "trip_number": "PANCHAGARH EXPRESS (793)",
                "departure_date_time": "04 Jul, 11:58 pm",
                "departure_full_date": "2025-07-04",
                "departure_date_time_jd": "Fri, 04 Jul 2025, 11:58 PM",
                "arrival_date_time": "05 Jul, 06:58 am",
                "travel_time": "07h 00m",
                "origin_city_name": "biman_bandar",
                "destination_city_name": "dinajpur",
                "seat_types": [
                    {
                        "key": 7,
                        "type": "S_CHAIR",
                        "trip_id": 8447004,
                        "trip_route_id": 53833751,
                        "route_id": 19337,
                        "fare": "630.00",
                        "vat_percent": 0,
                        "vat_amount": 0,
                        "origin_city_seq": 2,
                        "destination_city_seq": 21,
                        "seat_counts": {
                            "online": 15,
                            "offline": 15,
                            "is_divided": true
                        }
                    }
                ],
                "train_model": "793",
                "is_open_for_all": true,
                "is_eid_trip": 0,
                "parent_route": {
                    "origin_city_name": "dhaka",
                    "destination_city_name": "panchagarh",
                    "departure_date": "2025-07-04",
                    "departure_time": "23:30:00",
                    "arrival_date": "2025-07-05",
                    "arrival_time": "09:50:00"
                },
                "boarding_points": [
                    {
                        "trip_point_id": 108474516,
                        "location_id": 2702,
                        "location_name": "Biman_Bandar Station",
                        "location_time": "11:58 PM",
                        "location_date": "04 Jul 2025"
                    }
                ],
                "is_international": 0,
                "is_from_city_international": false
            }
        ],
        "recommendations": [],
        "selected_seat_class": "S_CHAIR"
    },
    "extra": {
        "hash": "2E1B68AB3FFC1C6C577E36F562130B61"
    }
}