{
    "data": {
        "trains": [
            {
                "trip_number": "JAMALPUR EXPRESS (799)",
                "departure_date_time": "04 Jul, 10:00 am",
                "departure_full_date": "2025-07-04",
                "departure_date_time_jd": "Fri, 04 Jul 2025, 10:00 AM",
                "arrival_date_time": "04 Jul, 03:42 pm",
                "travel_time": "05h 42m",
                "origin_city_name": "dhaka",
                "destination_city_name": "tarakandi",
                "seat_types": [
                    {
                        "key": 7,
                        "type": "S_CHAIR",
                        "trip_id": 8447311,
                        "trip_route_id": 53844910,
                        "route_id": 24109,
                        "fare": "245.00",
                        "vat_percent": 0,
                        "vat_amount": 0,
                        "origin_city_seq": 1,
                        "destination_city_seq": 12,
                        "seat_counts": {
                            "online": 20,
                            "offline": 19,
                            "is_divided": true
                        }
                    },
                    {
                        "key": 3,
                        "type": "SNIGDHA",
                        "trip_id": 8447312,
                        "trip_route_id": 53844947,
                        "route_id": 24109,
                        "fare": "410.00",
                        "vat_percent": 15,
                        "vat_amount": 62,
                        "origin_city_seq": 1,
                        "destination_city_seq": 12,
                        "seat_counts": {
                            "online": 3,
                            "offline": 2,
                            "is_divided": true
                        }
                    }
                ],
                "train_model": "799",
                "is_open_for_all": true,
                "is_eid_trip": 0,
                "parent_route": {
                    "origin_city_name": "dhaka",
                    "destination_city_name": "bhuapur",
                    "departure_date": "2025-07-04",
                    "departure_time": "10:00:00",
                    "arrival_date": "2025-07-04",
                    "arrival_time": "16:45:00"
                },
                "boarding_points": [
                    {
                        "trip_point_id": 108480823,
                        "location_id": 2719,
                        "location_name": "Kamalapur Station",
                        "location_time": "10:00 AM",
                        "location_date": "04 Jul 2025"
                    }
                ],
                "is_international": 0,
                "is_from_city_international": false
            },
            {
                "trip_number": "AGHNIBINA EXPRESS (735)",
                "departure_date_time": "04 Jul, 11:30 am",
                "departure_full_date": "2025-07-04",
                "departure_date_time_jd": "Fri, 04 Jul 2025, 11:30 AM",
                "arrival_date_time": "04 Jul, 05:00 pm",
                "travel_time": "05h 30m",
                "origin_city_name": "dhaka",
                "destination_city_name": "tarakandi",
                "seat_types": [
                    {
                        "key": 8,
                        "type": "SHOVAN",
                        "trip_id": 8447118,
                        "trip_route_id": 53839608,
                        "route_id": 22678,
                        "fare": "205.00",
                        "vat_percent": 0,
                        "vat_amount": 0,
                        "origin_city_seq": 1,
                        "destination_city_seq": 9,
                        "seat_counts": {
                            "online": 16,
                            "offline": 16,
                            "is_divided": true
                        }
                    },
                    {
                        "key": 7,
                        "type": "S_CHAIR",
                        "trip_id": 8447119,
                        "trip_route_id": 53839635,
                        "route_id": 22678,
                        "fare": "245.00",
                        "vat_percent": 0,
                        "vat_amount": 0,
                        "origin_city_seq": 1,
                        "destination_city_seq": 9,
                        "seat_counts": {
                            "online": 3,
                            "offline": 2,
                            "is_divided": true
                        }
                    },
                    {
                        "key": 6,
                        "type": "F_CHAIR",
                        "trip_id": 8447120,
                        "trip_route_id": 53839659,
                        "route_id": 22678,
                        "fare": "325.00",
                        "vat_percent": 15,
                        "vat_amount": 49,
                        "origin_city_seq": 1,
                        "destination_city_seq": 9,
                        "seat_counts": {
                            "online": 2,
                            "offline": 2,
                            "is_divided": true
                        }
                    },
                    {
                        "key": 5,
                        "type": "F_SEAT",
                        "trip_id": 8447121,
                        "trip_route_id": 53839676,
                        "route_id": 22678,
                        "fare": "325.00",
                        "vat_percent": 15,
                        "vat_amount": 49,
                        "origin_city_seq": 1,
                        "destination_city_seq": 9,
                        "seat_counts": {
                            "online": 3,
                            "offline": 3,
                            "is_divided": true
                        }
                    }
                ],
                "train_model": "735",
                "is_open_for_all": true,
                "is_eid_trip": 0,
                "parent_route": {
                    "origin_city_name": "dhaka",
                    "destination_city_name": "tarakandi",
                    "departure_date": "2025-07-04",
                    "departure_time": "11:30:00",
                    "arrival_date": "2025-07-04",
                    "arrival_time": "17:00:00"
                },
                "boarding_points": [
                    {
                        "trip_point_id": 108477413,
                        "location_id": 2719,
                        "location_name": "Kamalapur Station",
                        "location_time": "11:30 AM",
                        "location_date": "04 Jul 2025"
                    }
                ],
                "is_international": 0,
                "is_from_city_international": false
            },
            {
                "trip_number": "JAMUNA EXPRESS (745)",
                "departure_date_time": "04 Jul, 04:45 pm",
                "departure_full_date": "2025-07-04",
                "departure_date_time_jd": "Fri, 04 Jul 2025, 04:45 PM",
                "arrival_date_time": "04 Jul, 11:30 pm",
                "travel_time": "06h 45m",
                "origin_city_name": "dhaka",
                "destination_city_name": "tarakandi",
                "seat_types": [
                    {
                        "key": 8,
                        "type": "SHOVAN",
                        "trip_id": 8447152,
                        "trip_route_id": 53840341,
                        "route_id": 23213,
                        "fare": "205.00",
                        "vat_percent": 0,
                        "vat_amount": 0,
                        "origin_city_seq": 1,
                        "destination_city_seq": 13,
                        "seat_counts": {
                            "online": 32,
                            "offline": 32,
                            "is_divided": true
                        }
                    }
                ],
                "train_model": "745",
                "is_open_for_all": true,
                "is_eid_trip": 0,
                "parent_route": {
                    "origin_city_name": "dhaka",
                    "destination_city_name": "tarakandi",
                    "departure_date": "2025-07-04",
                    "departure_time": "16:45:00",
                    "arrival_date": "2025-07-04",
                    "arrival_time": "23:30:00"
                },
                "boarding_points": [
                    {
                        "trip_point_id": 108477969,
                        "location_id": 2719,
                        "location_name": "Kamalapur Station",
                        "location_time": "04:45 PM",
                        "location_date": "04 Jul 2025"
                    }
                ],
                "is_international": 0,
                "is_from_city_international": false
            }
        ],
        "recommendations": [],
        "selected_seat_class": "S_CHAIR"
    },
    "extra": {
        "hash": "2E1B68AB3FFC1C6C577E36F562130B61"
    }
}