{
    "data": {
        "trains": [
            {
                "trip_number": "RANGPUR EXPRESS (771)",
                "departure_date_time": "04 Jul, 09:38 am",
                "departure_full_date": "2025-07-04",
                "departure_date_time_jd": "Fri, 04 Jul 2025, 09:38 AM",
                "arrival_date_time": "04 Jul, 07:00 pm",
                "travel_time": "09h 22m",
                "origin_city_name": "biman_bandar",
                "destination_city_name": "rangpur",
                "seat_types": [
                    {
                        "key": 2,
                        "type": "AC_S",
                        "trip_id": 8446989,
                        "trip_route_id": 53833144,
                        "route_id": 19460,
                        "fare": "1355.00",
                        "vat_percent": 15,
                        "vat_amount": 204,
                        "origin_city_seq": 2,
                        "destination_city_seq": 16,
                        "seat_counts": {
                            "online": 3,
                            "offline": 3,
                            "is_divided": true
                        }
                    },
                    {
                        "key": 3,
                        "type": "SNIGDHA",
                        "trip_id": 8446990,
                        "trip_route_id": 53833183,
                        "route_id": 19460,
                        "fare": "1130.00",
                        "vat_percent": 15,
                        "vat_amount": 170,
                        "origin_city_seq": 2,
                        "destination_city_seq": 16,
                        "seat_counts": {
                            "online": 3,
                            "offline": 2,
                            "is_divided": true
                        }
                    },
                    {
                        "key": 7,
                        "type": "S_CHAIR",
                        "trip_id": 8446991,
                        "trip_route_id": 53833232,
                        "route_id": 19460,
                        "fare": "680.00",
                        "vat_percent": 0,
                        "vat_amount": 0,
                        "origin_city_seq": 2,
                        "destination_city_seq": 16,
                        "seat_counts": {
                            "online": 10,
                            "offline": 10,
                            "is_divided": true
                        }
                    }
                ],
                "train_model": "771",
                "is_open_for_all": true,
                "is_eid_trip": 0,
                "parent_route": {
                    "origin_city_name": "dhaka",
                    "destination_city_name": "rangpur",
                    "departure_date": "2025-07-04",
                    "departure_time": "09:10:00",
                    "arrival_date": "2025-07-04",
                    "arrival_time": "19:00:00"
                },
                "boarding_points": [
                    {
                        "trip_point_id": 108474170,
                        "location_id": 2702,
                        "location_name": "Biman_Bandar Station",
                        "location_time": "09:38 AM",
                        "location_date": "04 Jul 2025"
                    }
                ],
                "is_international": 0,
                "is_from_city_international": false
            },
            {
                "trip_number": "KURIGRAM EXPRESS (797)",
                "departure_date_time": "04 Jul, 08:00 pm",
                "departure_full_date": "2025-07-04",
                "departure_date_time_jd": "Fri, 04 Jul 2025, 08:00 PM",
                "arrival_date_time": "05 Jul, 03:58 am",
                "travel_time": "07h 58m",
                "origin_city_name": "dhaka",
                "destination_city_name": "rangpur",
                "seat_types": [
                    {
                        "key": 1,
                        "type": "AC_B",
                        "trip_id": 8447008,
                        "trip_route_id": 53833836,
                        "route_id": 19692,
                        "fare": "1885.00",
                        "vat_percent": 15,
                        "vat_amount": 283,
                        "origin_city_seq": 1,
                        "destination_city_seq": 9,
                        "seat_counts": {
                            "online": 2,
                            "offline": 1,
                            "is_divided": true
                        }
                    }
                ],
                "train_model": "797",
                "is_open_for_all": true,
                "is_eid_trip": 0,
                "parent_route": {
                    "origin_city_name": "dhaka",
                    "destination_city_name": "kurigram",
                    "departure_date": "2025-07-04",
                    "departure_time": "20:00:00",
                    "arrival_date": "2025-07-05",
                    "arrival_time": "05:10:00"
                },
                "boarding_points": [
                    {
                        "trip_point_id": 108474574,
                        "location_id": 2719,
                        "location_name": "Kamalapur Station",
                        "location_time": "08:00 PM",
                        "location_date": "04 Jul 2025"
                    }
                ],
                "is_international": 0,
                "is_from_city_international": false
            },
            {
                "trip_number": "KURIGRAM EXPRESS (797)",
                "departure_date_time": "04 Jul, 08:28 pm",
                "departure_full_date": "2025-07-04",
                "departure_date_time_jd": "Fri, 04 Jul 2025, 08:28 PM",
                "arrival_date_time": "05 Jul, 03:58 am",
                "travel_time": "07h 30m",
                "origin_city_name": "biman_bandar",
                "destination_city_name": "rangpur",
                "seat_types": [
                    {
                        "key": 3,
                        "type": "SNIGDHA",
                        "trip_id": 8447009,
                        "trip_route_id": 53833894,
                        "route_id": 19694,
                        "fare": "1050.00",
                        "vat_percent": 15,
                        "vat_amount": 158,
                        "origin_city_seq": 2,
                        "destination_city_seq": 9,
                        "seat_counts": {
                            "online": 3,
                            "offline": 2,
                            "is_divided": true
                        }
                    },
                    {
                        "key": 7,
                        "type": "S_CHAIR",
                        "trip_id": 8447011,
                        "trip_route_id": 53833955,
                        "route_id": 19694,
                        "fare": "630.00",
                        "vat_percent": 0,
                        "vat_amount": 0,
                        "origin_city_seq": 2,
                        "destination_city_seq": 9,
                        "seat_counts": {
                            "online": 8,
                            "offline": 7,
                            "is_divided": true
                        }
                    }
                ],
                "train_model": "797",
                "is_open_for_all": true,
                "is_eid_trip": 0,
                "parent_route": {
                    "origin_city_name": "dhaka",
                    "destination_city_name": "kurigram",
                    "departure_date": "2025-07-04",
                    "departure_time": "20:00:00",
                    "arrival_date": "2025-07-05",
                    "arrival_time": "05:10:00"
                },
                "boarding_points": [
                    {
                        "trip_point_id": 108474602,
                        "location_id": 2702,
                        "location_name": "Biman_Bandar Station",
                        "location_time": "08:28 PM",
                        "location_date": "04 Jul 2025"
                    }
                ],
                "is_international": 0,
                "is_from_city_international": false
            }
        ],
        "recommendations": [],
        "selected_seat_class": "S_CHAIR"
    },
    "extra": {
        "hash": "2E1B68AB3FFC1C6C577E36F562130B61"
    }
}