{
    "data": {
        "trains": [
            {
                "trip_number": "MAHANAGAR PROVATI (704)",
                "departure_date_time": "04 Jul, 08:12 am",
                "departure_full_date": "2025-07-04",
                "departure_date_time_jd": "Fri, 04 Jul 2025, 08:12 AM",
                "arrival_date_time": "04 Jul, 10:51 am",
                "travel_time": "02h 39m",
                "origin_city_name": "biman_bandar",
                "destination_city_name": "cumilla",
                "seat_types": [
                    {
                        "key": 7,
                        "type": "S_CHAIR",
                        "trip_id": 8447076,
                        "trip_route_id": 53838064,
                        "route_id": 22049,
                        "fare": "225.00",
                        "vat_percent": 0,
                        "vat_amount": 0,
                        "origin_city_seq": 2,
                        "destination_city_seq": 7,
                        "seat_counts": {
                            "online": 4,
                            "offline": 3,
                            "is_divided": true
                        }
                    }
                ],
                "train_model": "704",
                "is_open_for_all": true,
                "is_eid_trip": 0,
                "parent_route": {
                    "origin_city_name": "dhaka",
                    "destination_city_name": "chattogram",
                    "departure_date": "2025-07-04",
                    "departure_time": "07:45:00",
                    "arrival_date": "2025-07-04",
                    "arrival_time": "13:35:00"
                },
                "boarding_points": [
                    {
                        "trip_point_id": 108476524,
                        "location_id": 2702,
                        "location_name": "Biman_Bandar Station",
                        "location_time": "08:12 AM",
                        "location_date": "04 Jul 2025"
                    }
                ],
                "is_international": 0,
                "is_from_city_international": false
            },
            {
                "trip_number": "MAHANAGAR PROVATI (704)",
                "departure_date_time": "04 Jul, 07:45 am",
                "departure_full_date": "2025-07-04",
                "departure_date_time_jd": "Fri, 04 Jul 2025, 07:45 AM",
                "arrival_date_time": "04 Jul, 10:51 am",
                "travel_time": "03h 06m",
                "origin_city_name": "dhaka",
                "destination_city_name": "cumilla",
                "seat_types": [
                    {
                        "key": 5,
                        "type": "F_SEAT",
                        "trip_id": 8447077,
                        "trip_route_id": 53838074,
                        "route_id": 22043,
                        "fare": "300.00",
                        "vat_percent": 15,
                        "vat_amount": 45,
                        "origin_city_seq": 1,
                        "destination_city_seq": 7,
                        "seat_counts": {
                            "online": 0,
                            "offline": 0,
                            "is_divided": true
                        }
                    },
                    {
                        "key": 2,
                        "type": "AC_S",
                        "trip_id": 8447078,
                        "trip_route_id": 53838099,
                        "route_id": 22043,
                        "fare": "450.00",
                        "vat_percent": 15,
                        "vat_amount": 68,
                        "origin_city_seq": 1,
                        "destination_city_seq": 7,
                        "seat_counts": {
                            "online": 0,
                            "offline": 0,
                            "is_divided": true
                        }
                    },
                    {
                        "key": 3,
                        "type": "SNIGDHA",
                        "trip_id": 8447079,
                        "trip_route_id": 53838124,
                        "route_id": 22043,
                        "fare": "375.00",
                        "vat_percent": 15,
                        "vat_amount": 57,
                        "origin_city_seq": 1,
                        "destination_city_seq": 7,
                        "seat_counts": {
                            "online": 0,
                            "offline": 0,
                            "is_divided": true
                        }
                    }
                ],
                "train_model": "704",
                "is_open_for_all": true,
                "is_eid_trip": 0,
                "parent_route": {
                    "origin_city_name": "dhaka",
                    "destination_city_name": "chattogram",
                    "departure_date": "2025-07-04",
                    "departure_time": "07:45:00",
                    "arrival_date": "2025-07-04",
                    "arrival_time": "13:35:00"
                },
                "boarding_points": [
                    {
                        "trip_point_id": 108476539,
                        "location_id": 2719,
                        "location_name": "Kamalapur Station",
                        "location_time": "07:45 AM",
                        "location_date": "04 Jul 2025"
                    }
                ],
                "is_international": 0,
                "is_from_city_international": false
            },
            {
                "trip_number": "UPAKUL EXPRESS (712)",
                "departure_date_time": "04 Jul, 03:38 pm",
                "departure_full_date": "2025-07-04",
                "departure_date_time_jd": "Fri, 04 Jul 2025, 03:38 PM",
                "arrival_date_time": "04 Jul, 06:38 pm",
                "travel_time": "03h 00m",
                "origin_city_name": "biman_bandar",
                "destination_city_name": "cumilla",
                "seat_types": [
                    {
                        "key": 7,
                        "type": "S_CHAIR",
                        "trip_id": 8447245,
                        "trip_route_id": 53842684,
                        "route_id": 22280,
                        "fare": "225.00",
                        "vat_percent": 0,
                        "vat_amount": 0,
                        "origin_city_seq": 2,
                        "destination_city_seq": 9,
                        "seat_counts": {
                            "online": 5,
                            "offline": 5,
                            "is_divided": true
                        }
                    }
                ],
                "train_model": "712",
                "is_open_for_all": true,
                "is_eid_trip": 0,
                "parent_route": {
                    "origin_city_name": "dhaka",
                    "destination_city_name": "noakhali",
                    "departure_date": "2025-07-04",
                    "departure_time": "15:10:00",
                    "arrival_date": "2025-07-04",
                    "arrival_time": "20:40:00"
                },
                "boarding_points": [
                    {
                        "trip_point_id": 108479430,
                        "location_id": 2702,
                        "location_name": "Biman_Bandar Station",
                        "location_time": "03:38 PM",
                        "location_date": "04 Jul 2025"
                    }
                ],
                "is_international": 0,
                "is_from_city_international": false
            },
            {
                "trip_number": "UPAKUL EXPRESS (712)",
                "departure_date_time": "04 Jul, 03:10 pm",
                "departure_full_date": "2025-07-04",
                "departure_date_time_jd": "Fri, 04 Jul 2025, 03:10 PM",
                "arrival_date_time": "04 Jul, 06:38 pm",
                "travel_time": "03h 28m",
                "origin_city_name": "dhaka",
                "destination_city_name": "cumilla",
                "seat_types": [
                    {
                        "key": 3,
                        "type": "SNIGDHA",
                        "trip_id": 8447246,
                        "trip_route_id": 53842696,
                        "route_id": 22269,
                        "fare": "375.00",
                        "vat_percent": 15,
                        "vat_amount": 57,
                        "origin_city_seq": 1,
                        "destination_city_seq": 9,
                        "seat_counts": {
                            "online": 5,
                            "offline": 4,
                            "is_divided": true
                        }
                    }
                ],
                "train_model": "712",
                "is_open_for_all": true,
                "is_eid_trip": 0,
                "parent_route": {
                    "origin_city_name": "dhaka",
                    "destination_city_name": "noakhali",
                    "departure_date": "2025-07-04",
                    "departure_time": "15:10:00",
                    "arrival_date": "2025-07-04",
                    "arrival_time": "20:40:00"
                },
                "boarding_points": [
                    {
                        "trip_point_id": 108479450,
                        "location_id": 2719,
                        "location_name": "Kamalapur Station",
                        "location_time": "03:10 PM",
                        "location_date": "04 Jul 2025"
                    }
                ],
                "is_international": 0,
                "is_from_city_international": false
            },
            {
                "trip_number": "MOHANAGAR EXPRESS (722)",
                "departure_date_time": "04 Jul, 09:48 pm",
                "departure_full_date": "2025-07-04",
                "departure_date_time_jd": "Fri, 04 Jul 2025, 09:48 PM",
                "arrival_date_time": "05 Jul, 12:46 am",
                "travel_time": "02h 58m",
                "origin_city_name": "biman_bandar",
                "destination_city_name": "cumilla",
                "seat_types": [
                    {
                        "key": 7,
                        "type": "S_CHAIR",
                        "trip_id": 8447305,
                        "trip_route_id": 53844769,
                        "route_id": 22526,
                        "fare": "225.00",
                        "vat_percent": 0,
                        "vat_amount": 0,
                        "origin_city_seq": 2,
                        "destination_city_seq": 9,
                        "seat_counts": {
                            "online": 3,
                            "offline": 2,
                            "is_divided": true
                        }
                    }
                ],
                "train_model": "722",
                "is_open_for_all": true,
                "is_eid_trip": 0,
                "parent_route": {
                    "origin_city_name": "dhaka",
                    "destination_city_name": "chattogram",
                    "departure_date": "2025-07-04",
                    "departure_time": "21:20:00",
                    "arrival_date": "2025-07-05",
                    "arrival_time": "03:30:00"
                },
                "boarding_points": [
                    {
                        "trip_point_id": 108480706,
                        "location_id": 2702,
                        "location_name": "Biman_Bandar Station",
                        "location_time": "09:48 PM",
                        "location_date": "04 Jul 2025"
                    }
                ],
                "is_international": 0,
                "is_from_city_international": false
            },
            {
                "trip_number": "MOHANAGAR EXPRESS (722)",
                "departure_date_time": "04 Jul, 09:20 pm",
                "departure_full_date": "2025-07-04",
                "departure_date_time_jd": "Fri, 04 Jul 2025, 09:20 PM",
                "arrival_date_time": "05 Jul, 12:46 am",
                "travel_time": "03h 26m",
                "origin_city_name": "dhaka",
                "destination_city_name": "cumilla",
                "seat_types": [
                    {
                        "key": 1,
                        "type": "AC_B",
                        "trip_id": 8447306,
                        "trip_route_id": 53844779,
                        "route_id": 22518,
                        "fare": "675.00",
                        "vat_percent": 15,
                        "vat_amount": 102,
                        "origin_city_seq": 1,
                        "destination_city_seq": 9,
                        "seat_counts": {
                            "online": 0,
                            "offline": 0,
                            "is_divided": true
                        }
                    },
                    {
                        "key": 3,
                        "type": "SNIGDHA",
                        "trip_id": 8447307,
                        "trip_route_id": 53844804,
                        "route_id": 22518,
                        "fare": "375.00",
                        "vat_percent": 15,
                        "vat_amount": 57,
                        "origin_city_seq": 1,
                        "destination_city_seq": 9,
                        "seat_counts": {
                            "online": 5,
                            "offline": 5,
                            "is_divided": true
                        }
                    }
                ],
                "train_model": "722",
                "is_open_for_all": true,
                "is_eid_trip": 0,
                "parent_route": {
                    "origin_city_name": "dhaka",
                    "destination_city_name": "chattogram",
                    "departure_date": "2025-07-04",
                    "departure_time": "21:20:00",
                    "arrival_date": "2025-07-05",
                    "arrival_time": "03:30:00"
                },
                "boarding_points": [
                    {
                        "trip_point_id": 108480725,
                        "location_id": 2719,
                        "location_name": "Kamalapur Station",
                        "location_time": "09:20 PM",
                        "location_date": "04 Jul 2025"
                    }
                ],
                "is_international": 0,
                "is_from_city_international": false
            }
        ],
        "recommendations": [],
        "selected_seat_class": "S_CHAIR"
    },
    "extra": {
        "hash": "2E1B68AB3FFC1C6C577E36F562130B61"
    }
}