{
    "data": {
        "trains": [
            {
                "trip_number": "RUPSHA EXPRESS (728)",
                "departure_date_time": "04 Jul, 10:53 am",
                "departure_full_date": "2025-07-04",
                "departure_date_time_jd": "Fri, 04 Jul 2025, 10:53 AM",
                "arrival_date_time": "04 Jul, 01:40 pm",
                "travel_time": "02h 47m",
                "origin_city_name": "birampur",
                "destination_city_name": "ishwardi",
                "seat_types": [
                    {
                        "key": 2,
                        "type": "AC_S",
                        "trip_id": 8447040,
                        "trip_route_id": 53836011,
                        "route_id": 21340,
                        "fare": "345.00",
                        "vat_percent": 15,
                        "vat_amount": 52,
                        "origin_city_seq": 7,
                        "destination_city_seq": 13,
                        "seat_counts": {
                            "online": 0,
                            "offline": 0,
                            "is_divided": true
                        }
                    },
                    {
                        "key": 3,
                        "type": "SNIGDHA",
                        "trip_id": 8447046,
                        "trip_route_id": 53836691,
                        "route_id": 21340,
                        "fare": "290.00",
                        "vat_percent": 15,
                        "vat_amount": 44,
                        "origin_city_seq": 7,
                        "destination_city_seq": 13,
                        "seat_counts": {
                            "online": 0,
                            "offline": 0,
                            "is_divided": true
                        }
                    },
                    {
                        "key": 7,
                        "type": "S_CHAIR",
                        "trip_id": 8447047,
                        "trip_route_id": 53836862,
                        "route_id": 21340,
                        "fare": "175.00",
                        "vat_percent": 0,
                        "vat_amount": 0,
                        "origin_city_seq": 7,
                        "destination_city_seq": 13,
                        "seat_counts": {
                            "online": 0,
                            "offline": 0,
                            "is_divided": true
                        }
                    }
                ],
                "train_model": "728",
                "is_open_for_all": true,
                "is_eid_trip": 0,
                "parent_route": {
                    "origin_city_name": "chilahati",
                    "destination_city_name": "khulna",
                    "departure_date": "2025-07-04",
                    "departure_time": "08:30:00",
                    "arrival_date": "2025-07-04",
                    "arrival_time": "18:25:00"
                },
                "boarding_points": [
                    {
                        "trip_point_id": 108475620,
                        "location_id": 2781,
                        "location_name": "Birampur Station",
                        "location_time": "10:53 AM",
                        "location_date": "04 Jul 2025"
                    }
                ],
                "is_international": 0,
                "is_from_city_international": false
            }
        ],
        "recommendations": [
            {
                "origin": "Joypurhat",
                "destination": "Ishwardi"
            },
            {
                "origin": "Birampur",
                "destination": "Natore"
            }
        ],
        "selected_seat_class": "S_CHAIR"
    },
    "extra": {
        "hash": "2E1B68AB3FFC1C6C577E36F562130B61"
    }
}