{
    "data": {
        "trains": [
            {
                "trip_number": "CHILAHATI EXPRESS (806)",
                "departure_date_time": "04 Jul, 08:03 am",
                "departure_full_date": "2025-07-04",
                "departure_date_time_jd": "Fri, 04 Jul 2025, 08:03 AM",
                "arrival_date_time": "04 Jul, 08:32 am",
                "travel_time": "00h 29m",
                "origin_city_name": "birampur",
                "destination_city_name": "joypurhat",
                "seat_types": [
                    {
                        "key": 7,
                        "type": "S_CHAIR",
                        "trip_id": 8447206,
                        "trip_route_id": 53841677,
                        "route_id": 24810,
                        "fare": "50.00",
                        "vat_percent": 0,
                        "vat_amount": 0,
                        "origin_city_seq": 7,
                        "destination_city_seq": 8,
                        "seat_counts": {
                            "online": 5,
                            "offline": 5,
                            "is_divided": true
                        }
                    }
                ],
                "train_model": "806",
                "is_open_for_all": true,
                "is_eid_trip": 0,
                "parent_route": {
                    "origin_city_name": "chilahati",
                    "destination_city_name": "dhaka",
                    "departure_date": "2025-07-04",
                    "departure_time": "06:00:00",
                    "arrival_date": "2025-07-04",
                    "arrival_time": "14:55:00"
                },
                "boarding_points": [
                    {
                        "trip_point_id": 108478830,
                        "location_id": 2781,
                        "location_name": "Birampur Station",
                        "location_time": "08:03 AM",
                        "location_date": "04 Jul 2025"
                    }
                ],
                "is_international": 0,
                "is_from_city_international": false
            }
        ],
        "recommendations": [],
        "selected_seat_class": "S_CHAIR"
    },
    "extra": {
        "hash": "2E1B68AB3FFC1C6C577E36F562130B61"
    }
}