{
    "data": {
        "trains": [
            {
                "trip_number": "LALMONI EXPRESS (751)",
                "departure_date_time": "04 Jul, 04:23 am",
                "departure_full_date": "2025-07-04",
                "departure_date_time_jd": "Fri, 04 Jul 2025, 04:23 AM",
                "arrival_date_time": "04 Jul, 05:11 am",
                "travel_time": "00h 48m",
                "origin_city_name": "bogura",
                "destination_city_name": "bonar_para",
                "seat_types": [
                    {
                        "key": 7,
                        "type": "S_CHAIR",
                        "trip_id": 8446628,
                        "trip_route_id": 53821620,
                        "route_id": 24670,
                        "fare": "55.00",
                        "vat_percent": 0,
                        "vat_amount": 0,
                        "origin_city_seq": 12,
                        "destination_city_seq": 14,
                        "seat_counts": {
                            "online": 3,
                            "offline": 2,
                            "is_divided": true
                        }
                    }
                ],
                "train_model": "751",
                "is_open_for_all": true,
                "is_eid_trip": 0,
                "parent_route": {
                    "origin_city_name": "dhaka",
                    "destination_city_name": "lalmonirhat",
                    "departure_date": "2025-07-03",
                    "departure_time": "21:45:00",
                    "arrival_date": "2025-07-04",
                    "arrival_time": "07:20:00"
                },
                "boarding_points": [
                    {
                        "trip_point_id": 108467276,
                        "location_id": 2726,
                        "location_name": "Bogura Station",
                        "location_time": "04:23 AM",
                        "location_date": "04 Jul 2025"
                    }
                ],
                "is_international": 0,
                "is_from_city_international": false
            },
            {
                "trip_number": "KOROTOA EXPRESS (713)",
                "departure_date_time": "04 Jul, 10:19 am",
                "departure_full_date": "2025-07-04",
                "departure_date_time_jd": "Fri, 04 Jul 2025, 10:19 AM",
                "arrival_date_time": "04 Jul, 11:15 am",
                "travel_time": "00h 56m",
                "origin_city_name": "bogura",
                "destination_city_name": "bonar_para",
                "seat_types": [
                    {
                        "key": 7,
                        "type": "S_CHAIR",
                        "trip_id": 8447063,
                        "trip_route_id": 53837852,
                        "route_id": 21129,
                        "fare": "55.00",
                        "vat_percent": 0,
                        "vat_amount": 0,
                        "origin_city_seq": 2,
                        "destination_city_seq": 5,
                        "seat_counts": {
                            "online": 39,
                            "offline": 38,
                            "is_divided": true
                        }
                    }
                ],
                "train_model": "713",
                "is_open_for_all": true,
                "is_eid_trip": 0,
                "parent_route": {
                    "origin_city_name": "santahar",
                    "destination_city_name": "burimari",
                    "departure_date": "2025-07-04",
                    "departure_time": "09:25:00",
                    "arrival_date": "2025-07-04",
                    "arrival_time": "16:00:00"
                },
                "boarding_points": [
                    {
                        "trip_point_id": 108476398,
                        "location_id": 2726,
                        "location_name": "Bogura Station",
                        "location_time": "10:19 AM",
                        "location_date": "04 Jul 2025"
                    }
                ],
                "is_international": 0,
                "is_from_city_international": false
            },
            {
                "trip_number": "DOLONCHAPA EXPRESS (767)",
                "departure_date_time": "04 Jul, 12:01 pm",
                "departure_full_date": "2025-07-04",
                "departure_date_time_jd": "Fri, 04 Jul 2025, 12:01 PM",
                "arrival_date_time": "04 Jul, 01:13 pm",
                "travel_time": "01h 12m",
                "origin_city_name": "bogura",
                "destination_city_name": "bonar_para",
                "seat_types": [
                    {
                        "key": 7,
                        "type": "S_CHAIR",
                        "trip_id": 8447196,
                        "trip_route_id": 53841198,
                        "route_id": 24659,
                        "fare": "55.00",
                        "vat_percent": 0,
                        "vat_amount": 0,
                        "origin_city_seq": 3,
                        "destination_city_seq": 6,
                        "seat_counts": {
                            "online": 0,
                            "offline": 0,
                            "is_divided": true
                        }
                    },
                    {
                        "key": 8,
                        "type": "SHOVAN",
                        "trip_id": 8447199,
                        "trip_route_id": 53841377,
                        "route_id": 24659,
                        "fare": "45.00",
                        "vat_percent": 0,
                        "vat_amount": 0,
                        "origin_city_seq": 3,
                        "destination_city_seq": 6,
                        "seat_counts": {
                            "online": 10,
                            "offline": 10,
                            "is_divided": true
                        }
                    }
                ],
                "train_model": "767",
                "is_open_for_all": true,
                "is_eid_trip": 0,
                "parent_route": {
                    "origin_city_name": "santahar",
                    "destination_city_name": "panchagarh",
                    "departure_date": "2025-07-04",
                    "departure_time": "11:00:00",
                    "arrival_date": "2025-07-04",
                    "arrival_time": "20:40:00"
                },
                "boarding_points": [
                    {
                        "trip_point_id": 108478559,
                        "location_id": 2726,
                        "location_name": "Bogura Station",
                        "location_time": "12:01 PM",
                        "location_date": "04 Jul 2025"
                    }
                ],
                "is_international": 0,
                "is_from_city_international": false
            },
            {
                "trip_number": "BURIMARI EXPRESS (809)",
                "departure_date_time": "04 Jul, 03:05 pm",
                "departure_full_date": "2025-07-04",
                "departure_date_time_jd": "Fri, 04 Jul 2025, 03:05 PM",
                "arrival_date_time": "04 Jul, 03:58 pm",
                "travel_time": "00h 53m",
                "origin_city_name": "bogura",
                "destination_city_name": "bonar_para",
                "seat_types": [
                    {
                        "key": 7,
                        "type": "S_CHAIR",
                        "trip_id": 8447273,
                        "trip_route_id": 53843349,
                        "route_id": 26181,
                        "fare": "55.00",
                        "vat_percent": 0,
                        "vat_amount": 0,
                        "origin_city_seq": 6,
                        "destination_city_seq": 8,
                        "seat_counts": {
                            "online": 18,
                            "offline": 17,
                            "is_divided": true
                        }
                    },
                    {
                        "key": 3,
                        "type": "SNIGDHA",
                        "trip_id": 8447280,
                        "trip_route_id": 53843547,
                        "route_id": 26181,
                        "fare": "100.00",
                        "vat_percent": 15,
                        "vat_amount": 15,
                        "origin_city_seq": 6,
                        "destination_city_seq": 8,
                        "seat_counts": {
                            "online": 3,
                            "offline": 2,
                            "is_divided": true
                        }
                    }
                ],
                "train_model": "809",
                "is_open_for_all": true,
                "is_eid_trip": 0,
                "parent_route": {
                    "origin_city_name": "dhaka",
                    "destination_city_name": "burimari",
                    "departure_date": "2025-07-04",
                    "departure_time": "08:30:00",
                    "arrival_date": "2025-07-04",
                    "arrival_time": "21:45:00"
                },
                "boarding_points": [
                    {
                        "trip_point_id": 108479915,
                        "location_id": 2726,
                        "location_name": "Bogura Station",
                        "location_time": "03:05 PM",
                        "location_date": "04 Jul 2025"
                    }
                ],
                "is_international": 0,
                "is_from_city_international": false
            },
            {
                "trip_number": "RANGPUR EXPRESS (771)",
                "departure_date_time": "04 Jul, 03:41 pm",
                "departure_full_date": "2025-07-04",
                "departure_date_time_jd": "Fri, 04 Jul 2025, 03:41 PM",
                "arrival_date_time": "04 Jul, 04:30 pm",
                "travel_time": "00h 49m",
                "origin_city_name": "bogura",
                "destination_city_name": "bonar_para",
                "seat_types": [
                    {
                        "key": 7,
                        "type": "S_CHAIR",
                        "trip_id": 8446991,
                        "trip_route_id": 53833210,
                        "route_id": 26573,
                        "fare": "55.00",
                        "vat_percent": 0,
                        "vat_amount": 0,
                        "origin_city_seq": 8,
                        "destination_city_seq": 10,
                        "seat_counts": {
                            "online": 5,
                            "offline": 5,
                            "is_divided": true
                        }
                    }
                ],
                "train_model": "771",
                "is_open_for_all": true,
                "is_eid_trip": 0,
                "parent_route": {
                    "origin_city_name": "dhaka",
                    "destination_city_name": "rangpur",
                    "departure_date": "2025-07-04",
                    "departure_time": "09:10:00",
                    "arrival_date": "2025-07-04",
                    "arrival_time": "19:00:00"
                },
                "boarding_points": [
                    {
                        "trip_point_id": 108474222,
                        "location_id": 2726,
                        "location_name": "Bogura Station",
                        "location_time": "03:41 PM",
                        "location_date": "04 Jul 2025"
                    }
                ],
                "is_international": 0,
                "is_from_city_international": false
            }
        ],
        "recommendations": [],
        "selected_seat_class": "S_CHAIR"
    },
    "extra": {
        "hash": "2E1B68AB3FFC1C6C577E36F562130B61"
    }
}