{
    "data": {
        "trains": [
            {
                "trip_number": "DOLONCHAPA EXPRESS (767)",
                "departure_date_time": "04 Jul, 12:01 pm",
                "departure_full_date": "2025-07-04",
                "departure_date_time_jd": "Fri, 04 Jul 2025, 12:01 PM",
                "arrival_date_time": "04 Jul, 03:48 pm",
                "travel_time": "03h 47m",
                "origin_city_name": "bogura",
                "destination_city_name": "rangpur",
                "seat_types": [
                    {
                        "key": 7,
                        "type": "S_CHAIR",
                        "trip_id": 8447196,
                        "trip_route_id": 53841193,
                        "route_id": 24664,
                        "fare": "160.00",
                        "vat_percent": 0,
                        "vat_amount": 0,
                        "origin_city_seq": 3,
                        "destination_city_seq": 12,
                        "seat_counts": {
                            "online": 10,
                            "offline": 10,
                            "is_divided": true
                        }
                    },
                    {
                        "key": 8,
                        "type": "SHOVAN",
                        "trip_id": 8447199,
                        "trip_route_id": 53841373,
                        "route_id": 24664,
                        "fare": "135.00",
                        "vat_percent": 0,
                        "vat_amount": 0,
                        "origin_city_seq": 3,
                        "destination_city_seq": 12,
                        "seat_counts": {
                            "online": 8,
                            "offline": 7,
                            "is_divided": true
                        }
                    },
                    {
                        "key": 5,
                        "type": "F_SEAT",
                        "trip_id": 8447201,
                        "trip_route_id": 53841548,
                        "route_id": 24664,
                        "fare": "210.00",
                        "vat_percent": 15,
                        "vat_amount": 32,
                        "origin_city_seq": 3,
                        "destination_city_seq": 12,
                        "seat_counts": {
                            "online": 5,
                            "offline": 4,
                            "is_divided": true
                        }
                    }
                ],
                "train_model": "767",
                "is_open_for_all": true,
                "is_eid_trip": 0,
                "parent_route": {
                    "origin_city_name": "santahar",
                    "destination_city_name": "panchagarh",
                    "departure_date": "2025-07-04",
                    "departure_time": "11:00:00",
                    "arrival_date": "2025-07-04",
                    "arrival_time": "20:40:00"
                },
                "boarding_points": [
                    {
                        "trip_point_id": 108478559,
                        "location_id": 2726,
                        "location_name": "Bogura Station",
                        "location_time": "12:01 PM",
                        "location_date": "04 Jul 2025"
                    }
                ],
                "is_international": 0,
                "is_from_city_international": false
            },
            {
                "trip_number": "RANGPUR EXPRESS (771)",
                "departure_date_time": "04 Jul, 03:41 pm",
                "departure_full_date": "2025-07-04",
                "departure_date_time_jd": "Fri, 04 Jul 2025, 03:41 PM",
                "arrival_date_time": "04 Jul, 07:00 pm",
                "travel_time": "03h 19m",
                "origin_city_name": "bogura",
                "destination_city_name": "rangpur",
                "seat_types": [
                    {
                        "key": 2,
                        "type": "AC_S",
                        "trip_id": 8446989,
                        "trip_route_id": 53833138,
                        "route_id": 19466,
                        "fare": "315.00",
                        "vat_percent": 15,
                        "vat_amount": 48,
                        "origin_city_seq": 8,
                        "destination_city_seq": 16,
                        "seat_counts": {
                            "online": 2,
                            "offline": 1,
                            "is_divided": true
                        }
                    },
                    {
                        "key": 3,
                        "type": "SNIGDHA",
                        "trip_id": 8446990,
                        "trip_route_id": 53833166,
                        "route_id": 19466,
                        "fare": "265.00",
                        "vat_percent": 15,
                        "vat_amount": 40,
                        "origin_city_seq": 8,
                        "destination_city_seq": 16,
                        "seat_counts": {
                            "online": 5,
                            "offline": 4,
                            "is_divided": true
                        }
                    },
                    {
                        "key": 7,
                        "type": "S_CHAIR",
                        "trip_id": 8446991,
                        "trip_route_id": 53833208,
                        "route_id": 19466,
                        "fare": "160.00",
                        "vat_percent": 0,
                        "vat_amount": 0,
                        "origin_city_seq": 8,
                        "destination_city_seq": 16,
                        "seat_counts": {
                            "online": 18,
                            "offline": 17,
                            "is_divided": true
                        }
                    }
                ],
                "train_model": "771",
                "is_open_for_all": true,
                "is_eid_trip": 0,
                "parent_route": {
                    "origin_city_name": "dhaka",
                    "destination_city_name": "rangpur",
                    "departure_date": "2025-07-04",
                    "departure_time": "09:10:00",
                    "arrival_date": "2025-07-04",
                    "arrival_time": "19:00:00"
                },
                "boarding_points": [
                    {
                        "trip_point_id": 108474164,
                        "location_id": 2726,
                        "location_name": "Bogura Station",
                        "location_time": "03:41 PM",
                        "location_date": "04 Jul 2025"
                    }
                ],
                "is_international": 0,
                "is_from_city_international": false
            }
        ],
        "recommendations": [],
        "selected_seat_class": "S_CHAIR"
    },
    "extra": {
        "hash": "2E1B68AB3FFC1C6C577E36F562130B61"
    }
}