{
    "data": {
        "trains": [
            {
                "trip_number": "DOLONCHAPA EXPRESS (767)",
                "departure_date_time": "04 Jul, 12:01 pm",
                "departure_full_date": "2025-07-04",
                "departure_date_time_jd": "Fri, 04 Jul 2025, 12:01 PM",
                "arrival_date_time": "04 Jul, 08:40 pm",
                "travel_time": "08h 39m",
                "origin_city_name": "bogura",
                "destination_city_name": "panchagarh",
                "seat_types": [
                    {
                        "key": 7,
                        "type": "S_CHAIR",
                        "trip_id": 8447196,
                        "trip_route_id": 53841199,
                        "route_id": 24668,
                        "fare": "360.00",
                        "vat_percent": 0,
                        "vat_amount": 0,
                        "origin_city_seq": 3,
                        "destination_city_seq": 24,
                        "seat_counts": {
                            "online": 3,
                            "offline": 2,
                            "is_divided": true
                        }
                    },
                    {
                        "key": 8,
                        "type": "SHOVAN",
                        "trip_id": 8447199,
                        "trip_route_id": 53841378,
                        "route_id": 24668,
                        "fare": "300.00",
                        "vat_percent": 0,
                        "vat_amount": 0,
                        "origin_city_seq": 3,
                        "destination_city_seq": 24,
                        "seat_counts": {
                            "online": 2,
                            "offline": 2,
                            "is_divided": true
                        }
                    }
                ],
                "train_model": "767",
                "is_open_for_all": true,
                "is_eid_trip": 0,
                "parent_route": {
                    "origin_city_name": "santahar",
                    "destination_city_name": "panchagarh",
                    "departure_date": "2025-07-04",
                    "departure_time": "11:00:00",
                    "arrival_date": "2025-07-04",
                    "arrival_time": "20:40:00"
                },
                "boarding_points": [
                    {
                        "trip_point_id": 108478559,
                        "location_id": 2726,
                        "location_name": "Bogura Station",
                        "location_time": "12:01 PM",
                        "location_date": "04 Jul 2025"
                    }
                ],
                "is_international": 0,
                "is_from_city_international": false
            }
        ],
        "recommendations": [],
        "selected_seat_class": "S_CHAIR"
    },
    "extra": {
        "hash": "2E1B68AB3FFC1C6C577E36F562130B61"
    }
}