{
    "data": {
        "trains": [
            {
                "trip_number": "CHITRA EXPRESS (764)",
                "departure_date_time": "04 Jul, 10:50 pm",
                "departure_full_date": "2025-07-04",
                "departure_date_time_jd": "Fri, 04 Jul 2025, 10:50 PM",
                "arrival_date_time": "05 Jul, 04:40 am",
                "travel_time": "05h 50m",
                "origin_city_name": "boral_bridge",
                "destination_city_name": "khulna",
                "seat_types": [
                    {
                        "key": 3,
                        "type": "SNIGDHA",
                        "trip_id": 8447297,
                        "trip_route_id": 53844320,
                        "route_id": 20638,
                        "fare": "555.00",
                        "vat_percent": 15,
                        "vat_amount": 84,
                        "origin_city_seq": 10,
                        "destination_city_seq": 24,
                        "seat_counts": {
                            "online": 3,
                            "offline": 2,
                            "is_divided": true
                        }
                    },
                    {
                        "key": 1,
                        "type": "AC_B",
                        "trip_id": 8447300,
                        "trip_route_id": 53844529,
                        "route_id": 20638,
                        "fare": "1000.00",
                        "vat_percent": 15,
                        "vat_amount": 150,
                        "origin_city_seq": 10,
                        "destination_city_seq": 24,
                        "seat_counts": {
                            "online": 0,
                            "offline": 0,
                            "is_divided": true
                        }
                    },
                    {
                        "key": 7,
                        "type": "S_CHAIR",
                        "trip_id": 8447301,
                        "trip_route_id": 53844616,
                        "route_id": 20638,
                        "fare": "335.00",
                        "vat_percent": 0,
                        "vat_amount": 0,
                        "origin_city_seq": 10,
                        "destination_city_seq": 24,
                        "seat_counts": {
                            "online": 3,
                            "offline": 2,
                            "is_divided": true
                        }
                    }
                ],
                "train_model": "764",
                "is_open_for_all": true,
                "is_eid_trip": 0,
                "parent_route": {
                    "origin_city_name": "dhaka",
                    "destination_city_name": "khulna",
                    "departure_date": "2025-07-04",
                    "departure_time": "19:30:00",
                    "arrival_date": "2025-07-05",
                    "arrival_time": "04:40:00"
                },
                "boarding_points": [
                    {
                        "trip_point_id": 108480456,
                        "location_id": 2706,
                        "location_name": "Boral_Bridge Station",
                        "location_time": "10:50 PM",
                        "location_date": "04 Jul 2025"
                    }
                ],
                "is_international": 0,
                "is_from_city_international": false
            }
        ],
        "recommendations": [],
        "selected_seat_class": "S_CHAIR"
    },
    "extra": {
        "hash": "1BC1529A04E386F94B558D7ED712C194"
    }
}