{
    "data": {
        "trains": [
            {
                "trip_number": "MOHANAGAR EXPRESS (721)",
                "departure_date_time": "04 Jul, 04:30 pm",
                "departure_full_date": "2025-07-04",
                "departure_date_time_jd": "Fri, 04 Jul 2025, 04:30 PM",
                "arrival_date_time": "04 Jul, 04:55 pm",
                "travel_time": "00h 25m",
                "origin_city_name": "brahmanbaria",
                "destination_city_name": "bhairab_bazar",
                "seat_types": [
                    {
                        "key": 7,
                        "type": "S_CHAIR",
                        "trip_id": 8447302,
                        "trip_route_id": 53844654,
                        "route_id": 22504,
                        "fare": "50.00",
                        "vat_percent": 0,
                        "vat_amount": 0,
                        "origin_city_seq": 9,
                        "destination_city_seq": 11,
                        "seat_counts": {
                            "online": 0,
                            "offline": 0,
                            "is_divided": true
                        }
                    },
                    {
                        "key": 2,
                        "type": "AC_S",
                        "trip_id": 8447303,
                        "trip_route_id": 53844694,
                        "route_id": 22504,
                        "fare": "110.00",
                        "vat_percent": 15,
                        "vat_amount": 17,
                        "origin_city_seq": 9,
                        "destination_city_seq": 11,
                        "seat_counts": {
                            "online": 0,
                            "offline": 0,
                            "is_divided": true
                        }
                    },
                    {
                        "key": 3,
                        "type": "SNIGDHA",
                        "trip_id": 8447304,
                        "trip_route_id": 53844735,
                        "route_id": 22504,
                        "fare": "100.00",
                        "vat_percent": 15,
                        "vat_amount": 15,
                        "origin_city_seq": 9,
                        "destination_city_seq": 11,
                        "seat_counts": {
                            "online": 0,
                            "offline": 0,
                            "is_divided": true
                        }
                    }
                ],
                "train_model": "721",
                "is_open_for_all": true,
                "is_eid_trip": 0,
                "parent_route": {
                    "origin_city_name": "chattogram",
                    "destination_city_name": "dhaka",
                    "departure_date": "2025-07-04",
                    "departure_time": "12:30:00",
                    "arrival_date": "2025-07-04",
                    "arrival_time": "18:40:00"
                },
                "boarding_points": [
                    {
                        "trip_point_id": 108480634,
                        "location_id": 2826,
                        "location_name": "Brahmanbaria Station",
                        "location_time": "04:30 PM",
                        "location_date": "04 Jul 2025"
                    }
                ],
                "is_international": 0,
                "is_from_city_international": false
            }
        ],
        "recommendations": [
            {
                "origin": "Ashuganj",
                "destination": "Bhairab_bazar"
            },
            {
                "origin": "Brahmanbaria",
                "destination": "Ashuganj"
            }
        ],
        "selected_seat_class": "S_CHAIR"
    },
    "extra": {
        "hash": "2E1B68AB3FFC1C6C577E36F562130B61"
    }
}