{
    "data": {
        "trains": [
            {
                "trip_number": "KOROTOA EXPRESS (714)",
                "departure_date_time": "04 Jul, 04:20 pm",
                "departure_full_date": "2025-07-04",
                "departure_date_time_jd": "Fri, 04 Jul 2025, 04:20 PM",
                "arrival_date_time": "04 Jul, 05:02 pm",
                "travel_time": "00h 42m",
                "origin_city_name": "burimari",
                "destination_city_name": "barkhata",
                "seat_types": [
                    {
                        "key": 7,
                        "type": "S_CHAIR",
                        "trip_id": 8447194,
                        "trip_route_id": 53841013,
                        "route_id": 21199,
                        "fare": "50.00",
                        "vat_percent": 0,
                        "vat_amount": 0,
                        "origin_city_seq": 1,
                        "destination_city_seq": 4,
                        "seat_counts": {
                            "online": 8,
                            "offline": 7,
                            "is_divided": true
                        }
                    }
                ],
                "train_model": "714",
                "is_open_for_all": true,
                "is_eid_trip": 0,
                "parent_route": {
                    "origin_city_name": "burimari",
                    "destination_city_name": "santahar",
                    "departure_date": "2025-07-04",
                    "departure_time": "16:20:00",
                    "arrival_date": "2025-07-04",
                    "arrival_time": "22:40:00"
                },
                "boarding_points": [
                    {
                        "trip_point_id": 108478493,
                        "location_id": 2786,
                        "location_name": "Burimari Station",
                        "location_time": "04:20 PM",
                        "location_date": "04 Jul 2025"
                    }
                ],
                "is_international": 0,
                "is_from_city_international": false
            },
            {
                "trip_number": "BURIMARI EXPRESS (810)",
                "departure_date_time": "04 Jul, 06:00 pm",
                "departure_full_date": "2025-07-04",
                "departure_date_time_jd": "Fri, 04 Jul 2025, 06:00 PM",
                "arrival_date_time": "04 Jul, 06:47 pm",
                "travel_time": "00h 47m",
                "origin_city_name": "burimari",
                "destination_city_name": "barkhata",
                "seat_types": [
                    {
                        "key": 7,
                        "type": "S_CHAIR",
                        "trip_id": 8447276,
                        "trip_route_id": 53843427,
                        "route_id": 26231,
                        "fare": "50.00",
                        "vat_percent": 0,
                        "vat_amount": 0,
                        "origin_city_seq": 2,
                        "destination_city_seq": 4,
                        "seat_counts": {
                            "online": 0,
                            "offline": 0,
                            "is_divided": true
                        }
                    }
                ],
                "train_model": "810",
                "is_open_for_all": true,
                "is_eid_trip": 0,
                "parent_route": {
                    "origin_city_name": "lalmonirhat",
                    "destination_city_name": "dhaka",
                    "departure_date": "2025-07-04",
                    "departure_time": "21:10:00",
                    "arrival_date": "2025-07-05",
                    "arrival_time": "06:30:00"
                },
                "boarding_points": [
                    {
                        "trip_point_id": 108479974,
                        "location_id": 2786,
                        "location_name": "Burimari Station",
                        "location_time": "06:00 PM",
                        "location_date": "04 Jul 2025"
                    }
                ],
                "is_international": 0,
                "is_from_city_international": false
            }
        ],
        "recommendations": [],
        "selected_seat_class": "S_CHAIR"
    },
    "extra": {
        "hash": "2E1B68AB3FFC1C6C577E36F562130B61"
    }
}