{
    "data": {
        "trains": [
            {
                "trip_number": "MEGHNA EXPRESS (730)",
                "departure_date_time": "04 Jul, 05:00 am",
                "departure_full_date": "2025-07-04",
                "departure_date_time_jd": "Fri, 04 Jul 2025, 05:00 AM",
                "arrival_date_time": "04 Jul, 09:00 am",
                "travel_time": "04h 00m",
                "origin_city_name": "chandpur",
                "destination_city_name": "chattogram",
                "seat_types": [
                    {
                        "key": 6,
                        "type": "F_CHAIR",
                        "trip_id": 8447114,
                        "trip_route_id": 53839454,
                        "route_id": 22641,
                        "fare": "290.00",
                        "vat_percent": 15,
                        "vat_amount": 44,
                        "origin_city_seq": 1,
                        "destination_city_seq": 16,
                        "seat_counts": {
                            "online": 21,
                            "offline": 20,
                            "is_divided": true
                        }
                    },
                    {
                        "key": 8,
                        "type": "SHOVAN",
                        "trip_id": 8447115,
                        "trip_route_id": 53839492,
                        "route_id": 22641,
                        "fare": "180.00",
                        "vat_percent": 0,
                        "vat_amount": 0,
                        "origin_city_seq": 1,
                        "destination_city_seq": 16,
                        "seat_counts": {
                            "online": 156,
                            "offline": 156,
                            "is_divided": true
                        }
                    },
                    {
                        "key": 7,
                        "type": "S_CHAIR",
                        "trip_id": 8447116,
                        "trip_route_id": 53839533,
                        "route_id": 22641,
                        "fare": "220.00",
                        "vat_percent": 0,
                        "vat_amount": 0,
                        "origin_city_seq": 1,
                        "destination_city_seq": 16,
                        "seat_counts": {
                            "online": 105,
                            "offline": 105,
                            "is_divided": true
                        }
                    },
                    {
                        "key": 5,
                        "type": "F_SEAT",
                        "trip_id": 8447117,
                        "trip_route_id": 53839570,
                        "route_id": 22641,
                        "fare": "290.00",
                        "vat_percent": 15,
                        "vat_amount": 44,
                        "origin_city_seq": 1,
                        "destination_city_seq": 16,
                        "seat_counts": {
                            "online": 14,
                            "offline": 13,
                            "is_divided": true
                        }
                    }
                ],
                "train_model": "730",
                "is_open_for_all": true,
                "is_eid_trip": 0,
                "parent_route": {
                    "origin_city_name": "chandpur",
                    "destination_city_name": "chattogram",
                    "departure_date": "2025-07-04",
                    "departure_time": "05:00:00",
                    "arrival_date": "2025-07-04",
                    "arrival_time": "09:00:00"
                },
                "boarding_points": [
                    {
                        "trip_point_id": 108477334,
                        "location_id": 2869,
                        "location_name": "Chandpur Station",
                        "location_time": "05:00 AM",
                        "location_date": "04 Jul 2025"
                    }
                ],
                "is_international": 0,
                "is_from_city_international": false
            }
        ],
        "recommendations": [],
        "selected_seat_class": "S_CHAIR"
    },
    "extra": {
        "hash": "2E1B68AB3FFC1C6C577E36F562130B61"
    }
}