{
    "data": {
        "trains": [
            {
                "trip_number": "CHITRA EXPRESS (764)",
                "departure_date_time": "04 Jul, 11:07 pm",
                "departure_full_date": "2025-07-04",
                "departure_date_time_jd": "Fri, 04 Jul 2025, 11:07 PM",
                "arrival_date_time": "05 Jul, 03:07 am",
                "travel_time": "04h 00m",
                "origin_city_name": "chatmohar",
                "destination_city_name": "jashore",
                "seat_types": [
                    {
                        "key": 3,
                        "type": "SNIGDHA",
                        "trip_id": 8447297,
                        "trip_route_id": 53844288,
                        "route_id": 20640,
                        "fare": "425.00",
                        "vat_percent": 15,
                        "vat_amount": 64,
                        "origin_city_seq": 11,
                        "destination_city_seq": 21,
                        "seat_counts": {
                            "online": 5,
                            "offline": 5,
                            "is_divided": true
                        }
                    },
                    {
                        "key": 1,
                        "type": "AC_B",
                        "trip_id": 8447300,
                        "trip_route_id": 53844510,
                        "route_id": 20640,
                        "fare": "760.00",
                        "vat_percent": 15,
                        "vat_amount": 114,
                        "origin_city_seq": 11,
                        "destination_city_seq": 21,
                        "seat_counts": {
                            "online": 0,
                            "offline": 0,
                            "is_divided": true
                        }
                    },
                    {
                        "key": 7,
                        "type": "S_CHAIR",
                        "trip_id": 8447301,
                        "trip_route_id": 53844581,
                        "route_id": 20640,
                        "fare": "255.00",
                        "vat_percent": 0,
                        "vat_amount": 0,
                        "origin_city_seq": 11,
                        "destination_city_seq": 21,
                        "seat_counts": {
                            "online": 3,
                            "offline": 2,
                            "is_divided": true
                        }
                    }
                ],
                "train_model": "764",
                "is_open_for_all": true,
                "is_eid_trip": 0,
                "parent_route": {
                    "origin_city_name": "dhaka",
                    "destination_city_name": "khulna",
                    "departure_date": "2025-07-04",
                    "departure_time": "19:30:00",
                    "arrival_date": "2025-07-05",
                    "arrival_time": "04:40:00"
                },
                "boarding_points": [
                    {
                        "trip_point_id": 108480449,
                        "location_id": 2792,
                        "location_name": "Chatmohar Station",
                        "location_time": "11:07 PM",
                        "location_date": "04 Jul 2025"
                    }
                ],
                "is_international": 0,
                "is_from_city_international": false
            }
        ],
        "recommendations": [],
        "selected_seat_class": "S_CHAIR"
    },
    "extra": {
        "hash": "2E1B68AB3FFC1C6C577E36F562130B61"
    }
}