{
    "data": {
        "trains": [
            {
                "trip_number": "DRUTOJAN EXPRESS (757)",
                "departure_date_time": "04 Jul, 11:58 pm",
                "departure_full_date": "2025-07-04",
                "departure_date_time_jd": "Fri, 04 Jul 2025, 11:58 PM",
                "arrival_date_time": "05 Jul, 04:45 am",
                "travel_time": "04h 47m",
                "origin_city_name": "chatmohar",
                "destination_city_name": "dinajpur",
                "seat_types": [
                    {
                        "key": 3,
                        "type": "SNIGDHA",
                        "trip_id": 8447041,
                        "trip_route_id": 53836232,
                        "route_id": 19595,
                        "fare": "445.00",
                        "vat_percent": 15,
                        "vat_amount": 67,
                        "origin_city_seq": 9,
                        "destination_city_seq": 21,
                        "seat_counts": {
                            "online": 0,
                            "offline": 0,
                            "is_divided": true
                        }
                    },
                    {
                        "key": 7,
                        "type": "S_CHAIR",
                        "trip_id": 8447050,
                        "trip_route_id": 53837199,
                        "route_id": 19595,
                        "fare": "265.00",
                        "vat_percent": 0,
                        "vat_amount": 0,
                        "origin_city_seq": 9,
                        "destination_city_seq": 21,
                        "seat_counts": {
                            "online": 0,
                            "offline": 0,
                            "is_divided": true
                        }
                    },
                    {
                        "key": 1,
                        "type": "AC_B",
                        "trip_id": 8447197,
                        "trip_route_id": 53841312,
                        "route_id": 19595,
                        "fare": "795.00",
                        "vat_percent": 15,
                        "vat_amount": 120,
                        "origin_city_seq": 9,
                        "destination_city_seq": 21,
                        "seat_counts": {
                            "online": 0,
                            "offline": 0,
                            "is_divided": true
                        }
                    }
                ],
                "train_model": "757",
                "is_open_for_all": true,
                "is_eid_trip": 0,
                "parent_route": {
                    "origin_city_name": "dhaka",
                    "destination_city_name": "panchagarh",
                    "departure_date": "2025-07-04",
                    "departure_time": "20:45:00",
                    "arrival_date": "2025-07-05",
                    "arrival_time": "07:10:00"
                },
                "boarding_points": [
                    {
                        "trip_point_id": 108475660,
                        "location_id": 2792,
                        "location_name": "Chatmohar Station",
                        "location_time": "11:58 PM",
                        "location_date": "04 Jul 2025"
                    }
                ],
                "is_international": 0,
                "is_from_city_international": false
            }
        ],
        "recommendations": [
            {
                "origin": "Natore",
                "destination": "Dinajpur"
            },
            {
                "origin": "Chatmohar",
                "destination": "Chirirbandar"
            }
        ],
        "selected_seat_class": "S_CHAIR"
    },
    "extra": {
        "hash": "2E1B68AB3FFC1C6C577E36F562130B61"
    }
}