{
    "origin_city_name": "abdulpur",
    "destination_city_name": "ishwardi bypass",
    "info": [
        {
            "type": "AC_S",
            "fare": 135.0,
            "vat_percent": 15,
            "vat_amount": 21
        },
        {
            "type": "SNIGDHA",
            "fare": 110.0,
            "vat_percent": 15,
            "vat_amount": 17
        },
        {
            "type": "S_CHAIR",
            "fare": 70.0,
            "vat_percent": 0,
            "vat_amount": 0
        },
        {
            "type": "SHOVAN",
            "fare": 45.0,
            "vat_percent": 0,
            "vat_amount": 0
        }
    ]
}