{
    "origin_city_name": "abdulpur",
    "destination_city_name": "dhaka",
    "info": [
        {
            "type": "AC_S",
            "fare": 805.0,
            "vat_percent": 15,
            "vat_amount": 121
        },
        {
            "type": "SNIGDHA",
            "fare": 670.0,
            "vat_percent": 15,
            "vat_amount": 101
        },
        {
            "type": "S_CHAIR",
            "fare": 405.0,
            "vat_percent": 0,
            "vat_amount": 0
        },
        {
            "type": "AC_B",
            "fare": 1205.0,
            "vat_percent": 15,
            "vat_amount": 181
        }
    ]
}