{
    "origin_city_name": "abdulpur",
    "destination_city_name": "dhaka",
    "info": [
        {
            "type": "S_CHAIR",
            "fare": 450.0,
            "vat_percent": 0,
            "vat_amount": 0
        },
        {
            "type": "SNIGDHA",
            "fare": 750.0,
            "vat_percent": 15,
            "vat_amount": 113
        },
        {
            "type": "AC_B",
            "fare": 1345.0,
            "vat_percent": 15,
            "vat_amount": 202
        },
        {
            "type": "AC_S",
            "fare": 900.0,
            "vat_percent": 15,
            "vat_amount": 135
        }
    ]
}