{
    "origin_city_name": "abdulpur",
    "destination_city_name": "rajshahi",
    "info": [
        {
            "type": "AC_B",
            "fare": 150.0,
            "vat_percent": 15,
            "vat_amount": 23
        },
        {
            "type": "SNIGDHA",
            "fare": 100.0,
            "vat_percent": 15,
            "vat_amount": 15
        },
        {
            "type": "S_CHAIR",
            "fare": 50.0,
            "vat_percent": 0,
            "vat_amount": 0
        },
        {
            "type": "SHOVAN",
            "fare": 45.0,
            "vat_percent": 0,
            "vat_amount": 0
        },
        {
            "type": "AC_S",
            "fare": 110.0,
            "vat_percent": 15,
            "vat_amount": 17
        }
    ]
}