{
    "origin_city_name": "ahsanganj",
    "destination_city_name": "chuadanga",
    "info": [
        {
            "type": "AC_S",
            "fare": 390.0,
            "vat_percent": 15,
            "vat_amount": 59
        },
        {
            "type": "SNIGDHA",
            "fare": 325.0,
            "vat_percent": 15,
            "vat_amount": 49
        },
        {
            "type": "S_CHAIR",
            "fare": 195.0,
            "vat_percent": 0,
            "vat_amount": 0
        }
    ]
}