{
    "origin_city_name": "ahsanganj",
    "destination_city_name": "poradaha",
    "info": [
        {
            "type": "AC_S",
            "fare": 315.0,
            "vat_percent": 15,
            "vat_amount": 48
        },
        {
            "type": "SNIGDHA",
            "fare": 265.0,
            "vat_percent": 15,
            "vat_amount": 40
        },
        {
            "type": "S_CHAIR",
            "fare": 160.0,
            "vat_percent": 0,
            "vat_amount": 0
        }
    ]
}