{
    "origin_city_name": "ahsanganj",
    "destination_city_name": "darshana_halt",
    "info": [
        {
            "type": "AC_S",
            "fare": 425.0,
            "vat_percent": 15,
            "vat_amount": 64
        },
        {
            "type": "SNIGDHA",
            "fare": 355.0,
            "vat_percent": 15,
            "vat_amount": 54
        },
        {
            "type": "S_CHAIR",
            "fare": 215.0,
            "vat_percent": 0,
            "vat_amount": 0
        }
    ]
}