{
    "origin_city_name": "ahsanganj",
    "destination_city_name": "dhaka",
    "info": [
        {
            "type": "SNIGDHA",
            "fare": 745.0,
            "vat_percent": 15,
            "vat_amount": 112
        },
        {
            "type": "S_CHAIR",
            "fare": 445.0,
            "vat_percent": 0,
            "vat_amount": 0
        },
        {
            "type": "AC_S",
            "fare": 890.0,
            "vat_percent": 15,
            "vat_amount": 134
        },
        {
            "type": "AC_B",
            "fare": 1335.0,
            "vat_percent": 15,
            "vat_amount": 201
        }
    ]
}