{
    "origin_city_name": "ahsanganj",
    "destination_city_name": "parbatipur",
    "info": [
        {
            "type": "SNIGDHA",
            "fare": 235.0,
            "vat_percent": 15,
            "vat_amount": 36
        },
        {
            "type": "S_CHAIR",
            "fare": 140.0,
            "vat_percent": 0,
            "vat_amount": 0
        },
        {
            "type": "AC_S",
            "fare": 280.0,
            "vat_percent": 15,
            "vat_amount": 42
        },
        {
            "type": "AC_B",
            "fare": 405.0,
            "vat_percent": 15,
            "vat_amount": 61
        }
    ]
}