{
    "origin_city_name": "ahsanganj",
    "destination_city_name": "jashore",
    "info": [
        {
            "type": "AC_S",
            "fare": 585.0,
            "vat_percent": 15,
            "vat_amount": 88
        },
        {
            "type": "SNIGDHA",
            "fare": 485.0,
            "vat_percent": 15,
            "vat_amount": 73
        },
        {
            "type": "S_CHAIR",
            "fare": 295.0,
            "vat_percent": 0,
            "vat_amount": 0
        }
    ]
}