{
    "origin_city_name": "ahsanganj",
    "destination_city_name": "dinajpur",
    "info": [
        {
            "type": "SNIGDHA",
            "fare": 295.0,
            "vat_percent": 15,
            "vat_amount": 45
        },
        {
            "type": "S_CHAIR",
            "fare": 175.0,
            "vat_percent": 0,
            "vat_amount": 0
        },
        {
            "type": "AC_B",
            "fare": 490.0,
            "vat_percent": 15,
            "vat_amount": 74
        }
    ]
}