{
    "origin_city_name": "akhaura",
    "destination_city_name": "narsingdi",
    "info": [
        {
            "type": "S_CHAIR",
            "fare": 105.0,
            "vat_percent": 0,
            "vat_amount": 0
        },
        {
            "type": "AC_S",
            "fare": 205.0,
            "vat_percent": 15,
            "vat_amount": 31
        },
        {
            "type": "SNIGDHA",
            "fare": 170.0,
            "vat_percent": 15,
            "vat_amount": 26
        }
    ]
}