{
    "origin_city_name": "akhaura",
    "destination_city_name": "feni",
    "info": [
        {
            "type": "AC_B",
            "fare": 400.0,
            "vat_percent": 15,
            "vat_amount": 60
        },
        {
            "type": "S_CHAIR",
            "fare": 135.0,
            "vat_percent": 0,
            "vat_amount": 0
        },
        {
            "type": "SNIGDHA",
            "fare": 225.0,
            "vat_percent": 15,
            "vat_amount": 34
        }
    ]
}