{
    "origin_city_name": "akhaura",
    "destination_city_name": "sylhet",
    "info": [
        {
            "type": "SNIGDHA",
            "fare": 350.0,
            "vat_percent": 15,
            "vat_amount": 53
        },
        {
            "type": "AC_S",
            "fare": 415.0,
            "vat_percent": 15,
            "vat_amount": 63
        },
        {
            "type": "S_CHAIR",
            "fare": 210.0,
            "vat_percent": 0,
            "vat_amount": 0
        }
    ]
}