{
    "origin_city_name": "akkelpur",
    "destination_city_name": "jashore",
    "info": [
        {
            "type": "S_CHAIR",
            "fare": 340.0,
            "vat_percent": 0,
            "vat_amount": 0
        },
        {
            "type": "SNIGDHA",
            "fare": 565.0,
            "vat_percent": 15,
            "vat_amount": 85
        },
        {
            "type": "AC_S",
            "fare": 680.0,
            "vat_percent": 15,
            "vat_amount": 102
        }
    ]
}