{
    "origin_city_name": "akkelpur",
    "destination_city_name": "b sirajul islam",
    "info": [
        {
            "type": "SNIGDHA",
            "fare": 415.0,
            "vat_percent": 15,
            "vat_amount": 63
        },
        {
            "type": "S_CHAIR",
            "fare": 250.0,
            "vat_percent": 0,
            "vat_amount": 0
        },
        {
            "type": "AC_S",
            "fare": 495.0,
            "vat_percent": 15,
            "vat_amount": 75
        },
        {
            "type": "AC_B",
            "fare": 665.0,
            "vat_percent": 15,
            "vat_amount": 100
        }
    ]
}