{
    "origin_city_name": "alamdanga",
    "destination_city_name": "dhaka",
    "info": [
        {
            "type": "S_CHAIR",
            "fare": 445.0,
            "vat_percent": 0,
            "vat_amount": 0
        },
        {
            "type": "SNIGDHA",
            "fare": 740.0,
            "vat_percent": 15,
            "vat_amount": 111
        },
        {
            "type": "AC_S",
            "fare": 895.0,
            "vat_percent": 15,
            "vat_amount": 135
        }
    ]
}