{
    "origin_city_name": "alamdanga",
    "destination_city_name": "parbatipur",
    "info": [
        {
            "type": "AC_S",
            "fare": 630.0,
            "vat_percent": 15,
            "vat_amount": 95
        },
        {
            "type": "SNIGDHA",
            "fare": 525.0,
            "vat_percent": 15,
            "vat_amount": 79
        },
        {
            "type": "S_CHAIR",
            "fare": 315.0,
            "vat_percent": 0,
            "vat_amount": 0
        }
    ]
}