{
    "origin_city_name": "alamdanga",
    "destination_city_name": "saidpur",
    "info": [
        {
            "type": "S_CHAIR",
            "fare": 330.0,
            "vat_percent": 0,
            "vat_amount": 0
        },
        {
            "type": "AC_S",
            "fare": 660.0,
            "vat_percent": 15,
            "vat_amount": 99
        },
        {
            "type": "SNIGDHA",
            "fare": 550.0,
            "vat_percent": 15,
            "vat_amount": 83
        }
    ]
}