{
    "origin_city_name": "alamdanga",
    "destination_city_name": "joypurhat",
    "info": [
        {
            "type": "AC_S",
            "fare": 480.0,
            "vat_percent": 15,
            "vat_amount": 72
        },
        {
            "type": "SNIGDHA",
            "fare": 400.0,
            "vat_percent": 15,
            "vat_amount": 60
        },
        {
            "type": "S_CHAIR",
            "fare": 240.0,
            "vat_percent": 0,
            "vat_amount": 0
        }
    ]
}