{
    "origin_city_name": "alamdanga",
    "destination_city_name": "chilahati",
    "info": [
        {
            "type": "AC_S",
            "fare": 785.0,
            "vat_percent": 15,
            "vat_amount": 118
        },
        {
            "type": "SNIGDHA",
            "fare": 655.0,
            "vat_percent": 15,
            "vat_amount": 99
        },
        {
            "type": "S_CHAIR",
            "fare": 395.0,
            "vat_percent": 0,
            "vat_amount": 0
        }
    ]
}