{
    "origin_city_name": "azampur",
    "destination_city_name": "dhaka",
    "info": [
        {
            "type": "S_CHAIR",
            "fare": 175.0,
            "vat_percent": 0,
            "vat_amount": 0
        },
        {
            "type": "AC_S",
            "fare": 345.0,
            "vat_percent": 15,
            "vat_amount": 52
        },
        {
            "type": "SNIGDHA",
            "fare": 285.0,
            "vat_percent": 15,
            "vat_amount": 43
        },
        {
            "type": "F_SEAT",
            "fare": 230.0,
            "vat_percent": 15,
            "vat_amount": 35
        }
    ]
}