{
    "origin_city_name": "azim nagar",
    "destination_city_name": "rajshahi",
    "info": [
        {
            "type": "SHOVAN",
            "fare": 50.0,
            "vat_percent": 0,
            "vat_amount": 0
        },
        {
            "type": "S_CHAIR",
            "fare": 60.0,
            "vat_percent": 0,
            "vat_amount": 0
        },
        {
            "type": "SNIGDHA",
            "fare": 100.0,
            "vat_percent": 15,
            "vat_amount": 15
        }
    ]
}