{
    "origin_city_name": "b sirajul islam",
    "destination_city_name": "kismat",
    "info": [
        {
            "type": "S_CHAIR",
            "fare": 50.0,
            "vat_percent": 0,
            "vat_amount": 0
        },
        {
            "type": "SHOVAN",
            "fare": 45.0,
            "vat_percent": 0,
            "vat_amount": 0
        },
        {
            "type": "AC_S",
            "fare": 0.0,
            "vat_percent": 15,
            "vat_amount": 0
        },
        {
            "type": "SNIGDHA",
            "fare": 100.0,
            "vat_percent": 15,
            "vat_amount": 15
        },
        {
            "type": "AC_B",
            "fare": 130.0,
            "vat_percent": 15,
            "vat_amount": 20
        }
    ]
}