{
    "origin_city_name": "b sirajul islam",
    "destination_city_name": "dinajpur",
    "info": [
        {
            "type": "S_CHAIR",
            "fare": 125.0,
            "vat_percent": 0,
            "vat_amount": 0
        },
        {
            "type": "SHOVAN",
            "fare": 105.0,
            "vat_percent": 0,
            "vat_amount": 0
        },
        {
            "type": "F_SEAT",
            "fare": 165.0,
            "vat_percent": 15,
            "vat_amount": 25
        },
        {
            "type": "SNIGDHA",
            "fare": 205.0,
            "vat_percent": 15,
            "vat_amount": 31
        },
        {
            "type": "AC_S",
            "fare": 245.0,
            "vat_percent": 15,
            "vat_amount": 37
        },
        {
            "type": "AC_B",
            "fare": 365.0,
            "vat_percent": 15,
            "vat_amount": 55
        }
    ]
}