{
    "origin_city_name": "b sirajul islam",
    "destination_city_name": "joypurhat",
    "info": [
        {
            "type": "SNIGDHA",
            "fare": 385.0,
            "vat_percent": 15,
            "vat_amount": 58
        },
        {
            "type": "S_CHAIR",
            "fare": 230.0,
            "vat_percent": 0,
            "vat_amount": 0
        },
        {
            "type": "AC_S",
            "fare": 460.0,
            "vat_percent": 15,
            "vat_amount": 69
        },
        {
            "type": "AC_B",
            "fare": 685.0,
            "vat_percent": 15,
            "vat_amount": 103
        }
    ]
}