{
    "origin_city_name": "b sirajul islam",
    "destination_city_name": "thakurgaon_road",
    "info": [
        {
            "type": "S_CHAIR",
            "fare": 50.0,
            "vat_percent": 0,
            "vat_amount": 0
        },
        {
            "type": "SHOVAN",
            "fare": 45.0,
            "vat_percent": 0,
            "vat_amount": 0
        },
        {
            "type": "F_SEAT",
            "fare": 90.0,
            "vat_percent": 15,
            "vat_amount": 14
        },
        {
            "type": "SNIGDHA",
            "fare": 100.0,
            "vat_percent": 15,
            "vat_amount": 15
        },
        {
            "type": "AC_S",
            "fare": 110.0,
            "vat_percent": 15,
            "vat_amount": 17
        },
        {
            "type": "AC_B",
            "fare": 140.0,
            "vat_percent": 15,
            "vat_amount": 21
        }
    ]
}