{
    "origin_city_name": "b sirajul islam",
    "destination_city_name": "setabganj",
    "info": [
        {
            "type": "S_CHAIR",
            "fare": 90.0,
            "vat_percent": 0,
            "vat_amount": 0
        },
        {
            "type": "SHOVAN",
            "fare": 75.0,
            "vat_percent": 0,
            "vat_amount": 0
        },
        {
            "type": "SNIGDHA",
            "fare": 145.0,
            "vat_percent": 15,
            "vat_amount": 22
        },
        {
            "type": "AC_S",
            "fare": 175.0,
            "vat_percent": 15,
            "vat_amount": 27
        },
        {
            "type": "AC_B",
            "fare": 260.0,
            "vat_percent": 15,
            "vat_amount": 39
        }
    ]
}