{
    "origin_city_name": "bamondanga",
    "destination_city_name": "dhaka",
    "info": [
        {
            "type": "AC_S",
            "fare": 1245.0,
            "vat_percent": 15,
            "vat_amount": 187
        },
        {
            "type": "SNIGDHA",
            "fare": 1040.0,
            "vat_percent": 15,
            "vat_amount": 156
        },
        {
            "type": "S_CHAIR",
            "fare": 625.0,
            "vat_percent": 0,
            "vat_amount": 0
        },
        {
            "type": "AC_B",
            "fare": 1870.0,
            "vat_percent": 15,
            "vat_amount": 281
        }
    ]
}