{
    "origin_city_name": "barhatta",
    "destination_city_name": "biman_bandar",
    "info": [
        {
            "type": "F_SEAT",
            "fare": 330.0,
            "vat_percent": 15,
            "vat_amount": 50
        },
        {
            "type": "SHOVAN",
            "fare": 205.0,
            "vat_percent": 0,
            "vat_amount": 0
        },
        {
            "type": "S_CHAIR",
            "fare": 250.0,
            "vat_percent": 0,
            "vat_amount": 0
        },
        {
            "type": "AC_S",
            "fare": 495.0,
            "vat_percent": 15,
            "vat_amount": 75
        }
    ]
}