{
    "origin_city_name": "barhatta",
    "destination_city_name": "mymensingh",
    "info": [
        {
            "type": "F_SEAT",
            "fare": 120.0,
            "vat_percent": 15,
            "vat_amount": 18
        },
        {
            "type": "SHOVAN",
            "fare": 85.0,
            "vat_percent": 0,
            "vat_amount": 0
        },
        {
            "type": "S_CHAIR",
            "fare": 105.0,
            "vat_percent": 0,
            "vat_amount": 0
        },
        {
            "type": "AC_S",
            "fare": 175.0,
            "vat_percent": 15,
            "vat_amount": 27
        }
    ]
}