{
    "origin_city_name": "bbsetu_e",
    "destination_city_name": "ishwardi bypass",
    "info": [
        {
            "type": "AC_B",
            "fare": 595.0,
            "vat_percent": 15,
            "vat_amount": 90
        },
        {
            "type": "SNIGDHA",
            "fare": 330.0,
            "vat_percent": 15,
            "vat_amount": 50
        },
        {
            "type": "S_CHAIR",
            "fare": 200.0,
            "vat_percent": 0,
            "vat_amount": 0
        },
        {
            "type": "AC_S",
            "fare": 400.0,
            "vat_percent": 15,
            "vat_amount": 60
        }
    ]
}