{
    "origin_city_name": "bbsetu_e",
    "destination_city_name": "sh m monsur ali",
    "info": [
        {
            "type": "SHOVAN",
            "fare": 95.0,
            "vat_percent": 0,
            "vat_amount": 0
        },
        {
            "type": "S_CHAIR",
            "fare": 115.0,
            "vat_percent": 0,
            "vat_amount": 0
        },
        {
            "type": "F_SEAT",
            "fare": 150.0,
            "vat_percent": 15,
            "vat_amount": 23
        }
    ]
}