{
    "origin_city_name": "benapole",
    "destination_city_name": "dhaka",
    "info": [
        {
            "type": "AC_S",
            "fare": 905.0,
            "vat_percent": 15,
            "vat_amount": 136
        },
        {
            "type": "SNIGDHA",
            "fare": 755.0,
            "vat_percent": 15,
            "vat_amount": 114
        },
        {
            "type": "S_CHAIR",
            "fare": 455.0,
            "vat_percent": 0,
            "vat_amount": 0
        }
    ]
}