{
    "origin_city_name": "benapole",
    "destination_city_name": "kotchandpur",
    "info": [
        {
            "type": "AC_S",
            "fare": 185.0,
            "vat_percent": 15,
            "vat_amount": 28
        },
        {
            "type": "S_CHAIR",
            "fare": 95.0,
            "vat_percent": 0,
            "vat_amount": 0
        },
        {
            "type": "SNIGDHA",
            "fare": 155.0,
            "vat_percent": 15,
            "vat_amount": 24
        }
    ]
}