{
    "origin_city_name": "bhairab_bazar",
    "destination_city_name": "biman_bandar",
    "info": [
        {
            "type": "SNIGDHA",
            "fare": 170.0,
            "vat_percent": 15,
            "vat_amount": 26
        },
        {
            "type": "AC_B",
            "fare": 305.0,
            "vat_percent": 15,
            "vat_amount": 46
        },
        {
            "type": "S_CHAIR",
            "fare": 105.0,
            "vat_percent": 0,
            "vat_amount": 0
        },
        {
            "type": "F_SEAT",
            "fare": 135.0,
            "vat_percent": 15,
            "vat_amount": 21
        },
        {
            "type": "F_CHAIR",
            "fare": 135.0,
            "vat_percent": 15,
            "vat_amount": 21
        },
        {
            "type": "SHOVAN",
            "fare": 85.0,
            "vat_percent": 0,
            "vat_amount": 0
        },
        {
            "type": "AC_S",
            "fare": 205.0,
            "vat_percent": 15,
            "vat_amount": 31
        }
    ]
}