{
    "origin_city_name": "bhairab_bazar",
    "destination_city_name": "sreemangal",
    "info": [
        {
            "type": "SNIGDHA",
            "fare": 285.0,
            "vat_percent": 15,
            "vat_amount": 43
        },
        {
            "type": "AC_B",
            "fare": 515.0,
            "vat_percent": 15,
            "vat_amount": 78
        },
        {
            "type": "S_CHAIR",
            "fare": 175.0,
            "vat_percent": 0,
            "vat_amount": 0
        },
        {
            "type": "F_SEAT",
            "fare": 230.0,
            "vat_percent": 15,
            "vat_amount": 35
        },
        {
            "type": "AC_S",
            "fare": 345.0,
            "vat_percent": 15,
            "vat_amount": 52
        }
    ]
}