{
    "origin_city_name": "bhairab_bazar",
    "destination_city_name": "kishorganj",
    "info": [
        {
            "type": "SHOVAN",
            "fare": 50.0,
            "vat_percent": 0,
            "vat_amount": 0
        },
        {
            "type": "S_CHAIR",
            "fare": 60.0,
            "vat_percent": 0,
            "vat_amount": 0
        },
        {
            "type": "F_CHAIR",
            "fare": 90.0,
            "vat_percent": 15,
            "vat_amount": 14
        },
        {
            "type": "F_SEAT",
            "fare": 90.0,
            "vat_percent": 15,
            "vat_amount": 14
        },
        {
            "type": "AC_S",
            "fare": 115.0,
            "vat_percent": 15,
            "vat_amount": 18
        },
        {
            "type": "SNIGDHA",
            "fare": 100.0,
            "vat_percent": 15,
            "vat_amount": 15
        }
    ]
}