{
    "origin_city_name": "bhanga",
    "destination_city_name": "khulna",
    "info": [
        {
            "type": "AC_S",
            "fare": 720.0,
            "vat_percent": 15,
            "vat_amount": 108
        },
        {
            "type": "S_CHAIR",
            "fare": 360.0,
            "vat_percent": 0,
            "vat_amount": 0
        },
        {
            "type": "SNIGDHA",
            "fare": 600.0,
            "vat_percent": 15,
            "vat_amount": 90
        }
    ]
}