{
    "origin_city_name": "bhanugach",
    "destination_city_name": "bhairab_bazar",
    "info": [
        {
            "type": "SNIGDHA",
            "fare": 305.0,
            "vat_percent": 15,
            "vat_amount": 46
        },
        {
            "type": "S_CHAIR",
            "fare": 185.0,
            "vat_percent": 0,
            "vat_amount": 0
        },
        {
            "type": "F_SEAT",
            "fare": 245.0,
            "vat_percent": 15,
            "vat_amount": 37
        },
        {
            "type": "AC_S",
            "fare": 370.0,
            "vat_percent": 15,
            "vat_amount": 56
        }
    ]
}