{
    "origin_city_name": "bheramara",
    "destination_city_name": "khulna",
    "info": [
        {
            "type": "S_CHAIR",
            "fare": 225.0,
            "vat_percent": 0,
            "vat_amount": 0
        },
        {
            "type": "AC_B",
            "fare": 665.0,
            "vat_percent": 15,
            "vat_amount": 100
        },
        {
            "type": "SNIGDHA",
            "fare": 370.0,
            "vat_percent": 15,
            "vat_amount": 56
        },
        {
            "type": "AC_S",
            "fare": 445.0,
            "vat_percent": 15,
            "vat_amount": 67
        }
    ]
}