{
    "origin_city_name": "bheramara",
    "destination_city_name": "rajshahi",
    "info": [
        {
            "type": "SHOVAN",
            "fare": 120.0,
            "vat_percent": 0,
            "vat_amount": 0
        },
        {
            "type": "S_CHAIR",
            "fare": 140.0,
            "vat_percent": 0,
            "vat_amount": 0
        },
        {
            "type": "F_SEAT",
            "fare": 185.0,
            "vat_percent": 15,
            "vat_amount": 28
        },
        {
            "type": "SNIGDHA",
            "fare": 235.0,
            "vat_percent": 15,
            "vat_amount": 36
        }
    ]
}