{
    "origin_city_name": "bheramara",
    "destination_city_name": "chilahati",
    "info": [
        {
            "type": "AC_S",
            "fare": 705.0,
            "vat_percent": 15,
            "vat_amount": 106
        },
        {
            "type": "SNIGDHA",
            "fare": 590.0,
            "vat_percent": 15,
            "vat_amount": 89
        },
        {
            "type": "S_CHAIR",
            "fare": 355.0,
            "vat_percent": 0,
            "vat_amount": 0
        },
        {
            "type": "AC_B",
            "fare": 1060.0,
            "vat_percent": 15,
            "vat_amount": 159
        }
    ]
}