{
    "origin_city_name": "bheramara",
    "destination_city_name": "saidpur",
    "info": [
        {
            "type": "S_CHAIR",
            "fare": 295.0,
            "vat_percent": 0,
            "vat_amount": 0
        },
        {
            "type": "SNIGDHA",
            "fare": 485.0,
            "vat_percent": 15,
            "vat_amount": 73
        },
        {
            "type": "AC_B",
            "fare": 875.0,
            "vat_percent": 15,
            "vat_amount": 132
        },
        {
            "type": "AC_S",
            "fare": 585.0,
            "vat_percent": 15,
            "vat_amount": 88
        }
    ]
}