{
    "origin_city_name": "bheramara",
    "destination_city_name": "jashore",
    "info": [
        {
            "type": "SNIGDHA",
            "fare": 260.0,
            "vat_percent": 15,
            "vat_amount": 39
        },
        {
            "type": "AC_B",
            "fare": 465.0,
            "vat_percent": 15,
            "vat_amount": 70
        },
        {
            "type": "S_CHAIR",
            "fare": 155.0,
            "vat_percent": 0,
            "vat_amount": 0
        },
        {
            "type": "AC_S",
            "fare": 310.0,
            "vat_percent": 15,
            "vat_amount": 47
        }
    ]
}