{
    "origin_city_name": "bheramara",
    "destination_city_name": "santahar",
    "info": [
        {
            "type": "S_CHAIR",
            "fare": 165.0,
            "vat_percent": 0,
            "vat_amount": 0
        },
        {
            "type": "SNIGDHA",
            "fare": 270.0,
            "vat_percent": 15,
            "vat_amount": 41
        },
        {
            "type": "AC_B",
            "fare": 485.0,
            "vat_percent": 15,
            "vat_amount": 73
        },
        {
            "type": "AC_S",
            "fare": 325.0,
            "vat_percent": 15,
            "vat_amount": 49
        }
    ]
}