{
    "origin_city_name": "bheramara",
    "destination_city_name": "dhaka",
    "info": [
        {
            "type": "S_CHAIR",
            "fare": 450.0,
            "vat_percent": 0,
            "vat_amount": 0
        },
        {
            "type": "AC_S",
            "fare": 895.0,
            "vat_percent": 15,
            "vat_amount": 135
        },
        {
            "type": "SNIGDHA",
            "fare": 760.0,
            "vat_percent": 15,
            "vat_amount": 114
        }
    ]
}