{
    "origin_city_name": "biman_bandar",
    "destination_city_name": "rajshahi",
    "info": [
        {
            "type": "S_CHAIR",
            "fare": 495.0,
            "vat_percent": 0,
            "vat_amount": 0
        },
        {
            "type": "SNIGDHA",
            "fare": 825.0,
            "vat_percent": 15,
            "vat_amount": 124
        },
        {
            "type": "AC_S",
            "fare": 990.0,
            "vat_percent": 15,
            "vat_amount": 149
        },
        {
            "type": "AC_B",
            "fare": 1345.0,
            "vat_percent": 15,
            "vat_amount": 202
        }
    ]
}