{
    "origin_city_name": "biman_bandar",
    "destination_city_name": "coxs bazar",
    "info": [
        {
            "type": "S_CHAIR",
            "fare": 695.0,
            "vat_percent": 0,
            "vat_amount": 0
        },
        {
            "type": "SNIGDHA",
            "fare": 1152.0,
            "vat_percent": 15,
            "vat_amount": 173
        },
        {
            "type": "AC_S",
            "fare": 1382.0,
            "vat_percent": 15,
            "vat_amount": 208
        }
    ]
}