{
    "origin_city_name": "biman_bandar",
    "destination_city_name": "kurigram",
    "info": [
        {
            "type": "AC_B",
            "fare": 2050.0,
            "vat_percent": 15,
            "vat_amount": 308
        },
        {
            "type": "SNIGDHA",
            "fare": 1140.0,
            "vat_percent": 15,
            "vat_amount": 171
        },
        {
            "type": "S_CHAIR",
            "fare": 685.0,
            "vat_percent": 0,
            "vat_amount": 0
        }
    ]
}