{
    "origin_city_name": "biman_bandar",
    "destination_city_name": "islampur_bazar",
    "info": [
        {
            "type": "SNIGDHA",
            "fare": 415.0,
            "vat_percent": 15,
            "vat_amount": 63
        },
        {
            "type": "S_CHAIR",
            "fare": 250.0,
            "vat_percent": 0,
            "vat_amount": 0
        },
        {
            "type": "F_SEAT",
            "fare": 335.0,
            "vat_percent": 15,
            "vat_amount": 51
        },
        {
            "type": "AC_S",
            "fare": 500.0,
            "vat_percent": 15,
            "vat_amount": 75
        }
    ]
}