{
    "origin_city_name": "biman_bandar",
    "destination_city_name": "akhaura",
    "info": [
        {
            "type": "SNIGDHA",
            "fare": 280.0,
            "vat_percent": 15,
            "vat_amount": 42
        },
        {
            "type": "AC_S",
            "fare": 335.0,
            "vat_percent": 15,
            "vat_amount": 51
        },
        {
            "type": "F_SEAT",
            "fare": 225.0,
            "vat_percent": 15,
            "vat_amount": 34
        },
        {
            "type": "S_CHAIR",
            "fare": 170.0,
            "vat_percent": 0,
            "vat_amount": 0
        },
        {
            "type": "AC_B",
            "fare": 500.0,
            "vat_percent": 15,
            "vat_amount": 75
        }
    ]
}