{
    "origin_city_name": "dhaka",
    "destination_city_name": "gachihata",
    "info": [
        {
            "type": "SHOVAN",
            "fare": 135.0,
            "vat_percent": 0,
            "vat_amount": 0
        },
        {
            "type": "S_CHAIR",
            "fare": 160.0,
            "vat_percent": 0,
            "vat_amount": 0
        },
        {
            "type": "F_SEAT",
            "fare": 215.0,
            "vat_percent": 15,
            "vat_amount": 33
        },
        {
            "type": "AC_S",
            "fare": 320.0,
            "vat_percent": 15,
            "vat_amount": 48
        },
        {
            "type": "SNIGDHA",
            "fare": 265.0,
            "vat_percent": 15,
            "vat_amount": 40
        },
        {
            "type": "F_CHAIR",
            "fare": 215.0,
            "vat_percent": 15,
            "vat_amount": 33
        }
    ]
}