{
    "origin_city_name": "dhaka",
    "destination_city_name": "saidpur",
    "info": [
        {
            "type": "AC_S",
            "fare": 1205.0,
            "vat_percent": 15,
            "vat_amount": 181
        },
        {
            "type": "SNIGDHA",
            "fare": 1005.0,
            "vat_percent": 15,
            "vat_amount": 151
        },
        {
            "type": "S_CHAIR",
            "fare": 605.0,
            "vat_percent": 0,
            "vat_amount": 0
        }
    ]
}