{
    "origin_city_name": "biman_bandar",
    "destination_city_name": "mohanganj",
    "info": [
        {
            "type": "F_BERTH",
            "fare": 495.0,
            "vat_percent": 15,
            "vat_amount": 75
        },
        {
            "type": "S_CHAIR",
            "fare": 250.0,
            "vat_percent": 0,
            "vat_amount": 0
        },
        {
            "type": "SHOVAN",
            "fare": 205.0,
            "vat_percent": 0,
            "vat_amount": 0
        },
        {
            "type": "SNIGDHA",
            "fare": 410.0,
            "vat_percent": 15,
            "vat_amount": 62
        },
        {
            "type": "AC_S",
            "fare": 495.0,
            "vat_percent": 15,
            "vat_amount": 75
        }
    ]
}