{
    "origin_city_name": "biman_bandar",
    "destination_city_name": "sh m monsur ali",
    "info": [
        {
            "type": "AC_S",
            "fare": 590.0,
            "vat_percent": 15,
            "vat_amount": 89
        },
        {
            "type": "SNIGDHA",
            "fare": 495.0,
            "vat_percent": 15,
            "vat_amount": 75
        },
        {
            "type": "S_CHAIR",
            "fare": 295.0,
            "vat_percent": 0,
            "vat_amount": 0
        },
        {
            "type": "SHOVAN",
            "fare": 250.0,
            "vat_percent": 0,
            "vat_amount": 0
        },
        {
            "type": "F_SEAT",
            "fare": 395.0,
            "vat_percent": 15,
            "vat_amount": 60
        },
        {
            "type": "AC_B",
            "fare": 885.0,
            "vat_percent": 15,
            "vat_amount": 133
        }
    ]
}