{
    "origin_city_name": "biman_bandar",
    "destination_city_name": "sh m monsur ali",
    "info": [
        {
            "type": "AC_S",
            "fare": 500.0,
            "vat_percent": 15,
            "vat_amount": 75
        },
        {
            "type": "SNIGDHA",
            "fare": 420.0,
            "vat_percent": 15,
            "vat_amount": 63
        },
        {
            "type": "S_CHAIR",
            "fare": 250.0,
            "vat_percent": 0,
            "vat_amount": 0
        },
        {
            "type": "SHOVAN",
            "fare": 210.0,
            "vat_percent": 0,
            "vat_amount": 0
        },
        {
            "type": "F_SEAT",
            "fare": 335.0,
            "vat_percent": 15,
            "vat_amount": 51
        },
        {
            "type": "AC_B",
            "fare": 750.0,
            "vat_percent": 15,
            "vat_amount": 113
        }
    ]
}