{
    "origin_city_name": "dhaka",
    "destination_city_name": "sararchar",
    "info": [
        {
            "type": "SHOVAN",
            "fare": 110.0,
            "vat_percent": 0,
            "vat_amount": 0
        },
        {
            "type": "S_CHAIR",
            "fare": 130.0,
            "vat_percent": 0,
            "vat_amount": 0
        },
        {
            "type": "F_SEAT",
            "fare": 175.0,
            "vat_percent": 15,
            "vat_amount": 27
        },
        {
            "type": "AC_S",
            "fare": 260.0,
            "vat_percent": 15,
            "vat_amount": 39
        },
        {
            "type": "SNIGDHA",
            "fare": 215.0,
            "vat_percent": 15,
            "vat_amount": 33
        },
        {
            "type": "F_CHAIR",
            "fare": 175.0,
            "vat_percent": 15,
            "vat_amount": 27
        }
    ]
}