{
    "origin_city_name": "biman_bandar",
    "destination_city_name": "chuadanga",
    "info": [
        {
            "type": "SNIGDHA",
            "fare": 855.0,
            "vat_percent": 15,
            "vat_amount": 129
        },
        {
            "type": "AC_B",
            "fare": 1540.0,
            "vat_percent": 15,
            "vat_amount": 231
        },
        {
            "type": "S_CHAIR",
            "fare": 515.0,
            "vat_percent": 0,
            "vat_amount": 0
        }
    ]
}