{
    "origin_city_name": "dhaka",
    "destination_city_name": "lalmonirhat",
    "info": [
        {
            "type": "AC_S",
            "fare": 1355.0,
            "vat_percent": 15,
            "vat_amount": 204
        },
        {
            "type": "SNIGDHA",
            "fare": 1130.0,
            "vat_percent": 15,
            "vat_amount": 170
        },
        {
            "type": "S_CHAIR",
            "fare": 680.0,
            "vat_percent": 0,
            "vat_amount": 0
        },
        {
            "type": "AC_B",
            "fare": 2030.0,
            "vat_percent": 15,
            "vat_amount": 305
        }
    ]
}