{
    "origin_city_name": "biman_bandar",
    "destination_city_name": "chuadanga",
    "info": [
        {
            "type": "SNIGDHA",
            "fare": 780.0,
            "vat_percent": 15,
            "vat_amount": 117
        },
        {
            "type": "AC_B",
            "fare": 1400.0,
            "vat_percent": 15,
            "vat_amount": 210
        },
        {
            "type": "S_CHAIR",
            "fare": 470.0,
            "vat_percent": 0,
            "vat_amount": 0
        }
    ]
}