{
    "origin_city_name": "dhaka",
    "destination_city_name": "ishwardi",
    "info": [
        {
            "type": "SNIGDHA",
            "fare": 645.0,
            "vat_percent": 15,
            "vat_amount": 97
        },
        {
            "type": "AC_B",
            "fare": 1160.0,
            "vat_percent": 15,
            "vat_amount": 174
        },
        {
            "type": "S_CHAIR",
            "fare": 390.0,
            "vat_percent": 0,
            "vat_amount": 0
        }
    ]
}