{
    "origin_city_name": "dhaka",
    "destination_city_name": "jashore",
    "info": [
        {
            "type": "SNIGDHA",
            "fare": 1015.0,
            "vat_percent": 15,
            "vat_amount": 153
        },
        {
            "type": "AC_B",
            "fare": 1830.0,
            "vat_percent": 15,
            "vat_amount": 275
        },
        {
            "type": "S_CHAIR",
            "fare": 610.0,
            "vat_percent": 0,
            "vat_amount": 0
        }
    ]
}