{
    "origin_city_name": "biman_bandar",
    "destination_city_name": "ishwardi bypass",
    "info": [
        {
            "type": "S_CHAIR",
            "fare": 385.0,
            "vat_percent": 0,
            "vat_amount": 0
        },
        {
            "type": "SNIGDHA",
            "fare": 640.0,
            "vat_percent": 15,
            "vat_amount": 96
        },
        {
            "type": "AC_S",
            "fare": 770.0,
            "vat_percent": 15,
            "vat_amount": 116
        },
        {
            "type": "AC_B",
            "fare": 1150.0,
            "vat_percent": 15,
            "vat_amount": 173
        }
    ]
}