{
    "origin_city_name": "biman_bandar",
    "destination_city_name": "chatmohar",
    "info": [
        {
            "type": "AC_S",
            "fare": 715.0,
            "vat_percent": 15,
            "vat_amount": 108
        },
        {
            "type": "SNIGDHA",
            "fare": 595.0,
            "vat_percent": 15,
            "vat_amount": 90
        },
        {
            "type": "S_CHAIR",
            "fare": 360.0,
            "vat_percent": 0,
            "vat_amount": 0
        },
        {
            "type": "AC_B",
            "fare": 1070.0,
            "vat_percent": 15,
            "vat_amount": 161
        }
    ]
}