{
    "origin_city_name": "biman_bandar",
    "destination_city_name": "brahmanbaria",
    "info": [
        {
            "type": "AC_S",
            "fare": 295.0,
            "vat_percent": 15,
            "vat_amount": 45
        },
        {
            "type": "F_SEAT",
            "fare": 200.0,
            "vat_percent": 15,
            "vat_amount": 30
        },
        {
            "type": "S_CHAIR",
            "fare": 150.0,
            "vat_percent": 0,
            "vat_amount": 0
        },
        {
            "type": "SNIGDHA",
            "fare": 250.0,
            "vat_percent": 15,
            "vat_amount": 38
        },
        {
            "type": "AC_B",
            "fare": 445.0,
            "vat_percent": 15,
            "vat_amount": 67
        }
    ]
}