{
    "origin_city_name": "biman_bandar",
    "destination_city_name": "saidpur",
    "info": [
        {
            "type": "AC_S",
            "fare": 1115.0,
            "vat_percent": 15,
            "vat_amount": 168
        },
        {
            "type": "SNIGDHA",
            "fare": 930.0,
            "vat_percent": 15,
            "vat_amount": 140
        },
        {
            "type": "S_CHAIR",
            "fare": 560.0,
            "vat_percent": 0,
            "vat_amount": 0
        }
    ]
}