{
    "origin_city_name": "biman_bandar",
    "destination_city_name": "feni",
    "info": [
        {
            "type": "S_CHAIR",
            "fare": 300.0,
            "vat_percent": 0,
            "vat_amount": 0
        },
        {
            "type": "AC_B",
            "fare": 900.0,
            "vat_percent": 15,
            "vat_amount": 135
        },
        {
            "type": "SNIGDHA",
            "fare": 500.0,
            "vat_percent": 15,
            "vat_amount": 75
        }
    ]
}