{
    "origin_city_name": "biman_bandar",
    "destination_city_name": "ullapara",
    "info": [
        {
            "type": "S_CHAIR",
            "fare": 320.0,
            "vat_percent": 0,
            "vat_amount": 0
        },
        {
            "type": "SNIGDHA",
            "fare": 535.0,
            "vat_percent": 15,
            "vat_amount": 81
        },
        {
            "type": "AC_S",
            "fare": 640.0,
            "vat_percent": 15,
            "vat_amount": 96
        },
        {
            "type": "AC_B",
            "fare": 955.0,
            "vat_percent": 15,
            "vat_amount": 144
        }
    ]
}