{
    "origin_city_name": "biman_bandar",
    "destination_city_name": "ishwardi",
    "info": [
        {
            "type": "SNIGDHA",
            "fare": 570.0,
            "vat_percent": 15,
            "vat_amount": 86
        },
        {
            "type": "AC_B",
            "fare": 1020.0,
            "vat_percent": 15,
            "vat_amount": 153
        },
        {
            "type": "S_CHAIR",
            "fare": 340.0,
            "vat_percent": 0,
            "vat_amount": 0
        }
    ]
}