{
    "origin_city_name": "biman_bandar",
    "destination_city_name": "dinajpur",
    "info": [
        {
            "type": "SNIGDHA",
            "fare": 960.0,
            "vat_percent": 15,
            "vat_amount": 144
        },
        {
            "type": "S_CHAIR",
            "fare": 575.0,
            "vat_percent": 0,
            "vat_amount": 0
        },
        {
            "type": "AC_S",
            "fare": 1150.0,
            "vat_percent": 15,
            "vat_amount": 173
        },
        {
            "type": "AC_B",
            "fare": 1720.0,
            "vat_percent": 15,
            "vat_amount": 258
        }
    ]
}