{
    "origin_city_name": "biman_bandar",
    "destination_city_name": "sarishabari",
    "info": [
        {
            "type": "S_CHAIR",
            "fare": 245.0,
            "vat_percent": 0,
            "vat_amount": 0
        },
        {
            "type": "SNIGDHA",
            "fare": 410.0,
            "vat_percent": 15,
            "vat_amount": 62
        },
        {
            "type": "SHOVAN",
            "fare": 205.0,
            "vat_percent": 0,
            "vat_amount": 0
        },
        {
            "type": "F_CHAIR",
            "fare": 325.0,
            "vat_percent": 15,
            "vat_amount": 49
        },
        {
            "type": "F_SEAT",
            "fare": 325.0,
            "vat_percent": 15,
            "vat_amount": 49
        }
    ]
}