{
    "origin_city_name": "biman_bandar",
    "destination_city_name": "panchagarh",
    "info": [
        {
            "type": "SNIGDHA",
            "fare": 1160.0,
            "vat_percent": 15,
            "vat_amount": 174
        },
        {
            "type": "S_CHAIR",
            "fare": 695.0,
            "vat_percent": 0,
            "vat_amount": 0
        },
        {
            "type": "AC_S",
            "fare": 1390.0,
            "vat_percent": 15,
            "vat_amount": 209
        },
        {
            "type": "AC_B",
            "fare": 2085.0,
            "vat_percent": 15,
            "vat_amount": 313
        }
    ]
}