{
    "origin_city_name": "biman_bandar",
    "destination_city_name": "sylhet",
    "info": [
        {
            "type": "SNIGDHA",
            "fare": 625.0,
            "vat_percent": 15,
            "vat_amount": 94
        },
        {
            "type": "S_CHAIR",
            "fare": 375.0,
            "vat_percent": 0,
            "vat_amount": 0
        },
        {
            "type": "F_SEAT",
            "fare": 500.0,
            "vat_percent": 15,
            "vat_amount": 75
        },
        {
            "type": "AC_S",
            "fare": 750.0,
            "vat_percent": 15,
            "vat_amount": 113
        },
        {
            "type": "AC_B",
            "fare": 1120.0,
            "vat_percent": 15,
            "vat_amount": 168
        }
    ]
}