{
    "origin_city_name": "biman_bandar",
    "destination_city_name": "ullapara",
    "info": [
        {
            "type": "AC_S",
            "fare": 545.0,
            "vat_percent": 15,
            "vat_amount": 82
        },
        {
            "type": "SNIGDHA",
            "fare": 455.0,
            "vat_percent": 15,
            "vat_amount": 69
        },
        {
            "type": "S_CHAIR",
            "fare": 275.0,
            "vat_percent": 0,
            "vat_amount": 0
        },
        {
            "type": "AC_B",
            "fare": 815.0,
            "vat_percent": 15,
            "vat_amount": 123
        }
    ]
}