{
    "origin_city_name": "birampur",
    "destination_city_name": "nilphamari",
    "info": [
        {
            "type": "S_CHAIR",
            "fare": 80.0,
            "vat_percent": 0,
            "vat_amount": 0
        },
        {
            "type": "SNIGDHA",
            "fare": 155.0,
            "vat_percent": 15,
            "vat_amount": 24
        },
        {
            "type": "AC_B",
            "fare": 230.0,
            "vat_percent": 15,
            "vat_amount": 35
        },
        {
            "type": "AC_S",
            "fare": 155.0,
            "vat_percent": 15,
            "vat_amount": 24
        }
    ]
}