{
    "origin_city_name": "birampur",
    "destination_city_name": "ishwardi",
    "info": [
        {
            "type": "AC_S",
            "fare": 345.0,
            "vat_percent": 15,
            "vat_amount": 52
        },
        {
            "type": "SNIGDHA",
            "fare": 290.0,
            "vat_percent": 15,
            "vat_amount": 44
        },
        {
            "type": "S_CHAIR",
            "fare": 175.0,
            "vat_percent": 0,
            "vat_amount": 0
        }
    ]
}