{
    "origin_city_name": "birampur",
    "destination_city_name": "domar",
    "info": [
        {
            "type": "AC_B",
            "fare": 350.0,
            "vat_percent": 15,
            "vat_amount": 53
        },
        {
            "type": "SNIGDHA",
            "fare": 195.0,
            "vat_percent": 15,
            "vat_amount": 30
        },
        {
            "type": "S_CHAIR",
            "fare": 120.0,
            "vat_percent": 0,
            "vat_amount": 0
        },
        {
            "type": "AC_S",
            "fare": 235.0,
            "vat_percent": 15,
            "vat_amount": 36
        }
    ]
}