{
    "origin_city_name": "birampur",
    "destination_city_name": "chuadanga",
    "info": [
        {
            "type": "AC_S",
            "fare": 600.0,
            "vat_percent": 15,
            "vat_amount": 90
        },
        {
            "type": "SNIGDHA",
            "fare": 500.0,
            "vat_percent": 15,
            "vat_amount": 75
        },
        {
            "type": "S_CHAIR",
            "fare": 300.0,
            "vat_percent": 0,
            "vat_amount": 0
        }
    ]
}