{
    "origin_city_name": "birampur",
    "destination_city_name": "saidpur",
    "info": [
        {
            "type": "S_CHAIR",
            "fare": 55.0,
            "vat_percent": 0,
            "vat_amount": 0
        },
        {
            "type": "SNIGDHA",
            "fare": 100.0,
            "vat_percent": 15,
            "vat_amount": 15
        },
        {
            "type": "AC_B",
            "fare": 160.0,
            "vat_percent": 15,
            "vat_amount": 24
        },
        {
            "type": "AC_S",
            "fare": 110.0,
            "vat_percent": 15,
            "vat_amount": 17
        }
    ]
}