{
    "origin_city_name": "bogura",
    "destination_city_name": "gaibandha",
    "info": [
        {
            "type": "S_CHAIR",
            "fare": 75.0,
            "vat_percent": 0,
            "vat_amount": 0
        },
        {
            "type": "SHOVAN",
            "fare": 65.0,
            "vat_percent": 0,
            "vat_amount": 0
        },
        {
            "type": "SNIGDHA",
            "fare": 125.0,
            "vat_percent": 15,
            "vat_amount": 19
        }
    ]
}