{
    "origin_city_name": "bogura",
    "destination_city_name": "bamondanga",
    "info": [
        {
            "type": "S_CHAIR",
            "fare": 105.0,
            "vat_percent": 0,
            "vat_amount": 0
        },
        {
            "type": "SHOVAN",
            "fare": 85.0,
            "vat_percent": 0,
            "vat_amount": 0
        },
        {
            "type": "SNIGDHA",
            "fare": 170.0,
            "vat_percent": 15,
            "vat_amount": 26
        }
    ]
}