{
    "origin_city_name": "bogura",
    "destination_city_name": "lalmonirhat",
    "info": [
        {
            "type": "AC_B",
            "fare": 475.0,
            "vat_percent": 15,
            "vat_amount": 72
        },
        {
            "type": "SNIGDHA",
            "fare": 265.0,
            "vat_percent": 15,
            "vat_amount": 40
        },
        {
            "type": "S_CHAIR",
            "fare": 160.0,
            "vat_percent": 0,
            "vat_amount": 0
        },
        {
            "type": "AC_S",
            "fare": 315.0,
            "vat_percent": 15,
            "vat_amount": 48
        }
    ]
}