{
    "origin_city_name": "bogura",
    "destination_city_name": "dhaka",
    "info": [
        {
            "type": "SNIGDHA",
            "fare": 790.0,
            "vat_percent": 15,
            "vat_amount": 119
        },
        {
            "type": "S_CHAIR",
            "fare": 475.0,
            "vat_percent": 0,
            "vat_amount": 0
        },
        {
            "type": "AC_B",
            "fare": 1425.0,
            "vat_percent": 15,
            "vat_amount": 214
        }
    ]
}