{
    "origin_city_name": "bogura",
    "destination_city_name": "pirgacha",
    "info": [
        {
            "type": "S_CHAIR",
            "fare": 120.0,
            "vat_percent": 0,
            "vat_amount": 0
        },
        {
            "type": "SHOVAN",
            "fare": 100.0,
            "vat_percent": 0,
            "vat_amount": 0
        },
        {
            "type": "SNIGDHA",
            "fare": 200.0,
            "vat_percent": 15,
            "vat_amount": 30
        }
    ]
}