{
    "origin_city_name": "bonar_para",
    "destination_city_name": "dhaka",
    "info": [
        {
            "type": "AC_S",
            "fare": 1050.0,
            "vat_percent": 15,
            "vat_amount": 158
        },
        {
            "type": "SNIGDHA",
            "fare": 875.0,
            "vat_percent": 15,
            "vat_amount": 132
        },
        {
            "type": "S_CHAIR",
            "fare": 525.0,
            "vat_percent": 0,
            "vat_amount": 0
        },
        {
            "type": "AC_B",
            "fare": 1575.0,
            "vat_percent": 15,
            "vat_amount": 237
        }
    ]
}