{
    "origin_city_name": "bonar_para",
    "destination_city_name": "dhaka",
    "info": [
        {
            "type": "SNIGDHA",
            "fare": 955.0,
            "vat_percent": 15,
            "vat_amount": 144
        },
        {
            "type": "S_CHAIR",
            "fare": 575.0,
            "vat_percent": 0,
            "vat_amount": 0
        },
        {
            "type": "AC_S",
            "fare": 1145.0,
            "vat_percent": 15,
            "vat_amount": 172
        },
        {
            "type": "AC_B",
            "fare": 1715.0,
            "vat_percent": 15,
            "vat_amount": 258
        }
    ]
}