{
    "origin_city_name": "boral_bridge",
    "destination_city_name": "ishwardi bypass",
    "info": [
        {
            "type": "AC_B",
            "fare": 130.0,
            "vat_percent": 15,
            "vat_amount": 20
        },
        {
            "type": "SNIGDHA",
            "fare": 100.0,
            "vat_percent": 15,
            "vat_amount": 15
        },
        {
            "type": "S_CHAIR",
            "fare": 50.0,
            "vat_percent": 0,
            "vat_amount": 0
        },
        {
            "type": "AC_S",
            "fare": 110.0,
            "vat_percent": 15,
            "vat_amount": 17
        }
    ]
}