{
    "origin_city_name": "boral_bridge",
    "destination_city_name": "dhaka",
    "info": [
        {
            "type": "AC_S",
            "fare": 595.0,
            "vat_percent": 15,
            "vat_amount": 90
        },
        {
            "type": "SNIGDHA",
            "fare": 495.0,
            "vat_percent": 15,
            "vat_amount": 75
        },
        {
            "type": "S_CHAIR",
            "fare": 300.0,
            "vat_percent": 0,
            "vat_amount": 0
        },
        {
            "type": "AC_B",
            "fare": 890.0,
            "vat_percent": 15,
            "vat_amount": 134
        }
    ]
}