{
    "origin_city_name": "brahmanbaria",
    "destination_city_name": "sreemangal",
    "info": [
        {
            "type": "AC_S",
            "fare": 250.0,
            "vat_percent": 15,
            "vat_amount": 38
        },
        {
            "type": "F_SEAT",
            "fare": 165.0,
            "vat_percent": 15,
            "vat_amount": 25
        },
        {
            "type": "S_CHAIR",
            "fare": 125.0,
            "vat_percent": 0,
            "vat_amount": 0
        },
        {
            "type": "SNIGDHA",
            "fare": 205.0,
            "vat_percent": 15,
            "vat_amount": 31
        }
    ]
}