{
    "origin_city_name": "brahmanbaria",
    "destination_city_name": "kulaura",
    "info": [
        {
            "type": "AC_S",
            "fare": 340.0,
            "vat_percent": 15,
            "vat_amount": 51
        },
        {
            "type": "F_SEAT",
            "fare": 230.0,
            "vat_percent": 15,
            "vat_amount": 35
        },
        {
            "type": "S_CHAIR",
            "fare": 170.0,
            "vat_percent": 0,
            "vat_amount": 0
        },
        {
            "type": "SNIGDHA",
            "fare": 285.0,
            "vat_percent": 15,
            "vat_amount": 43
        }
    ]
}