{
    "origin_city_name": "brahmanbaria",
    "destination_city_name": "cumilla",
    "info": [
        {
            "type": "S_CHAIR",
            "fare": 80.0,
            "vat_percent": 0,
            "vat_amount": 0
        },
        {
            "type": "F_SEAT",
            "fare": 105.0,
            "vat_percent": 15,
            "vat_amount": 16
        },
        {
            "type": "AC_S",
            "fare": 155.0,
            "vat_percent": 15,
            "vat_amount": 24
        },
        {
            "type": "SNIGDHA",
            "fare": 130.0,
            "vat_percent": 15,
            "vat_amount": 20
        }
    ]
}