{
    "origin_city_name": "brahmanbaria",
    "destination_city_name": "feni",
    "info": [
        {
            "type": "F_SEAT",
            "fare": 205.0,
            "vat_percent": 15,
            "vat_amount": 31
        },
        {
            "type": "AC_S",
            "fare": 305.0,
            "vat_percent": 15,
            "vat_amount": 46
        },
        {
            "type": "SNIGDHA",
            "fare": 255.0,
            "vat_percent": 15,
            "vat_amount": 39
        },
        {
            "type": "S_CHAIR",
            "fare": 155.0,
            "vat_percent": 0,
            "vat_amount": 0
        }
    ]
}