{
    "origin_city_name": "chandpur",
    "destination_city_name": "feni",
    "info": [
        {
            "type": "F_CHAIR",
            "fare": 150.0,
            "vat_percent": 15,
            "vat_amount": 23
        },
        {
            "type": "SHOVAN",
            "fare": 95.0,
            "vat_percent": 0,
            "vat_amount": 0
        },
        {
            "type": "S_CHAIR",
            "fare": 110.0,
            "vat_percent": 0,
            "vat_amount": 0
        },
        {
            "type": "F_SEAT",
            "fare": 150.0,
            "vat_percent": 15,
            "vat_amount": 23
        }
    ]
}