{
    "origin_city_name": "chandpur",
    "destination_city_name": "nangolkot",
    "info": [
        {
            "type": "F_CHAIR",
            "fare": 105.0,
            "vat_percent": 15,
            "vat_amount": 16
        },
        {
            "type": "SHOVAN",
            "fare": 65.0,
            "vat_percent": 0,
            "vat_amount": 0
        },
        {
            "type": "S_CHAIR",
            "fare": 80.0,
            "vat_percent": 0,
            "vat_amount": 0
        },
        {
            "type": "F_SEAT",
            "fare": 105.0,
            "vat_percent": 15,
            "vat_amount": 16
        }
    ]
}