{
    "origin_city_name": "chattogram",
    "destination_city_name": "hajiganj",
    "info": [
        {
            "type": "SHOVAN",
            "fare": 180.0,
            "vat_percent": 0,
            "vat_amount": 0
        },
        {
            "type": "S_CHAIR",
            "fare": 220.0,
            "vat_percent": 0,
            "vat_amount": 0
        },
        {
            "type": "F_CHAIR",
            "fare": 290.0,
            "vat_percent": 15,
            "vat_amount": 44
        }
    ]
}