{
    "origin_city_name": "chatmohar",
    "destination_city_name": "dhaka",
    "info": [
        {
            "type": "AC_S",
            "fare": 620.0,
            "vat_percent": 15,
            "vat_amount": 93
        },
        {
            "type": "SNIGDHA",
            "fare": 515.0,
            "vat_percent": 15,
            "vat_amount": 78
        },
        {
            "type": "S_CHAIR",
            "fare": 310.0,
            "vat_percent": 0,
            "vat_amount": 0
        },
        {
            "type": "AC_B",
            "fare": 930.0,
            "vat_percent": 15,
            "vat_amount": 140
        }
    ]
}