{
    "origin_city_name": "chatmohar",
    "destination_city_name": "ullapara",
    "info": [
        {
            "type": "AC_S",
            "fare": 110.0,
            "vat_percent": 15,
            "vat_amount": 17
        },
        {
            "type": "SNIGDHA",
            "fare": 100.0,
            "vat_percent": 15,
            "vat_amount": 15
        },
        {
            "type": "S_CHAIR",
            "fare": 50.0,
            "vat_percent": 0,
            "vat_amount": 0
        }
    ]
}