{
    "origin_city_name": "chatmohar",
    "destination_city_name": "chuadanga",
    "info": [
        {
            "type": "SNIGDHA",
            "fare": 265.0,
            "vat_percent": 15,
            "vat_amount": 40
        },
        {
            "type": "AC_B",
            "fare": 475.0,
            "vat_percent": 15,
            "vat_amount": 72
        },
        {
            "type": "S_CHAIR",
            "fare": 160.0,
            "vat_percent": 0,
            "vat_amount": 0
        }
    ]
}