{
    "origin_city_name": "chatmohar",
    "destination_city_name": "khulna",
    "info": [
        {
            "type": "SNIGDHA",
            "fare": 535.0,
            "vat_percent": 15,
            "vat_amount": 81
        },
        {
            "type": "AC_B",
            "fare": 960.0,
            "vat_percent": 15,
            "vat_amount": 144
        },
        {
            "type": "S_CHAIR",
            "fare": 320.0,
            "vat_percent": 0,
            "vat_amount": 0
        }
    ]
}