{
    "data": {
        "trains": [
            {
                "trip_number": "SILKCITY EXPRESS (754)",
                "departure_date_time": "14 Jun, 08:22 am",
                "departure_full_date": "2025-06-14",
                "departure_date_time_jd": "Sat, 14 Jun 2025, 08:22 AM",
                "arrival_date_time": "14 Jun, 08:37 am",
                "travel_time": "00h 15m",
                "origin_city_name": "abdulpur",
                "destination_city_name": "ishwardi bypass",
                "seat_types": [
                    {
                        "key": 2,
                        "type": "AC_S",
                        "trip_id": 8440155,
                        "trip_route_id": 53610147,
                        "route_id": 19560,
                        "fare": "135.00",
                        "vat_percent": 15,
                        "vat_amount": 21,
                        "origin_city_seq": 4,
                        "destination_city_seq": 5,
                        "seat_counts": {
                            "online": 0,
                            "offline": 0,
                            "is_divided": true
                        }
                    },
                    {
                        "key": 3,
                        "type": "SNIGDHA",
                        "trip_id": 8440168,
                        "trip_route_id": 53610680,
                        "route_id": 19560,
                        "fare": "110.00",
                        "vat_percent": 15,
                        "vat_amount": 17,
                        "origin_city_seq": 4,
                        "destination_city_seq": 5,
                        "seat_counts": {
                            "online": 0,
                            "offline": 0,
                            "is_divided": true
                        }
                    },
                    {
                        "key": 7,
                        "type": "S_CHAIR",
                        "trip_id": 8440181,
                        "trip_route_id": 53611213,
                        "route_id": 19560,
                        "fare": "70.00",
                        "vat_percent": 0,
                        "vat_amount": 0,
                        "origin_city_seq": 4,
                        "destination_city_seq": 5,
                        "seat_counts": {
                            "online": 8,
                            "offline": 7,
                            "is_divided": true
                        }
                    }
                ],
                "train_model": "754",
                "is_open_for_all": true,
                "is_eid_trip": 1,
                "parent_route": {
                    "origin_city_name": "rajshahi",
                    "destination_city_name": "dhaka",
                    "departure_date": "2025-06-14",
                    "departure_time": "07:40:00",
                    "arrival_date": "2025-06-14",
                    "arrival_time": "13:10:00"
                },
                "boarding_points": [
                    {
                        "trip_point_id": 108345587,
                        "location_id": 2708,
                        "location_name": "Abdulpur Station",
                        "location_time": "08:22 AM",
                        "location_date": "14 Jun 2025"
                    }
                ],
                "is_international": 0,
                "is_from_city_international": false
            },
            {
                "trip_number": "PADMA EXPRESS (760)",
                "departure_date_time": "14 Jun, 04:47 pm",
                "departure_full_date": "2025-06-14",
                "departure_date_time_jd": "Sat, 14 Jun 2025, 04:47 PM",
                "arrival_date_time": "14 Jun, 05:01 pm",
                "travel_time": "00h 14m",
                "origin_city_name": "abdulpur",
                "destination_city_name": "ishwardi bypass",
                "seat_types": [
                    {
                        "key": 3,
                        "type": "SNIGDHA",
                        "trip_id": 8435812,
                        "trip_route_id": 53458240,
                        "route_id": 19560,
                        "fare": "110.00",
                        "vat_percent": 15,
                        "vat_amount": 17,
                        "origin_city_seq": 4,
                        "destination_city_seq": 5,
                        "seat_counts": {
                            "online": 0,
                            "offline": 0,
                            "is_divided": true
                        }
                    },
                    {
                        "key": 7,
                        "type": "S_CHAIR",
                        "trip_id": 8435824,
                        "trip_route_id": 53458708,
                        "route_id": 19560,
                        "fare": "70.00",
                        "vat_percent": 0,
                        "vat_amount": 0,
                        "origin_city_seq": 4,
                        "destination_city_seq": 5,
                        "seat_counts": {
                            "online": 0,
                            "offline": 0,
                            "is_divided": true
                        }
                    },
                    {
                        "key": 2,
                        "type": "AC_S",
                        "trip_id": 8436755,
                        "trip_route_id": 53518455,
                        "route_id": 19560,
                        "fare": "135.00",
                        "vat_percent": 15,
                        "vat_amount": 21,
                        "origin_city_seq": 4,
                        "destination_city_seq": 5,
                        "seat_counts": {
                            "online": 0,
                            "offline": 0,
                            "is_divided": true
                        }
                    }
                ],
                "train_model": "760",
                "is_open_for_all": true,
                "is_eid_trip": 1,
                "parent_route": {
                    "origin_city_name": "rajshahi",
                    "destination_city_name": "dhaka",
                    "departure_date": "2025-06-14",
                    "departure_time": "16:00:00",
                    "arrival_date": "2025-06-14",
                    "arrival_time": "21:15:00"
                },
                "boarding_points": [
                    {
                        "trip_point_id": 108257946,
                        "location_id": 2708,
                        "location_name": "Abdulpur Station",
                        "location_time": "04:47 PM",
                        "location_date": "14 Jun 2025"
                    }
                ],
                "is_international": 0,
                "is_from_city_international": false
            },
            {
                "trip_number": "DHALARCHAR EXPRESS (780)",
                "departure_date_time": "14 Jun, 06:11 pm",
                "departure_full_date": "2025-06-14",
                "departure_date_time_jd": "Sat, 14 Jun 2025, 06:11 PM",
                "arrival_date_time": "14 Jun, 06:30 pm",
                "travel_time": "00h 19m",
                "origin_city_name": "abdulpur",
                "destination_city_name": "ishwardi bypass",
                "seat_types": [
                    {
                        "key": 8,
                        "type": "SHOVAN",
                        "trip_id": 8439414,
                        "trip_route_id": 53590868,
                        "route_id": 27434,
                        "fare": "45.00",
                        "vat_percent": 0,
                        "vat_amount": 0,
                        "origin_city_seq": 4,
                        "destination_city_seq": 6,
                        "seat_counts": {
                            "online": 3,
                            "offline": 2,
                            "is_divided": true
                        }
                    }
                ],
                "train_model": "780",
                "is_open_for_all": true,
                "is_eid_trip": 1,
                "parent_route": {
                    "origin_city_name": "rajshahi",
                    "destination_city_name": "dhalarchar",
                    "departure_date": "2025-06-14",
                    "departure_time": "17:20:00",
                    "arrival_date": "2025-06-14",
                    "arrival_time": "21:15:00"
                },
                "boarding_points": [
                    {
                        "trip_point_id": 108332373,
                        "location_id": 2708,
                        "location_name": "Abdulpur Station",
                        "location_time": "06:11 PM",
                        "location_date": "14 Jun 2025"
                    }
                ],
                "is_international": 0,
                "is_from_city_international": false
            }
        ],
        "recommendations": [],
        "selected_seat_class": "S_CHAIR"
    },
    "extra": {
        "hash": "2BE019B52680D789BD58CC99C9907821"
    }
}