{
    "data": {
        "trains": [
            {
                "trip_number": "SAGARDARI EXPRESS (762)",
                "departure_date_time": "14 Jun, 06:42 am",
                "departure_full_date": "2025-06-14",
                "departure_date_time_jd": "Sat, 14 Jun 2025, 06:42 AM",
                "arrival_date_time": "14 Jun, 12:10 pm",
                "travel_time": "05h 28m",
                "origin_city_name": "abdulpur",
                "destination_city_name": "khulna",
                "seat_types": [
                    {
                        "key": 7,
                        "type": "S_CHAIR",
                        "trip_id": 8436743,
                        "trip_route_id": 53517907,
                        "route_id": 21474,
                        "fare": "320.00",
                        "vat_percent": 0,
                        "vat_amount": 0,
                        "origin_city_seq": 2,
                        "destination_city_seq": 17,
                        "seat_counts": {
                            "online": 2,
                            "offline": 1,
                            "is_divided": true
                        }
                    }
                ],
                "train_model": "762",
                "is_open_for_all": true,
                "is_eid_trip": 1,
                "parent_route": {
                    "origin_city_name": "rajshahi",
                    "destination_city_name": "khulna",
                    "departure_date": "2025-06-14",
                    "departure_time": "06:00:00",
                    "arrival_date": "2025-06-14",
                    "arrival_time": "12:10:00"
                },
                "boarding_points": [
                    {
                        "trip_point_id": 108286621,
                        "location_id": 2708,
                        "location_name": "Abdulpur Station",
                        "location_time": "06:42 AM",
                        "location_date": "14 Jun 2025"
                    }
                ],
                "is_international": 0,
                "is_from_city_international": false
            }
        ],
        "recommendations": [],
        "selected_seat_class": "S_CHAIR"
    },
    "extra": {
        "hash": "2BE019B52680D789BD58CC99C9907821"
    }
}