{
    "data": {
        "trains": [
            {
                "trip_number": "DHUMKETU EXPRESS (770)",
                "departure_date_time": "14 Jun, 12:07 am",
                "departure_full_date": "2025-06-14",
                "departure_date_time_jd": "Sat, 14 Jun 2025, 12:07 AM",
                "arrival_date_time": "14 Jun, 04:40 am",
                "travel_time": "04h 33m",
                "origin_city_name": "abdulpur",
                "destination_city_name": "dhaka",
                "seat_types": [
                    {
                        "key": 7,
                        "type": "S_CHAIR",
                        "trip_id": 8435736,
                        "trip_route_id": 53455496,
                        "route_id": 19565,
                        "fare": "450.00",
                        "vat_percent": 0,
                        "vat_amount": 0,
                        "origin_city_seq": 4,
                        "destination_city_seq": 15,
                        "seat_counts": {
                            "online": 0,
                            "offline": 0,
                            "is_divided": true
                        }
                    },
                    {
                        "key": 3,
                        "type": "SNIGDHA",
                        "trip_id": 8435749,
                        "trip_route_id": 53455795,
                        "route_id": 19565,
                        "fare": "750.00",
                        "vat_percent": 15,
                        "vat_amount": 113,
                        "origin_city_seq": 4,
                        "destination_city_seq": 15,
                        "seat_counts": {
                            "online": 0,
                            "offline": 0,
                            "is_divided": true
                        }
                    },
                    {
                        "key": 1,
                        "type": "AC_B",
                        "trip_id": 8435762,
                        "trip_route_id": 53456068,
                        "route_id": 19565,
                        "fare": "1345.00",
                        "vat_percent": 15,
                        "vat_amount": 202,
                        "origin_city_seq": 4,
                        "destination_city_seq": 15,
                        "seat_counts": {
                            "online": 0,
                            "offline": 0,
                            "is_divided": true
                        }
                    }
                ],
                "train_model": "770",
                "is_open_for_all": true,
                "is_eid_trip": 1,
                "parent_route": {
                    "origin_city_name": "rajshahi",
                    "destination_city_name": "dhaka",
                    "departure_date": "2025-06-13",
                    "departure_time": "23:20:00",
                    "arrival_date": "2025-06-14",
                    "arrival_time": "04:40:00"
                },
                "boarding_points": [
                    {
                        "trip_point_id": 108256418,
                        "location_id": 2708,
                        "location_name": "Abdulpur Station",
                        "location_time": "12:07 AM",
                        "location_date": "14 Jun 2025"
                    }
                ],
                "is_international": 0,
                "is_from_city_international": false
            },
            {
                "trip_number": "SILKCITY EXPRESS (754)",
                "departure_date_time": "14 Jun, 08:22 am",
                "departure_full_date": "2025-06-14",
                "departure_date_time_jd": "Sat, 14 Jun 2025, 08:22 AM",
                "arrival_date_time": "14 Jun, 01:10 pm",
                "travel_time": "04h 48m",
                "origin_city_name": "abdulpur",
                "destination_city_name": "dhaka",
                "seat_types": [
                    {
                        "key": 2,
                        "type": "AC_S",
                        "trip_id": 8440155,
                        "trip_route_id": 53610142,
                        "route_id": 19565,
                        "fare": "900.00",
                        "vat_percent": 15,
                        "vat_amount": 135,
                        "origin_city_seq": 4,
                        "destination_city_seq": 15,
                        "seat_counts": {
                            "online": 0,
                            "offline": 0,
                            "is_divided": true
                        }
                    },
                    {
                        "key": 3,
                        "type": "SNIGDHA",
                        "trip_id": 8440168,
                        "trip_route_id": 53610675,
                        "route_id": 19565,
                        "fare": "750.00",
                        "vat_percent": 15,
                        "vat_amount": 113,
                        "origin_city_seq": 4,
                        "destination_city_seq": 15,
                        "seat_counts": {
                            "online": 0,
                            "offline": 0,
                            "is_divided": true
                        }
                    },
                    {
                        "key": 7,
                        "type": "S_CHAIR",
                        "trip_id": 8440181,
                        "trip_route_id": 53611208,
                        "route_id": 19565,
                        "fare": "450.00",
                        "vat_percent": 0,
                        "vat_amount": 0,
                        "origin_city_seq": 4,
                        "destination_city_seq": 15,
                        "seat_counts": {
                            "online": 0,
                            "offline": 0,
                            "is_divided": true
                        }
                    }
                ],
                "train_model": "754",
                "is_open_for_all": true,
                "is_eid_trip": 1,
                "parent_route": {
                    "origin_city_name": "rajshahi",
                    "destination_city_name": "dhaka",
                    "departure_date": "2025-06-14",
                    "departure_time": "07:40:00",
                    "arrival_date": "2025-06-14",
                    "arrival_time": "13:10:00"
                },
                "boarding_points": [
                    {
                        "trip_point_id": 108345587,
                        "location_id": 2708,
                        "location_name": "Abdulpur Station",
                        "location_time": "08:22 AM",
                        "location_date": "14 Jun 2025"
                    }
                ],
                "is_international": 0,
                "is_from_city_international": false
            },
            {
                "trip_number": "PADMA EXPRESS (760)",
                "departure_date_time": "14 Jun, 04:47 pm",
                "departure_full_date": "2025-06-14",
                "departure_date_time_jd": "Sat, 14 Jun 2025, 04:47 PM",
                "arrival_date_time": "14 Jun, 09:15 pm",
                "travel_time": "04h 28m",
                "origin_city_name": "abdulpur",
                "destination_city_name": "dhaka",
                "seat_types": [
                    {
                        "key": 3,
                        "type": "SNIGDHA",
                        "trip_id": 8435812,
                        "trip_route_id": 53458235,
                        "route_id": 19565,
                        "fare": "750.00",
                        "vat_percent": 15,
                        "vat_amount": 113,
                        "origin_city_seq": 4,
                        "destination_city_seq": 15,
                        "seat_counts": {
                            "online": 0,
                            "offline": 0,
                            "is_divided": true
                        }
                    },
                    {
                        "key": 7,
                        "type": "S_CHAIR",
                        "trip_id": 8435824,
                        "trip_route_id": 53458703,
                        "route_id": 19565,
                        "fare": "450.00",
                        "vat_percent": 0,
                        "vat_amount": 0,
                        "origin_city_seq": 4,
                        "destination_city_seq": 15,
                        "seat_counts": {
                            "online": 0,
                            "offline": 0,
                            "is_divided": true
                        }
                    },
                    {
                        "key": 2,
                        "type": "AC_S",
                        "trip_id": 8436755,
                        "trip_route_id": 53518450,
                        "route_id": 19565,
                        "fare": "900.00",
                        "vat_percent": 15,
                        "vat_amount": 135,
                        "origin_city_seq": 4,
                        "destination_city_seq": 15,
                        "seat_counts": {
                            "online": 0,
                            "offline": 0,
                            "is_divided": true
                        }
                    }
                ],
                "train_model": "760",
                "is_open_for_all": true,
                "is_eid_trip": 1,
                "parent_route": {
                    "origin_city_name": "rajshahi",
                    "destination_city_name": "dhaka",
                    "departure_date": "2025-06-14",
                    "departure_time": "16:00:00",
                    "arrival_date": "2025-06-14",
                    "arrival_time": "21:15:00"
                },
                "boarding_points": [
                    {
                        "trip_point_id": 108257946,
                        "location_id": 2708,
                        "location_name": "Abdulpur Station",
                        "location_time": "04:47 PM",
                        "location_date": "14 Jun 2025"
                    }
                ],
                "is_international": 0,
                "is_from_city_international": false
            }
        ],
        "recommendations": [
            {
                "origin": "Ishwardi bypass",
                "destination": "Dhaka"
            },
            {
                "origin": "Abdulpur",
                "destination": "Joydebpur"
            }
        ],
        "selected_seat_class": "S_CHAIR"
    },
    "extra": {
        "hash": "2BE019B52680D789BD58CC99C9907821"
    }
}