{
    "data": {
        "trains": [
            {
                "trip_number": "DRUTOJAN EXPRESS (757)",
                "departure_date_time": "14 Jun, 01:16 am",
                "departure_full_date": "2025-06-14",
                "departure_date_time_jd": "Sat, 14 Jun 2025, 01:16 AM",
                "arrival_date_time": "14 Jun, 04:45 am",
                "travel_time": "03h 29m",
                "origin_city_name": "ahsanganj",
                "destination_city_name": "dinajpur",
                "seat_types": [
                    {
                        "key": 3,
                        "type": "SNIGDHA",
                        "trip_id": 8436500,
                        "trip_route_id": 53496361,
                        "route_id": 19599,
                        "fare": "295.00",
                        "vat_percent": 15,
                        "vat_amount": 45,
                        "origin_city_seq": 12,
                        "destination_city_seq": 21,
                        "seat_counts": {
                            "online": 0,
                            "offline": 0,
                            "is_divided": true
                        }
                    },
                    {
                        "key": 7,
                        "type": "S_CHAIR",
                        "trip_id": 8436634,
                        "trip_route_id": 53510077,
                        "route_id": 19599,
                        "fare": "175.00",
                        "vat_percent": 0,
                        "vat_amount": 0,
                        "origin_city_seq": 12,
                        "destination_city_seq": 21,
                        "seat_counts": {
                            "online": 5,
                            "offline": 5,
                            "is_divided": true
                        }
                    },
                    {
                        "key": 1,
                        "type": "AC_B",
                        "trip_id": 8438787,
                        "trip_route_id": 53572330,
                        "route_id": 19599,
                        "fare": "525.00",
                        "vat_percent": 15,
                        "vat_amount": 79,
                        "origin_city_seq": 12,
                        "destination_city_seq": 21,
                        "seat_counts": {
                            "online": 0,
                            "offline": 0,
                            "is_divided": true
                        }
                    }
                ],
                "train_model": "757",
                "is_open_for_all": true,
                "is_eid_trip": 1,
                "parent_route": {
                    "origin_city_name": "dhaka",
                    "destination_city_name": "panchagarh",
                    "departure_date": "2025-06-13",
                    "departure_time": "20:45:00",
                    "arrival_date": "2025-06-14",
                    "arrival_time": "07:10:00"
                },
                "boarding_points": [
                    {
                        "trip_point_id": 108277399,
                        "location_id": 2707,
                        "location_name": "Ahsanganj Station",
                        "location_time": "01:16 AM",
                        "location_date": "14 Jun 2025"
                    }
                ],
                "is_international": 0,
                "is_from_city_international": false
            },
            {
                "trip_number": "BANGLABANDHA EXPRESS (803)",
                "departure_date_time": "14 Jun, 10:59 pm",
                "departure_full_date": "2025-06-14",
                "departure_date_time_jd": "Sat, 14 Jun 2025, 10:59 PM",
                "arrival_date_time": "15 Jun, 02:25 am",
                "travel_time": "03h 26m",
                "origin_city_name": "ahsanganj",
                "destination_city_name": "dinajpur",
                "seat_types": [
                    {
                        "key": 7,
                        "type": "S_CHAIR",
                        "trip_id": 8436793,
                        "trip_route_id": 53520316,
                        "route_id": 20882,
                        "fare": "175.00",
                        "vat_percent": 0,
                        "vat_amount": 0,
                        "origin_city_seq": 5,
                        "destination_city_seq": 14,
                        "seat_counts": {
                            "online": 3,
                            "offline": 2,
                            "is_divided": true
                        }
                    },
                    {
                        "key": 1,
                        "type": "AC_B",
                        "trip_id": 8442610,
                        "trip_route_id": 53699437,
                        "route_id": 20882,
                        "fare": "490.00",
                        "vat_percent": 15,
                        "vat_amount": 74,
                        "origin_city_seq": 5,
                        "destination_city_seq": 14,
                        "seat_counts": {
                            "online": 0,
                            "offline": 0,
                            "is_divided": true
                        }
                    }
                ],
                "train_model": "803",
                "is_open_for_all": true,
                "is_eid_trip": 1,
                "parent_route": {
                    "origin_city_name": "rajshahi",
                    "destination_city_name": "panchagarh",
                    "departure_date": "2025-06-14",
                    "departure_time": "21:00:00",
                    "arrival_date": "2025-06-15",
                    "arrival_time": "04:40:00"
                },
                "boarding_points": [
                    {
                        "trip_point_id": 108287789,
                        "location_id": 2707,
                        "location_name": "Ahsanganj Station",
                        "location_time": "10:59 PM",
                        "location_date": "14 Jun 2025"
                    }
                ],
                "is_international": 0,
                "is_from_city_international": false
            }
        ],
        "recommendations": [],
        "selected_seat_class": "S_CHAIR"
    },
    "extra": {
        "hash": "D288CFE6EFCED0A64CE70E85D1C2A755"
    }
}