{
    "data": {
        "trains": [
            {
                "trip_number": "DRUTOJAN EXPRESS (758)",
                "departure_date_time": "14 Jun, 01:16 pm",
                "departure_full_date": "2025-06-14",
                "departure_date_time_jd": "Sat, 14 Jun 2025, 01:16 PM",
                "arrival_date_time": "14 Jun, 06:55 pm",
                "travel_time": "05h 39m",
                "origin_city_name": "ahsanganj",
                "destination_city_name": "dhaka",
                "seat_types": [
                    {
                        "key": 3,
                        "type": "SNIGDHA",
                        "trip_id": 8436516,
                        "trip_route_id": 53497391,
                        "route_id": 23494,
                        "fare": "745.00",
                        "vat_percent": 15,
                        "vat_amount": 112,
                        "origin_city_seq": 16,
                        "destination_city_seq": 25,
                        "seat_counts": {
                            "online": 0,
                            "offline": 0,
                            "is_divided": true
                        }
                    },
                    {
                        "key": 7,
                        "type": "S_CHAIR",
                        "trip_id": 8436662,
                        "trip_route_id": 53512550,
                        "route_id": 23494,
                        "fare": "445.00",
                        "vat_percent": 0,
                        "vat_amount": 0,
                        "origin_city_seq": 16,
                        "destination_city_seq": 25,
                        "seat_counts": {
                            "online": 0,
                            "offline": 0,
                            "is_divided": true
                        }
                    },
                    {
                        "key": 2,
                        "type": "AC_S",
                        "trip_id": 8436677,
                        "trip_route_id": 53513533,
                        "route_id": 23494,
                        "fare": "890.00",
                        "vat_percent": 15,
                        "vat_amount": 134,
                        "origin_city_seq": 16,
                        "destination_city_seq": 25,
                        "seat_counts": {
                            "online": 0,
                            "offline": 0,
                            "is_divided": true
                        }
                    }
                ],
                "train_model": "758",
                "is_open_for_all": true,
                "is_eid_trip": 1,
                "parent_route": {
                    "origin_city_name": "panchagarh",
                    "destination_city_name": "dhaka",
                    "departure_date": "2025-06-14",
                    "departure_time": "07:20:00",
                    "arrival_date": "2025-06-14",
                    "arrival_time": "18:55:00"
                },
                "boarding_points": [
                    {
                        "trip_point_id": 108278096,
                        "location_id": 2707,
                        "location_name": "Ahsanganj Station",
                        "location_time": "01:16 PM",
                        "location_date": "14 Jun 2025"
                    }
                ],
                "is_international": 0,
                "is_from_city_international": false
            },
            {
                "trip_number": "NILSAGAR EXPRESS (766)",
                "departure_date_time": "14 Jun, 11:49 pm",
                "departure_full_date": "2025-06-14",
                "departure_date_time_jd": "Sat, 14 Jun 2025, 11:49 PM",
                "arrival_date_time": "15 Jun, 05:25 am",
                "travel_time": "05h 36m",
                "origin_city_name": "ahsanganj",
                "destination_city_name": "dhaka",
                "seat_types": [
                    {
                        "key": 7,
                        "type": "S_CHAIR",
                        "trip_id": 8436202,
                        "trip_route_id": 53479471,
                        "route_id": 19852,
                        "fare": "445.00",
                        "vat_percent": 0,
                        "vat_amount": 0,
                        "origin_city_seq": 11,
                        "destination_city_seq": 16,
                        "seat_counts": {
                            "online": 0,
                            "offline": 0,
                            "is_divided": true
                        }
                    },
                    {
                        "key": 3,
                        "type": "SNIGDHA",
                        "trip_id": 8436214,
                        "trip_route_id": 53480011,
                        "route_id": 19852,
                        "fare": "745.00",
                        "vat_percent": 15,
                        "vat_amount": 112,
                        "origin_city_seq": 11,
                        "destination_city_seq": 16,
                        "seat_counts": {
                            "online": 0,
                            "offline": 0,
                            "is_divided": true
                        }
                    },
                    {
                        "key": 1,
                        "type": "AC_B",
                        "trip_id": 8436226,
                        "trip_route_id": 53480551,
                        "route_id": 19852,
                        "fare": "1335.00",
                        "vat_percent": 15,
                        "vat_amount": 201,
                        "origin_city_seq": 11,
                        "destination_city_seq": 16,
                        "seat_counts": {
                            "online": 0,
                            "offline": 0,
                            "is_divided": true
                        }
                    }
                ],
                "train_model": "766",
                "is_open_for_all": true,
                "is_eid_trip": 1,
                "parent_route": {
                    "origin_city_name": "chilahati",
                    "destination_city_name": "dhaka",
                    "departure_date": "2025-06-14",
                    "departure_time": "20:00:00",
                    "arrival_date": "2025-06-15",
                    "arrival_time": "05:25:00"
                },
                "boarding_points": [
                    {
                        "trip_point_id": 108269689,
                        "location_id": 2707,
                        "location_name": "Ahsanganj Station",
                        "location_time": "11:49 PM",
                        "location_date": "14 Jun 2025"
                    }
                ],
                "is_international": 0,
                "is_from_city_international": false
            }
        ],
        "recommendations": [
            {
                "origin": "Natore",
                "destination": "Dhaka"
            },
            {
                "origin": "Ahsanganj",
                "destination": "Joydebpur"
            }
        ],
        "selected_seat_class": "S_CHAIR"
    },
    "extra": {
        "hash": "2BE019B52680D789BD58CC99C9907821"
    }
}