{
    "data": {
        "trains": [
            {
                "trip_number": "UDAYAN EXPRESS (724)",
                "departure_date_time": "14 Jun, 02:20 am",
                "departure_full_date": "2025-06-14",
                "departure_date_time_jd": "Sat, 14 Jun 2025, 02:20 AM",
                "arrival_date_time": "14 Jun, 04:07 am",
                "travel_time": "01h 47m",
                "origin_city_name": "akhaura",
                "destination_city_name": "feni",
                "seat_types": [
                    {
                        "key": 1,
                        "type": "AC_B",
                        "trip_id": 8440375,
                        "trip_route_id": 53622064,
                        "route_id": 22600,
                        "fare": "400.00",
                        "vat_percent": 15,
                        "vat_amount": 60,
                        "origin_city_seq": 8,
                        "destination_city_seq": 11,
                        "seat_counts": {
                            "online": 0,
                            "offline": 0,
                            "is_divided": true
                        }
                    },
                    {
                        "key": 7,
                        "type": "S_CHAIR",
                        "trip_id": 8440388,
                        "trip_route_id": 53622445,
                        "route_id": 22600,
                        "fare": "135.00",
                        "vat_percent": 0,
                        "vat_amount": 0,
                        "origin_city_seq": 8,
                        "destination_city_seq": 11,
                        "seat_counts": {
                            "online": 0,
                            "offline": 0,
                            "is_divided": true
                        }
                    },
                    {
                        "key": 3,
                        "type": "SNIGDHA",
                        "trip_id": 8440401,
                        "trip_route_id": 53622753,
                        "route_id": 22600,
                        "fare": "225.00",
                        "vat_percent": 15,
                        "vat_amount": 34,
                        "origin_city_seq": 8,
                        "destination_city_seq": 11,
                        "seat_counts": {
                            "online": 0,
                            "offline": 0,
                            "is_divided": true
                        }
                    }
                ],
                "train_model": "724",
                "is_open_for_all": true,
                "is_eid_trip": 1,
                "parent_route": {
                    "origin_city_name": "sylhet",
                    "destination_city_name": "chattogram",
                    "departure_date": "2025-06-13",
                    "departure_time": "22:00:00",
                    "arrival_date": "2025-06-14",
                    "arrival_time": "05:35:00"
                },
                "boarding_points": [
                    {
                        "trip_point_id": 108351936,
                        "location_id": 2828,
                        "location_name": "Akhaura Station",
                        "location_time": "02:20 AM",
                        "location_date": "14 Jun 2025"
                    }
                ],
                "is_international": 0,
                "is_from_city_international": false
            }
        ],
        "recommendations": [
            {
                "origin": "Cumilla",
                "destination": "Feni"
            },
            {
                "origin": "Akhaura",
                "destination": "Laksam"
            }
        ],
        "selected_seat_class": "S_CHAIR"
    },
    "extra": {
        "hash": "2BE019B52680D789BD58CC99C9907821"
    }
}