{
    "data": {
        "trains": [
            {
                "trip_number": "RUPSHA EXPRESS (728)",
                "departure_date_time": "14 Jun, 11:41 am",
                "departure_full_date": "2025-06-14",
                "departure_date_time_jd": "Sat, 14 Jun 2025, 11:41 AM",
                "arrival_date_time": "14 Jun, 03:20 pm",
                "travel_time": "03h 39m",
                "origin_city_name": "akkelpur",
                "destination_city_name": "chuadanga",
                "seat_types": [
                    {
                        "key": 2,
                        "type": "AC_S",
                        "trip_id": 8436486,
                        "trip_route_id": 53494997,
                        "route_id": 21347,
                        "fare": "485.00",
                        "vat_percent": 15,
                        "vat_amount": 73,
                        "origin_city_seq": 9,
                        "destination_city_seq": 18,
                        "seat_counts": {
                            "online": 0,
                            "offline": 0,
                            "is_divided": true
                        }
                    },
                    {
                        "key": 3,
                        "type": "SNIGDHA",
                        "trip_id": 8436583,
                        "trip_route_id": 53505105,
                        "route_id": 21347,
                        "fare": "405.00",
                        "vat_percent": 15,
                        "vat_amount": 61,
                        "origin_city_seq": 9,
                        "destination_city_seq": 18,
                        "seat_counts": {
                            "online": 0,
                            "offline": 0,
                            "is_divided": true
                        }
                    },
                    {
                        "key": 7,
                        "type": "S_CHAIR",
                        "trip_id": 8436596,
                        "trip_route_id": 53507336,
                        "route_id": 21347,
                        "fare": "245.00",
                        "vat_percent": 0,
                        "vat_amount": 0,
                        "origin_city_seq": 9,
                        "destination_city_seq": 18,
                        "seat_counts": {
                            "online": 0,
                            "offline": 0,
                            "is_divided": true
                        }
                    }
                ],
                "train_model": "728",
                "is_open_for_all": true,
                "is_eid_trip": 1,
                "parent_route": {
                    "origin_city_name": "chilahati",
                    "destination_city_name": "khulna",
                    "departure_date": "2025-06-14",
                    "departure_time": "08:30:00",
                    "arrival_date": "2025-06-14",
                    "arrival_time": "18:25:00"
                },
                "boarding_points": [
                    {
                        "trip_point_id": 108276783,
                        "location_id": 2758,
                        "location_name": "Akkelpur Station",
                        "location_time": "11:41 AM",
                        "location_date": "14 Jun 2025"
                    }
                ],
                "is_international": 0,
                "is_from_city_international": false
            }
        ],
        "recommendations": [
            {
                "origin": "Santahar",
                "destination": "Chuadanga"
            },
            {
                "origin": "Akkelpur",
                "destination": "Alamdanga"
            }
        ],
        "selected_seat_class": "S_CHAIR"
    },
    "extra": {
        "hash": "2BE019B52680D789BD58CC99C9907821"
    }
}