{
    "data": {
        "trains": [
            {
                "trip_number": "SIMANTA EXPRESS (747)",
                "departure_date_time": "14 Jun, 12:18 am",
                "departure_full_date": "2025-06-14",
                "departure_date_time_jd": "Sat, 14 Jun 2025, 12:18 AM",
                "arrival_date_time": "14 Jun, 05:17 am",
                "travel_time": "04h 59m",
                "origin_city_name": "alamdanga",
                "destination_city_name": "saidpur",
                "seat_types": [
                    {
                        "key": 7,
                        "type": "S_CHAIR",
                        "trip_id": 8436087,
                        "trip_route_id": 53470786,
                        "route_id": 21307,
                        "fare": "330.00",
                        "vat_percent": 0,
                        "vat_amount": 0,
                        "origin_city_seq": 9,
                        "destination_city_seq": 22,
                        "seat_counts": {
                            "online": 0,
                            "offline": 0,
                            "is_divided": true
                        }
                    }
                ],
                "train_model": "747",
                "is_open_for_all": true,
                "is_eid_trip": 1,
                "parent_route": {
                    "origin_city_name": "khulna",
                    "destination_city_name": "chilahati",
                    "departure_date": "2025-06-13",
                    "departure_time": "21:15:00",
                    "arrival_date": "2025-06-14",
                    "arrival_time": "06:45:00"
                },
                "boarding_points": [
                    {
                        "trip_point_id": 108265205,
                        "location_id": 2788,
                        "location_name": "Alamdanga Station",
                        "location_time": "12:18 AM",
                        "location_date": "14 Jun 2025"
                    }
                ],
                "is_international": 0,
                "is_from_city_international": false
            },
            {
                "trip_number": "RUPSHA EXPRESS (727)",
                "departure_date_time": "14 Jun, 10:23 am",
                "departure_full_date": "2025-06-14",
                "departure_date_time_jd": "Sat, 14 Jun 2025, 10:23 AM",
                "arrival_date_time": "14 Jun, 03:37 pm",
                "travel_time": "05h 14m",
                "origin_city_name": "alamdanga",
                "destination_city_name": "saidpur",
                "seat_types": [
                    {
                        "key": 2,
                        "type": "AC_S",
                        "trip_id": 8436369,
                        "trip_route_id": 53489551,
                        "route_id": 21307,
                        "fare": "660.00",
                        "vat_percent": 15,
                        "vat_amount": 99,
                        "origin_city_seq": 9,
                        "destination_city_seq": 22,
                        "seat_counts": {
                            "online": 0,
                            "offline": 0,
                            "is_divided": true
                        }
                    },
                    {
                        "key": 3,
                        "type": "SNIGDHA",
                        "trip_id": 8436557,
                        "trip_route_id": 53500959,
                        "route_id": 21307,
                        "fare": "550.00",
                        "vat_percent": 15,
                        "vat_amount": 83,
                        "origin_city_seq": 9,
                        "destination_city_seq": 22,
                        "seat_counts": {
                            "online": 0,
                            "offline": 0,
                            "is_divided": true
                        }
                    },
                    {
                        "key": 7,
                        "type": "S_CHAIR",
                        "trip_id": 8436570,
                        "trip_route_id": 53502942,
                        "route_id": 21307,
                        "fare": "330.00",
                        "vat_percent": 0,
                        "vat_amount": 0,
                        "origin_city_seq": 9,
                        "destination_city_seq": 22,
                        "seat_counts": {
                            "online": 0,
                            "offline": 0,
                            "is_divided": true
                        }
                    }
                ],
                "train_model": "727",
                "is_open_for_all": true,
                "is_eid_trip": 1,
                "parent_route": {
                    "origin_city_name": "khulna",
                    "destination_city_name": "chilahati",
                    "departure_date": "2025-06-14",
                    "departure_time": "07:15:00",
                    "arrival_date": "2025-06-14",
                    "arrival_time": "17:00:00"
                },
                "boarding_points": [
                    {
                        "trip_point_id": 108274693,
                        "location_id": 2788,
                        "location_name": "Alamdanga Station",
                        "location_time": "10:23 AM",
                        "location_date": "14 Jun 2025"
                    }
                ],
                "is_international": 0,
                "is_from_city_international": false
            }
        ],
        "recommendations": [
            {
                "origin": "Poradaha",
                "destination": "Saidpur"
            },
            {
                "origin": "Alamdanga",
                "destination": "Parbatipur"
            }
        ],
        "selected_seat_class": "S_CHAIR"
    },
    "extra": {
        "hash": "2BE019B52680D789BD58CC99C9907821"
    }
}