{
    "data": {
        "trains": [
            {
                "trip_number": "SIMANTA EXPRESS (748)",
                "departure_date_time": "14 Jun, 12:42 am",
                "departure_full_date": "2025-06-14",
                "departure_date_time_jd": "Sat, 14 Jun 2025, 12:42 AM",
                "arrival_date_time": "14 Jun, 01:00 am",
                "travel_time": "00h 18m",
                "origin_city_name": "alamdanga",
                "destination_city_name": "chuadanga",
                "seat_types": [
                    {
                        "key": 7,
                        "type": "S_CHAIR",
                        "trip_id": 8436100,
                        "trip_route_id": 53472478,
                        "route_id": 21372,
                        "fare": "50.00",
                        "vat_percent": 0,
                        "vat_amount": 0,
                        "origin_city_seq": 17,
                        "destination_city_seq": 18,
                        "seat_counts": {
                            "online": 0,
                            "offline": 0,
                            "is_divided": true
                        }
                    },
                    {
                        "key": 1,
                        "type": "AC_B",
                        "trip_id": 8436460,
                        "trip_route_id": 53491464,
                        "route_id": 21372,
                        "fare": "130.00",
                        "vat_percent": 15,
                        "vat_amount": 20,
                        "origin_city_seq": 17,
                        "destination_city_seq": 18,
                        "seat_counts": {
                            "online": 0,
                            "offline": 0,
                            "is_divided": true
                        }
                    },
                    {
                        "key": 3,
                        "type": "SNIGDHA",
                        "trip_id": 8436473,
                        "trip_route_id": 53492963,
                        "route_id": 21372,
                        "fare": "100.00",
                        "vat_percent": 15,
                        "vat_amount": 15,
                        "origin_city_seq": 17,
                        "destination_city_seq": 18,
                        "seat_counts": {
                            "online": 0,
                            "offline": 0,
                            "is_divided": true
                        }
                    }
                ],
                "train_model": "748",
                "is_open_for_all": true,
                "is_eid_trip": 1,
                "parent_route": {
                    "origin_city_name": "chilahati",
                    "destination_city_name": "khulna",
                    "departure_date": "2025-06-13",
                    "departure_time": "18:30:00",
                    "arrival_date": "2025-06-14",
                    "arrival_time": "04:10:00"
                },
                "boarding_points": [
                    {
                        "trip_point_id": 108265755,
                        "location_id": 2788,
                        "location_name": "Alamdanga Station",
                        "location_time": "12:42 AM",
                        "location_date": "14 Jun 2025"
                    }
                ],
                "is_international": 0,
                "is_from_city_international": false
            },
            {
                "trip_number": "CHITRA EXPRESS (764)",
                "departure_date_time": "14 Jun, 01:07 am",
                "departure_full_date": "2025-06-14",
                "departure_date_time_jd": "Sat, 14 Jun 2025, 01:07 AM",
                "arrival_date_time": "14 Jun, 01:24 am",
                "travel_time": "00h 17m",
                "origin_city_name": "alamdanga",
                "destination_city_name": "chuadanga",
                "seat_types": [
                    {
                        "key": 3,
                        "type": "SNIGDHA",
                        "trip_id": 8440232,
                        "trip_route_id": 53615077,
                        "route_id": 20652,
                        "fare": "100.00",
                        "vat_percent": 15,
                        "vat_amount": 15,
                        "origin_city_seq": 16,
                        "destination_city_seq": 17,
                        "seat_counts": {
                            "online": 0,
                            "offline": 0,
                            "is_divided": true
                        }
                    },
                    {
                        "key": 1,
                        "type": "AC_B",
                        "trip_id": 8440271,
                        "trip_route_id": 53617822,
                        "route_id": 20652,
                        "fare": "130.00",
                        "vat_percent": 15,
                        "vat_amount": 20,
                        "origin_city_seq": 16,
                        "destination_city_seq": 17,
                        "seat_counts": {
                            "online": 0,
                            "offline": 0,
                            "is_divided": true
                        }
                    },
                    {
                        "key": 7,
                        "type": "S_CHAIR",
                        "trip_id": 8440284,
                        "trip_route_id": 53618905,
                        "route_id": 20652,
                        "fare": "50.00",
                        "vat_percent": 0,
                        "vat_amount": 0,
                        "origin_city_seq": 16,
                        "destination_city_seq": 17,
                        "seat_counts": {
                            "online": 0,
                            "offline": 0,
                            "is_divided": true
                        }
                    }
                ],
                "train_model": "764",
                "is_open_for_all": true,
                "is_eid_trip": 1,
                "parent_route": {
                    "origin_city_name": "dhaka",
                    "destination_city_name": "khulna",
                    "departure_date": "2025-06-13",
                    "departure_time": "19:30:00",
                    "arrival_date": "2025-06-14",
                    "arrival_time": "04:40:00"
                },
                "boarding_points": [
                    {
                        "trip_point_id": 108347868,
                        "location_id": 2788,
                        "location_name": "Alamdanga Station",
                        "location_time": "01:07 AM",
                        "location_date": "14 Jun 2025"
                    }
                ],
                "is_international": 0,
                "is_from_city_international": false
            },
            {
                "trip_number": "RUPSHA EXPRESS (728)",
                "departure_date_time": "14 Jun, 03:04 pm",
                "departure_full_date": "2025-06-14",
                "departure_date_time_jd": "Sat, 14 Jun 2025, 03:04 PM",
                "arrival_date_time": "14 Jun, 03:20 pm",
                "travel_time": "00h 16m",
                "origin_city_name": "alamdanga",
                "destination_city_name": "chuadanga",
                "seat_types": [
                    {
                        "key": 2,
                        "type": "AC_S",
                        "trip_id": 8436486,
                        "trip_route_id": 53495009,
                        "route_id": 21372,
                        "fare": "110.00",
                        "vat_percent": 15,
                        "vat_amount": 17,
                        "origin_city_seq": 17,
                        "destination_city_seq": 18,
                        "seat_counts": {
                            "online": 0,
                            "offline": 0,
                            "is_divided": true
                        }
                    },
                    {
                        "key": 3,
                        "type": "SNIGDHA",
                        "trip_id": 8436583,
                        "trip_route_id": 53505117,
                        "route_id": 21372,
                        "fare": "100.00",
                        "vat_percent": 15,
                        "vat_amount": 15,
                        "origin_city_seq": 17,
                        "destination_city_seq": 18,
                        "seat_counts": {
                            "online": 0,
                            "offline": 0,
                            "is_divided": true
                        }
                    },
                    {
                        "key": 7,
                        "type": "S_CHAIR",
                        "trip_id": 8436596,
                        "trip_route_id": 53507349,
                        "route_id": 21372,
                        "fare": "50.00",
                        "vat_percent": 0,
                        "vat_amount": 0,
                        "origin_city_seq": 17,
                        "destination_city_seq": 18,
                        "seat_counts": {
                            "online": 0,
                            "offline": 0,
                            "is_divided": true
                        }
                    }
                ],
                "train_model": "728",
                "is_open_for_all": true,
                "is_eid_trip": 1,
                "parent_route": {
                    "origin_city_name": "chilahati",
                    "destination_city_name": "khulna",
                    "departure_date": "2025-06-14",
                    "departure_time": "08:30:00",
                    "arrival_date": "2025-06-14",
                    "arrival_time": "18:25:00"
                },
                "boarding_points": [
                    {
                        "trip_point_id": 108276772,
                        "location_id": 2788,
                        "location_name": "Alamdanga Station",
                        "location_time": "03:04 PM",
                        "location_date": "14 Jun 2025"
                    }
                ],
                "is_international": 0,
                "is_from_city_international": false
            }
        ],
        "recommendations": [
            {
                "origin": "Chuadanga",
                "destination": "Chuadanga"
            },
            {
                "origin": "Alamdanga",
                "destination": "Alamdanga"
            }
        ],
        "selected_seat_class": "S_CHAIR"
    },
    "extra": {
        "hash": "2BE019B52680D789BD58CC99C9907821"
    }
}