{
    "data": {
        "trains": [
            {
                "trip_number": "SUNDARBAN EXPRESS (725)",
                "departure_date_time": "14 Jun, 12:42 am",
                "departure_full_date": "2025-06-14",
                "departure_date_time_jd": "Sat, 14 Jun 2025, 12:42 AM",
                "arrival_date_time": "14 Jun, 05:10 am",
                "travel_time": "04h 28m",
                "origin_city_name": "alamdanga",
                "destination_city_name": "dhaka",
                "seat_types": [
                    {
                        "key": 7,
                        "type": "S_CHAIR",
                        "trip_id": 8436608,
                        "trip_route_id": 53508347,
                        "route_id": 25189,
                        "fare": "445.00",
                        "vat_percent": 0,
                        "vat_amount": 0,
                        "origin_city_seq": 8,
                        "destination_city_seq": 15,
                        "seat_counts": {
                            "online": 0,
                            "offline": 0,
                            "is_divided": true
                        }
                    },
                    {
                        "key": 3,
                        "type": "SNIGDHA",
                        "trip_id": 8436620,
                        "trip_route_id": 53508898,
                        "route_id": 25189,
                        "fare": "740.00",
                        "vat_percent": 15,
                        "vat_amount": 111,
                        "origin_city_seq": 8,
                        "destination_city_seq": 15,
                        "seat_counts": {
                            "online": 0,
                            "offline": 0,
                            "is_divided": true
                        }
                    }
                ],
                "train_model": "725",
                "is_open_for_all": true,
                "is_eid_trip": 1,
                "parent_route": {
                    "origin_city_name": "khulna",
                    "destination_city_name": "dhaka",
                    "departure_date": "2025-06-13",
                    "departure_time": "21:45:00",
                    "arrival_date": "2025-06-14",
                    "arrival_time": "05:10:00"
                },
                "boarding_points": [
                    {
                        "trip_point_id": 108281870,
                        "location_id": 2788,
                        "location_name": "Alamdanga Station",
                        "location_time": "12:42 AM",
                        "location_date": "14 Jun 2025"
                    }
                ],
                "is_international": 0,
                "is_from_city_international": false
            },
            {
                "trip_number": "CHITRA EXPRESS (763)",
                "departure_date_time": "14 Jun, 12:11 pm",
                "departure_full_date": "2025-06-14",
                "departure_date_time_jd": "Sat, 14 Jun 2025, 12:11 PM",
                "arrival_date_time": "14 Jun, 06:05 pm",
                "travel_time": "05h 54m",
                "origin_city_name": "alamdanga",
                "destination_city_name": "dhaka",
                "seat_types": [
                    {
                        "key": 3,
                        "type": "SNIGDHA",
                        "trip_id": 8440220,
                        "trip_route_id": 53614069,
                        "route_id": 20711,
                        "fare": "825.00",
                        "vat_percent": 15,
                        "vat_amount": 124,
                        "origin_city_seq": 9,
                        "destination_city_seq": 23,
                        "seat_counts": {
                            "online": 0,
                            "offline": 0,
                            "is_divided": true
                        }
                    },
                    {
                        "key": 2,
                        "type": "AC_S",
                        "trip_id": 8440246,
                        "trip_route_id": 53616037,
                        "route_id": 20711,
                        "fare": "990.00",
                        "vat_percent": 15,
                        "vat_amount": 149,
                        "origin_city_seq": 9,
                        "destination_city_seq": 23,
                        "seat_counts": {
                            "online": 0,
                            "offline": 0,
                            "is_divided": true
                        }
                    },
                    {
                        "key": 7,
                        "type": "S_CHAIR",
                        "trip_id": 8440259,
                        "trip_route_id": 53617076,
                        "route_id": 20711,
                        "fare": "495.00",
                        "vat_percent": 0,
                        "vat_amount": 0,
                        "origin_city_seq": 9,
                        "destination_city_seq": 23,
                        "seat_counts": {
                            "online": 0,
                            "offline": 0,
                            "is_divided": true
                        }
                    }
                ],
                "train_model": "763",
                "is_open_for_all": true,
                "is_eid_trip": 1,
                "parent_route": {
                    "origin_city_name": "khulna",
                    "destination_city_name": "dhaka",
                    "departure_date": "2025-06-14",
                    "departure_time": "09:00:00",
                    "arrival_date": "2025-06-14",
                    "arrival_time": "18:05:00"
                },
                "boarding_points": [
                    {
                        "trip_point_id": 108347425,
                        "location_id": 2788,
                        "location_name": "Alamdanga Station",
                        "location_time": "12:11 PM",
                        "location_date": "14 Jun 2025"
                    }
                ],
                "is_international": 0,
                "is_from_city_international": false
            }
        ],
        "recommendations": [
            {
                "origin": "Poradaha",
                "destination": "Dhaka"
            },
            {
                "origin": "Alamdanga",
                "destination": "Biman_bandar"
            }
        ],
        "selected_seat_class": "S_CHAIR"
    },
    "extra": {
        "hash": "2BE019B52680D789BD58CC99C9907821"
    }
}