{
    "data": {
        "trains": [
            {
                "trip_number": "SAGARDARI EXPRESS (762)",
                "departure_date_time": "14 Jun, 06:53 am",
                "departure_full_date": "2025-06-14",
                "departure_date_time_jd": "Sat, 14 Jun 2025, 06:53 AM",
                "arrival_date_time": "14 Jun, 09:20 am",
                "travel_time": "02h 27m",
                "origin_city_name": "azim nagar",
                "destination_city_name": "darshana_halt",
                "seat_types": [
                    {
                        "key": 7,
                        "type": "S_CHAIR",
                        "trip_id": 8436743,
                        "trip_route_id": 53517922,
                        "route_id": 21476,
                        "fare": "160.00",
                        "vat_percent": 0,
                        "vat_amount": 0,
                        "origin_city_seq": 3,
                        "destination_city_seq": 11,
                        "seat_counts": {
                            "online": 3,
                            "offline": 2,
                            "is_divided": true
                        }
                    }
                ],
                "train_model": "762",
                "is_open_for_all": true,
                "is_eid_trip": 1,
                "parent_route": {
                    "origin_city_name": "rajshahi",
                    "destination_city_name": "khulna",
                    "departure_date": "2025-06-14",
                    "departure_time": "06:00:00",
                    "arrival_date": "2025-06-14",
                    "arrival_time": "12:10:00"
                },
                "boarding_points": [
                    {
                        "trip_point_id": 108286624,
                        "location_id": 2755,
                        "location_name": "Azim Nagar Station",
                        "location_time": "06:53 AM",
                        "location_date": "14 Jun 2025"
                    }
                ],
                "is_international": 0,
                "is_from_city_international": false
            },
            {
                "trip_number": "KAPOTAKSHA EXPRESS (716)",
                "departure_date_time": "14 Jun, 03:18 pm",
                "departure_full_date": "2025-06-14",
                "departure_date_time_jd": "Sat, 14 Jun 2025, 03:18 PM",
                "arrival_date_time": "14 Jun, 05:34 pm",
                "travel_time": "02h 16m",
                "origin_city_name": "azim nagar",
                "destination_city_name": "darshana_halt",
                "seat_types": [
                    {
                        "key": 3,
                        "type": "SNIGDHA",
                        "trip_id": 8436529,
                        "trip_route_id": 53498250,
                        "route_id": 21476,
                        "fare": "265.00",
                        "vat_percent": 15,
                        "vat_amount": 40,
                        "origin_city_seq": 3,
                        "destination_city_seq": 11,
                        "seat_counts": {
                            "online": 0,
                            "offline": 0,
                            "is_divided": true
                        }
                    },
                    {
                        "key": 7,
                        "type": "S_CHAIR",
                        "trip_id": 8436729,
                        "trip_route_id": 53516945,
                        "route_id": 21476,
                        "fare": "160.00",
                        "vat_percent": 0,
                        "vat_amount": 0,
                        "origin_city_seq": 3,
                        "destination_city_seq": 11,
                        "seat_counts": {
                            "online": 0,
                            "offline": 0,
                            "is_divided": true
                        }
                    }
                ],
                "train_model": "716",
                "is_open_for_all": true,
                "is_eid_trip": 1,
                "parent_route": {
                    "origin_city_name": "rajshahi",
                    "destination_city_name": "khulna",
                    "departure_date": "2025-06-14",
                    "departure_time": "14:30:00",
                    "arrival_date": "2025-06-14",
                    "arrival_time": "20:25:00"
                },
                "boarding_points": [
                    {
                        "trip_point_id": 108278535,
                        "location_id": 2755,
                        "location_name": "Azim Nagar Station",
                        "location_time": "03:18 PM",
                        "location_date": "14 Jun 2025"
                    }
                ],
                "is_international": 0,
                "is_from_city_international": false
            }
        ],
        "recommendations": [],
        "selected_seat_class": "S_CHAIR"
    },
    "extra": {
        "hash": "D288CFE6EFCED0A64CE70E85D1C2A755"
    }
}