{
    "data": {
        "trains": [
            {
                "trip_number": "UPABAN EXPRESS (740)",
                "departure_date_time": "14 Jun, 12:30 am",
                "departure_full_date": "2025-06-14",
                "departure_date_time_jd": "Sat, 14 Jun 2025, 12:30 AM",
                "arrival_date_time": "14 Jun, 05:40 am",
                "travel_time": "05h 10m",
                "origin_city_name": "baramchal",
                "destination_city_name": "dhaka",
                "seat_types": [
                    {
                        "key": 7,
                        "type": "S_CHAIR",
                        "trip_id": 8437878,
                        "trip_route_id": 53552716,
                        "route_id": 22801,
                        "fare": "330.00",
                        "vat_percent": 0,
                        "vat_amount": 0,
                        "origin_city_seq": 3,
                        "destination_city_seq": 12,
                        "seat_counts": {
                            "online": 0,
                            "offline": 0,
                            "is_divided": true
                        }
                    }
                ],
                "train_model": "740",
                "is_open_for_all": true,
                "is_eid_trip": 1,
                "parent_route": {
                    "origin_city_name": "sylhet",
                    "destination_city_name": "dhaka",
                    "departure_date": "2025-06-13",
                    "departure_time": "23:30:00",
                    "arrival_date": "2025-06-14",
                    "arrival_time": "05:40:00"
                },
                "boarding_points": [
                    {
                        "trip_point_id": 108307476,
                        "location_id": 2863,
                        "location_name": "Baramchal Station",
                        "location_time": "12:30 AM",
                        "location_date": "14 Jun 2025"
                    }
                ],
                "is_international": 0,
                "is_from_city_international": false
            }
        ],
        "recommendations": [
            {
                "origin": "Kulaura",
                "destination": "Dhaka"
            },
            {
                "origin": "Baramchal",
                "destination": "Biman_bandar"
            }
        ],
        "selected_seat_class": "S_CHAIR"
    },
    "extra": {
        "hash": "2BE019B52680D789BD58CC99C9907821"
    }
}