{
    "data": {
        "trains": [
            {
                "trip_number": "UDAYAN EXPRESS (724)",
                "departure_date_time": "14 Jun, 11:00 pm",
                "departure_full_date": "2025-06-14",
                "departure_date_time_jd": "Sat, 14 Jun 2025, 11:00 PM",
                "arrival_date_time": "15 Jun, 05:35 am",
                "travel_time": "06h 35m",
                "origin_city_name": "baramchal",
                "destination_city_name": "chattogram",
                "seat_types": [
                    {
                        "key": 7,
                        "type": "S_CHAIR",
                        "trip_id": 8440389,
                        "trip_route_id": 53622481,
                        "route_id": 22585,
                        "fare": "405.00",
                        "vat_percent": 0,
                        "vat_amount": 0,
                        "origin_city_seq": 3,
                        "destination_city_seq": 12,
                        "seat_counts": {
                            "online": 0,
                            "offline": 0,
                            "is_divided": true
                        }
                    }
                ],
                "train_model": "724",
                "is_open_for_all": true,
                "is_eid_trip": 1,
                "parent_route": {
                    "origin_city_name": "sylhet",
                    "destination_city_name": "chattogram",
                    "departure_date": "2025-06-14",
                    "departure_time": "22:00:00",
                    "arrival_date": "2025-06-15",
                    "arrival_time": "05:35:00"
                },
                "boarding_points": [
                    {
                        "trip_point_id": 108352224,
                        "location_id": 2863,
                        "location_name": "Baramchal Station",
                        "location_time": "11:00 PM",
                        "location_date": "14 Jun 2025"
                    }
                ],
                "is_international": 0,
                "is_from_city_international": false
            }
        ],
        "recommendations": [
            {
                "origin": "Kulaura",
                "destination": "Chattogram"
            },
            {
                "origin": "Baramchal",
                "destination": "Feni"
            }
        ],
        "selected_seat_class": "S_CHAIR"
    },
    "extra": {
        "hash": "2BE019B52680D789BD58CC99C9907821"
    }
}