{
    "data": {
        "trains": [
            {
                "trip_number": "BURIMARI EXPRESS (810)",
                "departure_date_time": "14 Jun, 06:50 pm",
                "departure_full_date": "2025-06-14",
                "departure_date_time_jd": "Sat, 14 Jun 2025, 06:50 PM",
                "arrival_date_time": "15 Jun, 06:30 am",
                "travel_time": "11h 40m",
                "origin_city_name": "barkhata",
                "destination_city_name": "dhaka",
                "seat_types": [
                    {
                        "key": 7,
                        "type": "S_CHAIR",
                        "trip_id": 8439882,
                        "trip_route_id": 53601530,
                        "route_id": 27165,
                        "fare": "740.00",
                        "vat_percent": 0,
                        "vat_amount": 0,
                        "origin_city_seq": 4,
                        "destination_city_seq": 14,
                        "seat_counts": {
                            "online": 0,
                            "offline": 0,
                            "is_divided": true
                        }
                    }
                ],
                "train_model": "810",
                "is_open_for_all": true,
                "is_eid_trip": 1,
                "parent_route": {
                    "origin_city_name": "lalmonirhat",
                    "destination_city_name": "dhaka",
                    "departure_date": "2025-06-14",
                    "departure_time": "21:10:00",
                    "arrival_date": "2025-06-15",
                    "arrival_time": "06:30:00"
                },
                "boarding_points": [
                    {
                        "trip_point_id": 108340061,
                        "location_id": 2783,
                        "location_name": "Barkhata Station",
                        "location_time": "06:50 PM",
                        "location_date": "14 Jun 2025"
                    }
                ],
                "is_international": 0,
                "is_from_city_international": false
            }
        ],
        "recommendations": [
            {
                "origin": "Hatibandha",
                "destination": "Dhaka"
            },
            {
                "origin": "Barkhata",
                "destination": "Natore"
            }
        ],
        "selected_seat_class": "S_CHAIR"
    },
    "extra": {
        "hash": "2BE019B52680D789BD58CC99C9907821"
    }
}