{
    "data": {
        "trains": [
            {
                "trip_number": "BENAPOLE EXPRESS (795)",
                "departure_date_time": "14 Jun, 12:25 pm",
                "departure_full_date": "2025-06-14",
                "departure_date_time_jd": "Sat, 14 Jun 2025, 12:25 PM",
                "arrival_date_time": "14 Jun, 02:33 pm",
                "travel_time": "02h 08m",
                "origin_city_name": "benapole",
                "destination_city_name": "kotchandpur",
                "seat_types": [
                    {
                        "key": 2,
                        "type": "AC_S",
                        "trip_id": 8436328,
                        "trip_route_id": 53486550,
                        "route_id": 25314,
                        "fare": "185.00",
                        "vat_percent": 15,
                        "vat_amount": 28,
                        "origin_city_seq": 1,
                        "destination_city_seq": 5,
                        "seat_counts": {
                            "online": 2,
                            "offline": 2,
                            "is_divided": true
                        }
                    },
                    {
                        "key": 7,
                        "type": "S_CHAIR",
                        "trip_id": 8436780,
                        "trip_route_id": 53519174,
                        "route_id": 25314,
                        "fare": "95.00",
                        "vat_percent": 0,
                        "vat_amount": 0,
                        "origin_city_seq": 1,
                        "destination_city_seq": 5,
                        "seat_counts": {
                            "online": 8,
                            "offline": 7,
                            "is_divided": true
                        }
                    },
                    {
                        "key": 3,
                        "type": "SNIGDHA",
                        "trip_id": 8438877,
                        "trip_route_id": 53576660,
                        "route_id": 25314,
                        "fare": "155.00",
                        "vat_percent": 15,
                        "vat_amount": 24,
                        "origin_city_seq": 1,
                        "destination_city_seq": 5,
                        "seat_counts": {
                            "online": 3,
                            "offline": 2,
                            "is_divided": true
                        }
                    }
                ],
                "train_model": "795",
                "is_open_for_all": true,
                "is_eid_trip": 1,
                "parent_route": {
                    "origin_city_name": "benapole",
                    "destination_city_name": "dhaka",
                    "departure_date": "2025-06-14",
                    "departure_time": "12:25:00",
                    "arrival_date": "2025-06-14",
                    "arrival_time": "20:30:00"
                },
                "boarding_points": [
                    {
                        "trip_point_id": 108273273,
                        "location_id": 2784,
                        "location_name": "Benapole Station",
                        "location_time": "12:25 PM",
                        "location_date": "14 Jun 2025"
                    }
                ],
                "is_international": 0,
                "is_from_city_international": false
            }
        ],
        "recommendations": [],
        "selected_seat_class": "S_CHAIR"
    },
    "extra": {
        "hash": "2BE019B52680D789BD58CC99C9907821"
    }
}