{
    "data": {
        "trains": [
            {
                "trip_number": "BENAPOLE EXPRESS (795)",
                "departure_date_time": "14 Jun, 12:25 pm",
                "departure_full_date": "2025-06-14",
                "departure_date_time_jd": "Sat, 14 Jun 2025, 12:25 PM",
                "arrival_date_time": "14 Jun, 06:22 pm",
                "travel_time": "05h 57m",
                "origin_city_name": "benapole",
                "destination_city_name": "faridpur",
                "seat_types": [
                    {
                        "key": 2,
                        "type": "AC_S",
                        "trip_id": 8436328,
                        "trip_route_id": 53486551,
                        "route_id": 25320,
                        "fare": "595.00",
                        "vat_percent": 15,
                        "vat_amount": 90,
                        "origin_city_seq": 1,
                        "destination_city_seq": 12,
                        "seat_counts": {
                            "online": 2,
                            "offline": 1,
                            "is_divided": true
                        }
                    },
                    {
                        "key": 7,
                        "type": "S_CHAIR",
                        "trip_id": 8436780,
                        "trip_route_id": 53519175,
                        "route_id": 25320,
                        "fare": "300.00",
                        "vat_percent": 0,
                        "vat_amount": 0,
                        "origin_city_seq": 1,
                        "destination_city_seq": 12,
                        "seat_counts": {
                            "online": 3,
                            "offline": 3,
                            "is_divided": true
                        }
                    },
                    {
                        "key": 3,
                        "type": "SNIGDHA",
                        "trip_id": 8438877,
                        "trip_route_id": 53576661,
                        "route_id": 25320,
                        "fare": "500.00",
                        "vat_percent": 15,
                        "vat_amount": 75,
                        "origin_city_seq": 1,
                        "destination_city_seq": 12,
                        "seat_counts": {
                            "online": 1,
                            "offline": 1,
                            "is_divided": true
                        }
                    }
                ],
                "train_model": "795",
                "is_open_for_all": true,
                "is_eid_trip": 1,
                "parent_route": {
                    "origin_city_name": "benapole",
                    "destination_city_name": "dhaka",
                    "departure_date": "2025-06-14",
                    "departure_time": "12:25:00",
                    "arrival_date": "2025-06-14",
                    "arrival_time": "20:30:00"
                },
                "boarding_points": [
                    {
                        "trip_point_id": 108273273,
                        "location_id": 2784,
                        "location_name": "Benapole Station",
                        "location_time": "12:25 PM",
                        "location_date": "14 Jun 2025"
                    }
                ],
                "is_international": 0,
                "is_from_city_international": false
            }
        ],
        "recommendations": [],
        "selected_seat_class": "S_CHAIR"
    },
    "extra": {
        "hash": "D288CFE6EFCED0A64CE70E85D1C2A755"
    }
}