{
    "data": {
        "trains": [
            {
                "trip_number": "RUPOSHI BANGLA EXPRESS (827)",
                "departure_date_time": "14 Jun, 03:25 pm",
                "departure_full_date": "2025-06-14",
                "departure_date_time_jd": "Sat, 14 Jun 2025, 03:25 PM",
                "arrival_date_time": "14 Jun, 05:08 pm",
                "travel_time": "01h 43m",
                "origin_city_name": "benapole",
                "destination_city_name": "kashiani",
                "seat_types": [
                    {
                        "key": 7,
                        "type": "S_CHAIR",
                        "trip_id": 8439168,
                        "trip_route_id": 53585587,
                        "route_id": 26971,
                        "fare": "150.00",
                        "vat_percent": 0,
                        "vat_amount": 0,
                        "origin_city_seq": 1,
                        "destination_city_seq": 4,
                        "seat_counts": {
                            "online": 0,
                            "offline": 0,
                            "is_divided": true
                        }
                    },
                    {
                        "key": 3,
                        "type": "SNIGDHA",
                        "trip_id": 8439181,
                        "trip_route_id": 53585719,
                        "route_id": 26971,
                        "fare": "250.00",
                        "vat_percent": 15,
                        "vat_amount": 38,
                        "origin_city_seq": 1,
                        "destination_city_seq": 4,
                        "seat_counts": {
                            "online": 7,
                            "offline": 6,
                            "is_divided": true
                        }
                    },
                    {
                        "key": 2,
                        "type": "AC_S",
                        "trip_id": 8439194,
                        "trip_route_id": 53585816,
                        "route_id": 26971,
                        "fare": "300.00",
                        "vat_percent": 15,
                        "vat_amount": 45,
                        "origin_city_seq": 1,
                        "destination_city_seq": 4,
                        "seat_counts": {
                            "online": 2,
                            "offline": 2,
                            "is_divided": true
                        }
                    }
                ],
                "train_model": "827",
                "is_open_for_all": true,
                "is_eid_trip": 1,
                "parent_route": {
                    "origin_city_name": "benapole",
                    "destination_city_name": "dhaka",
                    "departure_date": "2025-06-14",
                    "departure_time": "15:25:00",
                    "arrival_date": "2025-06-14",
                    "arrival_time": "19:00:00"
                },
                "boarding_points": [
                    {
                        "trip_point_id": 108329218,
                        "location_id": 2784,
                        "location_name": "Benapole Station",
                        "location_time": "03:25 PM",
                        "location_date": "14 Jun 2025"
                    }
                ],
                "is_international": 0,
                "is_from_city_international": false
            }
        ],
        "recommendations": [],
        "selected_seat_class": "S_CHAIR"
    },
    "extra": {
        "hash": "2BE019B52680D789BD58CC99C9907821"
    }
}