{
    "data": {
        "trains": [
            {
                "trip_number": "PARABAT EXPRESS (709)",
                "departure_date_time": "14 Jun, 08:06 am",
                "departure_full_date": "2025-06-14",
                "departure_date_time_jd": "Sat, 14 Jun 2025, 08:06 AM",
                "arrival_date_time": "14 Jun, 08:50 am",
                "travel_time": "00h 44m",
                "origin_city_name": "bhairab_bazar",
                "destination_city_name": "azampur",
                "seat_types": [
                    {
                        "key": 3,
                        "type": "SNIGDHA",
                        "trip_id": 8437201,
                        "trip_route_id": 53530059,
                        "route_id": 22136,
                        "fare": "120.00",
                        "vat_percent": 15,
                        "vat_amount": 18,
                        "origin_city_seq": 3,
                        "destination_city_seq": 5,
                        "seat_counts": {
                            "online": 0,
                            "offline": 0,
                            "is_divided": true
                        }
                    },
                    {
                        "key": 7,
                        "type": "S_CHAIR",
                        "trip_id": 8437214,
                        "trip_route_id": 53530551,
                        "route_id": 22136,
                        "fare": "75.00",
                        "vat_percent": 0,
                        "vat_amount": 0,
                        "origin_city_seq": 3,
                        "destination_city_seq": 5,
                        "seat_counts": {
                            "online": 1,
                            "offline": 1,
                            "is_divided": true
                        }
                    },
                    {
                        "key": 5,
                        "type": "F_SEAT",
                        "trip_id": 8437227,
                        "trip_route_id": 53531013,
                        "route_id": 22136,
                        "fare": "95.00",
                        "vat_percent": 15,
                        "vat_amount": 15,
                        "origin_city_seq": 3,
                        "destination_city_seq": 5,
                        "seat_counts": {
                            "online": 0,
                            "offline": 0,
                            "is_divided": true
                        }
                    },
                    {
                        "key": 2,
                        "type": "AC_S",
                        "trip_id": 8437240,
                        "trip_route_id": 53531468,
                        "route_id": 22136,
                        "fare": "145.00",
                        "vat_percent": 15,
                        "vat_amount": 22,
                        "origin_city_seq": 3,
                        "destination_city_seq": 5,
                        "seat_counts": {
                            "online": 0,
                            "offline": 0,
                            "is_divided": true
                        }
                    }
                ],
                "train_model": "709",
                "is_open_for_all": true,
                "is_eid_trip": 1,
                "parent_route": {
                    "origin_city_name": "dhaka",
                    "destination_city_name": "sylhet",
                    "departure_date": "2025-06-14",
                    "departure_time": "06:30:00",
                    "arrival_date": "2025-06-14",
                    "arrival_time": "13:00:00"
                },
                "boarding_points": [
                    {
                        "trip_point_id": 108293890,
                        "location_id": 2829,
                        "location_name": "Bhairab_Bazar Station",
                        "location_time": "08:06 AM",
                        "location_date": "14 Jun 2025"
                    }
                ],
                "is_international": 0,
                "is_from_city_international": false
            }
        ],
        "recommendations": [],
        "selected_seat_class": "S_CHAIR"
    },
    "extra": {
        "hash": "2BE019B52680D789BD58CC99C9907821"
    }
}