{
    "data": {
        "trains": [
            {
                "trip_number": "PARABAT EXPRESS (709)",
                "departure_date_time": "14 Jun, 08:06 am",
                "departure_full_date": "2025-06-14",
                "departure_date_time_jd": "Sat, 14 Jun 2025, 08:06 AM",
                "arrival_date_time": "14 Jun, 01:00 pm",
                "travel_time": "04h 54m",
                "origin_city_name": "bhairab_bazar",
                "destination_city_name": "sylhet",
                "seat_types": [
                    {
                        "key": 3,
                        "type": "SNIGDHA",
                        "trip_id": 8437201,
                        "trip_route_id": 53530056,
                        "route_id": 22139,
                        "fare": "460.00",
                        "vat_percent": 15,
                        "vat_amount": 69,
                        "origin_city_seq": 3,
                        "destination_city_seq": 12,
                        "seat_counts": {
                            "online": 0,
                            "offline": 0,
                            "is_divided": true
                        }
                    },
                    {
                        "key": 7,
                        "type": "S_CHAIR",
                        "trip_id": 8437214,
                        "trip_route_id": 53530548,
                        "route_id": 22139,
                        "fare": "275.00",
                        "vat_percent": 0,
                        "vat_amount": 0,
                        "origin_city_seq": 3,
                        "destination_city_seq": 12,
                        "seat_counts": {
                            "online": 0,
                            "offline": 0,
                            "is_divided": true
                        }
                    },
                    {
                        "key": 5,
                        "type": "F_SEAT",
                        "trip_id": 8437227,
                        "trip_route_id": 53531010,
                        "route_id": 22139,
                        "fare": "370.00",
                        "vat_percent": 15,
                        "vat_amount": 56,
                        "origin_city_seq": 3,
                        "destination_city_seq": 12,
                        "seat_counts": {
                            "online": 0,
                            "offline": 0,
                            "is_divided": true
                        }
                    },
                    {
                        "key": 2,
                        "type": "AC_S",
                        "trip_id": 8437240,
                        "trip_route_id": 53531465,
                        "route_id": 22139,
                        "fare": "550.00",
                        "vat_percent": 15,
                        "vat_amount": 83,
                        "origin_city_seq": 3,
                        "destination_city_seq": 12,
                        "seat_counts": {
                            "online": 0,
                            "offline": 0,
                            "is_divided": true
                        }
                    }
                ],
                "train_model": "709",
                "is_open_for_all": true,
                "is_eid_trip": 1,
                "parent_route": {
                    "origin_city_name": "dhaka",
                    "destination_city_name": "sylhet",
                    "departure_date": "2025-06-14",
                    "departure_time": "06:30:00",
                    "arrival_date": "2025-06-14",
                    "arrival_time": "13:00:00"
                },
                "boarding_points": [
                    {
                        "trip_point_id": 108293890,
                        "location_id": 2829,
                        "location_name": "Bhairab_Bazar Station",
                        "location_time": "08:06 AM",
                        "location_date": "14 Jun 2025"
                    }
                ],
                "is_international": 0,
                "is_from_city_international": false
            },
            {
                "trip_number": "UPABAN EXPRESS (739)",
                "departure_date_time": "14 Jun, 11:43 pm",
                "departure_full_date": "2025-06-14",
                "departure_date_time_jd": "Sat, 14 Jun 2025, 11:43 PM",
                "arrival_date_time": "15 Jun, 05:00 am",
                "travel_time": "05h 17m",
                "origin_city_name": "bhairab_bazar",
                "destination_city_name": "sylhet",
                "seat_types": [
                    {
                        "key": 7,
                        "type": "S_CHAIR",
                        "trip_id": 8437839,
                        "trip_route_id": 53551853,
                        "route_id": 22778,
                        "fare": "275.00",
                        "vat_percent": 0,
                        "vat_amount": 0,
                        "origin_city_seq": 4,
                        "destination_city_seq": 12,
                        "seat_counts": {
                            "online": 0,
                            "offline": 0,
                            "is_divided": true
                        }
                    },
                    {
                        "key": 1,
                        "type": "AC_B",
                        "trip_id": 8437852,
                        "trip_route_id": 53552104,
                        "route_id": 22778,
                        "fare": "825.00",
                        "vat_percent": 15,
                        "vat_amount": 124,
                        "origin_city_seq": 4,
                        "destination_city_seq": 12,
                        "seat_counts": {
                            "online": 0,
                            "offline": 0,
                            "is_divided": true
                        }
                    },
                    {
                        "key": 3,
                        "type": "SNIGDHA",
                        "trip_id": 8437865,
                        "trip_route_id": 53552388,
                        "route_id": 22778,
                        "fare": "460.00",
                        "vat_percent": 15,
                        "vat_amount": 69,
                        "origin_city_seq": 4,
                        "destination_city_seq": 12,
                        "seat_counts": {
                            "online": 0,
                            "offline": 0,
                            "is_divided": true
                        }
                    }
                ],
                "train_model": "739",
                "is_open_for_all": true,
                "is_eid_trip": 1,
                "parent_route": {
                    "origin_city_name": "dhaka",
                    "destination_city_name": "sylhet",
                    "departure_date": "2025-06-14",
                    "departure_time": "22:00:00",
                    "arrival_date": "2025-06-15",
                    "arrival_time": "05:00:00"
                },
                "boarding_points": [
                    {
                        "trip_point_id": 108306777,
                        "location_id": 2829,
                        "location_name": "Bhairab_Bazar Station",
                        "location_time": "11:43 PM",
                        "location_date": "14 Jun 2025"
                    }
                ],
                "is_international": 0,
                "is_from_city_international": false
            }
        ],
        "recommendations": [
            {
                "origin": "Brahmanbaria",
                "destination": "Sylhet"
            },
            {
                "origin": "Bhairab_bazar",
                "destination": "Maijgaon"
            }
        ],
        "selected_seat_class": "S_CHAIR"
    },
    "extra": {
        "hash": "2BE019B52680D789BD58CC99C9907821"
    }
}