{
    "data": {
        "trains": [
            {
                "trip_number": "JAHANABAD EXPRESS (826)",
                "departure_date_time": "14 Jun, 09:06 pm",
                "departure_full_date": "2025-06-14",
                "departure_date_time_jd": "Sat, 14 Jun 2025, 09:06 PM",
                "arrival_date_time": "14 Jun, 11:45 pm",
                "travel_time": "02h 39m",
                "origin_city_name": "bhanga_junction",
                "destination_city_name": "khulna",
                "seat_types": [
                    {
                        "key": 7,
                        "type": "S_CHAIR",
                        "trip_id": 8439129,
                        "trip_route_id": 53585167,
                        "route_id": 26909,
                        "fare": "185.00",
                        "vat_percent": 0,
                        "vat_amount": 0,
                        "origin_city_seq": 2,
                        "destination_city_seq": 8,
                        "seat_counts": {
                            "online": 5,
                            "offline": 5,
                            "is_divided": true
                        }
                    },
                    {
                        "key": 3,
                        "type": "SNIGDHA",
                        "trip_id": 8439142,
                        "trip_route_id": 53585336,
                        "route_id": 26909,
                        "fare": "305.00",
                        "vat_percent": 15,
                        "vat_amount": 46,
                        "origin_city_seq": 2,
                        "destination_city_seq": 8,
                        "seat_counts": {
                            "online": 3,
                            "offline": 2,
                            "is_divided": true
                        }
                    }
                ],
                "train_model": "826",
                "is_open_for_all": true,
                "is_eid_trip": 1,
                "parent_route": {
                    "origin_city_name": "dhaka",
                    "destination_city_name": "khulna",
                    "departure_date": "2025-06-14",
                    "departure_time": "20:00:00",
                    "arrival_date": "2025-06-14",
                    "arrival_time": "23:45:00"
                },
                "boarding_points": [
                    {
                        "trip_point_id": 108328820,
                        "location_id": 2943,
                        "location_name": "Bhanga_Junction Station",
                        "location_time": "09:06 PM",
                        "location_date": "14 Jun 2025"
                    }
                ],
                "is_international": 0,
                "is_from_city_international": false
            }
        ],
        "recommendations": [],
        "selected_seat_class": "S_CHAIR"
    },
    "extra": {
        "hash": "2BE019B52680D789BD58CC99C9907821"
    }
}