{
    "data": {
        "trains": [
            {
                "trip_number": "RUPOSHI BANGLA EXPRESS (828)",
                "departure_date_time": "14 Jun, 11:50 am",
                "departure_full_date": "2025-06-14",
                "departure_date_time_jd": "Sat, 14 Jun 2025, 11:50 AM",
                "arrival_date_time": "14 Jun, 01:15 pm",
                "travel_time": "01h 25m",
                "origin_city_name": "bhanga_junction",
                "destination_city_name": "jashore",
                "seat_types": [
                    {
                        "key": 3,
                        "type": "SNIGDHA",
                        "trip_id": 8439220,
                        "trip_route_id": 53586063,
                        "route_id": 26960,
                        "fare": "255.00",
                        "vat_percent": 15,
                        "vat_amount": 39,
                        "origin_city_seq": 2,
                        "destination_city_seq": 5,
                        "seat_counts": {
                            "online": 0,
                            "offline": 0,
                            "is_divided": true
                        }
                    },
                    {
                        "key": 7,
                        "type": "S_CHAIR",
                        "trip_id": 8439233,
                        "trip_route_id": 53586253,
                        "route_id": 26960,
                        "fare": "155.00",
                        "vat_percent": 0,
                        "vat_amount": 0,
                        "origin_city_seq": 2,
                        "destination_city_seq": 5,
                        "seat_counts": {
                            "online": 3,
                            "offline": 2,
                            "is_divided": true
                        }
                    }
                ],
                "train_model": "828",
                "is_open_for_all": true,
                "is_eid_trip": 1,
                "parent_route": {
                    "origin_city_name": "dhaka",
                    "destination_city_name": "benapole",
                    "departure_date": "2025-06-14",
                    "departure_time": "10:45:00",
                    "arrival_date": "2025-06-14",
                    "arrival_time": "14:25:00"
                },
                "boarding_points": [
                    {
                        "trip_point_id": 108329690,
                        "location_id": 2943,
                        "location_name": "Bhanga_Junction Station",
                        "location_time": "11:50 AM",
                        "location_date": "14 Jun 2025"
                    }
                ],
                "is_international": 0,
                "is_from_city_international": false
            }
        ],
        "recommendations": [],
        "selected_seat_class": "S_CHAIR"
    },
    "extra": {
        "hash": "2BE019B52680D789BD58CC99C9907821"
    }
}