{
    "data": {
        "trains": [
            {
                "trip_number": "BENAPOLE EXPRESS (796)",
                "departure_date_time": "14 Jun, 12:42 am",
                "departure_full_date": "2025-06-14",
                "departure_date_time_jd": "Sat, 14 Jun 2025, 12:42 AM",
                "arrival_date_time": "14 Jun, 07:00 am",
                "travel_time": "06h 18m",
                "origin_city_name": "bhanga",
                "destination_city_name": "benapole",
                "seat_types": [
                    {
                        "key": 7,
                        "type": "S_CHAIR",
                        "trip_id": 8436340,
                        "trip_route_id": 53487045,
                        "route_id": 25410,
                        "fare": "335.00",
                        "vat_percent": 0,
                        "vat_amount": 0,
                        "origin_city_seq": 2,
                        "destination_city_seq": 14,
                        "seat_counts": {
                            "online": 4,
                            "offline": 3,
                            "is_divided": true
                        }
                    },
                    {
                        "key": 3,
                        "type": "SNIGDHA",
                        "trip_id": 8438889,
                        "trip_route_id": 53577190,
                        "route_id": 25410,
                        "fare": "560.00",
                        "vat_percent": 15,
                        "vat_amount": 84,
                        "origin_city_seq": 2,
                        "destination_city_seq": 14,
                        "seat_counts": {
                            "online": 3,
                            "offline": 2,
                            "is_divided": true
                        }
                    }
                ],
                "train_model": "796",
                "is_open_for_all": true,
                "is_eid_trip": 1,
                "parent_route": {
                    "origin_city_name": "dhaka",
                    "destination_city_name": "benapole",
                    "departure_date": "2025-06-13",
                    "departure_time": "23:30:00",
                    "arrival_date": "2025-06-14",
                    "arrival_time": "07:00:00"
                },
                "boarding_points": [
                    {
                        "trip_point_id": 108273548,
                        "location_id": 2752,
                        "location_name": "Bhanga Station",
                        "location_time": "12:42 AM",
                        "location_date": "14 Jun 2025"
                    }
                ],
                "is_international": 0,
                "is_from_city_international": false
            }
        ],
        "recommendations": [],
        "selected_seat_class": "S_CHAIR"
    },
    "extra": {
        "hash": "2BE019B52680D789BD58CC99C9907821"
    }
}