{
    "data": {
        "trains": [
            {
                "trip_number": "SIMANTA EXPRESS (747)",
                "departure_date_time": "14 Jun, 12:57 am",
                "departure_full_date": "2025-06-14",
                "departure_date_time_jd": "Sat, 14 Jun 2025, 12:57 AM",
                "arrival_date_time": "14 Jun, 06:45 am",
                "travel_time": "05h 48m",
                "origin_city_name": "bheramara",
                "destination_city_name": "chilahati",
                "seat_types": [
                    {
                        "key": 1,
                        "type": "AC_B",
                        "trip_id": 8436061,
                        "trip_route_id": 53467606,
                        "route_id": 19981,
                        "fare": "1060.00",
                        "vat_percent": 15,
                        "vat_amount": 159,
                        "origin_city_seq": 11,
                        "destination_city_seq": 25,
                        "seat_counts": {
                            "online": 0,
                            "offline": 0,
                            "is_divided": true
                        }
                    },
                    {
                        "key": 3,
                        "type": "SNIGDHA",
                        "trip_id": 8436074,
                        "trip_route_id": 53469133,
                        "route_id": 19981,
                        "fare": "590.00",
                        "vat_percent": 15,
                        "vat_amount": 89,
                        "origin_city_seq": 11,
                        "destination_city_seq": 25,
                        "seat_counts": {
                            "online": 0,
                            "offline": 0,
                            "is_divided": true
                        }
                    },
                    {
                        "key": 7,
                        "type": "S_CHAIR",
                        "trip_id": 8436087,
                        "trip_route_id": 53470769,
                        "route_id": 19981,
                        "fare": "355.00",
                        "vat_percent": 0,
                        "vat_amount": 0,
                        "origin_city_seq": 11,
                        "destination_city_seq": 25,
                        "seat_counts": {
                            "online": 8,
                            "offline": 7,
                            "is_divided": true
                        }
                    }
                ],
                "train_model": "747",
                "is_open_for_all": true,
                "is_eid_trip": 1,
                "parent_route": {
                    "origin_city_name": "khulna",
                    "destination_city_name": "chilahati",
                    "departure_date": "2025-06-13",
                    "departure_time": "21:15:00",
                    "arrival_date": "2025-06-14",
                    "arrival_time": "06:45:00"
                },
                "boarding_points": [
                    {
                        "trip_point_id": 108264064,
                        "location_id": 2779,
                        "location_name": "Bheramara Station",
                        "location_time": "12:57 AM",
                        "location_date": "14 Jun 2025"
                    }
                ],
                "is_international": 0,
                "is_from_city_international": false
            },
            {
                "trip_number": "RUPSHA EXPRESS (727)",
                "departure_date_time": "14 Jun, 11:02 am",
                "departure_full_date": "2025-06-14",
                "departure_date_time_jd": "Sat, 14 Jun 2025, 11:02 AM",
                "arrival_date_time": "14 Jun, 05:00 pm",
                "travel_time": "05h 58m",
                "origin_city_name": "bheramara",
                "destination_city_name": "chilahati",
                "seat_types": [
                    {
                        "key": 2,
                        "type": "AC_S",
                        "trip_id": 8436369,
                        "trip_route_id": 53489535,
                        "route_id": 19981,
                        "fare": "705.00",
                        "vat_percent": 15,
                        "vat_amount": 106,
                        "origin_city_seq": 11,
                        "destination_city_seq": 25,
                        "seat_counts": {
                            "online": 0,
                            "offline": 0,
                            "is_divided": true
                        }
                    },
                    {
                        "key": 3,
                        "type": "SNIGDHA",
                        "trip_id": 8436557,
                        "trip_route_id": 53500943,
                        "route_id": 19981,
                        "fare": "590.00",
                        "vat_percent": 15,
                        "vat_amount": 89,
                        "origin_city_seq": 11,
                        "destination_city_seq": 25,
                        "seat_counts": {
                            "online": 0,
                            "offline": 0,
                            "is_divided": true
                        }
                    },
                    {
                        "key": 7,
                        "type": "S_CHAIR",
                        "trip_id": 8436570,
                        "trip_route_id": 53502925,
                        "route_id": 19981,
                        "fare": "355.00",
                        "vat_percent": 0,
                        "vat_amount": 0,
                        "origin_city_seq": 11,
                        "destination_city_seq": 25,
                        "seat_counts": {
                            "online": 1,
                            "offline": 0,
                            "is_divided": true
                        }
                    }
                ],
                "train_model": "727",
                "is_open_for_all": true,
                "is_eid_trip": 1,
                "parent_route": {
                    "origin_city_name": "khulna",
                    "destination_city_name": "chilahati",
                    "departure_date": "2025-06-14",
                    "departure_time": "07:15:00",
                    "arrival_date": "2025-06-14",
                    "arrival_time": "17:00:00"
                },
                "boarding_points": [
                    {
                        "trip_point_id": 108274689,
                        "location_id": 2779,
                        "location_name": "Bheramara Station",
                        "location_time": "11:02 AM",
                        "location_date": "14 Jun 2025"
                    }
                ],
                "is_international": 0,
                "is_from_city_international": false
            }
        ],
        "recommendations": [],
        "selected_seat_class": "S_CHAIR"
    },
    "extra": {
        "hash": "2BE019B52680D789BD58CC99C9907821"
    }
}