{
    "data": {
        "trains": [
            {
                "trip_number": "SAGARDARI EXPRESS (761)",
                "departure_date_time": "14 Jun, 07:47 pm",
                "departure_full_date": "2025-06-14",
                "departure_date_time_jd": "Sat, 14 Jun 2025, 07:47 PM",
                "arrival_date_time": "14 Jun, 08:53 pm",
                "travel_time": "01h 06m",
                "origin_city_name": "bheramara",
                "destination_city_name": "abdulpur",
                "seat_types": [
                    {
                        "key": 7,
                        "type": "S_CHAIR",
                        "trip_id": 8436717,
                        "trip_route_id": 53516088,
                        "route_id": 21450,
                        "fare": "100.00",
                        "vat_percent": 0,
                        "vat_amount": 0,
                        "origin_city_seq": 12,
                        "destination_city_seq": 16,
                        "seat_counts": {
                            "online": 0,
                            "offline": 0,
                            "is_divided": true
                        }
                    }
                ],
                "train_model": "761",
                "is_open_for_all": true,
                "is_eid_trip": 1,
                "parent_route": {
                    "origin_city_name": "khulna",
                    "destination_city_name": "rajshahi",
                    "departure_date": "2025-06-14",
                    "departure_time": "16:00:00",
                    "arrival_date": "2025-06-14",
                    "arrival_time": "22:00:00"
                },
                "boarding_points": [
                    {
                        "trip_point_id": 108285811,
                        "location_id": 2779,
                        "location_name": "Bheramara Station",
                        "location_time": "07:47 PM",
                        "location_date": "14 Jun 2025"
                    }
                ],
                "is_international": 0,
                "is_from_city_international": false
            }
        ],
        "recommendations": [
            {
                "origin": "Paksey",
                "destination": "Abdulpur"
            },
            {
                "origin": "Bheramara",
                "destination": "Azim nagar"
            }
        ],
        "selected_seat_class": "S_CHAIR"
    },
    "extra": {
        "hash": "2BE019B52680D789BD58CC99C9907821"
    }
}