{
    "data": {
        "trains": [
            {
                "trip_number": "CHITRA EXPRESS (763)",
                "departure_date_time": "14 Jun, 12:55 pm",
                "departure_full_date": "2025-06-14",
                "departure_date_time_jd": "Sat, 14 Jun 2025, 12:55 PM",
                "arrival_date_time": "14 Jun, 06:05 pm",
                "travel_time": "05h 10m",
                "origin_city_name": "bheramara",
                "destination_city_name": "dhaka",
                "seat_types": [
                    {
                        "key": 3,
                        "type": "SNIGDHA",
                        "trip_id": 8440220,
                        "trip_route_id": 53614061,
                        "route_id": 20717,
                        "fare": "760.00",
                        "vat_percent": 15,
                        "vat_amount": 114,
                        "origin_city_seq": 12,
                        "destination_city_seq": 23,
                        "seat_counts": {
                            "online": 0,
                            "offline": 0,
                            "is_divided": true
                        }
                    },
                    {
                        "key": 2,
                        "type": "AC_S",
                        "trip_id": 8440246,
                        "trip_route_id": 53616031,
                        "route_id": 20717,
                        "fare": "910.00",
                        "vat_percent": 15,
                        "vat_amount": 137,
                        "origin_city_seq": 12,
                        "destination_city_seq": 23,
                        "seat_counts": {
                            "online": 0,
                            "offline": 0,
                            "is_divided": true
                        }
                    },
                    {
                        "key": 7,
                        "type": "S_CHAIR",
                        "trip_id": 8440259,
                        "trip_route_id": 53617065,
                        "route_id": 20717,
                        "fare": "455.00",
                        "vat_percent": 0,
                        "vat_amount": 0,
                        "origin_city_seq": 12,
                        "destination_city_seq": 23,
                        "seat_counts": {
                            "online": 0,
                            "offline": 0,
                            "is_divided": true
                        }
                    }
                ],
                "train_model": "763",
                "is_open_for_all": true,
                "is_eid_trip": 1,
                "parent_route": {
                    "origin_city_name": "khulna",
                    "destination_city_name": "dhaka",
                    "departure_date": "2025-06-14",
                    "departure_time": "09:00:00",
                    "arrival_date": "2025-06-14",
                    "arrival_time": "18:05:00"
                },
                "boarding_points": [
                    {
                        "trip_point_id": 108347422,
                        "location_id": 2779,
                        "location_name": "Bheramara Station",
                        "location_time": "12:55 PM",
                        "location_date": "14 Jun 2025"
                    }
                ],
                "is_international": 0,
                "is_from_city_international": false
            }
        ],
        "recommendations": [
            {
                "origin": "Ishwardi",
                "destination": "Dhaka"
            },
            {
                "origin": "Bheramara",
                "destination": "Biman_bandar"
            }
        ],
        "selected_seat_class": "S_CHAIR"
    },
    "extra": {
        "hash": "2BE019B52680D789BD58CC99C9907821"
    }
}