{
    "data": {
        "trains": [
            {
                "trip_number": "JAMALPUR EXPRESS (800)",
                "departure_date_time": "14 Jun, 05:15 pm",
                "departure_full_date": "2025-06-14",
                "departure_date_time_jd": "Sat, 14 Jun 2025, 05:15 PM",
                "arrival_date_time": "14 Jun, 06:06 pm",
                "travel_time": "00h 51m",
                "origin_city_name": "bhuapur",
                "destination_city_name": "tarakandi",
                "seat_types": [
                    {
                        "key": 7,
                        "type": "S_CHAIR",
                        "trip_id": 8440441,
                        "trip_route_id": 53623781,
                        "route_id": 24181,
                        "fare": "50.00",
                        "vat_percent": 0,
                        "vat_amount": 0,
                        "origin_city_seq": 1,
                        "destination_city_seq": 4,
                        "seat_counts": {
                            "online": 20,
                            "offline": 20,
                            "is_divided": true
                        }
                    },
                    {
                        "key": 3,
                        "type": "SNIGDHA",
                        "trip_id": 8440454,
                        "trip_route_id": 53623963,
                        "route_id": 24181,
                        "fare": "100.00",
                        "vat_percent": 15,
                        "vat_amount": 15,
                        "origin_city_seq": 1,
                        "destination_city_seq": 4,
                        "seat_counts": {
                            "online": 3,
                            "offline": 2,
                            "is_divided": true
                        }
                    }
                ],
                "train_model": "800",
                "is_open_for_all": true,
                "is_eid_trip": 1,
                "parent_route": {
                    "origin_city_name": "bhuapur",
                    "destination_city_name": "dhaka",
                    "departure_date": "2025-06-14",
                    "departure_time": "17:15:00",
                    "arrival_date": "2025-06-14",
                    "arrival_time": "23:55:00"
                },
                "boarding_points": [
                    {
                        "trip_point_id": 108353240,
                        "location_id": 2852,
                        "location_name": "Bhuapur Station",
                        "location_time": "05:15 PM",
                        "location_date": "14 Jun 2025"
                    }
                ],
                "is_international": 0,
                "is_from_city_international": false
            }
        ],
        "recommendations": [],
        "selected_seat_class": "S_CHAIR"
    },
    "extra": {
        "hash": "2BE019B52680D789BD58CC99C9907821"
    }
}