{
    "data": {
        "trains": [
            {
                "trip_number": "JAMUNA EXPRESS (746)",
                "departure_date_time": "14 Jun, 04:03 am",
                "departure_full_date": "2025-06-14",
                "departure_date_time_jd": "Sat, 14 Jun 2025, 04:03 AM",
                "arrival_date_time": "14 Jun, 08:00 am",
                "travel_time": "03h 57m",
                "origin_city_name": "bidyaganj",
                "destination_city_name": "dhaka",
                "seat_types": [
                    {
                        "key": 8,
                        "type": "SHOVAN",
                        "trip_id": 8438159,
                        "trip_route_id": 53558707,
                        "route_id": 23266,
                        "fare": "140.00",
                        "vat_percent": 0,
                        "vat_amount": 0,
                        "origin_city_seq": 7,
                        "destination_city_seq": 14,
                        "seat_counts": {
                            "online": 0,
                            "offline": 0,
                            "is_divided": true
                        }
                    }
                ],
                "train_model": "746",
                "is_open_for_all": true,
                "is_eid_trip": 1,
                "parent_route": {
                    "origin_city_name": "tarakandi",
                    "destination_city_name": "dhaka",
                    "departure_date": "2025-06-14",
                    "departure_time": "02:00:00",
                    "arrival_date": "2025-06-14",
                    "arrival_time": "08:00:00"
                },
                "boarding_points": [
                    {
                        "trip_point_id": 108312107,
                        "location_id": 2949,
                        "location_name": "Bidyaganj Station",
                        "location_time": "04:03 AM",
                        "location_date": "14 Jun 2025"
                    }
                ],
                "is_international": 0,
                "is_from_city_international": false
            },
            {
                "trip_number": "JAMALPUR EXPRESS (800)",
                "departure_date_time": "14 Jun, 08:13 pm",
                "departure_full_date": "2025-06-14",
                "departure_date_time_jd": "Sat, 14 Jun 2025, 08:13 PM",
                "arrival_date_time": "14 Jun, 11:55 pm",
                "travel_time": "03h 42m",
                "origin_city_name": "bidyaganj",
                "destination_city_name": "dhaka",
                "seat_types": [
                    {
                        "key": 7,
                        "type": "S_CHAIR",
                        "trip_id": 8440441,
                        "trip_route_id": 53623788,
                        "route_id": 24237,
                        "fare": "165.00",
                        "vat_percent": 0,
                        "vat_amount": 0,
                        "origin_city_seq": 10,
                        "destination_city_seq": 14,
                        "seat_counts": {
                            "online": 0,
                            "offline": 0,
                            "is_divided": true
                        }
                    }
                ],
                "train_model": "800",
                "is_open_for_all": true,
                "is_eid_trip": 1,
                "parent_route": {
                    "origin_city_name": "bhuapur",
                    "destination_city_name": "dhaka",
                    "departure_date": "2025-06-14",
                    "departure_time": "17:15:00",
                    "arrival_date": "2025-06-14",
                    "arrival_time": "23:55:00"
                },
                "boarding_points": [
                    {
                        "trip_point_id": 108353257,
                        "location_id": 2949,
                        "location_name": "Bidyaganj Station",
                        "location_time": "08:13 PM",
                        "location_date": "14 Jun 2025"
                    }
                ],
                "is_international": 0,
                "is_from_city_international": false
            }
        ],
        "recommendations": [
            {
                "origin": "Mymensingh",
                "destination": "Dhaka"
            },
            {
                "origin": "Bidyaganj",
                "destination": "Biman_bandar"
            }
        ],
        "selected_seat_class": "S_CHAIR"
    },
    "extra": {
        "hash": "2BE019B52680D789BD58CC99C9907821"
    }
}