{
    "data": {
        "trains": [
            {
                "trip_number": "EGAROSINDHUR PROVATI (737)",
                "departure_date_time": "14 Jun, 07:15 am",
                "departure_full_date": "2025-06-14",
                "departure_date_time_jd": "Sat, 14 Jun 2025, 07:15 AM",
                "arrival_date_time": "14 Jun, 11:10 am",
                "travel_time": "03h 55m",
                "origin_city_name": "dhaka",
                "destination_city_name": "kishorganj",
                "seat_types": [
                    {
                        "key": 8,
                        "type": "SHOVAN",
                        "trip_id": 8437726,
                        "trip_route_id": 53549092,
                        "route_id": 22713,
                        "fare": "135.00",
                        "vat_percent": 0,
                        "vat_amount": 0,
                        "origin_city_seq": 1,
                        "destination_city_seq": 11,
                        "seat_counts": {
                            "online": 79,
                            "offline": 79,
                            "is_divided": true
                        }
                    },
                    {
                        "key": 7,
                        "type": "S_CHAIR",
                        "trip_id": 8437739,
                        "trip_route_id": 53549395,
                        "route_id": 22713,
                        "fare": "160.00",
                        "vat_percent": 0,
                        "vat_amount": 0,
                        "origin_city_seq": 1,
                        "destination_city_seq": 11,
                        "seat_counts": {
                            "online": 68,
                            "offline": 67,
                            "is_divided": true
                        }
                    },
                    {
                        "key": 6,
                        "type": "F_CHAIR",
                        "trip_id": 8437752,
                        "trip_route_id": 53549694,
                        "route_id": 22713,
                        "fare": "215.00",
                        "vat_percent": 15,
                        "vat_amount": 33,
                        "origin_city_seq": 1,
                        "destination_city_seq": 11,
                        "seat_counts": {
                            "online": 25,
                            "offline": 24,
                            "is_divided": true
                        }
                    },
                    {
                        "key": 5,
                        "type": "F_SEAT",
                        "trip_id": 8437765,
                        "trip_route_id": 53549993,
                        "route_id": 22713,
                        "fare": "215.00",
                        "vat_percent": 15,
                        "vat_amount": 33,
                        "origin_city_seq": 1,
                        "destination_city_seq": 11,
                        "seat_counts": {
                            "online": 7,
                            "offline": 7,
                            "is_divided": true
                        }
                    }
                ],
                "train_model": "737",
                "is_open_for_all": true,
                "is_eid_trip": 1,
                "parent_route": {
                    "origin_city_name": "dhaka",
                    "destination_city_name": "kishorganj",
                    "departure_date": "2025-06-14",
                    "departure_time": "07:15:00",
                    "arrival_date": "2025-06-14",
                    "arrival_time": "11:10:00"
                },
                "boarding_points": [
                    {
                        "trip_point_id": 108304704,
                        "location_id": 2719,
                        "location_name": "Kamalapur Station",
                        "location_time": "07:15 AM",
                        "location_date": "14 Jun 2025"
                    }
                ],
                "is_international": 0,
                "is_from_city_international": false
            },
            {
                "trip_number": "KISHORGANJ EXPRESS (781)",
                "departure_date_time": "14 Jun, 10:30 am",
                "departure_full_date": "2025-06-14",
                "departure_date_time_jd": "Sat, 14 Jun 2025, 10:30 AM",
                "arrival_date_time": "14 Jun, 02:10 pm",
                "travel_time": "03h 40m",
                "origin_city_name": "dhaka",
                "destination_city_name": "kishorganj",
                "seat_types": [
                    {
                        "key": 2,
                        "type": "AC_S",
                        "trip_id": 8439565,
                        "trip_route_id": 53594371,
                        "route_id": 22713,
                        "fare": "320.00",
                        "vat_percent": 15,
                        "vat_amount": 48,
                        "origin_city_seq": 1,
                        "destination_city_seq": 11,
                        "seat_counts": {
                            "online": 7,
                            "offline": 6,
                            "is_divided": true
                        }
                    },
                    {
                        "key": 3,
                        "type": "SNIGDHA",
                        "trip_id": 8439589,
                        "trip_route_id": 53595172,
                        "route_id": 22713,
                        "fare": "265.00",
                        "vat_percent": 15,
                        "vat_amount": 40,
                        "origin_city_seq": 1,
                        "destination_city_seq": 11,
                        "seat_counts": {
                            "online": 32,
                            "offline": 32,
                            "is_divided": true
                        }
                    }
                ],
                "train_model": "781",
                "is_open_for_all": true,
                "is_eid_trip": 1,
                "parent_route": {
                    "origin_city_name": "dhaka",
                    "destination_city_name": "kishorganj",
                    "departure_date": "2025-06-14",
                    "departure_time": "10:30:00",
                    "arrival_date": "2025-06-14",
                    "arrival_time": "14:10:00"
                },
                "boarding_points": [
                    {
                        "trip_point_id": 108335111,
                        "location_id": 2719,
                        "location_name": "Kamalapur Station",
                        "location_time": "10:30 AM",
                        "location_date": "14 Jun 2025"
                    }
                ],
                "is_international": 0,
                "is_from_city_international": false
            },
            {
                "trip_number": "KISHORGANJ EXPRESS (781)",
                "departure_date_time": "14 Jun, 10:57 am",
                "departure_full_date": "2025-06-14",
                "departure_date_time_jd": "Sat, 14 Jun 2025, 10:57 AM",
                "arrival_date_time": "14 Jun, 02:10 pm",
                "travel_time": "03h 13m",
                "origin_city_name": "biman_bandar",
                "destination_city_name": "kishorganj",
                "seat_types": [
                    {
                        "key": 7,
                        "type": "S_CHAIR",
                        "trip_id": 8439577,
                        "trip_route_id": 53594849,
                        "route_id": 22728,
                        "fare": "160.00",
                        "vat_percent": 0,
                        "vat_amount": 0,
                        "origin_city_seq": 2,
                        "destination_city_seq": 11,
                        "seat_counts": {
                            "online": 5,
                            "offline": 5,
                            "is_divided": true
                        }
                    }
                ],
                "train_model": "781",
                "is_open_for_all": true,
                "is_eid_trip": 1,
                "parent_route": {
                    "origin_city_name": "dhaka",
                    "destination_city_name": "kishorganj",
                    "departure_date": "2025-06-14",
                    "departure_time": "10:30:00",
                    "arrival_date": "2025-06-14",
                    "arrival_time": "14:10:00"
                },
                "boarding_points": [
                    {
                        "trip_point_id": 108335347,
                        "location_id": 2702,
                        "location_name": "Biman_Bandar Station",
                        "location_time": "10:57 AM",
                        "location_date": "14 Jun 2025"
                    }
                ],
                "is_international": 0,
                "is_from_city_international": false
            },
            {
                "trip_number": "EGAROSINDHUR GODHULI (749)",
                "departure_date_time": "14 Jun, 06:45 pm",
                "departure_full_date": "2025-06-14",
                "departure_date_time_jd": "Sat, 14 Jun 2025, 06:45 PM",
                "arrival_date_time": "14 Jun, 10:40 pm",
                "travel_time": "03h 55m",
                "origin_city_name": "dhaka",
                "destination_city_name": "kishorganj",
                "seat_types": [
                    {
                        "key": 8,
                        "type": "SHOVAN",
                        "trip_id": 8438219,
                        "trip_route_id": 53560199,
                        "route_id": 22713,
                        "fare": "135.00",
                        "vat_percent": 0,
                        "vat_amount": 0,
                        "origin_city_seq": 1,
                        "destination_city_seq": 11,
                        "seat_counts": {
                            "online": 81,
                            "offline": 81,
                            "is_divided": true
                        }
                    },
                    {
                        "key": 7,
                        "type": "S_CHAIR",
                        "trip_id": 8438234,
                        "trip_route_id": 53560553,
                        "route_id": 22713,
                        "fare": "160.00",
                        "vat_percent": 0,
                        "vat_amount": 0,
                        "origin_city_seq": 1,
                        "destination_city_seq": 11,
                        "seat_counts": {
                            "online": 74,
                            "offline": 74,
                            "is_divided": true
                        }
                    },
                    {
                        "key": 6,
                        "type": "F_CHAIR",
                        "trip_id": 8438249,
                        "trip_route_id": 53560872,
                        "route_id": 22713,
                        "fare": "215.00",
                        "vat_percent": 15,
                        "vat_amount": 33,
                        "origin_city_seq": 1,
                        "destination_city_seq": 11,
                        "seat_counts": {
                            "online": 22,
                            "offline": 21,
                            "is_divided": true
                        }
                    },
                    {
                        "key": 5,
                        "type": "F_SEAT",
                        "trip_id": 8438264,
                        "trip_route_id": 53561198,
                        "route_id": 22713,
                        "fare": "215.00",
                        "vat_percent": 15,
                        "vat_amount": 33,
                        "origin_city_seq": 1,
                        "destination_city_seq": 11,
                        "seat_counts": {
                            "online": 8,
                            "offline": 7,
                            "is_divided": true
                        }
                    }
                ],
                "train_model": "749",
                "is_open_for_all": true,
                "is_eid_trip": 1,
                "parent_route": {
                    "origin_city_name": "dhaka",
                    "destination_city_name": "kishorganj",
                    "departure_date": "2025-06-14",
                    "departure_time": "18:45:00",
                    "arrival_date": "2025-06-14",
                    "arrival_time": "22:40:00"
                },
                "boarding_points": [
                    {
                        "trip_point_id": 108313025,
                        "location_id": 2719,
                        "location_name": "Kamalapur Station",
                        "location_time": "06:45 PM",
                        "location_date": "14 Jun 2025"
                    }
                ],
                "is_international": 0,
                "is_from_city_international": false
            }
        ],
        "recommendations": [],
        "selected_seat_class": "S_CHAIR"
    },
    "extra": {
        "hash": "2BE019B52680D789BD58CC99C9907821"
    }
}