{
    "data": {
        "trains": [
            {
                "trip_number": "CHITRA EXPRESS (764)",
                "departure_date_time": "14 Jun, 07:58 pm",
                "departure_full_date": "2025-06-14",
                "departure_date_time_jd": "Sat, 14 Jun 2025, 07:58 PM",
                "arrival_date_time": "15 Jun, 04:40 am",
                "travel_time": "08h 42m",
                "origin_city_name": "biman_bandar",
                "destination_city_name": "khulna",
                "seat_types": [
                    {
                        "key": 3,
                        "type": "SNIGDHA",
                        "trip_id": 8440233,
                        "trip_route_id": 53615169,
                        "route_id": 20627,
                        "fare": "1130.00",
                        "vat_percent": 15,
                        "vat_amount": 170,
                        "origin_city_seq": 2,
                        "destination_city_seq": 24,
                        "seat_counts": {
                            "online": 3,
                            "offline": 2,
                            "is_divided": true
                        }
                    },
                    {
                        "key": 7,
                        "type": "S_CHAIR",
                        "trip_id": 8440285,
                        "trip_route_id": 53619003,
                        "route_id": 20627,
                        "fare": "680.00",
                        "vat_percent": 0,
                        "vat_amount": 0,
                        "origin_city_seq": 2,
                        "destination_city_seq": 24,
                        "seat_counts": {
                            "online": 0,
                            "offline": 0,
                            "is_divided": true
                        }
                    }
                ],
                "train_model": "764",
                "is_open_for_all": true,
                "is_eid_trip": 1,
                "parent_route": {
                    "origin_city_name": "dhaka",
                    "destination_city_name": "khulna",
                    "departure_date": "2025-06-14",
                    "departure_time": "19:30:00",
                    "arrival_date": "2025-06-15",
                    "arrival_time": "04:40:00"
                },
                "boarding_points": [
                    {
                        "trip_point_id": 108347905,
                        "location_id": 2702,
                        "location_name": "Biman_Bandar Station",
                        "location_time": "07:58 PM",
                        "location_date": "14 Jun 2025"
                    }
                ],
                "is_international": 0,
                "is_from_city_international": false
            },
            {
                "trip_number": "CHITRA EXPRESS (764)",
                "departure_date_time": "14 Jun, 07:30 pm",
                "departure_full_date": "2025-06-14",
                "departure_date_time_jd": "Sat, 14 Jun 2025, 07:30 PM",
                "arrival_date_time": "15 Jun, 04:40 am",
                "travel_time": "09h 10m",
                "origin_city_name": "dhaka",
                "destination_city_name": "khulna",
                "seat_types": [
                    {
                        "key": 1,
                        "type": "AC_B",
                        "trip_id": 8440272,
                        "trip_route_id": 53617843,
                        "route_id": 20601,
                        "fare": "2030.00",
                        "vat_percent": 15,
                        "vat_amount": 305,
                        "origin_city_seq": 1,
                        "destination_city_seq": 24,
                        "seat_counts": {
                            "online": 0,
                            "offline": 0,
                            "is_divided": true
                        }
                    }
                ],
                "train_model": "764",
                "is_open_for_all": true,
                "is_eid_trip": 1,
                "parent_route": {
                    "origin_city_name": "dhaka",
                    "destination_city_name": "khulna",
                    "departure_date": "2025-06-14",
                    "departure_time": "19:30:00",
                    "arrival_date": "2025-06-15",
                    "arrival_time": "04:40:00"
                },
                "boarding_points": [
                    {
                        "trip_point_id": 108349390,
                        "location_id": 2719,
                        "location_name": "Kamalapur Station",
                        "location_time": "07:30 PM",
                        "location_date": "14 Jun 2025"
                    }
                ],
                "is_international": 0,
                "is_from_city_international": false
            }
        ],
        "recommendations": [],
        "selected_seat_class": "S_CHAIR"
    },
    "extra": {
        "hash": "2BE019B52680D789BD58CC99C9907821"
    }
}