{
    "data": {
        "trains": [
            {
                "trip_number": "EGAROSINDHUR PROVATI (737)",
                "departure_date_time": "14 Jun, 07:15 am",
                "departure_full_date": "2025-06-14",
                "departure_date_time_jd": "Sat, 14 Jun 2025, 07:15 AM",
                "arrival_date_time": "14 Jun, 09:42 am",
                "travel_time": "02h 27m",
                "origin_city_name": "dhaka",
                "destination_city_name": "bajitpur",
                "seat_types": [
                    {
                        "key": 8,
                        "type": "SHOVAN",
                        "trip_id": 8437726,
                        "trip_route_id": 53549097,
                        "route_id": 22718,
                        "fare": "105.00",
                        "vat_percent": 0,
                        "vat_amount": 0,
                        "origin_city_seq": 1,
                        "destination_city_seq": 7,
                        "seat_counts": {
                            "online": 23,
                            "offline": 22,
                            "is_divided": true
                        }
                    },
                    {
                        "key": 7,
                        "type": "S_CHAIR",
                        "trip_id": 8437739,
                        "trip_route_id": 53549400,
                        "route_id": 22718,
                        "fare": "125.00",
                        "vat_percent": 0,
                        "vat_amount": 0,
                        "origin_city_seq": 1,
                        "destination_city_seq": 7,
                        "seat_counts": {
                            "online": 4,
                            "offline": 3,
                            "is_divided": true
                        }
                    },
                    {
                        "key": 5,
                        "type": "F_SEAT",
                        "trip_id": 8437765,
                        "trip_route_id": 53549998,
                        "route_id": 22718,
                        "fare": "170.00",
                        "vat_percent": 15,
                        "vat_amount": 26,
                        "origin_city_seq": 1,
                        "destination_city_seq": 7,
                        "seat_counts": {
                            "online": 0,
                            "offline": 0,
                            "is_divided": true
                        }
                    }
                ],
                "train_model": "737",
                "is_open_for_all": true,
                "is_eid_trip": 1,
                "parent_route": {
                    "origin_city_name": "dhaka",
                    "destination_city_name": "kishorganj",
                    "departure_date": "2025-06-14",
                    "departure_time": "07:15:00",
                    "arrival_date": "2025-06-14",
                    "arrival_time": "11:10:00"
                },
                "boarding_points": [
                    {
                        "trip_point_id": 108304704,
                        "location_id": 2719,
                        "location_name": "Kamalapur Station",
                        "location_time": "07:15 AM",
                        "location_date": "14 Jun 2025"
                    }
                ],
                "is_international": 0,
                "is_from_city_international": false
            },
            {
                "trip_number": "KISHORGANJ EXPRESS (781)",
                "departure_date_time": "14 Jun, 10:30 am",
                "departure_full_date": "2025-06-14",
                "departure_date_time_jd": "Sat, 14 Jun 2025, 10:30 AM",
                "arrival_date_time": "14 Jun, 01:04 pm",
                "travel_time": "02h 34m",
                "origin_city_name": "dhaka",
                "destination_city_name": "bajitpur",
                "seat_types": [
                    {
                        "key": 2,
                        "type": "AC_S",
                        "trip_id": 8439565,
                        "trip_route_id": 53594376,
                        "route_id": 22718,
                        "fare": "250.00",
                        "vat_percent": 15,
                        "vat_amount": 38,
                        "origin_city_seq": 1,
                        "destination_city_seq": 7,
                        "seat_counts": {
                            "online": 0,
                            "offline": 0,
                            "is_divided": true
                        }
                    },
                    {
                        "key": 3,
                        "type": "SNIGDHA",
                        "trip_id": 8439589,
                        "trip_route_id": 53595176,
                        "route_id": 22718,
                        "fare": "210.00",
                        "vat_percent": 15,
                        "vat_amount": 32,
                        "origin_city_seq": 1,
                        "destination_city_seq": 7,
                        "seat_counts": {
                            "online": 5,
                            "offline": 5,
                            "is_divided": true
                        }
                    }
                ],
                "train_model": "781",
                "is_open_for_all": true,
                "is_eid_trip": 1,
                "parent_route": {
                    "origin_city_name": "dhaka",
                    "destination_city_name": "kishorganj",
                    "departure_date": "2025-06-14",
                    "departure_time": "10:30:00",
                    "arrival_date": "2025-06-14",
                    "arrival_time": "14:10:00"
                },
                "boarding_points": [
                    {
                        "trip_point_id": 108335111,
                        "location_id": 2719,
                        "location_name": "Kamalapur Station",
                        "location_time": "10:30 AM",
                        "location_date": "14 Jun 2025"
                    }
                ],
                "is_international": 0,
                "is_from_city_international": false
            },
            {
                "trip_number": "KISHORGANJ EXPRESS (781)",
                "departure_date_time": "14 Jun, 10:57 am",
                "departure_full_date": "2025-06-14",
                "departure_date_time_jd": "Sat, 14 Jun 2025, 10:57 AM",
                "arrival_date_time": "14 Jun, 01:04 pm",
                "travel_time": "02h 07m",
                "origin_city_name": "biman_bandar",
                "destination_city_name": "bajitpur",
                "seat_types": [
                    {
                        "key": 7,
                        "type": "S_CHAIR",
                        "trip_id": 8439577,
                        "trip_route_id": 53594852,
                        "route_id": 22724,
                        "fare": "125.00",
                        "vat_percent": 0,
                        "vat_amount": 0,
                        "origin_city_seq": 2,
                        "destination_city_seq": 7,
                        "seat_counts": {
                            "online": 10,
                            "offline": 10,
                            "is_divided": true
                        }
                    }
                ],
                "train_model": "781",
                "is_open_for_all": true,
                "is_eid_trip": 1,
                "parent_route": {
                    "origin_city_name": "dhaka",
                    "destination_city_name": "kishorganj",
                    "departure_date": "2025-06-14",
                    "departure_time": "10:30:00",
                    "arrival_date": "2025-06-14",
                    "arrival_time": "14:10:00"
                },
                "boarding_points": [
                    {
                        "trip_point_id": 108335347,
                        "location_id": 2702,
                        "location_name": "Biman_Bandar Station",
                        "location_time": "10:57 AM",
                        "location_date": "14 Jun 2025"
                    }
                ],
                "is_international": 0,
                "is_from_city_international": false
            },
            {
                "trip_number": "EGAROSINDHUR GODHULI (749)",
                "departure_date_time": "14 Jun, 06:45 pm",
                "departure_full_date": "2025-06-14",
                "departure_date_time_jd": "Sat, 14 Jun 2025, 06:45 PM",
                "arrival_date_time": "14 Jun, 09:20 pm",
                "travel_time": "02h 35m",
                "origin_city_name": "dhaka",
                "destination_city_name": "bajitpur",
                "seat_types": [
                    {
                        "key": 8,
                        "type": "SHOVAN",
                        "trip_id": 8438219,
                        "trip_route_id": 53560204,
                        "route_id": 22718,
                        "fare": "105.00",
                        "vat_percent": 0,
                        "vat_amount": 0,
                        "origin_city_seq": 1,
                        "destination_city_seq": 7,
                        "seat_counts": {
                            "online": 20,
                            "offline": 20,
                            "is_divided": true
                        }
                    },
                    {
                        "key": 7,
                        "type": "S_CHAIR",
                        "trip_id": 8438234,
                        "trip_route_id": 53560558,
                        "route_id": 22718,
                        "fare": "125.00",
                        "vat_percent": 0,
                        "vat_amount": 0,
                        "origin_city_seq": 1,
                        "destination_city_seq": 7,
                        "seat_counts": {
                            "online": 4,
                            "offline": 3,
                            "is_divided": true
                        }
                    },
                    {
                        "key": 6,
                        "type": "F_CHAIR",
                        "trip_id": 8438249,
                        "trip_route_id": 53560876,
                        "route_id": 22718,
                        "fare": "170.00",
                        "vat_percent": 15,
                        "vat_amount": 26,
                        "origin_city_seq": 1,
                        "destination_city_seq": 7,
                        "seat_counts": {
                            "online": 0,
                            "offline": 0,
                            "is_divided": true
                        }
                    },
                    {
                        "key": 5,
                        "type": "F_SEAT",
                        "trip_id": 8438264,
                        "trip_route_id": 53561203,
                        "route_id": 22718,
                        "fare": "170.00",
                        "vat_percent": 15,
                        "vat_amount": 26,
                        "origin_city_seq": 1,
                        "destination_city_seq": 7,
                        "seat_counts": {
                            "online": 0,
                            "offline": 0,
                            "is_divided": true
                        }
                    }
                ],
                "train_model": "749",
                "is_open_for_all": true,
                "is_eid_trip": 1,
                "parent_route": {
                    "origin_city_name": "dhaka",
                    "destination_city_name": "kishorganj",
                    "departure_date": "2025-06-14",
                    "departure_time": "18:45:00",
                    "arrival_date": "2025-06-14",
                    "arrival_time": "22:40:00"
                },
                "boarding_points": [
                    {
                        "trip_point_id": 108313025,
                        "location_id": 2719,
                        "location_name": "Kamalapur Station",
                        "location_time": "06:45 PM",
                        "location_date": "14 Jun 2025"
                    }
                ],
                "is_international": 0,
                "is_from_city_international": false
            }
        ],
        "recommendations": [],
        "selected_seat_class": "S_CHAIR"
    },
    "extra": {
        "hash": "2BE019B52680D789BD58CC99C9907821"
    }
}