{
    "data": {
        "trains": [
            {
                "trip_number": "KALNI EXPRESS (773)",
                "departure_date_time": "14 Jun, 02:55 pm",
                "departure_full_date": "2025-06-14",
                "departure_date_time_jd": "Sat, 14 Jun 2025, 02:55 PM",
                "arrival_date_time": "14 Jun, 08:20 pm",
                "travel_time": "05h 25m",
                "origin_city_name": "dhaka",
                "destination_city_name": "maijgaon",
                "seat_types": [
                    {
                        "key": 7,
                        "type": "S_CHAIR",
                        "trip_id": 8439933,
                        "trip_route_id": 53603128,
                        "route_id": 22854,
                        "fare": "375.00",
                        "vat_percent": 0,
                        "vat_amount": 0,
                        "origin_city_seq": 1,
                        "destination_city_seq": 10,
                        "seat_counts": {
                            "online": 1,
                            "offline": 1,
                            "is_divided": true
                        }
                    }
                ],
                "train_model": "773",
                "is_open_for_all": true,
                "is_eid_trip": 1,
                "parent_route": {
                    "origin_city_name": "dhaka",
                    "destination_city_name": "sylhet",
                    "departure_date": "2025-06-14",
                    "departure_time": "14:55:00",
                    "arrival_date": "2025-06-14",
                    "arrival_time": "21:30:00"
                },
                "boarding_points": [
                    {
                        "trip_point_id": 108341202,
                        "location_id": 2719,
                        "location_name": "Kamalapur Station",
                        "location_time": "02:55 PM",
                        "location_date": "14 Jun 2025"
                    }
                ],
                "is_international": 0,
                "is_from_city_international": false
            }
        ],
        "recommendations": [],
        "selected_seat_class": "S_CHAIR"
    },
    "extra": {
        "hash": "2BE019B52680D789BD58CC99C9907821"
    }
}