{
    "data": {
        "trains": [
            {
                "trip_number": "RUPSHA EXPRESS (728)",
                "departure_date_time": "14 Jun, 10:53 am",
                "departure_full_date": "2025-06-14",
                "departure_date_time_jd": "Sat, 14 Jun 2025, 10:53 AM",
                "arrival_date_time": "14 Jun, 04:58 pm",
                "travel_time": "06h 05m",
                "origin_city_name": "birampur",
                "destination_city_name": "jashore",
                "seat_types": [
                    {
                        "key": 2,
                        "type": "AC_S",
                        "trip_id": 8436486,
                        "trip_route_id": 53494866,
                        "route_id": 20099,
                        "fare": "790.00",
                        "vat_percent": 15,
                        "vat_amount": 119,
                        "origin_city_seq": 7,
                        "destination_city_seq": 22,
                        "seat_counts": {
                            "online": 0,
                            "offline": 0,
                            "is_divided": true
                        }
                    },
                    {
                        "key": 3,
                        "type": "SNIGDHA",
                        "trip_id": 8436583,
                        "trip_route_id": 53504974,
                        "route_id": 20099,
                        "fare": "660.00",
                        "vat_percent": 15,
                        "vat_amount": 99,
                        "origin_city_seq": 7,
                        "destination_city_seq": 22,
                        "seat_counts": {
                            "online": 0,
                            "offline": 0,
                            "is_divided": true
                        }
                    },
                    {
                        "key": 7,
                        "type": "S_CHAIR",
                        "trip_id": 8436596,
                        "trip_route_id": 53507206,
                        "route_id": 20099,
                        "fare": "395.00",
                        "vat_percent": 0,
                        "vat_amount": 0,
                        "origin_city_seq": 7,
                        "destination_city_seq": 22,
                        "seat_counts": {
                            "online": 0,
                            "offline": 0,
                            "is_divided": true
                        }
                    }
                ],
                "train_model": "728",
                "is_open_for_all": true,
                "is_eid_trip": 1,
                "parent_route": {
                    "origin_city_name": "chilahati",
                    "destination_city_name": "khulna",
                    "departure_date": "2025-06-14",
                    "departure_time": "08:30:00",
                    "arrival_date": "2025-06-14",
                    "arrival_time": "18:25:00"
                },
                "boarding_points": [
                    {
                        "trip_point_id": 108276785,
                        "location_id": 2781,
                        "location_name": "Birampur Station",
                        "location_time": "10:53 AM",
                        "location_date": "14 Jun 2025"
                    }
                ],
                "is_international": 0,
                "is_from_city_international": false
            },
            {
                "trip_number": "SIMANTA EXPRESS (748)",
                "departure_date_time": "14 Jun, 08:45 pm",
                "departure_full_date": "2025-06-14",
                "departure_date_time_jd": "Sat, 14 Jun 2025, 08:45 PM",
                "arrival_date_time": "15 Jun, 02:41 am",
                "travel_time": "05h 56m",
                "origin_city_name": "birampur",
                "destination_city_name": "jashore",
                "seat_types": [
                    {
                        "key": 7,
                        "type": "S_CHAIR",
                        "trip_id": 8436101,
                        "trip_route_id": 53472496,
                        "route_id": 20099,
                        "fare": "395.00",
                        "vat_percent": 0,
                        "vat_amount": 0,
                        "origin_city_seq": 7,
                        "destination_city_seq": 22,
                        "seat_counts": {
                            "online": 0,
                            "offline": 0,
                            "is_divided": true
                        }
                    },
                    {
                        "key": 1,
                        "type": "AC_B",
                        "trip_id": 8436461,
                        "trip_route_id": 53491479,
                        "route_id": 20099,
                        "fare": "1185.00",
                        "vat_percent": 15,
                        "vat_amount": 178,
                        "origin_city_seq": 7,
                        "destination_city_seq": 22,
                        "seat_counts": {
                            "online": 0,
                            "offline": 0,
                            "is_divided": true
                        }
                    },
                    {
                        "key": 3,
                        "type": "SNIGDHA",
                        "trip_id": 8436474,
                        "trip_route_id": 53492978,
                        "route_id": 20099,
                        "fare": "660.00",
                        "vat_percent": 15,
                        "vat_amount": 99,
                        "origin_city_seq": 7,
                        "destination_city_seq": 22,
                        "seat_counts": {
                            "online": 0,
                            "offline": 0,
                            "is_divided": true
                        }
                    }
                ],
                "train_model": "748",
                "is_open_for_all": true,
                "is_eid_trip": 1,
                "parent_route": {
                    "origin_city_name": "chilahati",
                    "destination_city_name": "khulna",
                    "departure_date": "2025-06-14",
                    "departure_time": "18:30:00",
                    "arrival_date": "2025-06-15",
                    "arrival_time": "04:10:00"
                },
                "boarding_points": [
                    {
                        "trip_point_id": 108265783,
                        "location_id": 2781,
                        "location_name": "Birampur Station",
                        "location_time": "08:45 PM",
                        "location_date": "14 Jun 2025"
                    }
                ],
                "is_international": 0,
                "is_from_city_international": false
            }
        ],
        "recommendations": [
            {
                "origin": "Joypurhat",
                "destination": "Jashore"
            },
            {
                "origin": "Birampur",
                "destination": "Mubarakganj"
            }
        ],
        "selected_seat_class": "S_CHAIR"
    },
    "extra": {
        "hash": "2BE019B52680D789BD58CC99C9907821"
    }
}