{
    "data": {
        "trains": [
            {
                "trip_number": "KOROTOA EXPRESS (713)",
                "departure_date_time": "14 Jun, 11:20 am",
                "departure_full_date": "2025-06-14",
                "departure_date_time_jd": "Sat, 14 Jun 2025, 11:20 AM",
                "arrival_date_time": "14 Jun, 01:12 pm",
                "travel_time": "01h 52m",
                "origin_city_name": "bonar_para",
                "destination_city_name": "kaunia",
                "seat_types": [
                    {
                        "key": 7,
                        "type": "S_CHAIR",
                        "trip_id": 8436859,
                        "trip_route_id": 53523520,
                        "route_id": 21150,
                        "fare": "110.00",
                        "vat_percent": 0,
                        "vat_amount": 0,
                        "origin_city_seq": 5,
                        "destination_city_seq": 9,
                        "seat_counts": {
                            "online": 5,
                            "offline": 5,
                            "is_divided": true
                        }
                    }
                ],
                "train_model": "713",
                "is_open_for_all": true,
                "is_eid_trip": 1,
                "parent_route": {
                    "origin_city_name": "santahar",
                    "destination_city_name": "burimari",
                    "departure_date": "2025-06-14",
                    "departure_time": "09:25:00",
                    "arrival_date": "2025-06-14",
                    "arrival_time": "16:00:00"
                },
                "boarding_points": [
                    {
                        "trip_point_id": 108289509,
                        "location_id": 2711,
                        "location_name": "Bonar_Para Station",
                        "location_time": "11:20 AM",
                        "location_date": "14 Jun 2025"
                    }
                ],
                "is_international": 0,
                "is_from_city_international": false
            },
            {
                "trip_number": "DOLONCHAPA EXPRESS (767)",
                "departure_date_time": "14 Jun, 01:18 pm",
                "departure_full_date": "2025-06-14",
                "departure_date_time_jd": "Sat, 14 Jun 2025, 01:18 PM",
                "arrival_date_time": "14 Jun, 03:05 pm",
                "travel_time": "01h 47m",
                "origin_city_name": "bonar_para",
                "destination_city_name": "kaunia",
                "seat_types": [
                    {
                        "key": 8,
                        "type": "SHOVAN",
                        "trip_id": 8438818,
                        "trip_route_id": 53574197,
                        "route_id": 23547,
                        "fare": "90.00",
                        "vat_percent": 0,
                        "vat_amount": 0,
                        "origin_city_seq": 6,
                        "destination_city_seq": 11,
                        "seat_counts": {
                            "online": 3,
                            "offline": 2,
                            "is_divided": true
                        }
                    }
                ],
                "train_model": "767",
                "is_open_for_all": true,
                "is_eid_trip": 1,
                "parent_route": {
                    "origin_city_name": "santahar",
                    "destination_city_name": "panchagarh",
                    "departure_date": "2025-06-14",
                    "departure_time": "11:00:00",
                    "arrival_date": "2025-06-14",
                    "arrival_time": "20:40:00"
                },
                "boarding_points": [
                    {
                        "trip_point_id": 108322391,
                        "location_id": 2711,
                        "location_name": "Bonar_Para Station",
                        "location_time": "01:18 PM",
                        "location_date": "14 Jun 2025"
                    }
                ],
                "is_international": 0,
                "is_from_city_international": false
            },
            {
                "trip_number": "BURIMARI EXPRESS (809)",
                "departure_date_time": "14 Jun, 04:03 pm",
                "departure_full_date": "2025-06-14",
                "departure_date_time_jd": "Sat, 14 Jun 2025, 04:03 PM",
                "arrival_date_time": "14 Jun, 05:43 pm",
                "travel_time": "01h 40m",
                "origin_city_name": "bonar_para",
                "destination_city_name": "kaunia",
                "seat_types": [
                    {
                        "key": 7,
                        "type": "S_CHAIR",
                        "trip_id": 8439845,
                        "trip_route_id": 53600900,
                        "route_id": 26186,
                        "fare": "110.00",
                        "vat_percent": 0,
                        "vat_amount": 0,
                        "origin_city_seq": 8,
                        "destination_city_seq": 10,
                        "seat_counts": {
                            "online": 7,
                            "offline": 6,
                            "is_divided": true
                        }
                    },
                    {
                        "key": 3,
                        "type": "SNIGDHA",
                        "trip_id": 8440011,
                        "trip_route_id": 53605324,
                        "route_id": 26186,
                        "fare": "180.00",
                        "vat_percent": 15,
                        "vat_amount": 27,
                        "origin_city_seq": 8,
                        "destination_city_seq": 10,
                        "seat_counts": {
                            "online": 3,
                            "offline": 2,
                            "is_divided": true
                        }
                    }
                ],
                "train_model": "809",
                "is_open_for_all": true,
                "is_eid_trip": 1,
                "parent_route": {
                    "origin_city_name": "dhaka",
                    "destination_city_name": "burimari",
                    "departure_date": "2025-06-14",
                    "departure_time": "08:30:00",
                    "arrival_date": "2025-06-14",
                    "arrival_time": "21:45:00"
                },
                "boarding_points": [
                    {
                        "trip_point_id": 108339511,
                        "location_id": 2711,
                        "location_name": "Bonar_Para Station",
                        "location_time": "04:03 PM",
                        "location_date": "14 Jun 2025"
                    }
                ],
                "is_international": 0,
                "is_from_city_international": false
            }
        ],
        "recommendations": [],
        "selected_seat_class": "S_CHAIR"
    },
    "extra": {
        "hash": "2BE019B52680D789BD58CC99C9907821"
    }
}