{
    "data": {
        "trains": [
            {
                "trip_number": "MAHANAGAR PROVATI (704)",
                "departure_date_time": "14 Jun, 09:43 am",
                "departure_full_date": "2025-06-14",
                "departure_date_time_jd": "Sat, 14 Jun 2025, 09:43 AM",
                "arrival_date_time": "14 Jun, 12:00 pm",
                "travel_time": "02h 17m",
                "origin_city_name": "brahmanbaria",
                "destination_city_name": "feni",
                "seat_types": [
                    {
                        "key": 5,
                        "type": "F_SEAT",
                        "trip_id": 8437053,
                        "trip_route_id": 53525961,
                        "route_id": 22055,
                        "fare": "205.00",
                        "vat_percent": 15,
                        "vat_amount": 31,
                        "origin_city_seq": 4,
                        "destination_city_seq": 9,
                        "seat_counts": {
                            "online": 0,
                            "offline": 0,
                            "is_divided": true
                        }
                    },
                    {
                        "key": 2,
                        "type": "AC_S",
                        "trip_id": 8437068,
                        "trip_route_id": 53526336,
                        "route_id": 22055,
                        "fare": "305.00",
                        "vat_percent": 15,
                        "vat_amount": 46,
                        "origin_city_seq": 4,
                        "destination_city_seq": 9,
                        "seat_counts": {
                            "online": 0,
                            "offline": 0,
                            "is_divided": true
                        }
                    },
                    {
                        "key": 3,
                        "type": "SNIGDHA",
                        "trip_id": 8437083,
                        "trip_route_id": 53526711,
                        "route_id": 22055,
                        "fare": "255.00",
                        "vat_percent": 15,
                        "vat_amount": 39,
                        "origin_city_seq": 4,
                        "destination_city_seq": 9,
                        "seat_counts": {
                            "online": 0,
                            "offline": 0,
                            "is_divided": true
                        }
                    }
                ],
                "train_model": "704",
                "is_open_for_all": true,
                "is_eid_trip": 1,
                "parent_route": {
                    "origin_city_name": "dhaka",
                    "destination_city_name": "chattogram",
                    "departure_date": "2025-06-14",
                    "departure_time": "07:45:00",
                    "arrival_date": "2025-06-14",
                    "arrival_time": "13:35:00"
                },
                "boarding_points": [
                    {
                        "trip_point_id": 108291339,
                        "location_id": 2826,
                        "location_name": "Brahmanbaria Station",
                        "location_time": "09:43 AM",
                        "location_date": "14 Jun 2025"
                    }
                ],
                "is_international": 0,
                "is_from_city_international": false
            },
            {
                "trip_number": "MAHANAGAR PROVATI (704)",
                "departure_date_time": "14 Jun, 09:44 am",
                "departure_full_date": "2025-06-14",
                "departure_date_time_jd": "Sat, 14 Jun 2025, 09:44 AM",
                "arrival_date_time": "14 Jun, 12:00 pm",
                "travel_time": "02h 16m",
                "origin_city_name": "brahmanbaria",
                "destination_city_name": "feni",
                "seat_types": [
                    {
                        "key": 7,
                        "type": "S_CHAIR",
                        "trip_id": 8437038,
                        "trip_route_id": 53525586,
                        "route_id": 22055,
                        "fare": "155.00",
                        "vat_percent": 0,
                        "vat_amount": 0,
                        "origin_city_seq": 5,
                        "destination_city_seq": 10,
                        "seat_counts": {
                            "online": 0,
                            "offline": 0,
                            "is_divided": true
                        }
                    }
                ],
                "train_model": "704",
                "is_open_for_all": true,
                "is_eid_trip": 1,
                "parent_route": {
                    "origin_city_name": "dhaka",
                    "destination_city_name": "chattogram",
                    "departure_date": "2025-06-14",
                    "departure_time": "07:45:00",
                    "arrival_date": "2025-06-14",
                    "arrival_time": "13:35:00"
                },
                "boarding_points": [
                    {
                        "trip_point_id": 108291069,
                        "location_id": 2826,
                        "location_name": "Brahmanbaria Station",
                        "location_time": "09:44 AM",
                        "location_date": "14 Jun 2025"
                    }
                ],
                "is_international": 0,
                "is_from_city_international": false
            },
            {
                "trip_number": "CHATTALA EXPRESS (802)",
                "departure_date_time": "14 Jun, 04:23 pm",
                "departure_full_date": "2025-06-14",
                "departure_date_time_jd": "Sat, 14 Jun 2025, 04:23 PM",
                "arrival_date_time": "14 Jun, 06:53 pm",
                "travel_time": "02h 30m",
                "origin_city_name": "brahmanbaria",
                "destination_city_name": "feni",
                "seat_types": [
                    {
                        "key": 7,
                        "type": "S_CHAIR",
                        "trip_id": 8438524,
                        "trip_route_id": 53565890,
                        "route_id": 22970,
                        "fare": "155.00",
                        "vat_percent": 0,
                        "vat_amount": 0,
                        "origin_city_seq": 6,
                        "destination_city_seq": 14,
                        "seat_counts": {
                            "online": 0,
                            "offline": 0,
                            "is_divided": true
                        }
                    }
                ],
                "train_model": "802",
                "is_open_for_all": true,
                "is_eid_trip": 1,
                "parent_route": {
                    "origin_city_name": "dhaka",
                    "destination_city_name": "chattogram",
                    "departure_date": "2025-06-14",
                    "departure_time": "14:15:00",
                    "arrival_date": "2025-06-14",
                    "arrival_time": "20:30:00"
                },
                "boarding_points": [
                    {
                        "trip_point_id": 108317710,
                        "location_id": 2826,
                        "location_name": "Brahmanbaria Station",
                        "location_time": "04:23 PM",
                        "location_date": "14 Jun 2025"
                    }
                ],
                "is_international": 0,
                "is_from_city_international": false
            }
        ],
        "recommendations": [
            {
                "origin": "Akhaura",
                "destination": "Feni"
            },
            {
                "origin": "Brahmanbaria",
                "destination": "Hasanpur"
            }
        ],
        "selected_seat_class": "S_CHAIR"
    },
    "extra": {
        "hash": "2BE019B52680D789BD58CC99C9907821"
    }
}