{
    "data": {
        "trains": [
            {
                "trip_number": "UPAKUL EXPRESS (711)",
                "departure_date_time": "14 Jun, 09:15 am",
                "departure_full_date": "2025-06-14",
                "departure_date_time_jd": "Sat, 14 Jun 2025, 09:15 AM",
                "arrival_date_time": "14 Jun, 10:47 am",
                "travel_time": "01h 32m",
                "origin_city_name": "brahmanbaria",
                "destination_city_name": "biman_bandar",
                "seat_types": [
                    {
                        "key": 3,
                        "type": "SNIGDHA",
                        "trip_id": 8437304,
                        "trip_route_id": 53534222,
                        "route_id": 22255,
                        "fare": "250.00",
                        "vat_percent": 15,
                        "vat_amount": 38,
                        "origin_city_seq": 11,
                        "destination_city_seq": 14,
                        "seat_counts": {
                            "online": 0,
                            "offline": 0,
                            "is_divided": true
                        }
                    },
                    {
                        "key": 7,
                        "type": "S_CHAIR",
                        "trip_id": 8437317,
                        "trip_route_id": 53535145,
                        "route_id": 22255,
                        "fare": "150.00",
                        "vat_percent": 0,
                        "vat_amount": 0,
                        "origin_city_seq": 11,
                        "destination_city_seq": 14,
                        "seat_counts": {
                            "online": 0,
                            "offline": 0,
                            "is_divided": true
                        }
                    }
                ],
                "train_model": "711",
                "is_open_for_all": true,
                "is_eid_trip": 1,
                "parent_route": {
                    "origin_city_name": "noakhali",
                    "destination_city_name": "dhaka",
                    "departure_date": "2025-06-14",
                    "departure_time": "06:00:00",
                    "arrival_date": "2025-06-14",
                    "arrival_time": "11:20:00"
                },
                "boarding_points": [
                    {
                        "trip_point_id": 108296094,
                        "location_id": 2826,
                        "location_name": "Brahmanbaria Station",
                        "location_time": "09:15 AM",
                        "location_date": "14 Jun 2025"
                    }
                ],
                "is_international": 0,
                "is_from_city_international": false
            },
            {
                "trip_number": "JAYENTIKA EXPRESS (718)",
                "departure_date_time": "14 Jun, 05:13 pm",
                "departure_full_date": "2025-06-14",
                "departure_date_time_jd": "Sat, 14 Jun 2025, 05:13 PM",
                "arrival_date_time": "14 Jun, 06:40 pm",
                "travel_time": "01h 27m",
                "origin_city_name": "brahmanbaria",
                "destination_city_name": "biman_bandar",
                "seat_types": [
                    {
                        "key": 7,
                        "type": "S_CHAIR",
                        "trip_id": 8437330,
                        "trip_route_id": 53536001,
                        "route_id": 22376,
                        "fare": "150.00",
                        "vat_percent": 0,
                        "vat_amount": 0,
                        "origin_city_seq": 13,
                        "destination_city_seq": 15,
                        "seat_counts": {
                            "online": 0,
                            "offline": 0,
                            "is_divided": true
                        }
                    },
                    {
                        "key": 2,
                        "type": "AC_S",
                        "trip_id": 8437343,
                        "trip_route_id": 53536690,
                        "route_id": 22376,
                        "fare": "295.00",
                        "vat_percent": 15,
                        "vat_amount": 45,
                        "origin_city_seq": 13,
                        "destination_city_seq": 15,
                        "seat_counts": {
                            "online": 0,
                            "offline": 0,
                            "is_divided": true
                        }
                    },
                    {
                        "key": 3,
                        "type": "SNIGDHA",
                        "trip_id": 8437356,
                        "trip_route_id": 53537354,
                        "route_id": 22376,
                        "fare": "250.00",
                        "vat_percent": 15,
                        "vat_amount": 38,
                        "origin_city_seq": 13,
                        "destination_city_seq": 15,
                        "seat_counts": {
                            "online": 0,
                            "offline": 0,
                            "is_divided": true
                        }
                    }
                ],
                "train_model": "718",
                "is_open_for_all": true,
                "is_eid_trip": 1,
                "parent_route": {
                    "origin_city_name": "sylhet",
                    "destination_city_name": "dhaka",
                    "departure_date": "2025-06-14",
                    "departure_time": "12:00:00",
                    "arrival_date": "2025-06-14",
                    "arrival_time": "19:15:00"
                },
                "boarding_points": [
                    {
                        "trip_point_id": 108296824,
                        "location_id": 2826,
                        "location_name": "Brahmanbaria Station",
                        "location_time": "05:13 PM",
                        "location_date": "14 Jun 2025"
                    }
                ],
                "is_international": 0,
                "is_from_city_international": false
            },
            {
                "trip_number": "PARABAT EXPRESS (710)",
                "departure_date_time": "14 Jun, 08:34 pm",
                "departure_full_date": "2025-06-14",
                "departure_date_time_jd": "Sat, 14 Jun 2025, 08:34 PM",
                "arrival_date_time": "14 Jun, 10:12 pm",
                "travel_time": "01h 38m",
                "origin_city_name": "brahmanbaria",
                "destination_city_name": "biman_bandar",
                "seat_types": [
                    {
                        "key": 3,
                        "type": "SNIGDHA",
                        "trip_id": 8437253,
                        "trip_route_id": 53531961,
                        "route_id": 22186,
                        "fare": "250.00",
                        "vat_percent": 15,
                        "vat_amount": 38,
                        "origin_city_seq": 9,
                        "destination_city_seq": 11,
                        "seat_counts": {
                            "online": 0,
                            "offline": 0,
                            "is_divided": true
                        }
                    },
                    {
                        "key": 7,
                        "type": "S_CHAIR",
                        "trip_id": 8437266,
                        "trip_route_id": 53532511,
                        "route_id": 22186,
                        "fare": "150.00",
                        "vat_percent": 0,
                        "vat_amount": 0,
                        "origin_city_seq": 9,
                        "destination_city_seq": 11,
                        "seat_counts": {
                            "online": 0,
                            "offline": 0,
                            "is_divided": true
                        }
                    },
                    {
                        "key": 5,
                        "type": "F_SEAT",
                        "trip_id": 8437279,
                        "trip_route_id": 53533000,
                        "route_id": 22186,
                        "fare": "200.00",
                        "vat_percent": 15,
                        "vat_amount": 30,
                        "origin_city_seq": 9,
                        "destination_city_seq": 11,
                        "seat_counts": {
                            "online": 0,
                            "offline": 0,
                            "is_divided": true
                        }
                    },
                    {
                        "key": 2,
                        "type": "AC_S",
                        "trip_id": 8437292,
                        "trip_route_id": 53533478,
                        "route_id": 22186,
                        "fare": "295.00",
                        "vat_percent": 15,
                        "vat_amount": 45,
                        "origin_city_seq": 9,
                        "destination_city_seq": 11,
                        "seat_counts": {
                            "online": 0,
                            "offline": 0,
                            "is_divided": true
                        }
                    }
                ],
                "train_model": "710",
                "is_open_for_all": true,
                "is_eid_trip": 1,
                "parent_route": {
                    "origin_city_name": "sylhet",
                    "destination_city_name": "dhaka",
                    "departure_date": "2025-06-14",
                    "departure_time": "16:00:00",
                    "arrival_date": "2025-06-14",
                    "arrival_time": "22:40:00"
                },
                "boarding_points": [
                    {
                        "trip_point_id": 108294969,
                        "location_id": 2826,
                        "location_name": "Brahmanbaria Station",
                        "location_time": "08:34 PM",
                        "location_date": "14 Jun 2025"
                    }
                ],
                "is_international": 0,
                "is_from_city_international": false
            }
        ],
        "recommendations": [
            {
                "origin": "Ashuganj",
                "destination": "Biman_bandar"
            },
            {
                "origin": "Brahmanbaria",
                "destination": "Narsingdi"
            }
        ],
        "selected_seat_class": "S_CHAIR"
    },
    "extra": {
        "hash": "2BE019B52680D789BD58CC99C9907821"
    }
}