{
    "data": {
        "trains": [
            {
                "trip_number": "KOROTOA EXPRESS (714)",
                "departure_date_time": "14 Jun, 04:20 pm",
                "departure_full_date": "2025-06-14",
                "departure_date_time_jd": "Sat, 14 Jun 2025, 04:20 PM",
                "arrival_date_time": "14 Jun, 09:45 pm",
                "travel_time": "05h 25m",
                "origin_city_name": "burimari",
                "destination_city_name": "bogura",
                "seat_types": [
                    {
                        "key": 7,
                        "type": "S_CHAIR",
                        "trip_id": 8438745,
                        "trip_route_id": 53568538,
                        "route_id": 21212,
                        "fare": "255.00",
                        "vat_percent": 0,
                        "vat_amount": 0,
                        "origin_city_seq": 1,
                        "destination_city_seq": 18,
                        "seat_counts": {
                            "online": 10,
                            "offline": 10,
                            "is_divided": true
                        }
                    }
                ],
                "train_model": "714",
                "is_open_for_all": true,
                "is_eid_trip": 1,
                "parent_route": {
                    "origin_city_name": "burimari",
                    "destination_city_name": "santahar",
                    "departure_date": "2025-06-14",
                    "departure_time": "16:20:00",
                    "arrival_date": "2025-06-14",
                    "arrival_time": "22:40:00"
                },
                "boarding_points": [
                    {
                        "trip_point_id": 108319917,
                        "location_id": 2786,
                        "location_name": "Burimari Station",
                        "location_time": "04:20 PM",
                        "location_date": "14 Jun 2025"
                    }
                ],
                "is_international": 0,
                "is_from_city_international": false
            }
        ],
        "recommendations": [],
        "selected_seat_class": "S_CHAIR"
    },
    "extra": {
        "hash": "2BE019B52680D789BD58CC99C9907821"
    }
}