{
    "data": {
        "trains": [
            {
                "trip_number": "PADMA EXPRESS (759)",
                "departure_date_time": "14 Jun, 02:10 am",
                "departure_full_date": "2025-06-14",
                "departure_date_time_jd": "Sat, 14 Jun 2025, 02:10 AM",
                "arrival_date_time": "14 Jun, 02:30 am",
                "travel_time": "00h 20m",
                "origin_city_name": "chatmohar",
                "destination_city_name": "ishwardi bypass",
                "seat_types": [
                    {
                        "key": 1,
                        "type": "AC_B",
                        "trip_id": 8435775,
                        "trip_route_id": 53456549,
                        "route_id": 19537,
                        "fare": "130.00",
                        "vat_percent": 15,
                        "vat_amount": 20,
                        "origin_city_seq": 11,
                        "destination_city_seq": 12,
                        "seat_counts": {
                            "online": 0,
                            "offline": 0,
                            "is_divided": true
                        }
                    },
                    {
                        "key": 3,
                        "type": "SNIGDHA",
                        "trip_id": 8435787,
                        "trip_route_id": 53457113,
                        "route_id": 19537,
                        "fare": "100.00",
                        "vat_percent": 15,
                        "vat_amount": 15,
                        "origin_city_seq": 11,
                        "destination_city_seq": 12,
                        "seat_counts": {
                            "online": 0,
                            "offline": 0,
                            "is_divided": true
                        }
                    },
                    {
                        "key": 7,
                        "type": "S_CHAIR",
                        "trip_id": 8435799,
                        "trip_route_id": 53457685,
                        "route_id": 19537,
                        "fare": "50.00",
                        "vat_percent": 0,
                        "vat_amount": 0,
                        "origin_city_seq": 11,
                        "destination_city_seq": 12,
                        "seat_counts": {
                            "online": 0,
                            "offline": 0,
                            "is_divided": true
                        }
                    }
                ],
                "train_model": "759",
                "is_open_for_all": true,
                "is_eid_trip": 1,
                "parent_route": {
                    "origin_city_name": "dhaka",
                    "destination_city_name": "rajshahi",
                    "departure_date": "2025-06-13",
                    "departure_time": "22:45:00",
                    "arrival_date": "2025-06-14",
                    "arrival_time": "04:00:00"
                },
                "boarding_points": [
                    {
                        "trip_point_id": 108257087,
                        "location_id": 2792,
                        "location_name": "Chatmohar Station",
                        "location_time": "02:10 AM",
                        "location_date": "14 Jun 2025"
                    }
                ],
                "is_international": 0,
                "is_from_city_international": false
            },
            {
                "trip_number": "DHUMKETU EXPRESS (769)",
                "departure_date_time": "14 Jun, 09:47 am",
                "departure_full_date": "2025-06-14",
                "departure_date_time_jd": "Sat, 14 Jun 2025, 09:47 AM",
                "arrival_date_time": "14 Jun, 10:12 am",
                "travel_time": "00h 25m",
                "origin_city_name": "chatmohar",
                "destination_city_name": "ishwardi bypass",
                "seat_types": [
                    {
                        "key": 7,
                        "type": "S_CHAIR",
                        "trip_id": 8435698,
                        "trip_route_id": 53453837,
                        "route_id": 19537,
                        "fare": "50.00",
                        "vat_percent": 0,
                        "vat_amount": 0,
                        "origin_city_seq": 11,
                        "destination_city_seq": 12,
                        "seat_counts": {
                            "online": 10,
                            "offline": 10,
                            "is_divided": true
                        }
                    },
                    {
                        "key": 3,
                        "type": "SNIGDHA",
                        "trip_id": 8435711,
                        "trip_route_id": 53454488,
                        "route_id": 19537,
                        "fare": "100.00",
                        "vat_percent": 15,
                        "vat_amount": 15,
                        "origin_city_seq": 11,
                        "destination_city_seq": 12,
                        "seat_counts": {
                            "online": 0,
                            "offline": 0,
                            "is_divided": true
                        }
                    },
                    {
                        "key": 2,
                        "type": "AC_S",
                        "trip_id": 8435724,
                        "trip_route_id": 53455124,
                        "route_id": 19537,
                        "fare": "110.00",
                        "vat_percent": 15,
                        "vat_amount": 17,
                        "origin_city_seq": 11,
                        "destination_city_seq": 12,
                        "seat_counts": {
                            "online": 0,
                            "offline": 0,
                            "is_divided": true
                        }
                    }
                ],
                "train_model": "769",
                "is_open_for_all": true,
                "is_eid_trip": 1,
                "parent_route": {
                    "origin_city_name": "dhaka",
                    "destination_city_name": "rajshahi",
                    "departure_date": "2025-06-14",
                    "departure_time": "06:00:00",
                    "arrival_date": "2025-06-14",
                    "arrival_time": "11:40:00"
                },
                "boarding_points": [
                    {
                        "trip_point_id": 108255499,
                        "location_id": 2792,
                        "location_name": "Chatmohar Station",
                        "location_time": "09:47 AM",
                        "location_date": "14 Jun 2025"
                    }
                ],
                "is_international": 0,
                "is_from_city_international": false
            },
            {
                "trip_number": "SILKCITY EXPRESS (753)",
                "departure_date_time": "14 Jun, 06:28 pm",
                "departure_full_date": "2025-06-14",
                "departure_date_time_jd": "Sat, 14 Jun 2025, 06:28 PM",
                "arrival_date_time": "14 Jun, 06:48 pm",
                "travel_time": "00h 20m",
                "origin_city_name": "chatmohar",
                "destination_city_name": "ishwardi bypass",
                "seat_types": [
                    {
                        "key": 2,
                        "type": "AC_S",
                        "trip_id": 8440116,
                        "trip_route_id": 53608298,
                        "route_id": 19537,
                        "fare": "110.00",
                        "vat_percent": 15,
                        "vat_amount": 17,
                        "origin_city_seq": 11,
                        "destination_city_seq": 12,
                        "seat_counts": {
                            "online": 0,
                            "offline": 0,
                            "is_divided": true
                        }
                    },
                    {
                        "key": 3,
                        "type": "SNIGDHA",
                        "trip_id": 8440129,
                        "trip_route_id": 53608896,
                        "route_id": 19537,
                        "fare": "100.00",
                        "vat_percent": 15,
                        "vat_amount": 15,
                        "origin_city_seq": 11,
                        "destination_city_seq": 12,
                        "seat_counts": {
                            "online": 0,
                            "offline": 0,
                            "is_divided": true
                        }
                    },
                    {
                        "key": 7,
                        "type": "S_CHAIR",
                        "trip_id": 8440142,
                        "trip_route_id": 53609565,
                        "route_id": 19537,
                        "fare": "50.00",
                        "vat_percent": 0,
                        "vat_amount": 0,
                        "origin_city_seq": 11,
                        "destination_city_seq": 12,
                        "seat_counts": {
                            "online": 9,
                            "offline": 9,
                            "is_divided": true
                        }
                    }
                ],
                "train_model": "753",
                "is_open_for_all": true,
                "is_eid_trip": 1,
                "parent_route": {
                    "origin_city_name": "dhaka",
                    "destination_city_name": "rajshahi",
                    "departure_date": "2025-06-14",
                    "departure_time": "14:30:00",
                    "arrival_date": "2025-06-14",
                    "arrival_time": "20:20:00"
                },
                "boarding_points": [
                    {
                        "trip_point_id": 108344587,
                        "location_id": 2792,
                        "location_name": "Chatmohar Station",
                        "location_time": "06:28 PM",
                        "location_date": "14 Jun 2025"
                    }
                ],
                "is_international": 0,
                "is_from_city_international": false
            }
        ],
        "recommendations": [],
        "selected_seat_class": "S_CHAIR"
    },
    "extra": {
        "hash": "2BE019B52680D789BD58CC99C9907821"
    }
}