{
    "data": {
        "trains": [
            {
                "trip_number": "DRUTOJAN EXPRESS (757)",
                "departure_date_time": "14 Jun, 11:58 pm",
                "departure_full_date": "2025-06-14",
                "departure_date_time_jd": "Sat, 14 Jun 2025, 11:58 PM",
                "arrival_date_time": "15 Jun, 07:10 am",
                "travel_time": "07h 12m",
                "origin_city_name": "chatmohar",
                "destination_city_name": "panchagarh",
                "seat_types": [
                    {
                        "key": 3,
                        "type": "SNIGDHA",
                        "trip_id": 8436501,
                        "trip_route_id": 53496427,
                        "route_id": 19596,
                        "fare": "655.00",
                        "vat_percent": 15,
                        "vat_amount": 99,
                        "origin_city_seq": 9,
                        "destination_city_seq": 27,
                        "seat_counts": {
                            "online": 0,
                            "offline": 0,
                            "is_divided": true
                        }
                    },
                    {
                        "key": 7,
                        "type": "S_CHAIR",
                        "trip_id": 8436635,
                        "trip_route_id": 53510162,
                        "route_id": 19596,
                        "fare": "395.00",
                        "vat_percent": 0,
                        "vat_amount": 0,
                        "origin_city_seq": 9,
                        "destination_city_seq": 27,
                        "seat_counts": {
                            "online": 10,
                            "offline": 10,
                            "is_divided": true
                        }
                    },
                    {
                        "key": 1,
                        "type": "AC_B",
                        "trip_id": 8438788,
                        "trip_route_id": 53572395,
                        "route_id": 19596,
                        "fare": "1175.00",
                        "vat_percent": 15,
                        "vat_amount": 177,
                        "origin_city_seq": 9,
                        "destination_city_seq": 27,
                        "seat_counts": {
                            "online": 0,
                            "offline": 0,
                            "is_divided": true
                        }
                    }
                ],
                "train_model": "757",
                "is_open_for_all": true,
                "is_eid_trip": 1,
                "parent_route": {
                    "origin_city_name": "dhaka",
                    "destination_city_name": "panchagarh",
                    "departure_date": "2025-06-14",
                    "departure_time": "20:45:00",
                    "arrival_date": "2025-06-15",
                    "arrival_time": "07:10:00"
                },
                "boarding_points": [
                    {
                        "trip_point_id": 108277436,
                        "location_id": 2792,
                        "location_name": "Chatmohar Station",
                        "location_time": "11:58 PM",
                        "location_date": "14 Jun 2025"
                    }
                ],
                "is_international": 0,
                "is_from_city_international": false
            }
        ],
        "recommendations": [],
        "selected_seat_class": "S_CHAIR"
    },
    "extra": {
        "hash": "2BE019B52680D789BD58CC99C9907821"
    }
}