{
    "data": {
        "trains": [
            {
                "trip_number": "RANGPUR EXPRESS (771)",
                "departure_date_time": "14 Jun, 12:34 pm",
                "departure_full_date": "2025-06-14",
                "departure_date_time_jd": "Sat, 14 Jun 2025, 12:34 PM",
                "arrival_date_time": "14 Jun, 05:03 pm",
                "travel_time": "04h 29m",
                "origin_city_name": "chatmohar",
                "destination_city_name": "gaibandha",
                "seat_types": [
                    {
                        "key": 7,
                        "type": "S_CHAIR",
                        "trip_id": 8435686,
                        "trip_route_id": 53453255,
                        "route_id": 26565,
                        "fare": "240.00",
                        "vat_percent": 0,
                        "vat_amount": 0,
                        "origin_city_seq": 4,
                        "destination_city_seq": 11,
                        "seat_counts": {
                            "online": 3,
                            "offline": 2,
                            "is_divided": true
                        }
                    }
                ],
                "train_model": "771",
                "is_open_for_all": true,
                "is_eid_trip": 1,
                "parent_route": {
                    "origin_city_name": "dhaka",
                    "destination_city_name": "rangpur",
                    "departure_date": "2025-06-14",
                    "departure_time": "09:10:00",
                    "arrival_date": "2025-06-14",
                    "arrival_time": "19:00:00"
                },
                "boarding_points": [
                    {
                        "trip_point_id": 108255181,
                        "location_id": 2792,
                        "location_name": "Chatmohar Station",
                        "location_time": "12:34 PM",
                        "location_date": "14 Jun 2025"
                    }
                ],
                "is_international": 0,
                "is_from_city_international": false
            }
        ],
        "recommendations": [],
        "selected_seat_class": "S_CHAIR"
    },
    "extra": {
        "hash": "D288CFE6EFCED0A64CE70E85D1C2A755"
    }
}