{
    "data": {
        "trains": [
            {
                "trip_number": "DHALARCHAR EXPRESS (780)",
                "departure_date_time": "28 Nov, 06:05 pm",
                "departure_full_date": "2024-11-28",
                "departure_date_time_jd": "Thu, 28 Nov 2024, 06:05 PM",
                "arrival_date_time": "28 Nov, 08:45 pm",
                "travel_time": "02h 40m",
                "origin_city_name": "abdulpur",
                "destination_city_name": "dhalarchar",
                "seat_types": [
                    {
                        "key": 8,
                        "type": "SHOVAN",
                        "trip_id": 8368993,
                        "trip_route_id": 51230921,
                        "route_id": 25937,
                        "fare": "95.00",
                        "vat_percent": 0,
                        "vat_amount": 0,
                        "seat_counts": {
                            "online": 5,
                            "offline": 5,
                            "is_divided": true
                        }
                    }
                ],
                "train_model": "780",
                "is_open_for_all": true,
                "is_eid_trip": 0,
                "boarding_points": [
                    {
                        "trip_point_id": 106964740,
                        "location_id": 2708,
                        "location_name": "Abdulpur Station",
                        "location_time": "06:05 PM"
                    }
                ],
                "is_international": 0,
                "is_from_city_international": false
            }
        ],
        "selected_seat_class": "S_CHAIR"
    },
    "extra": {
        "hash": "88E00379AB924FAF93ACD45CF0B3C41E"
    }
}