{
    "data": {
        "trains": [
            {
                "trip_number": "TITUMIR EXPRESS (733)",
                "departure_date_time": "28 Nov, 07:20 am",
                "departure_full_date": "2024-11-28",
                "departure_date_time_jd": "Thu, 28 Nov 2024, 07:20 AM",
                "arrival_date_time": "28 Nov, 12:11 pm",
                "travel_time": "04h 51m",
                "origin_city_name": "abdulpur",
                "destination_city_name": "nilphamari",
                "seat_types": [
                    {
                        "key": 7,
                        "type": "S_CHAIR",
                        "trip_id": 8368780,
                        "trip_route_id": 51225793,
                        "route_id": 20170,
                        "fare": "230.00",
                        "vat_percent": 0,
                        "vat_amount": 0,
                        "seat_counts": {
                            "online": 2,
                            "offline": 1,
                            "is_divided": true
                        }
                    }
                ],
                "train_model": "733",
                "is_open_for_all": true,
                "is_eid_trip": 0,
                "boarding_points": [
                    {
                        "trip_point_id": 106961303,
                        "location_id": 2708,
                        "location_name": "Abdulpur Station",
                        "location_time": "07:20 AM"
                    }
                ],
                "is_international": 0,
                "is_from_city_international": false
            },
            {
                "trip_number": "BARENDRA EXPRESS (731)",
                "departure_date_time": "28 Nov, 04:04 pm",
                "departure_full_date": "2024-11-28",
                "departure_date_time_jd": "Thu, 28 Nov 2024, 04:04 PM",
                "arrival_date_time": "28 Nov, 08:32 pm",
                "travel_time": "04h 28m",
                "origin_city_name": "abdulpur",
                "destination_city_name": "nilphamari",
                "seat_types": [
                    {
                        "key": 7,
                        "type": "S_CHAIR",
                        "trip_id": 8368720,
                        "trip_route_id": 51222072,
                        "route_id": 20170,
                        "fare": "230.00",
                        "vat_percent": 0,
                        "vat_amount": 0,
                        "seat_counts": {
                            "online": 5,
                            "offline": 5,
                            "is_divided": true
                        }
                    }
                ],
                "train_model": "731",
                "is_open_for_all": true,
                "is_eid_trip": 0,
                "boarding_points": [
                    {
                        "trip_point_id": 106959462,
                        "location_id": 2708,
                        "location_name": "Abdulpur Station",
                        "location_time": "04:04 PM"
                    }
                ],
                "is_international": 0,
                "is_from_city_international": false
            }
        ],
        "selected_seat_class": "S_CHAIR"
    },
    "extra": {
        "hash": "88E00379AB924FAF93ACD45CF0B3C41E"
    }
}