{
    "data": {
        "trains": [
            {
                "trip_number": "SILKCITY EXPRESS (754)",
                "departure_date_time": "28 Nov, 08:22 am",
                "departure_full_date": "2024-11-28",
                "departure_date_time_jd": "Thu, 28 Nov 2024, 08:22 AM",
                "arrival_date_time": "28 Nov, 08:58 am",
                "travel_time": "00h 36m",
                "origin_city_name": "abdulpur",
                "destination_city_name": "chatmohar",
                "seat_types": [
                    {
                        "key": 2,
                        "type": "AC_S",
                        "trip_id": 8368695,
                        "trip_route_id": 51220811,
                        "route_id": 19561,
                        "fare": "185.00",
                        "vat_percent": 15,
                        "vat_amount": 28,
                        "seat_counts": {
                            "online": 0,
                            "offline": 0,
                            "is_divided": true
                        }
                    },
                    {
                        "key": 3,
                        "type": "SNIGDHA",
                        "trip_id": 8368696,
                        "trip_route_id": 51220852,
                        "route_id": 19561,
                        "fare": "155.00",
                        "vat_percent": 15,
                        "vat_amount": 24,
                        "seat_counts": {
                            "online": 0,
                            "offline": 0,
                            "is_divided": true
                        }
                    },
                    {
                        "key": 7,
                        "type": "S_CHAIR",
                        "trip_id": 8368697,
                        "trip_route_id": 51220893,
                        "route_id": 19561,
                        "fare": "95.00",
                        "vat_percent": 0,
                        "vat_amount": 0,
                        "seat_counts": {
                            "online": 6,
                            "offline": 5,
                            "is_divided": true
                        }
                    }
                ],
                "train_model": "754",
                "is_open_for_all": true,
                "is_eid_trip": 0,
                "boarding_points": [
                    {
                        "trip_point_id": 106958784,
                        "location_id": 2708,
                        "location_name": "Abdulpur Station",
                        "location_time": "08:22 AM"
                    }
                ],
                "is_international": 0,
                "is_from_city_international": false
            },
            {
                "trip_number": "PADMA EXPRESS (760)",
                "departure_date_time": "28 Nov, 04:48 pm",
                "departure_full_date": "2024-11-28",
                "departure_date_time_jd": "Thu, 28 Nov 2024, 04:48 PM",
                "arrival_date_time": "28 Nov, 05:23 pm",
                "travel_time": "00h 35m",
                "origin_city_name": "abdulpur",
                "destination_city_name": "chatmohar",
                "seat_types": [
                    {
                        "key": 3,
                        "type": "SNIGDHA",
                        "trip_id": 8368690,
                        "trip_route_id": 51220586,
                        "route_id": 19561,
                        "fare": "155.00",
                        "vat_percent": 15,
                        "vat_amount": 24,
                        "seat_counts": {
                            "online": 0,
                            "offline": 0,
                            "is_divided": true
                        }
                    },
                    {
                        "key": 7,
                        "type": "S_CHAIR",
                        "trip_id": 8368691,
                        "trip_route_id": 51220625,
                        "route_id": 19561,
                        "fare": "95.00",
                        "vat_percent": 0,
                        "vat_amount": 0,
                        "seat_counts": {
                            "online": 0,
                            "offline": 0,
                            "is_divided": true
                        }
                    },
                    {
                        "key": 2,
                        "type": "AC_S",
                        "trip_id": 8368769,
                        "trip_route_id": 51225111,
                        "route_id": 19561,
                        "fare": "185.00",
                        "vat_percent": 15,
                        "vat_amount": 28,
                        "seat_counts": {
                            "online": 0,
                            "offline": 0,
                            "is_divided": true
                        }
                    }
                ],
                "train_model": "760",
                "is_open_for_all": true,
                "is_eid_trip": 0,
                "boarding_points": [
                    {
                        "trip_point_id": 106958661,
                        "location_id": 2708,
                        "location_name": "Abdulpur Station",
                        "location_time": "04:48 PM"
                    }
                ],
                "is_international": 0,
                "is_from_city_international": false
            }
        ],
        "selected_seat_class": "S_CHAIR"
    },
    "extra": {
        "hash": "88E00379AB924FAF93ACD45CF0B3C41E"
    }
}