{
    "data": {
        "trains": [
            {
                "trip_number": "RAJSHAHI COMMUTER (57)",
                "departure_date_time": "28 Nov, 07:45 am",
                "departure_full_date": "2024-11-28",
                "departure_date_time_jd": "Thu, 28 Nov 2024, 07:45 AM",
                "arrival_date_time": "28 Nov, 10:36 am",
                "travel_time": "02h 51m",
                "origin_city_name": "abdulpur",
                "destination_city_name": "nachole",
                "seat_types": [
                    {
                        "key": 8,
                        "type": "SHOVAN",
                        "trip_id": 8368939,
                        "trip_route_id": 51229971,
                        "route_id": 23426,
                        "fare": "90.00",
                        "vat_percent": 0,
                        "vat_amount": 0,
                        "seat_counts": {
                            "online": 5,
                            "offline": 5,
                            "is_divided": true
                        }
                    }
                ],
                "train_model": "57",
                "is_open_for_all": true,
                "is_eid_trip": 0,
                "boarding_points": [
                    {
                        "trip_point_id": 106964154,
                        "location_id": 2708,
                        "location_name": "Abdulpur Station",
                        "location_time": "07:45 AM"
                    }
                ],
                "is_international": 0,
                "is_from_city_international": false
            }
        ],
        "selected_seat_class": "S_CHAIR"
    },
    "extra": {
        "hash": "88E00379AB924FAF93ACD45CF0B3C41E"
    }
}