{
    "data": {
        "trains": [
            {
                "trip_number": "DRUTOJAN EXPRESS (757)",
                "departure_date_time": "28 Nov, 12:57 am",
                "departure_full_date": "2024-11-28",
                "departure_date_time_jd": "Thu, 28 Nov 2024, 12:57 AM",
                "arrival_date_time": "28 Nov, 04:20 am",
                "travel_time": "03h 23m",
                "origin_city_name": "ahsanganj",
                "destination_city_name": "dinajpur",
                "seat_types": [
                    {
                        "key": 3,
                        "type": "SNIGDHA",
                        "trip_id": 8368420,
                        "trip_route_id": 51212880,
                        "route_id": 19599,
                        "fare": "295.00",
                        "vat_percent": 15,
                        "vat_amount": 45,
                        "seat_counts": {
                            "online": 0,
                            "offline": 0,
                            "is_divided": true
                        }
                    },
                    {
                        "key": 7,
                        "type": "S_CHAIR",
                        "trip_id": 8368431,
                        "trip_route_id": 51214033,
                        "route_id": 19599,
                        "fare": "175.00",
                        "vat_percent": 0,
                        "vat_amount": 0,
                        "seat_counts": {
                            "online": 5,
                            "offline": 4,
                            "is_divided": true
                        }
                    }
                ],
                "train_model": "757",
                "is_open_for_all": true,
                "is_eid_trip": 0,
                "boarding_points": [
                    {
                        "trip_point_id": 106953877,
                        "location_id": 2707,
                        "location_name": "Ahsanganj Station",
                        "location_time": "12:57 AM"
                    }
                ],
                "is_international": 0,
                "is_from_city_international": false
            },
            {
                "trip_number": "BANGLABANDHA EXPRESS (803)",
                "departure_date_time": "28 Nov, 11:00 pm",
                "departure_full_date": "2024-11-28",
                "departure_date_time_jd": "Thu, 28 Nov 2024, 11:00 PM",
                "arrival_date_time": "29 Nov, 02:20 am",
                "travel_time": "03h 20m",
                "origin_city_name": "ahsanganj",
                "destination_city_name": "dinajpur",
                "seat_types": [
                    {
                        "key": 1,
                        "type": "AC_B",
                        "trip_id": 8368737,
                        "trip_route_id": 51223248,
                        "route_id": 20882,
                        "fare": "490.00",
                        "vat_percent": 15,
                        "vat_amount": 74,
                        "seat_counts": {
                            "online": 0,
                            "offline": 0,
                            "is_divided": true
                        }
                    },
                    {
                        "key": 7,
                        "type": "S_CHAIR",
                        "trip_id": 8368772,
                        "trip_route_id": 51225260,
                        "route_id": 20882,
                        "fare": "175.00",
                        "vat_percent": 0,
                        "vat_amount": 0,
                        "seat_counts": {
                            "online": 3,
                            "offline": 2,
                            "is_divided": true
                        }
                    }
                ],
                "train_model": "803",
                "is_open_for_all": true,
                "is_eid_trip": 0,
                "boarding_points": [
                    {
                        "trip_point_id": 106960053,
                        "location_id": 2707,
                        "location_name": "Ahsanganj Station",
                        "location_time": "11:00 PM"
                    }
                ],
                "is_international": 0,
                "is_from_city_international": false
            }
        ],
        "selected_seat_class": "S_CHAIR"
    },
    "extra": {
        "hash": "88E00379AB924FAF93ACD45CF0B3C41E"
    }
}