{
    "data": {
        "trains": [
            {
                "trip_number": "BIJOY EXPRESS (786)",
                "departure_date_time": "28 Nov, 01:30 am",
                "departure_full_date": "2024-11-28",
                "departure_date_time_jd": "Thu, 28 Nov 2024, 01:30 AM",
                "arrival_date_time": "28 Nov, 05:00 am",
                "travel_time": "03h 30m",
                "origin_city_name": "akhaura",
                "destination_city_name": "chattogram",
                "seat_types": [
                    {
                        "key": 3,
                        "type": "SNIGDHA",
                        "trip_id": 8368543,
                        "trip_route_id": 51217398,
                        "route_id": 23118,
                        "fare": "400.00",
                        "vat_percent": 15,
                        "vat_amount": 60,
                        "seat_counts": {
                            "online": 0,
                            "offline": 0,
                            "is_divided": true
                        }
                    },
                    {
                        "key": 1,
                        "type": "AC_B",
                        "trip_id": 8368569,
                        "trip_route_id": 51218014,
                        "route_id": 23118,
                        "fare": "720.00",
                        "vat_percent": 15,
                        "vat_amount": 108,
                        "seat_counts": {
                            "online": 0,
                            "offline": 0,
                            "is_divided": true
                        }
                    },
                    {
                        "key": 7,
                        "type": "S_CHAIR",
                        "trip_id": 8368584,
                        "trip_route_id": 51218619,
                        "route_id": 23118,
                        "fare": "240.00",
                        "vat_percent": 0,
                        "vat_amount": 0,
                        "seat_counts": {
                            "online": 0,
                            "offline": 0,
                            "is_divided": true
                        }
                    }
                ],
                "train_model": "786",
                "is_open_for_all": true,
                "is_eid_trip": 0,
                "boarding_points": [
                    {
                        "trip_point_id": 106956510,
                        "location_id": 2828,
                        "location_name": "Akhaura Station",
                        "location_time": "01:30 AM"
                    }
                ],
                "is_international": 0,
                "is_from_city_international": false
            },
            {
                "trip_number": "TURNA (742)",
                "departure_date_time": "28 Nov, 01:50 am",
                "departure_full_date": "2024-11-28",
                "departure_date_time_jd": "Thu, 28 Nov 2024, 01:50 AM",
                "arrival_date_time": "28 Nov, 05:15 am",
                "travel_time": "03h 25m",
                "origin_city_name": "akhaura",
                "destination_city_name": "chattogram",
                "seat_types": [
                    {
                        "key": 3,
                        "type": "SNIGDHA",
                        "trip_id": 8368469,
                        "trip_route_id": 51215629,
                        "route_id": 22838,
                        "fare": "400.00",
                        "vat_percent": 15,
                        "vat_amount": 60,
                        "seat_counts": {
                            "online": 0,
                            "offline": 0,
                            "is_divided": true
                        }
                    },
                    {
                        "key": 1,
                        "type": "AC_B",
                        "trip_id": 8368523,
                        "trip_route_id": 51216968,
                        "route_id": 22838,
                        "fare": "720.00",
                        "vat_percent": 15,
                        "vat_amount": 108,
                        "seat_counts": {
                            "online": 0,
                            "offline": 0,
                            "is_divided": true
                        }
                    },
                    {
                        "key": 4,
                        "type": "F_BERTH",
                        "trip_id": 8368524,
                        "trip_route_id": 51216982,
                        "route_id": 22838,
                        "fare": "480.00",
                        "vat_percent": 15,
                        "vat_amount": 72,
                        "seat_counts": {
                            "online": 0,
                            "offline": 0,
                            "is_divided": true
                        }
                    },
                    {
                        "key": 7,
                        "type": "S_CHAIR",
                        "trip_id": 8368525,
                        "trip_route_id": 51216997,
                        "route_id": 22838,
                        "fare": "240.00",
                        "vat_percent": 0,
                        "vat_amount": 0,
                        "seat_counts": {
                            "online": 1,
                            "offline": 1,
                            "is_divided": true
                        }
                    }
                ],
                "train_model": "742",
                "is_open_for_all": true,
                "is_eid_trip": 0,
                "boarding_points": [
                    {
                        "trip_point_id": 106955228,
                        "location_id": 2828,
                        "location_name": "Akhaura Station",
                        "location_time": "01:50 AM"
                    }
                ],
                "is_international": 0,
                "is_from_city_international": false
            },
            {
                "trip_number": "UDAYAN EXPRESS (724)",
                "departure_date_time": "28 Nov, 02:30 am",
                "departure_full_date": "2024-11-28",
                "departure_date_time_jd": "Thu, 28 Nov 2024, 02:30 AM",
                "arrival_date_time": "28 Nov, 05:50 am",
                "travel_time": "03h 20m",
                "origin_city_name": "akhaura",
                "destination_city_name": "chattogram",
                "seat_types": [
                    {
                        "key": 3,
                        "type": "SNIGDHA",
                        "trip_id": 8368464,
                        "trip_route_id": 51215519,
                        "route_id": 22601,
                        "fare": "400.00",
                        "vat_percent": 15,
                        "vat_amount": 60,
                        "seat_counts": {
                            "online": 0,
                            "offline": 0,
                            "is_divided": true
                        }
                    },
                    {
                        "key": 7,
                        "type": "S_CHAIR",
                        "trip_id": 8368506,
                        "trip_route_id": 51216661,
                        "route_id": 22601,
                        "fare": "240.00",
                        "vat_percent": 0,
                        "vat_amount": 0,
                        "seat_counts": {
                            "online": 0,
                            "offline": 0,
                            "is_divided": true
                        }
                    },
                    {
                        "key": 1,
                        "type": "AC_B",
                        "trip_id": 8368507,
                        "trip_route_id": 51216684,
                        "route_id": 22601,
                        "fare": "720.00",
                        "vat_percent": 15,
                        "vat_amount": 108,
                        "seat_counts": {
                            "online": 0,
                            "offline": 0,
                            "is_divided": true
                        }
                    }
                ],
                "train_model": "724",
                "is_open_for_all": true,
                "is_eid_trip": 0,
                "boarding_points": [
                    {
                        "trip_point_id": 106955153,
                        "location_id": 2828,
                        "location_name": "Akhaura Station",
                        "location_time": "02:30 AM"
                    }
                ],
                "is_international": 0,
                "is_from_city_international": false
            },
            {
                "trip_number": "MAHANAGAR PROVATI (704)",
                "departure_date_time": "28 Nov, 10:08 am",
                "departure_full_date": "2024-11-28",
                "departure_date_time_jd": "Thu, 28 Nov 2024, 10:08 AM",
                "arrival_date_time": "28 Nov, 01:35 pm",
                "travel_time": "03h 27m",
                "origin_city_name": "akhaura",
                "destination_city_name": "chattogram",
                "seat_types": [
                    {
                        "key": 3,
                        "type": "SNIGDHA",
                        "trip_id": 8368787,
                        "trip_route_id": 51226083,
                        "route_id": 22058,
                        "fare": "400.00",
                        "vat_percent": 15,
                        "vat_amount": 60,
                        "seat_counts": {
                            "online": 0,
                            "offline": 0,
                            "is_divided": true
                        }
                    },
                    {
                        "key": 2,
                        "type": "AC_S",
                        "trip_id": 8368817,
                        "trip_route_id": 51226848,
                        "route_id": 22058,
                        "fare": "480.00",
                        "vat_percent": 15,
                        "vat_amount": 72,
                        "seat_counts": {
                            "online": 0,
                            "offline": 0,
                            "is_divided": true
                        }
                    },
                    {
                        "key": 5,
                        "type": "F_SEAT",
                        "trip_id": 8368818,
                        "trip_route_id": 51226873,
                        "route_id": 22058,
                        "fare": "320.00",
                        "vat_percent": 15,
                        "vat_amount": 48,
                        "seat_counts": {
                            "online": 0,
                            "offline": 0,
                            "is_divided": true
                        }
                    },
                    {
                        "key": 7,
                        "type": "S_CHAIR",
                        "trip_id": 8368819,
                        "trip_route_id": 51226898,
                        "route_id": 22058,
                        "fare": "240.00",
                        "vat_percent": 0,
                        "vat_amount": 0,
                        "seat_counts": {
                            "online": 0,
                            "offline": 0,
                            "is_divided": true
                        }
                    }
                ],
                "train_model": "704",
                "is_open_for_all": true,
                "is_eid_trip": 0,
                "boarding_points": [
                    {
                        "trip_point_id": 106961454,
                        "location_id": 2828,
                        "location_name": "Akhaura Station",
                        "location_time": "10:08 AM"
                    }
                ],
                "is_international": 0,
                "is_from_city_international": false
            },
            {
                "trip_number": "PAHARIKA EXPRESS (720)",
                "departure_date_time": "28 Nov, 03:25 pm",
                "departure_full_date": "2024-11-28",
                "departure_date_time_jd": "Thu, 28 Nov 2024, 03:25 PM",
                "arrival_date_time": "28 Nov, 06:55 pm",
                "travel_time": "03h 30m",
                "origin_city_name": "akhaura",
                "destination_city_name": "chattogram",
                "seat_types": [
                    {
                        "key": 3,
                        "type": "SNIGDHA",
                        "trip_id": 8368798,
                        "trip_route_id": 51226414,
                        "route_id": 22462,
                        "fare": "400.00",
                        "vat_percent": 15,
                        "vat_amount": 60,
                        "seat_counts": {
                            "online": 0,
                            "offline": 0,
                            "is_divided": true
                        }
                    },
                    {
                        "key": 7,
                        "type": "S_CHAIR",
                        "trip_id": 8368844,
                        "trip_route_id": 51227695,
                        "route_id": 22462,
                        "fare": "240.00",
                        "vat_percent": 0,
                        "vat_amount": 0,
                        "seat_counts": {
                            "online": 0,
                            "offline": 0,
                            "is_divided": true
                        }
                    },
                    {
                        "key": 2,
                        "type": "AC_S",
                        "trip_id": 8368845,
                        "trip_route_id": 51227743,
                        "route_id": 22462,
                        "fare": "480.00",
                        "vat_percent": 15,
                        "vat_amount": 72,
                        "seat_counts": {
                            "online": 0,
                            "offline": 0,
                            "is_divided": true
                        }
                    }
                ],
                "train_model": "720",
                "is_open_for_all": true,
                "is_eid_trip": 0,
                "boarding_points": [
                    {
                        "trip_point_id": 106961667,
                        "location_id": 2828,
                        "location_name": "Akhaura Station",
                        "location_time": "03:25 PM"
                    }
                ],
                "is_international": 0,
                "is_from_city_international": false
            },
            {
                "trip_number": "CHATTALA EXPRESS (802)",
                "departure_date_time": "28 Nov, 04:27 pm",
                "departure_full_date": "2024-11-28",
                "departure_date_time_jd": "Thu, 28 Nov 2024, 04:27 PM",
                "arrival_date_time": "28 Nov, 08:10 pm",
                "travel_time": "03h 43m",
                "origin_city_name": "akhaura",
                "destination_city_name": "chattogram",
                "seat_types": [
                    {
                        "key": 7,
                        "type": "S_CHAIR",
                        "trip_id": 8368929,
                        "trip_route_id": 51229612,
                        "route_id": 22972,
                        "fare": "240.00",
                        "vat_percent": 0,
                        "vat_amount": 0,
                        "seat_counts": {
                            "online": 0,
                            "offline": 0,
                            "is_divided": true
                        }
                    },
                    {
                        "key": 3,
                        "type": "SNIGDHA",
                        "trip_id": 8369026,
                        "trip_route_id": 51231218,
                        "route_id": 22972,
                        "fare": "400.00",
                        "vat_percent": 15,
                        "vat_amount": 60,
                        "seat_counts": {
                            "online": 1,
                            "offline": 0,
                            "is_divided": true
                        }
                    }
                ],
                "train_model": "802",
                "is_open_for_all": true,
                "is_eid_trip": 0,
                "boarding_points": [
                    {
                        "trip_point_id": 106963915,
                        "location_id": 2828,
                        "location_name": "Akhaura Station",
                        "location_time": "04:27 PM"
                    }
                ],
                "is_international": 0,
                "is_from_city_international": false
            },
            {
                "trip_number": "MOHANAGAR EXPRESS (722)",
                "departure_date_time": "28 Nov, 11:58 pm",
                "departure_full_date": "2024-11-28",
                "departure_date_time_jd": "Thu, 28 Nov 2024, 11:58 PM",
                "arrival_date_time": "29 Nov, 03:30 am",
                "travel_time": "03h 32m",
                "origin_city_name": "akhaura",
                "destination_city_name": "chattogram",
                "seat_types": [
                    {
                        "key": 3,
                        "type": "SNIGDHA",
                        "trip_id": 8368800,
                        "trip_route_id": 51226494,
                        "route_id": 22533,
                        "fare": "400.00",
                        "vat_percent": 15,
                        "vat_amount": 60,
                        "seat_counts": {
                            "online": 0,
                            "offline": 0,
                            "is_divided": true
                        }
                    },
                    {
                        "key": 1,
                        "type": "AC_B",
                        "trip_id": 8368847,
                        "trip_route_id": 51227819,
                        "route_id": 22533,
                        "fare": "720.00",
                        "vat_percent": 15,
                        "vat_amount": 108,
                        "seat_counts": {
                            "online": 0,
                            "offline": 0,
                            "is_divided": true
                        }
                    },
                    {
                        "key": 7,
                        "type": "S_CHAIR",
                        "trip_id": 8368848,
                        "trip_route_id": 51227847,
                        "route_id": 22533,
                        "fare": "240.00",
                        "vat_percent": 0,
                        "vat_amount": 0,
                        "seat_counts": {
                            "online": 0,
                            "offline": 0,
                            "is_divided": true
                        }
                    }
                ],
                "train_model": "722",
                "is_open_for_all": true,
                "is_eid_trip": 0,
                "boarding_points": [
                    {
                        "trip_point_id": 106961707,
                        "location_id": 2828,
                        "location_name": "Akhaura Station",
                        "location_time": "11:58 PM"
                    }
                ],
                "is_international": 0,
                "is_from_city_international": false
            }
        ],
        "selected_seat_class": "S_CHAIR"
    },
    "extra": {
        "hash": "88E00379AB924FAF93ACD45CF0B3C41E"
    }
}