{
    "data": {
        "trains": [
            {
                "trip_number": "UPAKUL EXPRESS (712)",
                "departure_date_time": "28 Nov, 05:50 pm",
                "departure_full_date": "2024-11-28",
                "departure_date_time_jd": "Thu, 28 Nov 2024, 05:50 PM",
                "arrival_date_time": "28 Nov, 08:40 pm",
                "travel_time": "02h 50m",
                "origin_city_name": "akhaura",
                "destination_city_name": "noakhali",
                "seat_types": [
                    {
                        "key": 3,
                        "type": "SNIGDHA",
                        "trip_id": 8368793,
                        "trip_route_id": 51226313,
                        "route_id": 22287,
                        "fare": "240.00",
                        "vat_percent": 15,
                        "vat_amount": 36,
                        "seat_counts": {
                            "online": 4,
                            "offline": 3,
                            "is_divided": true
                        }
                    },
                    {
                        "key": 7,
                        "type": "S_CHAIR",
                        "trip_id": 8368839,
                        "trip_route_id": 51227522,
                        "route_id": 22287,
                        "fare": "145.00",
                        "vat_percent": 0,
                        "vat_amount": 0,
                        "seat_counts": {
                            "online": 15,
                            "offline": 14,
                            "is_divided": true
                        }
                    }
                ],
                "train_model": "712",
                "is_open_for_all": true,
                "is_eid_trip": 0,
                "boarding_points": [
                    {
                        "trip_point_id": 106961575,
                        "location_id": 2828,
                        "location_name": "Akhaura Station",
                        "location_time": "05:50 PM"
                    }
                ],
                "is_international": 0,
                "is_from_city_international": false
            }
        ],
        "selected_seat_class": "S_CHAIR"
    },
    "extra": {
        "hash": "88E00379AB924FAF93ACD45CF0B3C41E"
    }
}