{
    "data": {
        "trains": [
            {
                "trip_number": "BARENDRA EXPRESS (732)",
                "departure_date_time": "28 Nov, 08:26 am",
                "departure_full_date": "2024-11-28",
                "departure_date_time_jd": "Thu, 28 Nov 2024, 08:26 AM",
                "arrival_date_time": "28 Nov, 11:10 am",
                "travel_time": "02h 44m",
                "origin_city_name": "akkelpur",
                "destination_city_name": "rajshahi",
                "seat_types": [
                    {
                        "key": 7,
                        "type": "S_CHAIR",
                        "trip_id": 8368721,
                        "trip_route_id": 51222147,
                        "route_id": 20345,
                        "fare": "145.00",
                        "vat_percent": 0,
                        "vat_amount": 0,
                        "seat_counts": {
                            "online": 1,
                            "offline": 0,
                            "is_divided": true
                        }
                    }
                ],
                "train_model": "732",
                "is_open_for_all": true,
                "is_eid_trip": 0,
                "boarding_points": [
                    {
                        "trip_point_id": 106959487,
                        "location_id": 2758,
                        "location_name": "Akkelpur Station",
                        "location_time": "08:26 AM"
                    }
                ],
                "is_international": 0,
                "is_from_city_international": false
            },
            {
                "trip_number": "BANGLABANDHA EXPRESS (804)",
                "departure_date_time": "28 Nov, 02:11 pm",
                "departure_full_date": "2024-11-28",
                "departure_date_time_jd": "Thu, 28 Nov 2024, 02:11 PM",
                "arrival_date_time": "28 Nov, 05:35 pm",
                "travel_time": "03h 24m",
                "origin_city_name": "akkelpur",
                "destination_city_name": "rajshahi",
                "seat_types": [
                    {
                        "key": 2,
                        "type": "AC_S",
                        "trip_id": 8368738,
                        "trip_route_id": 51223313,
                        "route_id": 21012,
                        "fare": "280.00",
                        "vat_percent": 15,
                        "vat_amount": 42,
                        "seat_counts": {
                            "online": 0,
                            "offline": 0,
                            "is_divided": true
                        }
                    },
                    {
                        "key": 7,
                        "type": "S_CHAIR",
                        "trip_id": 8368739,
                        "trip_route_id": 51223403,
                        "route_id": 21012,
                        "fare": "145.00",
                        "vat_percent": 0,
                        "vat_amount": 0,
                        "seat_counts": {
                            "online": 2,
                            "offline": 1,
                            "is_divided": true
                        }
                    }
                ],
                "train_model": "804",
                "is_open_for_all": true,
                "is_eid_trip": 0,
                "boarding_points": [
                    {
                        "trip_point_id": 106960095,
                        "location_id": 2758,
                        "location_name": "Akkelpur Station",
                        "location_time": "02:11 PM"
                    }
                ],
                "is_international": 0,
                "is_from_city_international": false
            },
            {
                "trip_number": "TITUMIR EXPRESS (734)",
                "departure_date_time": "28 Nov, 06:35 pm",
                "departure_full_date": "2024-11-28",
                "departure_date_time_jd": "Thu, 28 Nov 2024, 06:35 PM",
                "arrival_date_time": "28 Nov, 09:30 pm",
                "travel_time": "02h 55m",
                "origin_city_name": "akkelpur",
                "destination_city_name": "rajshahi",
                "seat_types": [
                    {
                        "key": 7,
                        "type": "S_CHAIR",
                        "trip_id": 8368778,
                        "trip_route_id": 51225600,
                        "route_id": 20345,
                        "fare": "145.00",
                        "vat_percent": 0,
                        "vat_amount": 0,
                        "seat_counts": {
                            "online": 8,
                            "offline": 8,
                            "is_divided": true
                        }
                    }
                ],
                "train_model": "734",
                "is_open_for_all": true,
                "is_eid_trip": 0,
                "boarding_points": [
                    {
                        "trip_point_id": 106961235,
                        "location_id": 2758,
                        "location_name": "Akkelpur Station",
                        "location_time": "06:35 PM"
                    }
                ],
                "is_international": 0,
                "is_from_city_international": false
            }
        ],
        "selected_seat_class": "S_CHAIR"
    },
    "extra": {
        "hash": "88E00379AB924FAF93ACD45CF0B3C41E"
    }
}