{
    "data": {
        "trains": [
            {
                "trip_number": "SIMANTA EXPRESS (748)",
                "departure_date_time": "28 Nov, 12:57 am",
                "departure_full_date": "2024-11-28",
                "departure_date_time_jd": "Thu, 28 Nov 2024, 12:57 AM",
                "arrival_date_time": "28 Nov, 02:05 am",
                "travel_time": "01h 08m",
                "origin_city_name": "alamdanga",
                "destination_city_name": "kotchandpur",
                "seat_types": [
                    {
                        "key": 7,
                        "type": "S_CHAIR",
                        "trip_id": 8368390,
                        "trip_route_id": 51210919,
                        "route_id": 21374,
                        "fare": "70.00",
                        "vat_percent": 0,
                        "vat_amount": 0,
                        "seat_counts": {
                            "online": 0,
                            "offline": 0,
                            "is_divided": true
                        }
                    },
                    {
                        "key": 1,
                        "type": "AC_B",
                        "trip_id": 8368416,
                        "trip_route_id": 51212452,
                        "route_id": 21374,
                        "fare": "205.00",
                        "vat_percent": 15,
                        "vat_amount": 31,
                        "seat_counts": {
                            "online": 0,
                            "offline": 0,
                            "is_divided": true
                        }
                    },
                    {
                        "key": 3,
                        "type": "SNIGDHA",
                        "trip_id": 8368417,
                        "trip_route_id": 51212568,
                        "route_id": 21374,
                        "fare": "115.00",
                        "vat_percent": 15,
                        "vat_amount": 18,
                        "seat_counts": {
                            "online": 0,
                            "offline": 0,
                            "is_divided": true
                        }
                    }
                ],
                "train_model": "748",
                "is_open_for_all": true,
                "is_eid_trip": 0,
                "boarding_points": [
                    {
                        "trip_point_id": 106952943,
                        "location_id": 2788,
                        "location_name": "Alamdanga Station",
                        "location_time": "12:57 AM"
                    }
                ],
                "is_international": 0,
                "is_from_city_international": false
            },
            {
                "trip_number": "SAGARDARI EXPRESS (762)",
                "departure_date_time": "28 Nov, 08:31 am",
                "departure_full_date": "2024-11-28",
                "departure_date_time_jd": "Thu, 28 Nov 2024, 08:31 AM",
                "arrival_date_time": "28 Nov, 09:51 am",
                "travel_time": "01h 20m",
                "origin_city_name": "alamdanga",
                "destination_city_name": "kotchandpur",
                "seat_types": [
                    {
                        "key": 7,
                        "type": "S_CHAIR",
                        "trip_id": 8368768,
                        "trip_route_id": 51225052,
                        "route_id": 21500,
                        "fare": "70.00",
                        "vat_percent": 0,
                        "vat_amount": 0,
                        "seat_counts": {
                            "online": 0,
                            "offline": 0,
                            "is_divided": true
                        }
                    }
                ],
                "train_model": "762",
                "is_open_for_all": true,
                "is_eid_trip": 0,
                "boarding_points": [
                    {
                        "trip_point_id": 106960980,
                        "location_id": 2788,
                        "location_name": "Alamdanga Station",
                        "location_time": "08:31 AM"
                    }
                ],
                "is_international": 0,
                "is_from_city_international": false
            },
            {
                "trip_number": "SUNDARBAN EXPRESS (726)",
                "departure_date_time": "28 Nov, 12:37 pm",
                "departure_full_date": "2024-11-28",
                "departure_date_time_jd": "Thu, 28 Nov 2024, 12:37 PM",
                "arrival_date_time": "28 Nov, 01:48 pm",
                "travel_time": "01h 11m",
                "origin_city_name": "alamdanga",
                "destination_city_name": "kotchandpur",
                "seat_types": [
                    {
                        "key": 7,
                        "type": "S_CHAIR",
                        "trip_id": 8368734,
                        "trip_route_id": 51222989,
                        "route_id": 25276,
                        "fare": "70.00",
                        "vat_percent": 0,
                        "vat_amount": 0,
                        "seat_counts": {
                            "online": 1,
                            "offline": 0,
                            "is_divided": true
                        }
                    }
                ],
                "train_model": "726",
                "is_open_for_all": true,
                "is_eid_trip": 0,
                "boarding_points": [
                    {
                        "trip_point_id": 106959941,
                        "location_id": 2788,
                        "location_name": "Alamdanga Station",
                        "location_time": "12:37 PM"
                    }
                ],
                "is_international": 0,
                "is_from_city_international": false
            },
            {
                "trip_number": "KAPOTAKSHA EXPRESS (716)",
                "departure_date_time": "28 Nov, 04:54 pm",
                "departure_full_date": "2024-11-28",
                "departure_date_time_jd": "Thu, 28 Nov 2024, 04:54 PM",
                "arrival_date_time": "28 Nov, 06:17 pm",
                "travel_time": "01h 23m",
                "origin_city_name": "alamdanga",
                "destination_city_name": "kotchandpur",
                "seat_types": [
                    {
                        "key": 7,
                        "type": "S_CHAIR",
                        "trip_id": 8368767,
                        "trip_route_id": 51224985,
                        "route_id": 21500,
                        "fare": "70.00",
                        "vat_percent": 0,
                        "vat_amount": 0,
                        "seat_counts": {
                            "online": 0,
                            "offline": 0,
                            "is_divided": true
                        }
                    }
                ],
                "train_model": "716",
                "is_open_for_all": true,
                "is_eid_trip": 0,
                "boarding_points": [
                    {
                        "trip_point_id": 106960950,
                        "location_id": 2788,
                        "location_name": "Alamdanga Station",
                        "location_time": "04:54 PM"
                    }
                ],
                "is_international": 0,
                "is_from_city_international": false
            }
        ],
        "selected_seat_class": "S_CHAIR"
    },
    "extra": {
        "hash": "88E00379AB924FAF93ACD45CF0B3C41E"
    }
}