{
    "data": {
        "trains": [
            {
                "trip_number": "PARABAT EXPRESS (709)",
                "departure_date_time": "28 Nov, 08:52 am",
                "departure_full_date": "2024-11-28",
                "departure_date_time_jd": "Thu, 28 Nov 2024, 08:52 AM",
                "arrival_date_time": "28 Nov, 01:00 pm",
                "travel_time": "04h 08m",
                "origin_city_name": "azampur",
                "destination_city_name": "sylhet",
                "seat_types": [
                    {
                        "key": 3,
                        "type": "SNIGDHA",
                        "trip_id": 8368790,
                        "trip_route_id": 51226175,
                        "route_id": 22145,
                        "fare": "340.00",
                        "vat_percent": 15,
                        "vat_amount": 51,
                        "seat_counts": {
                            "online": 0,
                            "offline": 0,
                            "is_divided": true
                        }
                    },
                    {
                        "key": 7,
                        "type": "S_CHAIR",
                        "trip_id": 8368832,
                        "trip_route_id": 51227233,
                        "route_id": 22145,
                        "fare": "205.00",
                        "vat_percent": 0,
                        "vat_amount": 0,
                        "seat_counts": {
                            "online": 3,
                            "offline": 3,
                            "is_divided": true
                        }
                    },
                    {
                        "key": 5,
                        "type": "F_SEAT",
                        "trip_id": 8368833,
                        "trip_route_id": 51227269,
                        "route_id": 22145,
                        "fare": "275.00",
                        "vat_percent": 15,
                        "vat_amount": 42,
                        "seat_counts": {
                            "online": 0,
                            "offline": 0,
                            "is_divided": true
                        }
                    },
                    {
                        "key": 2,
                        "type": "AC_S",
                        "trip_id": 8368834,
                        "trip_route_id": 51227304,
                        "route_id": 22145,
                        "fare": "410.00",
                        "vat_percent": 15,
                        "vat_amount": 62,
                        "seat_counts": {
                            "online": 0,
                            "offline": 0,
                            "is_divided": true
                        }
                    }
                ],
                "train_model": "709",
                "is_open_for_all": true,
                "is_eid_trip": 0,
                "boarding_points": [
                    {
                        "trip_point_id": 106961505,
                        "location_id": 2839,
                        "location_name": "Azampur Station",
                        "location_time": "08:52 AM"
                    }
                ],
                "is_international": 0,
                "is_from_city_international": false
            },
            {
                "trip_number": "JAYENTIKA EXPRESS (717)",
                "departure_date_time": "28 Nov, 01:39 pm",
                "departure_full_date": "2024-11-28",
                "departure_date_time_jd": "Thu, 28 Nov 2024, 01:39 PM",
                "arrival_date_time": "28 Nov, 07:00 pm",
                "travel_time": "05h 21m",
                "origin_city_name": "azampur",
                "destination_city_name": "sylhet",
                "seat_types": [
                    {
                        "key": 3,
                        "type": "SNIGDHA",
                        "trip_id": 8368794,
                        "trip_route_id": 51226342,
                        "route_id": 22316,
                        "fare": "340.00",
                        "vat_percent": 15,
                        "vat_amount": 51,
                        "seat_counts": {
                            "online": 0,
                            "offline": 0,
                            "is_divided": true
                        }
                    },
                    {
                        "key": 7,
                        "type": "S_CHAIR",
                        "trip_id": 8368840,
                        "trip_route_id": 51227552,
                        "route_id": 22316,
                        "fare": "205.00",
                        "vat_percent": 0,
                        "vat_amount": 0,
                        "seat_counts": {
                            "online": 5,
                            "offline": 4,
                            "is_divided": true
                        }
                    },
                    {
                        "key": 2,
                        "type": "AC_S",
                        "trip_id": 8368841,
                        "trip_route_id": 51227587,
                        "route_id": 22316,
                        "fare": "410.00",
                        "vat_percent": 15,
                        "vat_amount": 62,
                        "seat_counts": {
                            "online": 0,
                            "offline": 0,
                            "is_divided": true
                        }
                    }
                ],
                "train_model": "717",
                "is_open_for_all": true,
                "is_eid_trip": 0,
                "boarding_points": [
                    {
                        "trip_point_id": 106961595,
                        "location_id": 2839,
                        "location_name": "Azampur Station",
                        "location_time": "01:39 PM"
                    }
                ],
                "is_international": 0,
                "is_from_city_international": false
            },
            {
                "trip_number": "KALNI EXPRESS (773)",
                "departure_date_time": "28 Nov, 05:10 pm",
                "departure_full_date": "2024-11-28",
                "departure_date_time_jd": "Thu, 28 Nov 2024, 05:10 PM",
                "arrival_date_time": "28 Nov, 09:30 pm",
                "travel_time": "04h 20m",
                "origin_city_name": "azampur",
                "destination_city_name": "sylhet",
                "seat_types": [
                    {
                        "key": 3,
                        "type": "SNIGDHA",
                        "trip_id": 8368828,
                        "trip_route_id": 51227110,
                        "route_id": 22856,
                        "fare": "340.00",
                        "vat_percent": 15,
                        "vat_amount": 51,
                        "seat_counts": {
                            "online": 0,
                            "offline": 0,
                            "is_divided": true
                        }
                    },
                    {
                        "key": 2,
                        "type": "AC_S",
                        "trip_id": 8368892,
                        "trip_route_id": 51228772,
                        "route_id": 22856,
                        "fare": "410.00",
                        "vat_percent": 15,
                        "vat_amount": 62,
                        "seat_counts": {
                            "online": 0,
                            "offline": 0,
                            "is_divided": true
                        }
                    },
                    {
                        "key": 7,
                        "type": "S_CHAIR",
                        "trip_id": 8368906,
                        "trip_route_id": 51228960,
                        "route_id": 22856,
                        "fare": "205.00",
                        "vat_percent": 0,
                        "vat_amount": 0,
                        "seat_counts": {
                            "online": 0,
                            "offline": 0,
                            "is_divided": true
                        }
                    }
                ],
                "train_model": "773",
                "is_open_for_all": true,
                "is_eid_trip": 0,
                "boarding_points": [
                    {
                        "trip_point_id": 106962156,
                        "location_id": 2839,
                        "location_name": "Azampur Station",
                        "location_time": "05:10 PM"
                    }
                ],
                "is_international": 0,
                "is_from_city_international": false
            }
        ],
        "selected_seat_class": "S_CHAIR"
    },
    "extra": {
        "hash": "88E00379AB924FAF93ACD45CF0B3C41E"
    }
}