{
    "data": {
        "trains": [
            {
                "trip_number": "PARABAT EXPRESS (709)",
                "departure_date_time": "28 Nov, 08:52 am",
                "departure_full_date": "2024-11-28",
                "departure_date_time_jd": "Thu, 28 Nov 2024, 08:52 AM",
                "arrival_date_time": "28 Nov, 11:25 am",
                "travel_time": "02h 33m",
                "origin_city_name": "azampur",
                "destination_city_name": "kulaura",
                "seat_types": [
                    {
                        "key": 3,
                        "type": "SNIGDHA",
                        "trip_id": 8368790,
                        "trip_route_id": 51226176,
                        "route_id": 22144,
                        "fare": "250.00",
                        "vat_percent": 15,
                        "vat_amount": 38,
                        "seat_counts": {
                            "online": 0,
                            "offline": 0,
                            "is_divided": true
                        }
                    },
                    {
                        "key": 7,
                        "type": "S_CHAIR",
                        "trip_id": 8368832,
                        "trip_route_id": 51227234,
                        "route_id": 22144,
                        "fare": "150.00",
                        "vat_percent": 0,
                        "vat_amount": 0,
                        "seat_counts": {
                            "online": 0,
                            "offline": 0,
                            "is_divided": true
                        }
                    },
                    {
                        "key": 5,
                        "type": "F_SEAT",
                        "trip_id": 8368833,
                        "trip_route_id": 51227270,
                        "route_id": 22144,
                        "fare": "200.00",
                        "vat_percent": 15,
                        "vat_amount": 30,
                        "seat_counts": {
                            "online": 0,
                            "offline": 0,
                            "is_divided": true
                        }
                    },
                    {
                        "key": 2,
                        "type": "AC_S",
                        "trip_id": 8368834,
                        "trip_route_id": 51227305,
                        "route_id": 22144,
                        "fare": "295.00",
                        "vat_percent": 15,
                        "vat_amount": 45,
                        "seat_counts": {
                            "online": 0,
                            "offline": 0,
                            "is_divided": true
                        }
                    }
                ],
                "train_model": "709",
                "is_open_for_all": true,
                "is_eid_trip": 0,
                "boarding_points": [
                    {
                        "trip_point_id": 106961505,
                        "location_id": 2839,
                        "location_name": "Azampur Station",
                        "location_time": "08:52 AM"
                    }
                ],
                "is_international": 0,
                "is_from_city_international": false
            }
        ],
        "selected_seat_class": "S_CHAIR"
    },
    "extra": {
        "hash": "88E00379AB924FAF93ACD45CF0B3C41E"
    }
}