{
    "data": {
        "trains": [
            {
                "trip_number": "DRUTOJAN EXPRESS (758)",
                "departure_date_time": "28 Nov, 07:20 am",
                "departure_full_date": "2024-11-28",
                "departure_date_time_jd": "Thu, 28 Nov 2024, 07:20 AM",
                "arrival_date_time": "28 Nov, 11:41 am",
                "travel_time": "04h 21m",
                "origin_city_name": "b sirajul islam",
                "destination_city_name": "panchbibi",
                "seat_types": [
                    {
                        "key": 3,
                        "type": "SNIGDHA",
                        "trip_id": 8368754,
                        "trip_route_id": 51224063,
                        "route_id": 19403,
                        "fare": "365.00",
                        "vat_percent": 15,
                        "vat_amount": 55,
                        "seat_counts": {
                            "online": 3,
                            "offline": 2,
                            "is_divided": true
                        }
                    },
                    {
                        "key": 7,
                        "type": "S_CHAIR",
                        "trip_id": 8368762,
                        "trip_route_id": 51224677,
                        "route_id": 19403,
                        "fare": "220.00",
                        "vat_percent": 0,
                        "vat_amount": 0,
                        "seat_counts": {
                            "online": 8,
                            "offline": 7,
                            "is_divided": true
                        }
                    },
                    {
                        "key": 2,
                        "type": "AC_S",
                        "trip_id": 8368763,
                        "trip_route_id": 51224739,
                        "route_id": 19403,
                        "fare": "440.00",
                        "vat_percent": 15,
                        "vat_amount": 66,
                        "seat_counts": {
                            "online": 0,
                            "offline": 0,
                            "is_divided": true
                        }
                    }
                ],
                "train_model": "758",
                "is_open_for_all": true,
                "is_eid_trip": 0,
                "boarding_points": [
                    {
                        "trip_point_id": 106960482,
                        "location_id": 2730,
                        "location_name": "B Sirajul Islam Station",
                        "location_time": "07:20 AM"
                    }
                ],
                "is_international": 0,
                "is_from_city_international": false
            },
            {
                "trip_number": "BANGLABANDHA EXPRESS (804)",
                "departure_date_time": "28 Nov, 09:00 am",
                "departure_full_date": "2024-11-28",
                "departure_date_time_jd": "Thu, 28 Nov 2024, 09:00 AM",
                "arrival_date_time": "28 Nov, 01:25 pm",
                "travel_time": "04h 25m",
                "origin_city_name": "b sirajul islam",
                "destination_city_name": "panchbibi",
                "seat_types": [
                    {
                        "key": 2,
                        "type": "AC_S",
                        "trip_id": 8368738,
                        "trip_route_id": 51223340,
                        "route_id": 20947,
                        "fare": "395.00",
                        "vat_percent": 15,
                        "vat_amount": 60,
                        "seat_counts": {
                            "online": 0,
                            "offline": 0,
                            "is_divided": true
                        }
                    },
                    {
                        "key": 7,
                        "type": "S_CHAIR",
                        "trip_id": 8368739,
                        "trip_route_id": 51223431,
                        "route_id": 20947,
                        "fare": "220.00",
                        "vat_percent": 0,
                        "vat_amount": 0,
                        "seat_counts": {
                            "online": 5,
                            "offline": 5,
                            "is_divided": true
                        }
                    }
                ],
                "train_model": "804",
                "is_open_for_all": true,
                "is_eid_trip": 0,
                "boarding_points": [
                    {
                        "trip_point_id": 106960104,
                        "location_id": 2730,
                        "location_name": "B Sirajul Islam Station",
                        "location_time": "09:00 AM"
                    }
                ],
                "is_international": 0,
                "is_from_city_international": false
            },
            {
                "trip_number": "EKOTA EXPRESS (706)",
                "departure_date_time": "28 Nov, 09:10 pm",
                "departure_full_date": "2024-11-28",
                "departure_date_time_jd": "Thu, 28 Nov 2024, 09:10 PM",
                "arrival_date_time": "29 Nov, 01:15 am",
                "travel_time": "04h 05m",
                "origin_city_name": "b sirajul islam",
                "destination_city_name": "panchbibi",
                "seat_types": [
                    {
                        "key": 3,
                        "type": "SNIGDHA",
                        "trip_id": 8368725,
                        "trip_route_id": 51222460,
                        "route_id": 19403,
                        "fare": "365.00",
                        "vat_percent": 15,
                        "vat_amount": 55,
                        "seat_counts": {
                            "online": 3,
                            "offline": 2,
                            "is_divided": true
                        }
                    },
                    {
                        "key": 7,
                        "type": "S_CHAIR",
                        "trip_id": 8368726,
                        "trip_route_id": 51222526,
                        "route_id": 19403,
                        "fare": "220.00",
                        "vat_percent": 0,
                        "vat_amount": 0,
                        "seat_counts": {
                            "online": 8,
                            "offline": 7,
                            "is_divided": true
                        }
                    },
                    {
                        "key": 1,
                        "type": "AC_B",
                        "trip_id": 8368743,
                        "trip_route_id": 51223612,
                        "route_id": 19403,
                        "fare": "655.00",
                        "vat_percent": 15,
                        "vat_amount": 99,
                        "seat_counts": {
                            "online": 0,
                            "offline": 0,
                            "is_divided": true
                        }
                    }
                ],
                "train_model": "706",
                "is_open_for_all": true,
                "is_eid_trip": 0,
                "boarding_points": [
                    {
                        "trip_point_id": 106959661,
                        "location_id": 2730,
                        "location_name": "B Sirajul Islam Station",
                        "location_time": "09:10 PM"
                    }
                ],
                "is_international": 0,
                "is_from_city_international": false
            }
        ],
        "selected_seat_class": "S_CHAIR"
    },
    "extra": {
        "hash": "88E00379AB924FAF93ACD45CF0B3C41E"
    }
}