{
    "data": {
        "trains": [
            {
                "trip_number": "KANCHON INTERCITY COMMUTER (42)",
                "departure_date_time": "28 Nov, 03:30 pm",
                "departure_full_date": "2024-11-28",
                "departure_date_time_jd": "Thu, 28 Nov 2024, 03:30 PM",
                "arrival_date_time": "28 Nov, 03:39 pm",
                "travel_time": "00h 09m",
                "origin_city_name": "b sirajul islam",
                "destination_city_name": "nayaniburuj",
                "seat_types": [
                    {
                        "key": 8,
                        "type": "SHOVAN",
                        "trip_id": 8369028,
                        "trip_route_id": 51231274,
                        "route_id": 26737,
                        "fare": "45.00",
                        "vat_percent": 0,
                        "vat_amount": 0,
                        "seat_counts": {
                            "online": 1,
                            "offline": 1,
                            "is_divided": true
                        }
                    }
                ],
                "train_model": "42",
                "is_open_for_all": true,
                "is_eid_trip": 0,
                "boarding_points": [
                    {
                        "trip_point_id": 106965064,
                        "location_id": 2730,
                        "location_name": "B Sirajul Islam Station",
                        "location_time": "03:30 PM"
                    }
                ],
                "is_international": 0,
                "is_from_city_international": false
            }
        ],
        "selected_seat_class": "S_CHAIR"
    },
    "extra": {
        "hash": "88E00379AB924FAF93ACD45CF0B3C41E"
    }
}