{
    "data": {
        "trains": [
            {
                "trip_number": "DRUTOJAN EXPRESS (758)",
                "departure_date_time": "28 Nov, 07:20 am",
                "departure_full_date": "2024-11-28",
                "departure_date_time_jd": "Thu, 28 Nov 2024, 07:20 AM",
                "arrival_date_time": "28 Nov, 05:57 pm",
                "travel_time": "10h 37m",
                "origin_city_name": "b sirajul islam",
                "destination_city_name": "joydebpur",
                "seat_types": [
                    {
                        "key": 3,
                        "type": "SNIGDHA",
                        "trip_id": 8368754,
                        "trip_route_id": 51224071,
                        "route_id": 19411,
                        "fare": "1090.00",
                        "vat_percent": 15,
                        "vat_amount": 164,
                        "seat_counts": {
                            "online": 0,
                            "offline": 0,
                            "is_divided": true
                        }
                    },
                    {
                        "key": 7,
                        "type": "S_CHAIR",
                        "trip_id": 8368762,
                        "trip_route_id": 51224686,
                        "route_id": 19411,
                        "fare": "655.00",
                        "vat_percent": 0,
                        "vat_amount": 0,
                        "seat_counts": {
                            "online": 0,
                            "offline": 0,
                            "is_divided": true
                        }
                    },
                    {
                        "key": 2,
                        "type": "AC_S",
                        "trip_id": 8368763,
                        "trip_route_id": 51224747,
                        "route_id": 19411,
                        "fare": "1305.00",
                        "vat_percent": 15,
                        "vat_amount": 196,
                        "seat_counts": {
                            "online": 0,
                            "offline": 0,
                            "is_divided": true
                        }
                    }
                ],
                "train_model": "758",
                "is_open_for_all": true,
                "is_eid_trip": 0,
                "boarding_points": [
                    {
                        "trip_point_id": 106960482,
                        "location_id": 2730,
                        "location_name": "B Sirajul Islam Station",
                        "location_time": "07:20 AM"
                    }
                ],
                "is_international": 0,
                "is_from_city_international": false
            },
            {
                "trip_number": "EKOTA EXPRESS (706)",
                "departure_date_time": "28 Nov, 09:10 pm",
                "departure_full_date": "2024-11-28",
                "departure_date_time_jd": "Thu, 28 Nov 2024, 09:10 PM",
                "arrival_date_time": "29 Nov, 06:47 am",
                "travel_time": "09h 37m",
                "origin_city_name": "b sirajul islam",
                "destination_city_name": "joydebpur",
                "seat_types": [
                    {
                        "key": 3,
                        "type": "SNIGDHA",
                        "trip_id": 8368725,
                        "trip_route_id": 51222468,
                        "route_id": 19411,
                        "fare": "1090.00",
                        "vat_percent": 15,
                        "vat_amount": 164,
                        "seat_counts": {
                            "online": 0,
                            "offline": 0,
                            "is_divided": true
                        }
                    },
                    {
                        "key": 7,
                        "type": "S_CHAIR",
                        "trip_id": 8368726,
                        "trip_route_id": 51222534,
                        "route_id": 19411,
                        "fare": "655.00",
                        "vat_percent": 0,
                        "vat_amount": 0,
                        "seat_counts": {
                            "online": 4,
                            "offline": 3,
                            "is_divided": true
                        }
                    },
                    {
                        "key": 1,
                        "type": "AC_B",
                        "trip_id": 8368743,
                        "trip_route_id": 51223620,
                        "route_id": 19411,
                        "fare": "1960.00",
                        "vat_percent": 15,
                        "vat_amount": 294,
                        "seat_counts": {
                            "online": 0,
                            "offline": 0,
                            "is_divided": true
                        }
                    }
                ],
                "train_model": "706",
                "is_open_for_all": true,
                "is_eid_trip": 0,
                "boarding_points": [
                    {
                        "trip_point_id": 106959661,
                        "location_id": 2730,
                        "location_name": "B Sirajul Islam Station",
                        "location_time": "09:10 PM"
                    }
                ],
                "is_international": 0,
                "is_from_city_international": false
            }
        ],
        "selected_seat_class": "S_CHAIR"
    },
    "extra": {
        "hash": "88E00379AB924FAF93ACD45CF0B3C41E"
    }
}