{
    "data": {
        "trains": [
            {
                "trip_number": "EGAROSINDHUR PROVATI (738)",
                "departure_date_time": "28 Nov, 07:27 am",
                "departure_full_date": "2024-11-28",
                "departure_date_time_jd": "Thu, 28 Nov 2024, 07:27 AM",
                "arrival_date_time": "28 Nov, 09:50 am",
                "travel_time": "02h 23m",
                "origin_city_name": "bajitpur",
                "destination_city_name": "biman_bandar",
                "seat_types": [
                    {
                        "key": 5,
                        "type": "F_SEAT",
                        "trip_id": 8368810,
                        "trip_route_id": 51226711,
                        "route_id": 22751,
                        "fare": "170.00",
                        "vat_percent": 15,
                        "vat_amount": 26,
                        "seat_counts": {
                            "online": 0,
                            "offline": 0,
                            "is_divided": true
                        }
                    },
                    {
                        "key": 6,
                        "type": "F_CHAIR",
                        "trip_id": 8368863,
                        "trip_route_id": 51228165,
                        "route_id": 22751,
                        "fare": "170.00",
                        "vat_percent": 15,
                        "vat_amount": 26,
                        "seat_counts": {
                            "online": 0,
                            "offline": 0,
                            "is_divided": true
                        }
                    },
                    {
                        "key": 7,
                        "type": "S_CHAIR",
                        "trip_id": 8368864,
                        "trip_route_id": 51228189,
                        "route_id": 22751,
                        "fare": "125.00",
                        "vat_percent": 0,
                        "vat_amount": 0,
                        "seat_counts": {
                            "online": 0,
                            "offline": 0,
                            "is_divided": true
                        }
                    },
                    {
                        "key": 8,
                        "type": "SHOVAN",
                        "trip_id": 8368865,
                        "trip_route_id": 51228213,
                        "route_id": 22751,
                        "fare": "105.00",
                        "vat_percent": 0,
                        "vat_amount": 0,
                        "seat_counts": {
                            "online": 0,
                            "offline": 0,
                            "is_divided": true
                        }
                    }
                ],
                "train_model": "738",
                "is_open_for_all": true,
                "is_eid_trip": 0,
                "boarding_points": [
                    {
                        "trip_point_id": 106961870,
                        "location_id": 2864,
                        "location_name": "Bajitpur Station",
                        "location_time": "07:27 AM"
                    }
                ],
                "is_international": 0,
                "is_from_city_international": false
            },
            {
                "trip_number": "EGAROSINDHUR GODHULI (750)",
                "departure_date_time": "28 Nov, 02:02 pm",
                "departure_full_date": "2024-11-28",
                "departure_date_time_jd": "Thu, 28 Nov 2024, 02:02 PM",
                "arrival_date_time": "28 Nov, 04:08 pm",
                "travel_time": "02h 06m",
                "origin_city_name": "bajitpur",
                "destination_city_name": "biman_bandar",
                "seat_types": [
                    {
                        "key": 5,
                        "type": "F_SEAT",
                        "trip_id": 8368827,
                        "trip_route_id": 51227090,
                        "route_id": 22751,
                        "fare": "170.00",
                        "vat_percent": 15,
                        "vat_amount": 26,
                        "seat_counts": {
                            "online": 0,
                            "offline": 0,
                            "is_divided": true
                        }
                    },
                    {
                        "key": 6,
                        "type": "F_CHAIR",
                        "trip_id": 8368894,
                        "trip_route_id": 51228818,
                        "route_id": 22751,
                        "fare": "170.00",
                        "vat_percent": 15,
                        "vat_amount": 26,
                        "seat_counts": {
                            "online": 0,
                            "offline": 0,
                            "is_divided": true
                        }
                    },
                    {
                        "key": 7,
                        "type": "S_CHAIR",
                        "trip_id": 8368895,
                        "trip_route_id": 51228841,
                        "route_id": 22751,
                        "fare": "125.00",
                        "vat_percent": 0,
                        "vat_amount": 0,
                        "seat_counts": {
                            "online": 0,
                            "offline": 0,
                            "is_divided": true
                        }
                    },
                    {
                        "key": 8,
                        "type": "SHOVAN",
                        "trip_id": 8368896,
                        "trip_route_id": 51228864,
                        "route_id": 22751,
                        "fare": "105.00",
                        "vat_percent": 0,
                        "vat_amount": 0,
                        "seat_counts": {
                            "online": 0,
                            "offline": 0,
                            "is_divided": true
                        }
                    }
                ],
                "train_model": "750",
                "is_open_for_all": true,
                "is_eid_trip": 0,
                "boarding_points": [
                    {
                        "trip_point_id": 106962138,
                        "location_id": 2864,
                        "location_name": "Bajitpur Station",
                        "location_time": "02:02 PM"
                    }
                ],
                "is_international": 0,
                "is_from_city_international": false
            },
            {
                "trip_number": "KISHORGANJ EXPRESS (782)",
                "departure_date_time": "28 Nov, 04:57 pm",
                "departure_full_date": "2024-11-28",
                "departure_date_time_jd": "Thu, 28 Nov 2024, 04:57 PM",
                "arrival_date_time": "28 Nov, 07:15 pm",
                "travel_time": "02h 18m",
                "origin_city_name": "bajitpur",
                "destination_city_name": "biman_bandar",
                "seat_types": [
                    {
                        "key": 3,
                        "type": "SNIGDHA",
                        "trip_id": 8368888,
                        "trip_route_id": 51228681,
                        "route_id": 22751,
                        "fare": "210.00",
                        "vat_percent": 15,
                        "vat_amount": 32,
                        "seat_counts": {
                            "online": 0,
                            "offline": 0,
                            "is_divided": true
                        }
                    },
                    {
                        "key": 2,
                        "type": "AC_S",
                        "trip_id": 8368911,
                        "trip_route_id": 51229105,
                        "route_id": 22751,
                        "fare": "250.00",
                        "vat_percent": 15,
                        "vat_amount": 38,
                        "seat_counts": {
                            "online": 0,
                            "offline": 0,
                            "is_divided": true
                        }
                    },
                    {
                        "key": 7,
                        "type": "S_CHAIR",
                        "trip_id": 8368912,
                        "trip_route_id": 51229129,
                        "route_id": 22751,
                        "fare": "125.00",
                        "vat_percent": 0,
                        "vat_amount": 0,
                        "seat_counts": {
                            "online": 0,
                            "offline": 0,
                            "is_divided": true
                        }
                    }
                ],
                "train_model": "782",
                "is_open_for_all": true,
                "is_eid_trip": 0,
                "boarding_points": [
                    {
                        "trip_point_id": 106963252,
                        "location_id": 2864,
                        "location_name": "Bajitpur Station",
                        "location_time": "04:57 PM"
                    }
                ],
                "is_international": 0,
                "is_from_city_international": false
            }
        ],
        "selected_seat_class": "S_CHAIR"
    },
    "extra": {
        "hash": "88E00379AB924FAF93ACD45CF0B3C41E"
    }
}