{
    "data": {
        "trains": [
            {
                "trip_number": "RANGPUR EXPRESS (771)",
                "departure_date_time": "28 Nov, 11:38 am",
                "departure_full_date": "2024-11-28",
                "departure_date_time_jd": "Thu, 28 Nov 2024, 11:38 AM",
                "arrival_date_time": "28 Nov, 03:56 pm",
                "travel_time": "04h 18m",
                "origin_city_name": "bbsetu_e",
                "destination_city_name": "bogura",
                "seat_types": [
                    {
                        "key": 3,
                        "type": "SNIGDHA",
                        "trip_id": 8368680,
                        "trip_route_id": 51220232,
                        "route_id": 26560,
                        "fare": "560.00",
                        "vat_percent": 15,
                        "vat_amount": 84,
                        "seat_counts": {
                            "online": 1,
                            "offline": 1,
                            "is_divided": true
                        }
                    },
                    {
                        "key": 7,
                        "type": "S_CHAIR",
                        "trip_id": 8368681,
                        "trip_route_id": 51220281,
                        "route_id": 26560,
                        "fare": "340.00",
                        "vat_percent": 0,
                        "vat_amount": 0,
                        "seat_counts": {
                            "online": 3,
                            "offline": 2,
                            "is_divided": true
                        }
                    }
                ],
                "train_model": "771",
                "is_open_for_all": true,
                "is_eid_trip": 0,
                "boarding_points": [
                    {
                        "trip_point_id": 106958432,
                        "location_id": 2704,
                        "location_name": "BBSetu_E Station",
                        "location_time": "11:38 AM"
                    }
                ],
                "is_international": 0,
                "is_from_city_international": false
            }
        ],
        "selected_seat_class": "S_CHAIR"
    },
    "extra": {
        "hash": "88E00379AB924FAF93ACD45CF0B3C41E"
    }
}