{
    "data": {
        "trains": [
            {
                "trip_number": "CHITRA EXPRESS (764)",
                "departure_date_time": "28 Nov, 10:12 pm",
                "departure_full_date": "2024-11-28",
                "departure_date_time_jd": "Thu, 28 Nov 2024, 10:12 PM",
                "arrival_date_time": "29 Nov, 12:15 am",
                "travel_time": "02h 03m",
                "origin_city_name": "bbsetu_e",
                "destination_city_name": "ishwardi",
                "seat_types": [
                    {
                        "key": 3,
                        "type": "SNIGDHA",
                        "trip_id": 8368736,
                        "trip_route_id": 51223152,
                        "route_id": 25098,
                        "fare": "340.00",
                        "vat_percent": 15,
                        "vat_amount": 51,
                        "seat_counts": {
                            "online": 2,
                            "offline": 1,
                            "is_divided": true
                        }
                    },
                    {
                        "key": 7,
                        "type": "S_CHAIR",
                        "trip_id": 8368759,
                        "trip_route_id": 51224405,
                        "route_id": 25098,
                        "fare": "205.00",
                        "vat_percent": 0,
                        "vat_amount": 0,
                        "seat_counts": {
                            "online": 2,
                            "offline": 2,
                            "is_divided": true
                        }
                    }
                ],
                "train_model": "764",
                "is_open_for_all": true,
                "is_eid_trip": 0,
                "boarding_points": [
                    {
                        "trip_point_id": 106960013,
                        "location_id": 2704,
                        "location_name": "BBSetu_E Station",
                        "location_time": "10:12 PM"
                    }
                ],
                "is_international": 0,
                "is_from_city_international": false
            }
        ],
        "selected_seat_class": "S_CHAIR"
    },
    "extra": {
        "hash": "88E00379AB924FAF93ACD45CF0B3C41E"
    }
}