{
    "data": {
        "trains": [
            {
                "trip_number": "PARABAT EXPRESS (709)",
                "departure_date_time": "28 Nov, 08:06 am",
                "departure_full_date": "2024-11-28",
                "departure_date_time_jd": "Thu, 28 Nov 2024, 08:06 AM",
                "arrival_date_time": "28 Nov, 01:00 pm",
                "travel_time": "04h 54m",
                "origin_city_name": "bhairab_bazar",
                "destination_city_name": "sylhet",
                "seat_types": [
                    {
                        "key": 3,
                        "type": "SNIGDHA",
                        "trip_id": 8368790,
                        "trip_route_id": 51226171,
                        "route_id": 22139,
                        "fare": "460.00",
                        "vat_percent": 15,
                        "vat_amount": 69,
                        "seat_counts": {
                            "online": 1,
                            "offline": 1,
                            "is_divided": true
                        }
                    },
                    {
                        "key": 7,
                        "type": "S_CHAIR",
                        "trip_id": 8368832,
                        "trip_route_id": 51227229,
                        "route_id": 22139,
                        "fare": "275.00",
                        "vat_percent": 0,
                        "vat_amount": 0,
                        "seat_counts": {
                            "online": 0,
                            "offline": 0,
                            "is_divided": true
                        }
                    },
                    {
                        "key": 5,
                        "type": "F_SEAT",
                        "trip_id": 8368833,
                        "trip_route_id": 51227265,
                        "route_id": 22139,
                        "fare": "370.00",
                        "vat_percent": 15,
                        "vat_amount": 56,
                        "seat_counts": {
                            "online": 0,
                            "offline": 0,
                            "is_divided": true
                        }
                    },
                    {
                        "key": 2,
                        "type": "AC_S",
                        "trip_id": 8368834,
                        "trip_route_id": 51227300,
                        "route_id": 22139,
                        "fare": "550.00",
                        "vat_percent": 15,
                        "vat_amount": 83,
                        "seat_counts": {
                            "online": 0,
                            "offline": 0,
                            "is_divided": true
                        }
                    }
                ],
                "train_model": "709",
                "is_open_for_all": true,
                "is_eid_trip": 0,
                "boarding_points": [
                    {
                        "trip_point_id": 106961504,
                        "location_id": 2829,
                        "location_name": "Bhairab_Bazar Station",
                        "location_time": "08:06 AM"
                    }
                ],
                "is_international": 0,
                "is_from_city_international": false
            },
            {
                "trip_number": "UPABAN EXPRESS (739)",
                "departure_date_time": "28 Nov, 11:42 pm",
                "departure_full_date": "2024-11-28",
                "departure_date_time_jd": "Thu, 28 Nov 2024, 11:42 PM",
                "arrival_date_time": "29 Nov, 05:00 am",
                "travel_time": "05h 18m",
                "origin_city_name": "bhairab_bazar",
                "destination_city_name": "sylhet",
                "seat_types": [
                    {
                        "key": 3,
                        "type": "SNIGDHA",
                        "trip_id": 8368811,
                        "trip_route_id": 51226735,
                        "route_id": 22778,
                        "fare": "460.00",
                        "vat_percent": 15,
                        "vat_amount": 69,
                        "seat_counts": {
                            "online": 0,
                            "offline": 0,
                            "is_divided": true
                        }
                    },
                    {
                        "key": 1,
                        "type": "AC_B",
                        "trip_id": 8368866,
                        "trip_route_id": 51228234,
                        "route_id": 22778,
                        "fare": "825.00",
                        "vat_percent": 15,
                        "vat_amount": 124,
                        "seat_counts": {
                            "online": 0,
                            "offline": 0,
                            "is_divided": true
                        }
                    },
                    {
                        "key": 7,
                        "type": "S_CHAIR",
                        "trip_id": 8368867,
                        "trip_route_id": 51228259,
                        "route_id": 22778,
                        "fare": "275.00",
                        "vat_percent": 0,
                        "vat_amount": 0,
                        "seat_counts": {
                            "online": 0,
                            "offline": 0,
                            "is_divided": true
                        }
                    }
                ],
                "train_model": "739",
                "is_open_for_all": true,
                "is_eid_trip": 0,
                "boarding_points": [
                    {
                        "trip_point_id": 106961889,
                        "location_id": 2829,
                        "location_name": "Bhairab_Bazar Station",
                        "location_time": "11:42 PM"
                    }
                ],
                "is_international": 0,
                "is_from_city_international": false
            }
        ],
        "selected_seat_class": "S_CHAIR"
    },
    "extra": {
        "hash": "88E00379AB924FAF93ACD45CF0B3C41E"
    }
}