{
    "data": {
        "trains": [
            {
                "trip_number": "MAHANAGAR PROVATI (704)",
                "departure_date_time": "28 Nov, 09:19 am",
                "departure_full_date": "2024-11-28",
                "departure_date_time_jd": "Thu, 28 Nov 2024, 09:19 AM",
                "arrival_date_time": "28 Nov, 10:51 am",
                "travel_time": "01h 32m",
                "origin_city_name": "bhairab_bazar",
                "destination_city_name": "cumilla",
                "seat_types": [
                    {
                        "key": 3,
                        "type": "SNIGDHA",
                        "trip_id": 8368787,
                        "trip_route_id": 51226086,
                        "route_id": 22051,
                        "fare": "210.00",
                        "vat_percent": 15,
                        "vat_amount": 32,
                        "seat_counts": {
                            "online": 0,
                            "offline": 0,
                            "is_divided": true
                        }
                    },
                    {
                        "key": 2,
                        "type": "AC_S",
                        "trip_id": 8368817,
                        "trip_route_id": 51226851,
                        "route_id": 22051,
                        "fare": "250.00",
                        "vat_percent": 15,
                        "vat_amount": 38,
                        "seat_counts": {
                            "online": 0,
                            "offline": 0,
                            "is_divided": true
                        }
                    },
                    {
                        "key": 5,
                        "type": "F_SEAT",
                        "trip_id": 8368818,
                        "trip_route_id": 51226876,
                        "route_id": 22051,
                        "fare": "170.00",
                        "vat_percent": 15,
                        "vat_amount": 26,
                        "seat_counts": {
                            "online": 0,
                            "offline": 0,
                            "is_divided": true
                        }
                    },
                    {
                        "key": 7,
                        "type": "S_CHAIR",
                        "trip_id": 8368819,
                        "trip_route_id": 51226901,
                        "route_id": 22051,
                        "fare": "125.00",
                        "vat_percent": 0,
                        "vat_amount": 0,
                        "seat_counts": {
                            "online": 1,
                            "offline": 0,
                            "is_divided": true
                        }
                    }
                ],
                "train_model": "704",
                "is_open_for_all": true,
                "is_eid_trip": 0,
                "boarding_points": [
                    {
                        "trip_point_id": 106961455,
                        "location_id": 2829,
                        "location_name": "Bhairab_Bazar Station",
                        "location_time": "09:19 AM"
                    }
                ],
                "is_international": 0,
                "is_from_city_international": false
            },
            {
                "trip_number": "CHATTALA EXPRESS (802)",
                "departure_date_time": "28 Nov, 03:35 pm",
                "departure_full_date": "2024-11-28",
                "departure_date_time_jd": "Thu, 28 Nov 2024, 03:35 PM",
                "arrival_date_time": "28 Nov, 05:17 pm",
                "travel_time": "01h 42m",
                "origin_city_name": "bhairab_bazar",
                "destination_city_name": "cumilla",
                "seat_types": [
                    {
                        "key": 7,
                        "type": "S_CHAIR",
                        "trip_id": 8368929,
                        "trip_route_id": 51229614,
                        "route_id": 22964,
                        "fare": "125.00",
                        "vat_percent": 0,
                        "vat_amount": 0,
                        "seat_counts": {
                            "online": 0,
                            "offline": 0,
                            "is_divided": true
                        }
                    }
                ],
                "train_model": "802",
                "is_open_for_all": true,
                "is_eid_trip": 0,
                "boarding_points": [
                    {
                        "trip_point_id": 106963916,
                        "location_id": 2829,
                        "location_name": "Bhairab_Bazar Station",
                        "location_time": "03:35 PM"
                    }
                ],
                "is_international": 0,
                "is_from_city_international": false
            }
        ],
        "selected_seat_class": "S_CHAIR"
    },
    "extra": {
        "hash": "88E00379AB924FAF93ACD45CF0B3C41E"
    }
}