{
    "data": {
        "trains": [
            {
                "trip_number": "UPABAN EXPRESS (740)",
                "departure_date_time": "28 Nov, 01:22 am",
                "departure_full_date": "2024-11-28",
                "departure_date_time_jd": "Thu, 28 Nov 2024, 01:22 AM",
                "arrival_date_time": "28 Nov, 05:12 am",
                "travel_time": "03h 50m",
                "origin_city_name": "bhanugach",
                "destination_city_name": "biman_bandar",
                "seat_types": [
                    {
                        "key": 3,
                        "type": "SNIGDHA",
                        "trip_id": 8368472,
                        "trip_route_id": 51215685,
                        "route_id": 22806,
                        "fare": "475.00",
                        "vat_percent": 15,
                        "vat_amount": 72,
                        "seat_counts": {
                            "online": 0,
                            "offline": 0,
                            "is_divided": true
                        }
                    },
                    {
                        "key": 1,
                        "type": "AC_B",
                        "trip_id": 8368518,
                        "trip_route_id": 51216890,
                        "route_id": 22806,
                        "fare": "850.00",
                        "vat_percent": 15,
                        "vat_amount": 128,
                        "seat_counts": {
                            "online": 0,
                            "offline": 0,
                            "is_divided": true
                        }
                    },
                    {
                        "key": 7,
                        "type": "S_CHAIR",
                        "trip_id": 8368519,
                        "trip_route_id": 51216912,
                        "route_id": 22806,
                        "fare": "285.00",
                        "vat_percent": 0,
                        "vat_amount": 0,
                        "seat_counts": {
                            "online": 0,
                            "offline": 0,
                            "is_divided": true
                        }
                    }
                ],
                "train_model": "740",
                "is_open_for_all": true,
                "is_eid_trip": 0,
                "boarding_points": [
                    {
                        "trip_point_id": 106955275,
                        "location_id": 2837,
                        "location_name": "Bhanugach Station",
                        "location_time": "01:22 AM"
                    }
                ],
                "is_international": 0,
                "is_from_city_international": false
            },
            {
                "trip_number": "PARABAT EXPRESS (710)",
                "departure_date_time": "28 Nov, 05:19 pm",
                "departure_full_date": "2024-11-28",
                "departure_date_time_jd": "Thu, 28 Nov 2024, 05:19 PM",
                "arrival_date_time": "28 Nov, 09:35 pm",
                "travel_time": "04h 16m",
                "origin_city_name": "bhanugach",
                "destination_city_name": "biman_bandar",
                "seat_types": [
                    {
                        "key": 3,
                        "type": "SNIGDHA",
                        "trip_id": 8368791,
                        "trip_route_id": 51226211,
                        "route_id": 22174,
                        "fare": "475.00",
                        "vat_percent": 15,
                        "vat_amount": 72,
                        "seat_counts": {
                            "online": 0,
                            "offline": 0,
                            "is_divided": true
                        }
                    },
                    {
                        "key": 7,
                        "type": "S_CHAIR",
                        "trip_id": 8368835,
                        "trip_route_id": 51227339,
                        "route_id": 22174,
                        "fare": "285.00",
                        "vat_percent": 0,
                        "vat_amount": 0,
                        "seat_counts": {
                            "online": 0,
                            "offline": 0,
                            "is_divided": true
                        }
                    },
                    {
                        "key": 5,
                        "type": "F_SEAT",
                        "trip_id": 8368836,
                        "trip_route_id": 51227382,
                        "route_id": 22174,
                        "fare": "380.00",
                        "vat_percent": 15,
                        "vat_amount": 57,
                        "seat_counts": {
                            "online": 0,
                            "offline": 0,
                            "is_divided": true
                        }
                    },
                    {
                        "key": 2,
                        "type": "AC_S",
                        "trip_id": 8368837,
                        "trip_route_id": 51227418,
                        "route_id": 22174,
                        "fare": "570.00",
                        "vat_percent": 15,
                        "vat_amount": 86,
                        "seat_counts": {
                            "online": 0,
                            "offline": 0,
                            "is_divided": true
                        }
                    }
                ],
                "train_model": "710",
                "is_open_for_all": true,
                "is_eid_trip": 0,
                "boarding_points": [
                    {
                        "trip_point_id": 106961528,
                        "location_id": 2837,
                        "location_name": "Bhanugach Station",
                        "location_time": "05:19 PM"
                    }
                ],
                "is_international": 0,
                "is_from_city_international": false
            }
        ],
        "selected_seat_class": "S_CHAIR"
    },
    "extra": {
        "hash": "88E00379AB924FAF93ACD45CF0B3C41E"
    }
}