{
    "data": {
        "trains": [
            {
                "trip_number": "SUNDARBAN EXPRESS (726)",
                "departure_date_time": "28 Nov, 09:29 am",
                "departure_full_date": "2024-11-28",
                "departure_date_time_jd": "Thu, 28 Nov 2024, 09:29 AM",
                "arrival_date_time": "28 Nov, 11:47 am",
                "travel_time": "02h 18m",
                "origin_city_name": "bhanga",
                "destination_city_name": "kushtia_court",
                "seat_types": [
                    {
                        "key": 2,
                        "type": "AC_S",
                        "trip_id": 8368733,
                        "trip_route_id": 51222916,
                        "route_id": 25221,
                        "fare": "295.00",
                        "vat_percent": 15,
                        "vat_amount": 45,
                        "seat_counts": {
                            "online": 1,
                            "offline": 1,
                            "is_divided": true
                        }
                    },
                    {
                        "key": 7,
                        "type": "S_CHAIR",
                        "trip_id": 8368734,
                        "trip_route_id": 51222980,
                        "route_id": 25221,
                        "fare": "150.00",
                        "vat_percent": 0,
                        "vat_amount": 0,
                        "seat_counts": {
                            "online": 3,
                            "offline": 3,
                            "is_divided": true
                        }
                    },
                    {
                        "key": 3,
                        "type": "SNIGDHA",
                        "trip_id": 8368982,
                        "trip_route_id": 51230681,
                        "route_id": 25221,
                        "fare": "245.00",
                        "vat_percent": 15,
                        "vat_amount": 37,
                        "seat_counts": {
                            "online": 2,
                            "offline": 2,
                            "is_divided": true
                        }
                    }
                ],
                "train_model": "726",
                "is_open_for_all": true,
                "is_eid_trip": 0,
                "boarding_points": [
                    {
                        "trip_point_id": 106959915,
                        "location_id": 2752,
                        "location_name": "Bhanga Station",
                        "location_time": "09:29 AM"
                    }
                ],
                "is_international": 0,
                "is_from_city_international": false
            }
        ],
        "selected_seat_class": "S_CHAIR"
    },
    "extra": {
        "hash": "88E00379AB924FAF93ACD45CF0B3C41E"
    }
}