{
    "data": {
        "trains": [
            {
                "trip_number": "PARABAT EXPRESS (710)",
                "departure_date_time": "28 Nov, 05:19 pm",
                "departure_full_date": "2024-11-28",
                "departure_date_time_jd": "Thu, 28 Nov 2024, 05:19 PM",
                "arrival_date_time": "28 Nov, 08:27 pm",
                "travel_time": "03h 08m",
                "origin_city_name": "bhanugach",
                "destination_city_name": "bhairab_bazar",
                "seat_types": [
                    {
                        "key": 3,
                        "type": "SNIGDHA",
                        "trip_id": 8368791,
                        "trip_route_id": 51226212,
                        "route_id": 22173,
                        "fare": "305.00",
                        "vat_percent": 15,
                        "vat_amount": 46,
                        "seat_counts": {
                            "online": 0,
                            "offline": 0,
                            "is_divided": true
                        }
                    },
                    {
                        "key": 7,
                        "type": "S_CHAIR",
                        "trip_id": 8368835,
                        "trip_route_id": 51227340,
                        "route_id": 22173,
                        "fare": "185.00",
                        "vat_percent": 0,
                        "vat_amount": 0,
                        "seat_counts": {
                            "online": 0,
                            "offline": 0,
                            "is_divided": true
                        }
                    },
                    {
                        "key": 5,
                        "type": "F_SEAT",
                        "trip_id": 8368836,
                        "trip_route_id": 51227383,
                        "route_id": 22173,
                        "fare": "245.00",
                        "vat_percent": 15,
                        "vat_amount": 37,
                        "seat_counts": {
                            "online": 0,
                            "offline": 0,
                            "is_divided": true
                        }
                    },
                    {
                        "key": 2,
                        "type": "AC_S",
                        "trip_id": 8368837,
                        "trip_route_id": 51227419,
                        "route_id": 22173,
                        "fare": "370.00",
                        "vat_percent": 15,
                        "vat_amount": 56,
                        "seat_counts": {
                            "online": 0,
                            "offline": 0,
                            "is_divided": true
                        }
                    }
                ],
                "train_model": "710",
                "is_open_for_all": true,
                "is_eid_trip": 0,
                "boarding_points": [
                    {
                        "trip_point_id": 106961528,
                        "location_id": 2837,
                        "location_name": "Bhanugach Station",
                        "location_time": "05:19 PM"
                    }
                ],
                "is_international": 0,
                "is_from_city_international": false
            }
        ],
        "selected_seat_class": "S_CHAIR"
    },
    "extra": {
        "hash": "88E00379AB924FAF93ACD45CF0B3C41E"
    }
}