{
    "data": {
        "trains": [
            {
                "trip_number": "CHITRA EXPRESS (763)",
                "departure_date_time": "28 Nov, 12:54 pm",
                "departure_full_date": "2024-11-28",
                "departure_date_time_jd": "Thu, 28 Nov 2024, 12:54 PM",
                "arrival_date_time": "28 Nov, 06:05 pm",
                "travel_time": "05h 11m",
                "origin_city_name": "bheramara",
                "destination_city_name": "dhaka",
                "seat_types": [
                    {
                        "key": 3,
                        "type": "SNIGDHA",
                        "trip_id": 8368735,
                        "trip_route_id": 51223061,
                        "route_id": 20717,
                        "fare": "680.00",
                        "vat_percent": 15,
                        "vat_amount": 102,
                        "seat_counts": {
                            "online": 0,
                            "offline": 0,
                            "is_divided": true
                        }
                    },
                    {
                        "key": 2,
                        "type": "AC_S",
                        "trip_id": 8368752,
                        "trip_route_id": 51223917,
                        "route_id": 20717,
                        "fare": "815.00",
                        "vat_percent": 15,
                        "vat_amount": 123,
                        "seat_counts": {
                            "online": 1,
                            "offline": 1,
                            "is_divided": true
                        }
                    },
                    {
                        "key": 7,
                        "type": "S_CHAIR",
                        "trip_id": 8368755,
                        "trip_route_id": 51224122,
                        "route_id": 20717,
                        "fare": "410.00",
                        "vat_percent": 0,
                        "vat_amount": 0,
                        "seat_counts": {
                            "online": 0,
                            "offline": 0,
                            "is_divided": true
                        }
                    }
                ],
                "train_model": "763",
                "is_open_for_all": true,
                "is_eid_trip": 0,
                "boarding_points": [
                    {
                        "trip_point_id": 106959968,
                        "location_id": 2779,
                        "location_name": "Bheramara Station",
                        "location_time": "12:54 PM"
                    }
                ],
                "is_international": 0,
                "is_from_city_international": false
            }
        ],
        "selected_seat_class": "S_CHAIR"
    },
    "extra": {
        "hash": "88E00379AB924FAF93ACD45CF0B3C41E"
    }
}