{
    "data": {
        "trains": [
            {
                "trip_number": "SIMANTA EXPRESS (747)",
                "departure_date_time": "28 Nov, 12:55 am",
                "departure_full_date": "2024-11-28",
                "departure_date_time_jd": "Thu, 28 Nov 2024, 12:55 AM",
                "arrival_date_time": "28 Nov, 03:10 am",
                "travel_time": "02h 15m",
                "origin_city_name": "bheramara",
                "destination_city_name": "santahar",
                "seat_types": [
                    {
                        "key": 1,
                        "type": "AC_B",
                        "trip_id": 8368387,
                        "trip_route_id": 51210532,
                        "route_id": 19979,
                        "fare": "485.00",
                        "vat_percent": 15,
                        "vat_amount": 73,
                        "seat_counts": {
                            "online": 0,
                            "offline": 0,
                            "is_divided": true
                        }
                    },
                    {
                        "key": 3,
                        "type": "SNIGDHA",
                        "trip_id": 8368388,
                        "trip_route_id": 51210649,
                        "route_id": 19979,
                        "fare": "270.00",
                        "vat_percent": 15,
                        "vat_amount": 41,
                        "seat_counts": {
                            "online": 0,
                            "offline": 0,
                            "is_divided": true
                        }
                    },
                    {
                        "key": 7,
                        "type": "S_CHAIR",
                        "trip_id": 8368389,
                        "trip_route_id": 51210771,
                        "route_id": 19979,
                        "fare": "165.00",
                        "vat_percent": 0,
                        "vat_amount": 0,
                        "seat_counts": {
                            "online": 2,
                            "offline": 1,
                            "is_divided": true
                        }
                    }
                ],
                "train_model": "747",
                "is_open_for_all": true,
                "is_eid_trip": 0,
                "boarding_points": [
                    {
                        "trip_point_id": 106952813,
                        "location_id": 2779,
                        "location_name": "Bheramara Station",
                        "location_time": "12:55 AM"
                    }
                ],
                "is_international": 0,
                "is_from_city_international": false
            }
        ],
        "selected_seat_class": "S_CHAIR"
    },
    "extra": {
        "hash": "5BAB48A496E05688B76D5033BAA9814C"
    }
}