{
    "data": {
        "trains": [
            {
                "trip_number": "KAPOTAKSHA EXPRESS (715)",
                "departure_date_time": "28 Nov, 10:27 am",
                "departure_full_date": "2024-11-28",
                "departure_date_time_jd": "Thu, 28 Nov 2024, 10:27 AM",
                "arrival_date_time": "28 Nov, 10:50 am",
                "travel_time": "00h 23m",
                "origin_city_name": "bheramara",
                "destination_city_name": "ishwardi",
                "seat_types": [
                    {
                        "key": 7,
                        "type": "S_CHAIR",
                        "trip_id": 8368765,
                        "trip_route_id": 51224844,
                        "route_id": 21448,
                        "fare": "70.00",
                        "vat_percent": 0,
                        "vat_amount": 0,
                        "seat_counts": {
                            "online": 0,
                            "offline": 0,
                            "is_divided": true
                        }
                    }
                ],
                "train_model": "715",
                "is_open_for_all": true,
                "is_eid_trip": 0,
                "boarding_points": [
                    {
                        "trip_point_id": 106960885,
                        "location_id": 2779,
                        "location_name": "Bheramara Station",
                        "location_time": "10:27 AM"
                    }
                ],
                "is_international": 0,
                "is_from_city_international": false
            },
            {
                "trip_number": "CHITRA EXPRESS (763)",
                "departure_date_time": "28 Nov, 12:54 pm",
                "departure_full_date": "2024-11-28",
                "departure_date_time_jd": "Thu, 28 Nov 2024, 12:54 PM",
                "arrival_date_time": "28 Nov, 01:15 pm",
                "travel_time": "00h 21m",
                "origin_city_name": "bheramara",
                "destination_city_name": "ishwardi",
                "seat_types": [
                    {
                        "key": 3,
                        "type": "SNIGDHA",
                        "trip_id": 8368735,
                        "trip_route_id": 51223062,
                        "route_id": 25093,
                        "fare": "115.00",
                        "vat_percent": 15,
                        "vat_amount": 18,
                        "seat_counts": {
                            "online": 0,
                            "offline": 0,
                            "is_divided": true
                        }
                    },
                    {
                        "key": 7,
                        "type": "S_CHAIR",
                        "trip_id": 8368755,
                        "trip_route_id": 51224123,
                        "route_id": 25093,
                        "fare": "70.00",
                        "vat_percent": 0,
                        "vat_amount": 0,
                        "seat_counts": {
                            "online": 4,
                            "offline": 3,
                            "is_divided": true
                        }
                    }
                ],
                "train_model": "763",
                "is_open_for_all": true,
                "is_eid_trip": 0,
                "boarding_points": [
                    {
                        "trip_point_id": 106959968,
                        "location_id": 2779,
                        "location_name": "Bheramara Station",
                        "location_time": "12:54 PM"
                    }
                ],
                "is_international": 0,
                "is_from_city_international": false
            },
            {
                "trip_number": "SAGARDARI EXPRESS (761)",
                "departure_date_time": "28 Nov, 07:50 pm",
                "departure_full_date": "2024-11-28",
                "departure_date_time_jd": "Thu, 28 Nov 2024, 07:50 PM",
                "arrival_date_time": "28 Nov, 08:15 pm",
                "travel_time": "00h 25m",
                "origin_city_name": "bheramara",
                "destination_city_name": "ishwardi",
                "seat_types": [
                    {
                        "key": 7,
                        "type": "S_CHAIR",
                        "trip_id": 8368766,
                        "trip_route_id": 51224909,
                        "route_id": 21448,
                        "fare": "70.00",
                        "vat_percent": 0,
                        "vat_amount": 0,
                        "seat_counts": {
                            "online": 0,
                            "offline": 0,
                            "is_divided": true
                        }
                    }
                ],
                "train_model": "761",
                "is_open_for_all": true,
                "is_eid_trip": 0,
                "boarding_points": [
                    {
                        "trip_point_id": 106960915,
                        "location_id": 2779,
                        "location_name": "Bheramara Station",
                        "location_time": "07:50 PM"
                    }
                ],
                "is_international": 0,
                "is_from_city_international": false
            }
        ],
        "selected_seat_class": "S_CHAIR"
    },
    "extra": {
        "hash": "88E00379AB924FAF93ACD45CF0B3C41E"
    }
}