{
    "data": {
        "trains": [
            {
                "trip_number": "PARABAT EXPRESS (709)",
                "departure_date_time": "28 Nov, 06:58 am",
                "departure_full_date": "2024-11-28",
                "departure_date_time_jd": "Thu, 28 Nov 2024, 06:58 AM",
                "arrival_date_time": "28 Nov, 01:00 pm",
                "travel_time": "06h 02m",
                "origin_city_name": "biman_bandar",
                "destination_city_name": "sylhet",
                "seat_types": [
                    {
                        "key": 3,
                        "type": "SNIGDHA",
                        "trip_id": 8368790,
                        "trip_route_id": 51226164,
                        "route_id": 22135,
                        "fare": "625.00",
                        "vat_percent": 15,
                        "vat_amount": 94,
                        "seat_counts": {
                            "online": 0,
                            "offline": 0,
                            "is_divided": true
                        }
                    },
                    {
                        "key": 7,
                        "type": "S_CHAIR",
                        "trip_id": 8368832,
                        "trip_route_id": 51227221,
                        "route_id": 22135,
                        "fare": "375.00",
                        "vat_percent": 0,
                        "vat_amount": 0,
                        "seat_counts": {
                            "online": 0,
                            "offline": 0,
                            "is_divided": true
                        }
                    },
                    {
                        "key": 5,
                        "type": "F_SEAT",
                        "trip_id": 8368833,
                        "trip_route_id": 51227258,
                        "route_id": 22135,
                        "fare": "500.00",
                        "vat_percent": 15,
                        "vat_amount": 75,
                        "seat_counts": {
                            "online": 0,
                            "offline": 0,
                            "is_divided": true
                        }
                    },
                    {
                        "key": 2,
                        "type": "AC_S",
                        "trip_id": 8368834,
                        "trip_route_id": 51227293,
                        "route_id": 22135,
                        "fare": "750.00",
                        "vat_percent": 15,
                        "vat_amount": 113,
                        "seat_counts": {
                            "online": 0,
                            "offline": 0,
                            "is_divided": true
                        }
                    }
                ],
                "train_model": "709",
                "is_open_for_all": true,
                "is_eid_trip": 0,
                "boarding_points": [
                    {
                        "trip_point_id": 106961503,
                        "location_id": 2702,
                        "location_name": "Biman_Bandar Station",
                        "location_time": "06:58 AM"
                    }
                ],
                "is_international": 0,
                "is_from_city_international": false
            },
            {
                "trip_number": "JAYENTIKA EXPRESS (717)",
                "departure_date_time": "28 Nov, 11:43 am",
                "departure_full_date": "2024-11-28",
                "departure_date_time_jd": "Thu, 28 Nov 2024, 11:43 AM",
                "arrival_date_time": "28 Nov, 07:00 pm",
                "travel_time": "07h 17m",
                "origin_city_name": "biman_bandar",
                "destination_city_name": "sylhet",
                "seat_types": [
                    {
                        "key": 3,
                        "type": "SNIGDHA",
                        "trip_id": 8368794,
                        "trip_route_id": 51226339,
                        "route_id": 22313,
                        "fare": "625.00",
                        "vat_percent": 15,
                        "vat_amount": 94,
                        "seat_counts": {
                            "online": 0,
                            "offline": 0,
                            "is_divided": true
                        }
                    },
                    {
                        "key": 7,
                        "type": "S_CHAIR",
                        "trip_id": 8368840,
                        "trip_route_id": 51227549,
                        "route_id": 22313,
                        "fare": "375.00",
                        "vat_percent": 0,
                        "vat_amount": 0,
                        "seat_counts": {
                            "online": 0,
                            "offline": 0,
                            "is_divided": true
                        }
                    },
                    {
                        "key": 2,
                        "type": "AC_S",
                        "trip_id": 8368841,
                        "trip_route_id": 51227584,
                        "route_id": 22313,
                        "fare": "750.00",
                        "vat_percent": 15,
                        "vat_amount": 113,
                        "seat_counts": {
                            "online": 0,
                            "offline": 0,
                            "is_divided": true
                        }
                    }
                ],
                "train_model": "717",
                "is_open_for_all": true,
                "is_eid_trip": 0,
                "boarding_points": [
                    {
                        "trip_point_id": 106961594,
                        "location_id": 2702,
                        "location_name": "Biman_Bandar Station",
                        "location_time": "11:43 AM"
                    }
                ],
                "is_international": 0,
                "is_from_city_international": false
            },
            {
                "trip_number": "KALNI EXPRESS (773)",
                "departure_date_time": "28 Nov, 03:23 pm",
                "departure_full_date": "2024-11-28",
                "departure_date_time_jd": "Thu, 28 Nov 2024, 03:23 PM",
                "arrival_date_time": "28 Nov, 09:30 pm",
                "travel_time": "06h 07m",
                "origin_city_name": "biman_bandar",
                "destination_city_name": "sylhet",
                "seat_types": [
                    {
                        "key": 3,
                        "type": "SNIGDHA",
                        "trip_id": 8368828,
                        "trip_route_id": 51227109,
                        "route_id": 22855,
                        "fare": "625.00",
                        "vat_percent": 15,
                        "vat_amount": 94,
                        "seat_counts": {
                            "online": 0,
                            "offline": 0,
                            "is_divided": true
                        }
                    },
                    {
                        "key": 2,
                        "type": "AC_S",
                        "trip_id": 8368892,
                        "trip_route_id": 51228771,
                        "route_id": 22855,
                        "fare": "750.00",
                        "vat_percent": 15,
                        "vat_amount": 113,
                        "seat_counts": {
                            "online": 0,
                            "offline": 0,
                            "is_divided": true
                        }
                    },
                    {
                        "key": 7,
                        "type": "S_CHAIR",
                        "trip_id": 8368906,
                        "trip_route_id": 51228959,
                        "route_id": 22855,
                        "fare": "375.00",
                        "vat_percent": 0,
                        "vat_amount": 0,
                        "seat_counts": {
                            "online": 0,
                            "offline": 0,
                            "is_divided": true
                        }
                    }
                ],
                "train_model": "773",
                "is_open_for_all": true,
                "is_eid_trip": 0,
                "boarding_points": [
                    {
                        "trip_point_id": 106962155,
                        "location_id": 2702,
                        "location_name": "Biman_Bandar Station",
                        "location_time": "03:23 PM"
                    }
                ],
                "is_international": 0,
                "is_from_city_international": false
            },
            {
                "trip_number": "UPABAN EXPRESS (739)",
                "departure_date_time": "28 Nov, 10:28 pm",
                "departure_full_date": "2024-11-28",
                "departure_date_time_jd": "Thu, 28 Nov 2024, 10:28 PM",
                "arrival_date_time": "29 Nov, 05:00 am",
                "travel_time": "06h 32m",
                "origin_city_name": "biman_bandar",
                "destination_city_name": "sylhet",
                "seat_types": [
                    {
                        "key": 3,
                        "type": "SNIGDHA",
                        "trip_id": 8368811,
                        "trip_route_id": 51226731,
                        "route_id": 22774,
                        "fare": "625.00",
                        "vat_percent": 15,
                        "vat_amount": 94,
                        "seat_counts": {
                            "online": 0,
                            "offline": 0,
                            "is_divided": true
                        }
                    },
                    {
                        "key": 1,
                        "type": "AC_B",
                        "trip_id": 8368866,
                        "trip_route_id": 51228230,
                        "route_id": 22774,
                        "fare": "1120.00",
                        "vat_percent": 15,
                        "vat_amount": 168,
                        "seat_counts": {
                            "online": 0,
                            "offline": 0,
                            "is_divided": true
                        }
                    },
                    {
                        "key": 7,
                        "type": "S_CHAIR",
                        "trip_id": 8368867,
                        "trip_route_id": 51228254,
                        "route_id": 22774,
                        "fare": "375.00",
                        "vat_percent": 0,
                        "vat_amount": 0,
                        "seat_counts": {
                            "online": 0,
                            "offline": 0,
                            "is_divided": true
                        }
                    }
                ],
                "train_model": "739",
                "is_open_for_all": true,
                "is_eid_trip": 0,
                "boarding_points": [
                    {
                        "trip_point_id": 106961888,
                        "location_id": 2702,
                        "location_name": "Biman_Bandar Station",
                        "location_time": "10:28 PM"
                    }
                ],
                "is_international": 0,
                "is_from_city_international": false
            }
        ],
        "selected_seat_class": "S_CHAIR"
    },
    "extra": {
        "hash": "88E00379AB924FAF93ACD45CF0B3C41E"
    }
}