{
    "data": {
        "trains": [
            {
                "trip_number": "TISTA EXPRESS (707)",
                "departure_date_time": "28 Nov, 07:58 am",
                "departure_full_date": "2024-11-28",
                "departure_date_time_jd": "Thu, 28 Nov 2024, 07:58 AM",
                "arrival_date_time": "28 Nov, 12:30 pm",
                "travel_time": "04h 32m",
                "origin_city_name": "biman_bandar",
                "destination_city_name": "dewanganj_bazar",
                "seat_types": [
                    {
                        "key": 3,
                        "type": "SNIGDHA",
                        "trip_id": 8368788,
                        "trip_route_id": 51226105,
                        "route_id": 22076,
                        "fare": "415.00",
                        "vat_percent": 15,
                        "vat_amount": 63,
                        "seat_counts": {
                            "online": 21,
                            "offline": 21,
                            "is_divided": true
                        }
                    },
                    {
                        "key": 7,
                        "type": "S_CHAIR",
                        "trip_id": 8368820,
                        "trip_route_id": 51226920,
                        "route_id": 22076,
                        "fare": "250.00",
                        "vat_percent": 0,
                        "vat_amount": 0,
                        "seat_counts": {
                            "online": 0,
                            "offline": 0,
                            "is_divided": true
                        }
                    },
                    {
                        "key": 5,
                        "type": "F_SEAT",
                        "trip_id": 8368821,
                        "trip_route_id": 51226949,
                        "route_id": 22076,
                        "fare": "335.00",
                        "vat_percent": 15,
                        "vat_amount": 51,
                        "seat_counts": {
                            "online": 0,
                            "offline": 0,
                            "is_divided": true
                        }
                    },
                    {
                        "key": 2,
                        "type": "AC_S",
                        "trip_id": 8368822,
                        "trip_route_id": 51226978,
                        "route_id": 22076,
                        "fare": "500.00",
                        "vat_percent": 15,
                        "vat_amount": 75,
                        "seat_counts": {
                            "online": 0,
                            "offline": 0,
                            "is_divided": true
                        }
                    }
                ],
                "train_model": "707",
                "is_open_for_all": true,
                "is_eid_trip": 0,
                "boarding_points": [
                    {
                        "trip_point_id": 106961467,
                        "location_id": 2702,
                        "location_name": "Biman_Bandar Station",
                        "location_time": "07:58 AM"
                    }
                ],
                "is_international": 0,
                "is_from_city_international": false
            },
            {
                "trip_number": "BHRAMMAPUTRA EXPRESS (743)",
                "departure_date_time": "28 Nov, 06:43 pm",
                "departure_full_date": "2024-11-28",
                "departure_date_time_jd": "Thu, 28 Nov 2024, 06:43 PM",
                "arrival_date_time": "28 Nov, 11:50 pm",
                "travel_time": "05h 07m",
                "origin_city_name": "biman_bandar",
                "destination_city_name": "dewanganj_bazar",
                "seat_types": [
                    {
                        "key": 3,
                        "type": "SNIGDHA",
                        "trip_id": 8368805,
                        "trip_route_id": 51226615,
                        "route_id": 22076,
                        "fare": "415.00",
                        "vat_percent": 15,
                        "vat_amount": 63,
                        "seat_counts": {
                            "online": 0,
                            "offline": 0,
                            "is_divided": true
                        }
                    },
                    {
                        "key": 7,
                        "type": "S_CHAIR",
                        "trip_id": 8368876,
                        "trip_route_id": 51228410,
                        "route_id": 22076,
                        "fare": "250.00",
                        "vat_percent": 0,
                        "vat_amount": 0,
                        "seat_counts": {
                            "online": 0,
                            "offline": 0,
                            "is_divided": true
                        }
                    }
                ],
                "train_model": "743",
                "is_open_for_all": true,
                "is_eid_trip": 0,
                "boarding_points": [
                    {
                        "trip_point_id": 106961790,
                        "location_id": 2702,
                        "location_name": "Biman_Bandar Station",
                        "location_time": "06:43 PM"
                    }
                ],
                "is_international": 0,
                "is_from_city_international": false
            }
        ],
        "selected_seat_class": "S_CHAIR"
    },
    "extra": {
        "hash": "88E00379AB924FAF93ACD45CF0B3C41E"
    }
}