{
    "data": {
        "trains": [
            {
                "trip_number": "KISHORGANJ EXPRESS (781)",
                "departure_date_time": "28 Nov, 10:58 am",
                "departure_full_date": "2024-11-28",
                "departure_date_time_jd": "Thu, 28 Nov 2024, 10:58 AM",
                "arrival_date_time": "28 Nov, 11:58 am",
                "travel_time": "01h 00m",
                "origin_city_name": "biman_bandar",
                "destination_city_name": "methikanda",
                "seat_types": [
                    {
                        "key": 7,
                        "type": "S_CHAIR",
                        "trip_id": 8368909,
                        "trip_route_id": 51229051,
                        "route_id": 22984,
                        "fare": "90.00",
                        "vat_percent": 0,
                        "vat_amount": 0,
                        "seat_counts": {
                            "online": 0,
                            "offline": 0,
                            "is_divided": true
                        }
                    }
                ],
                "train_model": "781",
                "is_open_for_all": true,
                "is_eid_trip": 0,
                "boarding_points": [
                    {
                        "trip_point_id": 106963546,
                        "location_id": 2702,
                        "location_name": "Biman_Bandar Station",
                        "location_time": "10:58 AM"
                    }
                ],
                "is_international": 0,
                "is_from_city_international": false
            }
        ],
        "selected_seat_class": "S_CHAIR"
    },
    "extra": {
        "hash": "88E00379AB924FAF93ACD45CF0B3C41E"
    }
}