{
    "data": {
        "trains": [
            {
                "trip_number": "HAWR EXPRESS (777)",
                "departure_date_time": "28 Nov, 10:43 pm",
                "departure_full_date": "2024-11-28",
                "departure_date_time_jd": "Thu, 28 Nov 2024, 10:43 PM",
                "arrival_date_time": "29 Nov, 01:35 am",
                "travel_time": "02h 52m",
                "origin_city_name": "biman_bandar",
                "destination_city_name": "gouripur_myn",
                "seat_types": [
                    {
                        "key": 8,
                        "type": "SHOVAN",
                        "trip_id": 8368922,
                        "trip_route_id": 51229367,
                        "route_id": 23135,
                        "fare": "160.00",
                        "vat_percent": 0,
                        "vat_amount": 0,
                        "seat_counts": {
                            "online": 0,
                            "offline": 0,
                            "is_divided": true
                        }
                    }
                ],
                "train_model": "777",
                "is_open_for_all": true,
                "is_eid_trip": 0,
                "boarding_points": [
                    {
                        "trip_point_id": 106963771,
                        "location_id": 2702,
                        "location_name": "Biman_Bandar Station",
                        "location_time": "10:43 PM"
                    }
                ],
                "is_international": 0,
                "is_from_city_international": false
            }
        ],
        "selected_seat_class": "S_CHAIR"
    },
    "extra": {
        "hash": "5BAB48A496E05688B76D5033BAA9814C"
    }
}