{
    "data": {
        "trains": [
            {
                "trip_number": "SIRAJGANJ EXPRESS (776)",
                "departure_date_time": "28 Nov, 04:43 pm",
                "departure_full_date": "2024-11-28",
                "departure_date_time_jd": "Thu, 28 Nov 2024, 04:43 PM",
                "arrival_date_time": "28 Nov, 08:40 pm",
                "travel_time": "03h 57m",
                "origin_city_name": "biman_bandar",
                "destination_city_name": "sirajganj_bazar",
                "seat_types": [
                    {
                        "key": 8,
                        "type": "SHOVAN",
                        "trip_id": 8368719,
                        "trip_route_id": 51221991,
                        "route_id": 19869,
                        "fare": "230.00",
                        "vat_percent": 0,
                        "vat_amount": 0,
                        "seat_counts": {
                            "online": 5,
                            "offline": 5,
                            "is_divided": true
                        }
                    },
                    {
                        "key": 7,
                        "type": "S_CHAIR",
                        "trip_id": 8368774,
                        "trip_route_id": 51225356,
                        "route_id": 19869,
                        "fare": "275.00",
                        "vat_percent": 0,
                        "vat_amount": 0,
                        "seat_counts": {
                            "online": 0,
                            "offline": 0,
                            "is_divided": true
                        }
                    },
                    {
                        "key": 5,
                        "type": "F_SEAT",
                        "trip_id": 8368943,
                        "trip_route_id": 51230105,
                        "route_id": 19869,
                        "fare": "365.00",
                        "vat_percent": 15,
                        "vat_amount": 55,
                        "seat_counts": {
                            "online": 2,
                            "offline": 2,
                            "is_divided": true
                        }
                    }
                ],
                "train_model": "776",
                "is_open_for_all": true,
                "is_eid_trip": 0,
                "boarding_points": [
                    {
                        "trip_point_id": 106959433,
                        "location_id": 2702,
                        "location_name": "Biman_Bandar Station",
                        "location_time": "04:43 PM"
                    }
                ],
                "is_international": 0,
                "is_from_city_international": false
            }
        ],
        "selected_seat_class": "S_CHAIR"
    },
    "extra": {
        "hash": "88E00379AB924FAF93ACD45CF0B3C41E"
    }
}