{
    "data": {
        "trains": [
            {
                "trip_number": "PARABAT EXPRESS (709)",
                "departure_date_time": "28 Nov, 06:58 am",
                "departure_full_date": "2024-11-28",
                "departure_date_time_jd": "Thu, 28 Nov 2024, 06:58 AM",
                "arrival_date_time": "28 Nov, 08:50 am",
                "travel_time": "01h 52m",
                "origin_city_name": "biman_bandar",
                "destination_city_name": "azampur",
                "seat_types": [
                    {
                        "key": 3,
                        "type": "SNIGDHA",
                        "trip_id": 8368790,
                        "trip_route_id": 51226170,
                        "route_id": 22131,
                        "fare": "285.00",
                        "vat_percent": 15,
                        "vat_amount": 43,
                        "seat_counts": {
                            "online": 0,
                            "offline": 0,
                            "is_divided": true
                        }
                    },
                    {
                        "key": 7,
                        "type": "S_CHAIR",
                        "trip_id": 8368832,
                        "trip_route_id": 51227227,
                        "route_id": 22131,
                        "fare": "175.00",
                        "vat_percent": 0,
                        "vat_amount": 0,
                        "seat_counts": {
                            "online": 0,
                            "offline": 0,
                            "is_divided": true
                        }
                    },
                    {
                        "key": 5,
                        "type": "F_SEAT",
                        "trip_id": 8368833,
                        "trip_route_id": 51227264,
                        "route_id": 22131,
                        "fare": "230.00",
                        "vat_percent": 15,
                        "vat_amount": 35,
                        "seat_counts": {
                            "online": 0,
                            "offline": 0,
                            "is_divided": true
                        }
                    },
                    {
                        "key": 2,
                        "type": "AC_S",
                        "trip_id": 8368834,
                        "trip_route_id": 51227299,
                        "route_id": 22131,
                        "fare": "345.00",
                        "vat_percent": 15,
                        "vat_amount": 52,
                        "seat_counts": {
                            "online": 0,
                            "offline": 0,
                            "is_divided": true
                        }
                    }
                ],
                "train_model": "709",
                "is_open_for_all": true,
                "is_eid_trip": 0,
                "boarding_points": [
                    {
                        "trip_point_id": 106961503,
                        "location_id": 2702,
                        "location_name": "Biman_Bandar Station",
                        "location_time": "06:58 AM"
                    }
                ],
                "is_international": 0,
                "is_from_city_international": false
            }
        ],
        "selected_seat_class": "S_CHAIR"
    },
    "extra": {
        "hash": "88E00379AB924FAF93ACD45CF0B3C41E"
    }
}