{
    "data": {
        "trains": [
            {
                "trip_number": "CHILAHATI EXPRESS (805)",
                "departure_date_time": "28 Nov, 12:15 am",
                "departure_full_date": "2024-11-28",
                "departure_date_time_jd": "Thu, 28 Nov 2024, 12:15 AM",
                "arrival_date_time": "28 Nov, 02:21 am",
                "travel_time": "02h 06m",
                "origin_city_name": "birampur",
                "destination_city_name": "domar",
                "seat_types": [
                    {
                        "key": 7,
                        "type": "S_CHAIR",
                        "trip_id": 8368605,
                        "trip_route_id": 51219180,
                        "route_id": 24736,
                        "fare": "120.00",
                        "vat_percent": 0,
                        "vat_amount": 0,
                        "seat_counts": {
                            "online": 0,
                            "offline": 0,
                            "is_divided": true
                        }
                    }
                ],
                "train_model": "805",
                "is_open_for_all": true,
                "is_eid_trip": 0,
                "boarding_points": [
                    {
                        "trip_point_id": 106957614,
                        "location_id": 2781,
                        "location_name": "Birampur Station",
                        "location_time": "12:15 AM"
                    }
                ],
                "is_international": 0,
                "is_from_city_international": false
            },
            {
                "trip_number": "SIMANTA EXPRESS (747)",
                "departure_date_time": "28 Nov, 04:29 am",
                "departure_full_date": "2024-11-28",
                "departure_date_time_jd": "Thu, 28 Nov 2024, 04:29 AM",
                "arrival_date_time": "28 Nov, 06:09 am",
                "travel_time": "01h 40m",
                "origin_city_name": "birampur",
                "destination_city_name": "domar",
                "seat_types": [
                    {
                        "key": 1,
                        "type": "AC_B",
                        "trip_id": 8368387,
                        "trip_route_id": 51210447,
                        "route_id": 20015,
                        "fare": "350.00",
                        "vat_percent": 15,
                        "vat_amount": 53,
                        "seat_counts": {
                            "online": 0,
                            "offline": 0,
                            "is_divided": true
                        }
                    },
                    {
                        "key": 3,
                        "type": "SNIGDHA",
                        "trip_id": 8368388,
                        "trip_route_id": 51210563,
                        "route_id": 20015,
                        "fare": "195.00",
                        "vat_percent": 15,
                        "vat_amount": 30,
                        "seat_counts": {
                            "online": 0,
                            "offline": 0,
                            "is_divided": true
                        }
                    },
                    {
                        "key": 7,
                        "type": "S_CHAIR",
                        "trip_id": 8368389,
                        "trip_route_id": 51210681,
                        "route_id": 20015,
                        "fare": "120.00",
                        "vat_percent": 0,
                        "vat_amount": 0,
                        "seat_counts": {
                            "online": 0,
                            "offline": 0,
                            "is_divided": true
                        }
                    }
                ],
                "train_model": "747",
                "is_open_for_all": true,
                "is_eid_trip": 0,
                "boarding_points": [
                    {
                        "trip_point_id": 106952800,
                        "location_id": 2781,
                        "location_name": "Birampur Station",
                        "location_time": "04:29 AM"
                    }
                ],
                "is_international": 0,
                "is_from_city_international": false
            },
            {
                "trip_number": "TITUMIR EXPRESS (733)",
                "departure_date_time": "28 Nov, 10:13 am",
                "departure_full_date": "2024-11-28",
                "departure_date_time_jd": "Thu, 28 Nov 2024, 10:13 AM",
                "arrival_date_time": "28 Nov, 12:30 pm",
                "travel_time": "02h 17m",
                "origin_city_name": "birampur",
                "destination_city_name": "domar",
                "seat_types": [
                    {
                        "key": 7,
                        "type": "S_CHAIR",
                        "trip_id": 8368780,
                        "trip_route_id": 51225705,
                        "route_id": 20244,
                        "fare": "120.00",
                        "vat_percent": 0,
                        "vat_amount": 0,
                        "seat_counts": {
                            "online": 0,
                            "offline": 0,
                            "is_divided": true
                        }
                    }
                ],
                "train_model": "733",
                "is_open_for_all": true,
                "is_eid_trip": 0,
                "boarding_points": [
                    {
                        "trip_point_id": 106961290,
                        "location_id": 2781,
                        "location_name": "Birampur Station",
                        "location_time": "10:13 AM"
                    }
                ],
                "is_international": 0,
                "is_from_city_international": false
            }
        ],
        "selected_seat_class": "S_CHAIR"
    },
    "extra": {
        "hash": "5BAB48A496E05688B76D5033BAA9814C"
    }
}