{
    "data": {
        "trains": [
            {
                "trip_number": "LALMONI EXPRESS (751)",
                "departure_date_time": "28 Nov, 04:33 am",
                "departure_full_date": "2024-11-28",
                "departure_date_time_jd": "Thu, 28 Nov 2024, 04:33 AM",
                "arrival_date_time": "28 Nov, 05:48 am",
                "travel_time": "01h 15m",
                "origin_city_name": "bogura",
                "destination_city_name": "gaibandha",
                "seat_types": [
                    {
                        "key": 7,
                        "type": "S_CHAIR",
                        "trip_id": 8368383,
                        "trip_route_id": 51210288,
                        "route_id": 24671,
                        "fare": "75.00",
                        "vat_percent": 0,
                        "vat_amount": 0,
                        "seat_counts": {
                            "online": 7,
                            "offline": 6,
                            "is_divided": true
                        }
                    }
                ],
                "train_model": "751",
                "is_open_for_all": true,
                "is_eid_trip": 0,
                "boarding_points": [
                    {
                        "trip_point_id": 106952656,
                        "location_id": 2726,
                        "location_name": "Bogura Station",
                        "location_time": "04:33 AM"
                    }
                ],
                "is_international": 0,
                "is_from_city_international": false
            },
            {
                "trip_number": "KOROTOA EXPRESS (713)",
                "departure_date_time": "28 Nov, 10:03 am",
                "departure_full_date": "2024-11-28",
                "departure_date_time_jd": "Thu, 28 Nov 2024, 10:03 AM",
                "arrival_date_time": "28 Nov, 11:29 am",
                "travel_time": "01h 26m",
                "origin_city_name": "bogura",
                "destination_city_name": "gaibandha",
                "seat_types": [
                    {
                        "key": 7,
                        "type": "S_CHAIR",
                        "trip_id": 8368777,
                        "trip_route_id": 51225432,
                        "route_id": 21130,
                        "fare": "75.00",
                        "vat_percent": 0,
                        "vat_amount": 0,
                        "seat_counts": {
                            "online": 44,
                            "offline": 44,
                            "is_divided": true
                        }
                    }
                ],
                "train_model": "713",
                "is_open_for_all": true,
                "is_eid_trip": 0,
                "boarding_points": [
                    {
                        "trip_point_id": 106961192,
                        "location_id": 2726,
                        "location_name": "Bogura Station",
                        "location_time": "10:03 AM"
                    }
                ],
                "is_international": 0,
                "is_from_city_international": false
            },
            {
                "trip_number": "DOLONCHAPA EXPRESS (767)",
                "departure_date_time": "28 Nov, 11:54 am",
                "departure_full_date": "2024-11-28",
                "departure_date_time_jd": "Thu, 28 Nov 2024, 11:54 AM",
                "arrival_date_time": "28 Nov, 01:35 pm",
                "travel_time": "01h 41m",
                "origin_city_name": "bogura",
                "destination_city_name": "gaibandha",
                "seat_types": [
                    {
                        "key": 7,
                        "type": "S_CHAIR",
                        "trip_id": 8368781,
                        "trip_route_id": 51225827,
                        "route_id": 24660,
                        "fare": "75.00",
                        "vat_percent": 0,
                        "vat_amount": 0,
                        "seat_counts": {
                            "online": 12,
                            "offline": 12,
                            "is_divided": true
                        }
                    },
                    {
                        "key": 8,
                        "type": "SHOVAN",
                        "trip_id": 8368944,
                        "trip_route_id": 51230134,
                        "route_id": 24660,
                        "fare": "65.00",
                        "vat_percent": 0,
                        "vat_amount": 0,
                        "seat_counts": {
                            "online": 10,
                            "offline": 10,
                            "is_divided": true
                        }
                    }
                ],
                "train_model": "767",
                "is_open_for_all": true,
                "is_eid_trip": 0,
                "boarding_points": [
                    {
                        "trip_point_id": 106961325,
                        "location_id": 2726,
                        "location_name": "Bogura Station",
                        "location_time": "11:54 AM"
                    }
                ],
                "is_international": 0,
                "is_from_city_international": false
            },
            {
                "trip_number": "BURIMARI EXPRESS (809)",
                "departure_date_time": "28 Nov, 03:05 pm",
                "departure_full_date": "2024-11-28",
                "departure_date_time_jd": "Thu, 28 Nov 2024, 03:05 PM",
                "arrival_date_time": "28 Nov, 04:24 pm",
                "travel_time": "01h 19m",
                "origin_city_name": "bogura",
                "destination_city_name": "gaibandha",
                "seat_types": [
                    {
                        "key": 3,
                        "type": "SNIGDHA",
                        "trip_id": 8369003,
                        "trip_route_id": 51230996,
                        "route_id": 26182,
                        "fare": "125.00",
                        "vat_percent": 15,
                        "vat_amount": 19,
                        "seat_counts": {
                            "online": 2,
                            "offline": 2,
                            "is_divided": true
                        }
                    },
                    {
                        "key": 7,
                        "type": "S_CHAIR",
                        "trip_id": 8369004,
                        "trip_route_id": 51231034,
                        "route_id": 26182,
                        "fare": "75.00",
                        "vat_percent": 0,
                        "vat_amount": 0,
                        "seat_counts": {
                            "online": 18,
                            "offline": 17,
                            "is_divided": true
                        }
                    }
                ],
                "train_model": "809",
                "is_open_for_all": true,
                "is_eid_trip": 0,
                "boarding_points": [
                    {
                        "trip_point_id": 106964834,
                        "location_id": 2726,
                        "location_name": "Bogura Station",
                        "location_time": "03:05 PM"
                    }
                ],
                "is_international": 0,
                "is_from_city_international": false
            },
            {
                "trip_number": "RANGPUR EXPRESS (771)",
                "departure_date_time": "28 Nov, 03:59 pm",
                "departure_full_date": "2024-11-28",
                "departure_date_time_jd": "Thu, 28 Nov 2024, 03:59 PM",
                "arrival_date_time": "28 Nov, 05:20 pm",
                "travel_time": "01h 21m",
                "origin_city_name": "bogura",
                "destination_city_name": "gaibandha",
                "seat_types": [
                    {
                        "key": 3,
                        "type": "SNIGDHA",
                        "trip_id": 8368680,
                        "trip_route_id": 51220212,
                        "route_id": 26574,
                        "fare": "125.00",
                        "vat_percent": 15,
                        "vat_amount": 19,
                        "seat_counts": {
                            "online": 1,
                            "offline": 1,
                            "is_divided": true
                        }
                    },
                    {
                        "key": 7,
                        "type": "S_CHAIR",
                        "trip_id": 8368681,
                        "trip_route_id": 51220254,
                        "route_id": 26574,
                        "fare": "75.00",
                        "vat_percent": 0,
                        "vat_amount": 0,
                        "seat_counts": {
                            "online": 15,
                            "offline": 15,
                            "is_divided": true
                        }
                    }
                ],
                "train_model": "771",
                "is_open_for_all": true,
                "is_eid_trip": 0,
                "boarding_points": [
                    {
                        "trip_point_id": 106958425,
                        "location_id": 2726,
                        "location_name": "Bogura Station",
                        "location_time": "03:59 PM"
                    }
                ],
                "is_international": 0,
                "is_from_city_international": false
            }
        ],
        "selected_seat_class": "S_CHAIR"
    },
    "extra": {
        "hash": "88E00379AB924FAF93ACD45CF0B3C41E"
    }
}