{
    "data": {
        "trains": [
            {
                "trip_number": "DOLONCHAPA EXPRESS (767)",
                "departure_date_time": "28 Nov, 01:09 pm",
                "departure_full_date": "2024-11-28",
                "departure_date_time_jd": "Thu, 28 Nov 2024, 01:09 PM",
                "arrival_date_time": "28 Nov, 03:42 pm",
                "travel_time": "02h 33m",
                "origin_city_name": "bonar_para",
                "destination_city_name": "rangpur",
                "seat_types": [
                    {
                        "key": 7,
                        "type": "S_CHAIR",
                        "trip_id": 8368781,
                        "trip_route_id": 51225869,
                        "route_id": 23548,
                        "fare": "110.00",
                        "vat_percent": 0,
                        "vat_amount": 0,
                        "seat_counts": {
                            "online": 4,
                            "offline": 4,
                            "is_divided": true
                        }
                    },
                    {
                        "key": 8,
                        "type": "SHOVAN",
                        "trip_id": 8368944,
                        "trip_route_id": 51230189,
                        "route_id": 23548,
                        "fare": "90.00",
                        "vat_percent": 0,
                        "vat_amount": 0,
                        "seat_counts": {
                            "online": 5,
                            "offline": 4,
                            "is_divided": true
                        }
                    }
                ],
                "train_model": "767",
                "is_open_for_all": true,
                "is_eid_trip": 0,
                "boarding_points": [
                    {
                        "trip_point_id": 106961332,
                        "location_id": 2711,
                        "location_name": "Bonar_Para Station",
                        "location_time": "01:09 PM"
                    }
                ],
                "is_international": 0,
                "is_from_city_international": false
            },
            {
                "trip_number": "RANGPUR EXPRESS (771)",
                "departure_date_time": "28 Nov, 04:50 pm",
                "departure_full_date": "2024-11-28",
                "departure_date_time_jd": "Thu, 28 Nov 2024, 04:50 PM",
                "arrival_date_time": "28 Nov, 07:10 pm",
                "travel_time": "02h 20m",
                "origin_city_name": "bonar_para",
                "destination_city_name": "rangpur",
                "seat_types": [
                    {
                        "key": 2,
                        "type": "AC_S",
                        "trip_id": 8368679,
                        "trip_route_id": 51220191,
                        "route_id": 19468,
                        "fare": "215.00",
                        "vat_percent": 15,
                        "vat_amount": 33,
                        "seat_counts": {
                            "online": 1,
                            "offline": 1,
                            "is_divided": true
                        }
                    },
                    {
                        "key": 3,
                        "type": "SNIGDHA",
                        "trip_id": 8368680,
                        "trip_route_id": 51220233,
                        "route_id": 19468,
                        "fare": "180.00",
                        "vat_percent": 15,
                        "vat_amount": 27,
                        "seat_counts": {
                            "online": 3,
                            "offline": 2,
                            "is_divided": true
                        }
                    },
                    {
                        "key": 7,
                        "type": "S_CHAIR",
                        "trip_id": 8368681,
                        "trip_route_id": 51220284,
                        "route_id": 19468,
                        "fare": "110.00",
                        "vat_percent": 0,
                        "vat_amount": 0,
                        "seat_counts": {
                            "online": 10,
                            "offline": 10,
                            "is_divided": true
                        }
                    }
                ],
                "train_model": "771",
                "is_open_for_all": true,
                "is_eid_trip": 0,
                "boarding_points": [
                    {
                        "trip_point_id": 106958404,
                        "location_id": 2711,
                        "location_name": "Bonar_Para Station",
                        "location_time": "04:50 PM"
                    }
                ],
                "is_international": 0,
                "is_from_city_international": false
            }
        ],
        "selected_seat_class": "S_CHAIR"
    },
    "extra": {
        "hash": "88E00379AB924FAF93ACD45CF0B3C41E"
    }
}