{
    "data": {
        "trains": [
            {
                "trip_number": "LALMONI EXPRESS (751)",
                "departure_date_time": "28 Nov, 05:25 am",
                "departure_full_date": "2024-11-28",
                "departure_date_time_jd": "Thu, 28 Nov 2024, 05:25 AM",
                "arrival_date_time": "28 Nov, 06:20 am",
                "travel_time": "00h 55m",
                "origin_city_name": "bonar_para",
                "destination_city_name": "bamondanga",
                "seat_types": [
                    {
                        "key": 7,
                        "type": "S_CHAIR",
                        "trip_id": 8368383,
                        "trip_route_id": 51210315,
                        "route_id": 24057,
                        "fare": "55.00",
                        "vat_percent": 0,
                        "vat_amount": 0,
                        "seat_counts": {
                            "online": 3,
                            "offline": 2,
                            "is_divided": true
                        }
                    }
                ],
                "train_model": "751",
                "is_open_for_all": true,
                "is_eid_trip": 0,
                "boarding_points": [
                    {
                        "trip_point_id": 106952668,
                        "location_id": 2711,
                        "location_name": "Bonar_Para Station",
                        "location_time": "05:25 AM"
                    }
                ],
                "is_international": 0,
                "is_from_city_international": false
            },
            {
                "trip_number": "KOROTOA EXPRESS (713)",
                "departure_date_time": "28 Nov, 11:06 am",
                "departure_full_date": "2024-11-28",
                "departure_date_time_jd": "Thu, 28 Nov 2024, 11:06 AM",
                "arrival_date_time": "28 Nov, 12:09 pm",
                "travel_time": "01h 03m",
                "origin_city_name": "bonar_para",
                "destination_city_name": "bamondanga",
                "seat_types": [
                    {
                        "key": 7,
                        "type": "S_CHAIR",
                        "trip_id": 8368777,
                        "trip_route_id": 51225484,
                        "route_id": 21148,
                        "fare": "55.00",
                        "vat_percent": 0,
                        "vat_amount": 0,
                        "seat_counts": {
                            "online": 5,
                            "offline": 5,
                            "is_divided": true
                        }
                    }
                ],
                "train_model": "713",
                "is_open_for_all": true,
                "is_eid_trip": 0,
                "boarding_points": [
                    {
                        "trip_point_id": 106961200,
                        "location_id": 2711,
                        "location_name": "Bonar_Para Station",
                        "location_time": "11:06 AM"
                    }
                ],
                "is_international": 0,
                "is_from_city_international": false
            },
            {
                "trip_number": "DOLONCHAPA EXPRESS (767)",
                "departure_date_time": "28 Nov, 01:09 pm",
                "departure_full_date": "2024-11-28",
                "departure_date_time_jd": "Thu, 28 Nov 2024, 01:09 PM",
                "arrival_date_time": "28 Nov, 02:10 pm",
                "travel_time": "01h 01m",
                "origin_city_name": "bonar_para",
                "destination_city_name": "bamondanga",
                "seat_types": [
                    {
                        "key": 8,
                        "type": "SHOVAN",
                        "trip_id": 8368944,
                        "trip_route_id": 51230196,
                        "route_id": 23545,
                        "fare": "45.00",
                        "vat_percent": 0,
                        "vat_amount": 0,
                        "seat_counts": {
                            "online": 3,
                            "offline": 2,
                            "is_divided": true
                        }
                    }
                ],
                "train_model": "767",
                "is_open_for_all": true,
                "is_eid_trip": 0,
                "boarding_points": [
                    {
                        "trip_point_id": 106964241,
                        "location_id": 2711,
                        "location_name": "Bonar_Para Station",
                        "location_time": "01:09 PM"
                    }
                ],
                "is_international": 0,
                "is_from_city_international": false
            },
            {
                "trip_number": "RANGPUR EXPRESS (771)",
                "departure_date_time": "28 Nov, 04:50 pm",
                "departure_full_date": "2024-11-28",
                "departure_date_time_jd": "Thu, 28 Nov 2024, 04:50 PM",
                "arrival_date_time": "28 Nov, 05:52 pm",
                "travel_time": "01h 02m",
                "origin_city_name": "bonar_para",
                "destination_city_name": "bamondanga",
                "seat_types": [
                    {
                        "key": 7,
                        "type": "S_CHAIR",
                        "trip_id": 8368681,
                        "trip_route_id": 51220286,
                        "route_id": 26578,
                        "fare": "55.00",
                        "vat_percent": 0,
                        "vat_amount": 0,
                        "seat_counts": {
                            "online": 5,
                            "offline": 5,
                            "is_divided": true
                        }
                    }
                ],
                "train_model": "771",
                "is_open_for_all": true,
                "is_eid_trip": 0,
                "boarding_points": [
                    {
                        "trip_point_id": 106958463,
                        "location_id": 2711,
                        "location_name": "Bonar_Para Station",
                        "location_time": "04:50 PM"
                    }
                ],
                "is_international": 0,
                "is_from_city_international": false
            }
        ],
        "selected_seat_class": "S_CHAIR"
    },
    "extra": {
        "hash": "88E00379AB924FAF93ACD45CF0B3C41E"
    }
}