{
    "data": {
        "trains": [
            {
                "trip_number": "SILKCITY EXPRESS (754)",
                "departure_date_time": "28 Nov, 09:17 am",
                "departure_full_date": "2024-11-28",
                "departure_date_time_jd": "Thu, 28 Nov 2024, 09:17 AM",
                "arrival_date_time": "28 Nov, 01:20 pm",
                "travel_time": "04h 03m",
                "origin_city_name": "boral_bridge",
                "destination_city_name": "dhaka",
                "seat_types": [
                    {
                        "key": 2,
                        "type": "AC_S",
                        "trip_id": 8368695,
                        "trip_route_id": 51220806,
                        "route_id": 19576,
                        "fare": "595.00",
                        "vat_percent": 15,
                        "vat_amount": 90,
                        "seat_counts": {
                            "online": 1,
                            "offline": 1,
                            "is_divided": true
                        }
                    },
                    {
                        "key": 3,
                        "type": "SNIGDHA",
                        "trip_id": 8368696,
                        "trip_route_id": 51220847,
                        "route_id": 19576,
                        "fare": "495.00",
                        "vat_percent": 15,
                        "vat_amount": 75,
                        "seat_counts": {
                            "online": 3,
                            "offline": 3,
                            "is_divided": true
                        }
                    },
                    {
                        "key": 7,
                        "type": "S_CHAIR",
                        "trip_id": 8368697,
                        "trip_route_id": 51220888,
                        "route_id": 19576,
                        "fare": "300.00",
                        "vat_percent": 0,
                        "vat_amount": 0,
                        "seat_counts": {
                            "online": 0,
                            "offline": 0,
                            "is_divided": true
                        }
                    }
                ],
                "train_model": "754",
                "is_open_for_all": true,
                "is_eid_trip": 0,
                "boarding_points": [
                    {
                        "trip_point_id": 106958783,
                        "location_id": 2706,
                        "location_name": "Boral_Bridge Station",
                        "location_time": "09:17 AM"
                    }
                ],
                "is_international": 0,
                "is_from_city_international": false
            },
            {
                "trip_number": "CHITRA EXPRESS (763)",
                "departure_date_time": "28 Nov, 02:09 pm",
                "departure_full_date": "2024-11-28",
                "departure_date_time_jd": "Thu, 28 Nov 2024, 02:09 PM",
                "arrival_date_time": "28 Nov, 06:05 pm",
                "travel_time": "03h 56m",
                "origin_city_name": "boral_bridge",
                "destination_city_name": "dhaka",
                "seat_types": [
                    {
                        "key": 3,
                        "type": "SNIGDHA",
                        "trip_id": 8368735,
                        "trip_route_id": 51223075,
                        "route_id": 20722,
                        "fare": "495.00",
                        "vat_percent": 15,
                        "vat_amount": 75,
                        "seat_counts": {
                            "online": 0,
                            "offline": 0,
                            "is_divided": true
                        }
                    },
                    {
                        "key": 2,
                        "type": "AC_S",
                        "trip_id": 8368752,
                        "trip_route_id": 51223929,
                        "route_id": 20722,
                        "fare": "595.00",
                        "vat_percent": 15,
                        "vat_amount": 90,
                        "seat_counts": {
                            "online": 0,
                            "offline": 0,
                            "is_divided": true
                        }
                    },
                    {
                        "key": 7,
                        "type": "S_CHAIR",
                        "trip_id": 8368755,
                        "trip_route_id": 51224139,
                        "route_id": 20722,
                        "fare": "300.00",
                        "vat_percent": 0,
                        "vat_amount": 0,
                        "seat_counts": {
                            "online": 0,
                            "offline": 0,
                            "is_divided": true
                        }
                    }
                ],
                "train_model": "763",
                "is_open_for_all": true,
                "is_eid_trip": 0,
                "boarding_points": [
                    {
                        "trip_point_id": 106959976,
                        "location_id": 2706,
                        "location_name": "Boral_Bridge Station",
                        "location_time": "02:09 PM"
                    }
                ],
                "is_international": 0,
                "is_from_city_international": false
            },
            {
                "trip_number": "LALMONI EXPRESS (752)",
                "departure_date_time": "28 Nov, 03:33 pm",
                "departure_full_date": "2024-11-28",
                "departure_date_time_jd": "Thu, 28 Nov 2024, 03:33 PM",
                "arrival_date_time": "28 Nov, 07:40 pm",
                "travel_time": "04h 07m",
                "origin_city_name": "boral_bridge",
                "destination_city_name": "dhaka",
                "seat_types": [
                    {
                        "key": 3,
                        "type": "SNIGDHA",
                        "trip_id": 8368707,
                        "trip_route_id": 51221243,
                        "route_id": 19678,
                        "fare": "495.00",
                        "vat_percent": 15,
                        "vat_amount": 75,
                        "seat_counts": {
                            "online": 0,
                            "offline": 0,
                            "is_divided": true
                        }
                    },
                    {
                        "key": 7,
                        "type": "S_CHAIR",
                        "trip_id": 8368708,
                        "trip_route_id": 51221288,
                        "route_id": 19678,
                        "fare": "300.00",
                        "vat_percent": 0,
                        "vat_amount": 0,
                        "seat_counts": {
                            "online": 0,
                            "offline": 0,
                            "is_divided": true
                        }
                    }
                ],
                "train_model": "752",
                "is_open_for_all": true,
                "is_eid_trip": 0,
                "boarding_points": [
                    {
                        "trip_point_id": 106959085,
                        "location_id": 2706,
                        "location_name": "Boral_Bridge Station",
                        "location_time": "03:33 PM"
                    }
                ],
                "is_international": 0,
                "is_from_city_international": false
            },
            {
                "trip_number": "PADMA EXPRESS (760)",
                "departure_date_time": "28 Nov, 05:42 pm",
                "departure_full_date": "2024-11-28",
                "departure_date_time_jd": "Thu, 28 Nov 2024, 05:42 PM",
                "arrival_date_time": "28 Nov, 09:25 pm",
                "travel_time": "03h 43m",
                "origin_city_name": "boral_bridge",
                "destination_city_name": "dhaka",
                "seat_types": [
                    {
                        "key": 3,
                        "type": "SNIGDHA",
                        "trip_id": 8368690,
                        "trip_route_id": 51220581,
                        "route_id": 19576,
                        "fare": "495.00",
                        "vat_percent": 15,
                        "vat_amount": 75,
                        "seat_counts": {
                            "online": 0,
                            "offline": 0,
                            "is_divided": true
                        }
                    },
                    {
                        "key": 7,
                        "type": "S_CHAIR",
                        "trip_id": 8368691,
                        "trip_route_id": 51220620,
                        "route_id": 19576,
                        "fare": "300.00",
                        "vat_percent": 0,
                        "vat_amount": 0,
                        "seat_counts": {
                            "online": 0,
                            "offline": 0,
                            "is_divided": true
                        }
                    },
                    {
                        "key": 2,
                        "type": "AC_S",
                        "trip_id": 8368769,
                        "trip_route_id": 51225106,
                        "route_id": 19576,
                        "fare": "595.00",
                        "vat_percent": 15,
                        "vat_amount": 90,
                        "seat_counts": {
                            "online": 0,
                            "offline": 0,
                            "is_divided": true
                        }
                    }
                ],
                "train_model": "760",
                "is_open_for_all": true,
                "is_eid_trip": 0,
                "boarding_points": [
                    {
                        "trip_point_id": 106958660,
                        "location_id": 2706,
                        "location_name": "Boral_Bridge Station",
                        "location_time": "05:42 PM"
                    }
                ],
                "is_international": 0,
                "is_from_city_international": false
            }
        ],
        "selected_seat_class": "S_CHAIR"
    },
    "extra": {
        "hash": "5BAB48A496E05688B76D5033BAA9814C"
    }
}