{
    "data": {
        "trains": [
            {
                "trip_number": "CHITRA EXPRESS (764)",
                "departure_date_time": "28 Nov, 11:20 pm",
                "departure_full_date": "2024-11-28",
                "departure_date_time_jd": "Thu, 28 Nov 2024, 11:20 PM",
                "arrival_date_time": "29 Nov, 01:54 am",
                "travel_time": "02h 34m",
                "origin_city_name": "boral_bridge",
                "destination_city_name": "chuadanga",
                "seat_types": [
                    {
                        "key": 3,
                        "type": "SNIGDHA",
                        "trip_id": 8368736,
                        "trip_route_id": 51223161,
                        "route_id": 26488,
                        "fare": "285.00",
                        "vat_percent": 15,
                        "vat_amount": 43,
                        "seat_counts": {
                            "online": 2,
                            "offline": 1,
                            "is_divided": true
                        }
                    },
                    {
                        "key": 7,
                        "type": "S_CHAIR",
                        "trip_id": 8368759,
                        "trip_route_id": 51224416,
                        "route_id": 26488,
                        "fare": "170.00",
                        "vat_percent": 0,
                        "vat_amount": 0,
                        "seat_counts": {
                            "online": 2,
                            "offline": 1,
                            "is_divided": true
                        }
                    }
                ],
                "train_model": "764",
                "is_open_for_all": true,
                "is_eid_trip": 0,
                "boarding_points": [
                    {
                        "trip_point_id": 106960015,
                        "location_id": 2706,
                        "location_name": "Boral_Bridge Station",
                        "location_time": "11:20 PM"
                    }
                ],
                "is_international": 0,
                "is_from_city_international": false
            }
        ],
        "selected_seat_class": "S_CHAIR"
    },
    "extra": {
        "hash": "88E00379AB924FAF93ACD45CF0B3C41E"
    }
}