{
    "data": {
        "trains": [
            {
                "trip_number": "CHATTALA EXPRESS (801)",
                "departure_date_time": "28 Nov, 09:57 am",
                "departure_full_date": "2024-11-28",
                "departure_date_time_jd": "Thu, 28 Nov 2024, 09:57 AM",
                "arrival_date_time": "28 Nov, 10:16 am",
                "travel_time": "00h 19m",
                "origin_city_name": "brahmanbaria",
                "destination_city_name": "bhairab_bazar",
                "seat_types": [
                    {
                        "key": 7,
                        "type": "S_CHAIR",
                        "trip_id": 8368928,
                        "trip_route_id": 51229558,
                        "route_id": 22903,
                        "fare": "50.00",
                        "vat_percent": 0,
                        "vat_amount": 0,
                        "seat_counts": {
                            "online": 0,
                            "offline": 0,
                            "is_divided": true
                        }
                    }
                ],
                "train_model": "801",
                "is_open_for_all": true,
                "is_eid_trip": 0,
                "boarding_points": [
                    {
                        "trip_point_id": 106963881,
                        "location_id": 2826,
                        "location_name": "Brahmanbaria Station",
                        "location_time": "09:57 AM"
                    }
                ],
                "is_international": 0,
                "is_from_city_international": false
            },
            {
                "trip_number": "MOHANAGAR EXPRESS (721)",
                "departure_date_time": "28 Nov, 04:30 pm",
                "departure_full_date": "2024-11-28",
                "departure_date_time_jd": "Thu, 28 Nov 2024, 04:30 PM",
                "arrival_date_time": "28 Nov, 04:55 pm",
                "travel_time": "00h 25m",
                "origin_city_name": "brahmanbaria",
                "destination_city_name": "bhairab_bazar",
                "seat_types": [
                    {
                        "key": 3,
                        "type": "SNIGDHA",
                        "trip_id": 8368799,
                        "trip_route_id": 51226456,
                        "route_id": 22504,
                        "fare": "100.00",
                        "vat_percent": 15,
                        "vat_amount": 15,
                        "seat_counts": {
                            "online": 0,
                            "offline": 0,
                            "is_divided": true
                        }
                    },
                    {
                        "key": 2,
                        "type": "AC_S",
                        "trip_id": 8368846,
                        "trip_route_id": 51227784,
                        "route_id": 22504,
                        "fare": "110.00",
                        "vat_percent": 15,
                        "vat_amount": 17,
                        "seat_counts": {
                            "online": 0,
                            "offline": 0,
                            "is_divided": true
                        }
                    },
                    {
                        "key": 7,
                        "type": "S_CHAIR",
                        "trip_id": 8368934,
                        "trip_route_id": 51229801,
                        "route_id": 22504,
                        "fare": "50.00",
                        "vat_percent": 0,
                        "vat_amount": 0,
                        "seat_counts": {
                            "online": 0,
                            "offline": 0,
                            "is_divided": true
                        }
                    }
                ],
                "train_model": "721",
                "is_open_for_all": true,
                "is_eid_trip": 0,
                "boarding_points": [
                    {
                        "trip_point_id": 106961680,
                        "location_id": 2826,
                        "location_name": "Brahmanbaria Station",
                        "location_time": "04:30 PM"
                    }
                ],
                "is_international": 0,
                "is_from_city_international": false
            }
        ],
        "selected_seat_class": "S_CHAIR"
    },
    "extra": {
        "hash": "88E00379AB924FAF93ACD45CF0B3C41E"
    }
}