{
    "data": {
        "trains": [
            {
                "trip_number": "TURNA (742)",
                "departure_date_time": "28 Nov, 01:16 am",
                "departure_full_date": "2024-11-28",
                "departure_date_time_jd": "Thu, 28 Nov 2024, 01:16 AM",
                "arrival_date_time": "28 Nov, 05:15 am",
                "travel_time": "03h 59m",
                "origin_city_name": "brahmanbaria",
                "destination_city_name": "chattogram",
                "seat_types": [
                    {
                        "key": 3,
                        "type": "SNIGDHA",
                        "trip_id": 8368469,
                        "trip_route_id": 51215626,
                        "route_id": 22837,
                        "fare": "430.00",
                        "vat_percent": 15,
                        "vat_amount": 65,
                        "seat_counts": {
                            "online": 1,
                            "offline": 1,
                            "is_divided": true
                        }
                    },
                    {
                        "key": 1,
                        "type": "AC_B",
                        "trip_id": 8368523,
                        "trip_route_id": 51216965,
                        "route_id": 22837,
                        "fare": "775.00",
                        "vat_percent": 15,
                        "vat_amount": 117,
                        "seat_counts": {
                            "online": 0,
                            "offline": 0,
                            "is_divided": true
                        }
                    },
                    {
                        "key": 4,
                        "type": "F_BERTH",
                        "trip_id": 8368524,
                        "trip_route_id": 51216979,
                        "route_id": 22837,
                        "fare": "515.00",
                        "vat_percent": 15,
                        "vat_amount": 78,
                        "seat_counts": {
                            "online": 0,
                            "offline": 0,
                            "is_divided": true
                        }
                    },
                    {
                        "key": 7,
                        "type": "S_CHAIR",
                        "trip_id": 8368525,
                        "trip_route_id": 51216994,
                        "route_id": 22837,
                        "fare": "260.00",
                        "vat_percent": 0,
                        "vat_amount": 0,
                        "seat_counts": {
                            "online": 1,
                            "offline": 0,
                            "is_divided": true
                        }
                    }
                ],
                "train_model": "742",
                "is_open_for_all": true,
                "is_eid_trip": 0,
                "boarding_points": [
                    {
                        "trip_point_id": 106955225,
                        "location_id": 2826,
                        "location_name": "Brahmanbaria Station",
                        "location_time": "01:16 AM"
                    }
                ],
                "is_international": 0,
                "is_from_city_international": false
            },
            {
                "trip_number": "MAHANAGAR PROVATI (704)",
                "departure_date_time": "28 Nov, 09:43 am",
                "departure_full_date": "2024-11-28",
                "departure_date_time_jd": "Thu, 28 Nov 2024, 09:43 AM",
                "arrival_date_time": "28 Nov, 01:35 pm",
                "travel_time": "03h 52m",
                "origin_city_name": "brahmanbaria",
                "destination_city_name": "chattogram",
                "seat_types": [
                    {
                        "key": 3,
                        "type": "SNIGDHA",
                        "trip_id": 8368787,
                        "trip_route_id": 51226074,
                        "route_id": 22056,
                        "fare": "430.00",
                        "vat_percent": 15,
                        "vat_amount": 65,
                        "seat_counts": {
                            "online": 0,
                            "offline": 0,
                            "is_divided": true
                        }
                    },
                    {
                        "key": 2,
                        "type": "AC_S",
                        "trip_id": 8368817,
                        "trip_route_id": 51226839,
                        "route_id": 22056,
                        "fare": "515.00",
                        "vat_percent": 15,
                        "vat_amount": 78,
                        "seat_counts": {
                            "online": 1,
                            "offline": 0,
                            "is_divided": true
                        }
                    },
                    {
                        "key": 5,
                        "type": "F_SEAT",
                        "trip_id": 8368818,
                        "trip_route_id": 51226864,
                        "route_id": 22056,
                        "fare": "345.00",
                        "vat_percent": 15,
                        "vat_amount": 52,
                        "seat_counts": {
                            "online": 0,
                            "offline": 0,
                            "is_divided": true
                        }
                    },
                    {
                        "key": 7,
                        "type": "S_CHAIR",
                        "trip_id": 8368819,
                        "trip_route_id": 51226889,
                        "route_id": 22056,
                        "fare": "260.00",
                        "vat_percent": 0,
                        "vat_amount": 0,
                        "seat_counts": {
                            "online": 0,
                            "offline": 0,
                            "is_divided": true
                        }
                    }
                ],
                "train_model": "704",
                "is_open_for_all": true,
                "is_eid_trip": 0,
                "boarding_points": [
                    {
                        "trip_point_id": 106961450,
                        "location_id": 2826,
                        "location_name": "Brahmanbaria Station",
                        "location_time": "09:43 AM"
                    }
                ],
                "is_international": 0,
                "is_from_city_international": false
            },
            {
                "trip_number": "CHATTALA EXPRESS (802)",
                "departure_date_time": "28 Nov, 03:59 pm",
                "departure_full_date": "2024-11-28",
                "departure_date_time_jd": "Thu, 28 Nov 2024, 03:59 PM",
                "arrival_date_time": "28 Nov, 08:10 pm",
                "travel_time": "04h 11m",
                "origin_city_name": "brahmanbaria",
                "destination_city_name": "chattogram",
                "seat_types": [
                    {
                        "key": 7,
                        "type": "S_CHAIR",
                        "trip_id": 8368929,
                        "trip_route_id": 51229600,
                        "route_id": 22971,
                        "fare": "260.00",
                        "vat_percent": 0,
                        "vat_amount": 0,
                        "seat_counts": {
                            "online": 0,
                            "offline": 0,
                            "is_divided": true
                        }
                    },
                    {
                        "key": 2,
                        "type": "AC_S",
                        "trip_id": 8369023,
                        "trip_route_id": 51231172,
                        "route_id": 22971,
                        "fare": "515.00",
                        "vat_percent": 15,
                        "vat_amount": 78,
                        "seat_counts": {
                            "online": 0,
                            "offline": 0,
                            "is_divided": true
                        }
                    },
                    {
                        "key": 3,
                        "type": "SNIGDHA",
                        "trip_id": 8369026,
                        "trip_route_id": 51231215,
                        "route_id": 22971,
                        "fare": "430.00",
                        "vat_percent": 15,
                        "vat_amount": 65,
                        "seat_counts": {
                            "online": 8,
                            "offline": 7,
                            "is_divided": true
                        }
                    }
                ],
                "train_model": "802",
                "is_open_for_all": true,
                "is_eid_trip": 0,
                "boarding_points": [
                    {
                        "trip_point_id": 106963911,
                        "location_id": 2826,
                        "location_name": "Brahmanbaria Station",
                        "location_time": "03:59 PM"
                    }
                ],
                "is_international": 0,
                "is_from_city_international": false
            },
            {
                "trip_number": "MOHANAGAR EXPRESS (722)",
                "departure_date_time": "28 Nov, 11:32 pm",
                "departure_full_date": "2024-11-28",
                "departure_date_time_jd": "Thu, 28 Nov 2024, 11:32 PM",
                "arrival_date_time": "29 Nov, 03:30 am",
                "travel_time": "03h 58m",
                "origin_city_name": "brahmanbaria",
                "destination_city_name": "chattogram",
                "seat_types": [
                    {
                        "key": 3,
                        "type": "SNIGDHA",
                        "trip_id": 8368800,
                        "trip_route_id": 51226486,
                        "route_id": 22532,
                        "fare": "430.00",
                        "vat_percent": 15,
                        "vat_amount": 65,
                        "seat_counts": {
                            "online": 0,
                            "offline": 0,
                            "is_divided": true
                        }
                    },
                    {
                        "key": 1,
                        "type": "AC_B",
                        "trip_id": 8368847,
                        "trip_route_id": 51227811,
                        "route_id": 22532,
                        "fare": "775.00",
                        "vat_percent": 15,
                        "vat_amount": 117,
                        "seat_counts": {
                            "online": 0,
                            "offline": 0,
                            "is_divided": true
                        }
                    },
                    {
                        "key": 7,
                        "type": "S_CHAIR",
                        "trip_id": 8368848,
                        "trip_route_id": 51227839,
                        "route_id": 22532,
                        "fare": "260.00",
                        "vat_percent": 0,
                        "vat_amount": 0,
                        "seat_counts": {
                            "online": 0,
                            "offline": 0,
                            "is_divided": true
                        }
                    }
                ],
                "train_model": "722",
                "is_open_for_all": true,
                "is_eid_trip": 0,
                "boarding_points": [
                    {
                        "trip_point_id": 106961704,
                        "location_id": 2826,
                        "location_name": "Brahmanbaria Station",
                        "location_time": "11:32 PM"
                    }
                ],
                "is_international": 0,
                "is_from_city_international": false
            }
        ],
        "selected_seat_class": "S_CHAIR"
    },
    "extra": {
        "hash": "88E00379AB924FAF93ACD45CF0B3C41E"
    }
}