{
    "data": {
        "trains": [
            {
                "trip_number": "KOROTOA EXPRESS (714)",
                "departure_date_time": "28 Nov, 04:10 pm",
                "departure_full_date": "2024-11-28",
                "departure_date_time_jd": "Thu, 28 Nov 2024, 04:10 PM",
                "arrival_date_time": "28 Nov, 05:06 pm",
                "travel_time": "00h 56m",
                "origin_city_name": "burimari",
                "destination_city_name": "hatibandha",
                "seat_types": [
                    {
                        "key": 7,
                        "type": "S_CHAIR",
                        "trip_id": 8368779,
                        "trip_route_id": 51225636,
                        "route_id": 21200,
                        "fare": "50.00",
                        "vat_percent": 0,
                        "vat_amount": 0,
                        "seat_counts": {
                            "online": 23,
                            "offline": 22,
                            "is_divided": true
                        }
                    }
                ],
                "train_model": "714",
                "is_open_for_all": true,
                "is_eid_trip": 0,
                "boarding_points": [
                    {
                        "trip_point_id": 106961260,
                        "location_id": 2786,
                        "location_name": "Burimari Station",
                        "location_time": "04:10 PM"
                    }
                ],
                "is_international": 0,
                "is_from_city_international": false
            },
            {
                "trip_number": "BURIMARI EXPRESS (810)",
                "departure_date_time": "28 Nov, 06:00 pm",
                "departure_full_date": "2024-11-28",
                "departure_date_time_jd": "Thu, 28 Nov 2024, 06:00 PM",
                "arrival_date_time": "28 Nov, 06:58 pm",
                "travel_time": "00h 58m",
                "origin_city_name": "burimari",
                "destination_city_name": "hatibandha",
                "seat_types": [
                    {
                        "key": 7,
                        "type": "S_CHAIR",
                        "trip_id": 8369005,
                        "trip_route_id": 51231084,
                        "route_id": 26232,
                        "fare": "50.00",
                        "vat_percent": 0,
                        "vat_amount": 0,
                        "seat_counts": {
                            "online": 10,
                            "offline": 10,
                            "is_divided": true
                        }
                    }
                ],
                "train_model": "810",
                "is_open_for_all": true,
                "is_eid_trip": 0,
                "boarding_points": [
                    {
                        "trip_point_id": 106964888,
                        "location_id": 2786,
                        "location_name": "Burimari Station",
                        "location_time": "06:00 PM"
                    }
                ],
                "is_international": 0,
                "is_from_city_international": false
            }
        ],
        "selected_seat_class": "S_CHAIR"
    },
    "extra": {
        "hash": "88E00379AB924FAF93ACD45CF0B3C41E"
    }
}