{
    "data": {
        "trains": [
            {
                "trip_number": "MEGHNA EXPRESS (730)",
                "departure_date_time": "28 Nov, 05:05 am",
                "departure_full_date": "2024-11-28",
                "departure_date_time_jd": "Thu, 28 Nov 2024, 05:05 AM",
                "arrival_date_time": "28 Nov, 05:46 am",
                "travel_time": "00h 41m",
                "origin_city_name": "chandpur_court",
                "destination_city_name": "meher",
                "seat_types": [
                    {
                        "key": 8,
                        "type": "SHOVAN",
                        "trip_id": 8368925,
                        "trip_route_id": 51229494,
                        "route_id": 22652,
                        "fare": "55.00",
                        "vat_percent": 0,
                        "vat_amount": 0,
                        "seat_counts": {
                            "online": 13,
                            "offline": 12,
                            "is_divided": true
                        }
                    }
                ],
                "train_model": "730",
                "is_open_for_all": true,
                "is_eid_trip": 0,
                "boarding_points": [
                    {
                        "trip_point_id": 106963836,
                        "location_id": 2871,
                        "location_name": "Chandpur_Court Station",
                        "location_time": "05:05 AM"
                    }
                ],
                "is_international": 0,
                "is_from_city_international": false
            }
        ],
        "selected_seat_class": "S_CHAIR"
    },
    "extra": {
        "hash": "88E00379AB924FAF93ACD45CF0B3C41E"
    }
}