{
    "data": {
        "trains": [
            {
                "trip_number": "SILKCITY EXPRESS (754)",
                "departure_date_time": "28 Nov, 09:01 am",
                "departure_full_date": "2024-11-28",
                "departure_date_time_jd": "Thu, 28 Nov 2024, 09:01 AM",
                "arrival_date_time": "28 Nov, 09:14 am",
                "travel_time": "00h 13m",
                "origin_city_name": "chatmohar",
                "destination_city_name": "boral_bridge",
                "seat_types": [
                    {
                        "key": 2,
                        "type": "AC_S",
                        "trip_id": 8368695,
                        "trip_route_id": 51220798,
                        "route_id": 19570,
                        "fare": "110.00",
                        "vat_percent": 15,
                        "vat_amount": 17,
                        "seat_counts": {
                            "online": 0,
                            "offline": 0,
                            "is_divided": true
                        }
                    },
                    {
                        "key": 3,
                        "type": "SNIGDHA",
                        "trip_id": 8368696,
                        "trip_route_id": 51220839,
                        "route_id": 19570,
                        "fare": "100.00",
                        "vat_percent": 15,
                        "vat_amount": 15,
                        "seat_counts": {
                            "online": 0,
                            "offline": 0,
                            "is_divided": true
                        }
                    },
                    {
                        "key": 7,
                        "type": "S_CHAIR",
                        "trip_id": 8368697,
                        "trip_route_id": 51220880,
                        "route_id": 19570,
                        "fare": "50.00",
                        "vat_percent": 0,
                        "vat_amount": 0,
                        "seat_counts": {
                            "online": 0,
                            "offline": 0,
                            "is_divided": true
                        }
                    }
                ],
                "train_model": "754",
                "is_open_for_all": true,
                "is_eid_trip": 0,
                "boarding_points": [
                    {
                        "trip_point_id": 106958778,
                        "location_id": 2792,
                        "location_name": "Chatmohar Station",
                        "location_time": "09:01 AM"
                    }
                ],
                "is_international": 0,
                "is_from_city_international": false
            },
            {
                "trip_number": "PADMA EXPRESS (760)",
                "departure_date_time": "28 Nov, 05:26 pm",
                "departure_full_date": "2024-11-28",
                "departure_date_time_jd": "Thu, 28 Nov 2024, 05:26 PM",
                "arrival_date_time": "28 Nov, 05:39 pm",
                "travel_time": "00h 13m",
                "origin_city_name": "chatmohar",
                "destination_city_name": "boral_bridge",
                "seat_types": [
                    {
                        "key": 3,
                        "type": "SNIGDHA",
                        "trip_id": 8368690,
                        "trip_route_id": 51220574,
                        "route_id": 19570,
                        "fare": "100.00",
                        "vat_percent": 15,
                        "vat_amount": 15,
                        "seat_counts": {
                            "online": 0,
                            "offline": 0,
                            "is_divided": true
                        }
                    },
                    {
                        "key": 7,
                        "type": "S_CHAIR",
                        "trip_id": 8368691,
                        "trip_route_id": 51220613,
                        "route_id": 19570,
                        "fare": "50.00",
                        "vat_percent": 0,
                        "vat_amount": 0,
                        "seat_counts": {
                            "online": 0,
                            "offline": 0,
                            "is_divided": true
                        }
                    },
                    {
                        "key": 2,
                        "type": "AC_S",
                        "trip_id": 8368769,
                        "trip_route_id": 51225099,
                        "route_id": 19570,
                        "fare": "110.00",
                        "vat_percent": 15,
                        "vat_amount": 17,
                        "seat_counts": {
                            "online": 0,
                            "offline": 0,
                            "is_divided": true
                        }
                    }
                ],
                "train_model": "760",
                "is_open_for_all": true,
                "is_eid_trip": 0,
                "boarding_points": [
                    {
                        "trip_point_id": 106958656,
                        "location_id": 2792,
                        "location_name": "Chatmohar Station",
                        "location_time": "05:26 PM"
                    }
                ],
                "is_international": 0,
                "is_from_city_international": false
            }
        ],
        "selected_seat_class": "S_CHAIR"
    },
    "extra": {
        "hash": "88E00379AB924FAF93ACD45CF0B3C41E"
    }
}