{
    "data": {
        "trains": [
            {
                "trip_number": "EID SPL 9 (09)",
                "departure_date_time": "28 Nov, 07:00 am",
                "departure_full_date": "2024-11-28",
                "departure_date_time_jd": "Thu, 28 Nov 2024, 07:00 AM",
                "arrival_date_time": "28 Nov, 08:14 am",
                "travel_time": "01h 14m",
                "origin_city_name": "chattogram",
                "destination_city_name": "dohazari",
                "seat_types": [
                    {
                        "key": 8,
                        "type": "SHOVAN",
                        "trip_id": 8366029,
                        "trip_route_id": 51132641,
                        "route_id": 26285,
                        "fare": "50.00",
                        "vat_percent": 0,
                        "vat_amount": 0,
                        "seat_counts": {
                            "online": 15,
                            "offline": 15,
                            "is_divided": true
                        }
                    }
                ],
                "train_model": "09",
                "is_open_for_all": true,
                "is_eid_trip": 0,
                "boarding_points": [
                    {
                        "trip_point_id": 106907236,
                        "location_id": 2820,
                        "location_name": "Chattogram Station",
                        "location_time": "07:00 AM"
                    }
                ],
                "is_international": 0,
                "is_from_city_international": false
            }
        ],
        "selected_seat_class": "S_CHAIR"
    },
    "extra": {
        "hash": "88E00379AB924FAF93ACD45CF0B3C41E"
    }
}