{
    "data": {
        "trains": [
            {
                "trip_number": "PAHARIKA EXPRESS (719)",
                "departure_date_time": "28 Nov, 07:50 am",
                "departure_full_date": "2024-11-28",
                "departure_date_time_jd": "Thu, 28 Nov 2024, 07:50 AM",
                "arrival_date_time": "28 Nov, 03:07 pm",
                "travel_time": "07h 17m",
                "origin_city_name": "chattogram",
                "destination_city_name": "maijgaon",
                "seat_types": [
                    {
                        "key": 3,
                        "type": "SNIGDHA",
                        "trip_id": 8368797,
                        "trip_route_id": 51226363,
                        "route_id": 22395,
                        "fare": "745.00",
                        "vat_percent": 15,
                        "vat_amount": 112,
                        "seat_counts": {
                            "online": 0,
                            "offline": 0,
                            "is_divided": true
                        }
                    },
                    {
                        "key": 2,
                        "type": "AC_S",
                        "trip_id": 8368842,
                        "trip_route_id": 51227603,
                        "route_id": 22395,
                        "fare": "895.00",
                        "vat_percent": 15,
                        "vat_amount": 135,
                        "seat_counts": {
                            "online": 0,
                            "offline": 0,
                            "is_divided": true
                        }
                    },
                    {
                        "key": 7,
                        "type": "S_CHAIR",
                        "trip_id": 8368843,
                        "trip_route_id": 51227629,
                        "route_id": 22395,
                        "fare": "450.00",
                        "vat_percent": 0,
                        "vat_amount": 0,
                        "seat_counts": {
                            "online": 0,
                            "offline": 0,
                            "is_divided": true
                        }
                    }
                ],
                "train_model": "719",
                "is_open_for_all": true,
                "is_eid_trip": 0,
                "boarding_points": [
                    {
                        "trip_point_id": 106961636,
                        "location_id": 2820,
                        "location_name": "Chattogram Station",
                        "location_time": "07:50 AM"
                    }
                ],
                "is_international": 0,
                "is_from_city_international": false
            },
            {
                "trip_number": "UDAYAN EXPRESS (723)",
                "departure_date_time": "28 Nov, 09:45 pm",
                "departure_full_date": "2024-11-28",
                "departure_date_time_jd": "Thu, 28 Nov 2024, 09:45 PM",
                "arrival_date_time": "29 Nov, 04:35 am",
                "travel_time": "06h 50m",
                "origin_city_name": "chattogram",
                "destination_city_name": "maijgaon",
                "seat_types": [
                    {
                        "key": 3,
                        "type": "SNIGDHA",
                        "trip_id": 8368801,
                        "trip_route_id": 51226506,
                        "route_id": 22551,
                        "fare": "745.00",
                        "vat_percent": 15,
                        "vat_amount": 112,
                        "seat_counts": {
                            "online": 0,
                            "offline": 0,
                            "is_divided": true
                        }
                    },
                    {
                        "key": 7,
                        "type": "S_CHAIR",
                        "trip_id": 8368849,
                        "trip_route_id": 51227859,
                        "route_id": 22551,
                        "fare": "450.00",
                        "vat_percent": 0,
                        "vat_amount": 0,
                        "seat_counts": {
                            "online": 0,
                            "offline": 0,
                            "is_divided": true
                        }
                    },
                    {
                        "key": 1,
                        "type": "AC_B",
                        "trip_id": 8368850,
                        "trip_route_id": 51227890,
                        "route_id": 22551,
                        "fare": "1340.00",
                        "vat_percent": 15,
                        "vat_amount": 201,
                        "seat_counts": {
                            "online": 0,
                            "offline": 0,
                            "is_divided": true
                        }
                    }
                ],
                "train_model": "723",
                "is_open_for_all": true,
                "is_eid_trip": 0,
                "boarding_points": [
                    {
                        "trip_point_id": 106961723,
                        "location_id": 2820,
                        "location_name": "Chattogram Station",
                        "location_time": "09:45 PM"
                    }
                ],
                "is_international": 0,
                "is_from_city_international": false
            }
        ],
        "selected_seat_class": "S_CHAIR"
    },
    "extra": {
        "hash": "88E00379AB924FAF93ACD45CF0B3C41E"
    }
}