{
    "data": {
        "trains": [
            {
                "trip_number": "CHITRA EXPRESS (764)",
                "departure_date_time": "28 Nov, 11:35 pm",
                "departure_full_date": "2024-11-28",
                "departure_date_time_jd": "Thu, 28 Nov 2024, 11:35 PM",
                "arrival_date_time": "29 Nov, 03:40 am",
                "travel_time": "04h 05m",
                "origin_city_name": "chatmohar",
                "destination_city_name": "jashore",
                "seat_types": [
                    {
                        "key": 3,
                        "type": "SNIGDHA",
                        "trip_id": 8368736,
                        "trip_route_id": 51223130,
                        "route_id": 20640,
                        "fare": "425.00",
                        "vat_percent": 15,
                        "vat_amount": 64,
                        "seat_counts": {
                            "online": 3,
                            "offline": 2,
                            "is_divided": true
                        }
                    },
                    {
                        "key": 1,
                        "type": "AC_B",
                        "trip_id": 8368758,
                        "trip_route_id": 51224314,
                        "route_id": 20640,
                        "fare": "760.00",
                        "vat_percent": 15,
                        "vat_amount": 114,
                        "seat_counts": {
                            "online": 0,
                            "offline": 0,
                            "is_divided": true
                        }
                    },
                    {
                        "key": 7,
                        "type": "S_CHAIR",
                        "trip_id": 8368759,
                        "trip_route_id": 51224383,
                        "route_id": 20640,
                        "fare": "255.00",
                        "vat_percent": 0,
                        "vat_amount": 0,
                        "seat_counts": {
                            "online": 1,
                            "offline": 0,
                            "is_divided": true
                        }
                    }
                ],
                "train_model": "764",
                "is_open_for_all": true,
                "is_eid_trip": 0,
                "boarding_points": [
                    {
                        "trip_point_id": 106960008,
                        "location_id": 2792,
                        "location_name": "Chatmohar Station",
                        "location_time": "11:35 PM"
                    }
                ],
                "is_international": 0,
                "is_from_city_international": false
            }
        ],
        "selected_seat_class": "S_CHAIR"
    },
    "extra": {
        "hash": "88E00379AB924FAF93ACD45CF0B3C41E"
    }
}