{
    "data": {
        "trains": [
            {
                "trip_number": "DHALARCHAR EXPRESS (779)",
                "departure_date_time": "27 Dec, 09:31 am",
                "departure_full_date": "2024-12-27",
                "departure_date_time_jd": "Fri, 27 Dec 2024, 09:31 AM",
                "arrival_date_time": "27 Dec, 09:42 am",
                "travel_time": "00h 11m",
                "origin_city_name": "abdulpur",
                "destination_city_name": "arani",
                "seat_types": [
                    {
                        "key": 7,
                        "type": "S_CHAIR",
                        "trip_id": 8378739,
                        "trip_route_id": 51556303,
                        "route_id": 20785,
                        "fare": "50.00",
                        "vat_percent": 0,
                        "vat_amount": 0,
                        "origin_city_seq": 14,
                        "destination_city_seq": 15,
                        "seat_counts": {
                            "online": 0,
                            "offline": 0,
                            "is_divided": true
                        }
                    },
                    {
                        "key": 8,
                        "type": "SHOVAN",
                        "trip_id": 8378765,
                        "trip_route_id": 51558665,
                        "route_id": 20785,
                        "fare": "45.00",
                        "vat_percent": 0,
                        "vat_amount": 0,
                        "origin_city_seq": 14,
                        "destination_city_seq": 15,
                        "seat_counts": {
                            "online": 0,
                            "offline": 0,
                            "is_divided": true
                        }
                    }
                ],
                "train_model": "779",
                "is_open_for_all": true,
                "is_eid_trip": 0,
                "boarding_points": [
                    {
                        "trip_point_id": 107153452,
                        "location_id": 2708,
                        "location_name": "Abdulpur Station",
                        "location_time": "09:31 AM"
                    }
                ],
                "is_international": 0,
                "is_from_city_international": false
            }
        ],
        "recommendations": [
            {
                "origin": "Arani",
                "destination": "Arani"
            },
            {
                "origin": "Abdulpur",
                "destination": "Abdulpur"
            }
        ],
        "selected_seat_class": "S_CHAIR"
    },
    "extra": {
        "hash": "F0E4754773DBF0BA06CED4276B8C88F6"
    }
}