{
    "data": {
        "trains": [
            {
                "trip_number": "DRUTOJAN EXPRESS (757)",
                "departure_date_time": "27 Dec, 12:57 am",
                "departure_full_date": "2024-12-27",
                "departure_date_time_jd": "Fri, 27 Dec 2024, 12:57 AM",
                "arrival_date_time": "27 Dec, 06:45 am",
                "travel_time": "05h 48m",
                "origin_city_name": "ahsanganj",
                "destination_city_name": "b sirajul islam",
                "seat_types": [
                    {
                        "key": 3,
                        "type": "SNIGDHA",
                        "trip_id": 8378402,
                        "trip_route_id": 51545723,
                        "route_id": 19601,
                        "fare": "490.00",
                        "vat_percent": 15,
                        "vat_amount": 74,
                        "origin_city_seq": 12,
                        "destination_city_seq": 27,
                        "seat_counts": {
                            "online": 0,
                            "offline": 0,
                            "is_divided": true
                        }
                    },
                    {
                        "key": 7,
                        "type": "S_CHAIR",
                        "trip_id": 8378409,
                        "trip_route_id": 51546230,
                        "route_id": 19601,
                        "fare": "295.00",
                        "vat_percent": 0,
                        "vat_amount": 0,
                        "origin_city_seq": 12,
                        "destination_city_seq": 27,
                        "seat_counts": {
                            "online": 8,
                            "offline": 7,
                            "is_divided": true
                        }
                    }
                ],
                "train_model": "757",
                "is_open_for_all": true,
                "is_eid_trip": 0,
                "boarding_points": [
                    {
                        "trip_point_id": 107147126,
                        "location_id": 2707,
                        "location_name": "Ahsanganj Station",
                        "location_time": "12:57 AM"
                    }
                ],
                "is_international": 0,
                "is_from_city_international": false
            }
        ],
        "recommendations": [],
        "selected_seat_class": "S_CHAIR"
    },
    "extra": {
        "hash": "F0E4754773DBF0BA06CED4276B8C88F6"
    }
}