{
    "data": {
        "trains": [
            {
                "trip_number": "DRUTOJAN EXPRESS (758)",
                "departure_date_time": "27 Dec, 01:11 pm",
                "departure_full_date": "2024-12-27",
                "departure_date_time_jd": "Fri, 27 Dec 2024, 01:11 PM",
                "arrival_date_time": "27 Dec, 06:55 pm",
                "travel_time": "05h 44m",
                "origin_city_name": "ahsanganj",
                "destination_city_name": "dhaka",
                "seat_types": [
                    {
                        "key": 3,
                        "type": "SNIGDHA",
                        "trip_id": 8378747,
                        "trip_route_id": 51557123,
                        "route_id": 23494,
                        "fare": "665.00",
                        "vat_percent": 15,
                        "vat_amount": 100,
                        "origin_city_seq": 16,
                        "destination_city_seq": 25,
                        "seat_counts": {
                            "online": 0,
                            "offline": 0,
                            "is_divided": true
                        }
                    },
                    {
                        "key": 7,
                        "type": "S_CHAIR",
                        "trip_id": 8378758,
                        "trip_route_id": 51558316,
                        "route_id": 23494,
                        "fare": "400.00",
                        "vat_percent": 0,
                        "vat_amount": 0,
                        "origin_city_seq": 16,
                        "destination_city_seq": 25,
                        "seat_counts": {
                            "online": 0,
                            "offline": 0,
                            "is_divided": true
                        }
                    },
                    {
                        "key": 2,
                        "type": "AC_S",
                        "trip_id": 8378759,
                        "trip_route_id": 51558379,
                        "route_id": 23494,
                        "fare": "800.00",
                        "vat_percent": 15,
                        "vat_amount": 120,
                        "origin_city_seq": 16,
                        "destination_city_seq": 25,
                        "seat_counts": {
                            "online": 0,
                            "offline": 0,
                            "is_divided": true
                        }
                    }
                ],
                "train_model": "758",
                "is_open_for_all": true,
                "is_eid_trip": 0,
                "boarding_points": [
                    {
                        "trip_point_id": 107153799,
                        "location_id": 2707,
                        "location_name": "Ahsanganj Station",
                        "location_time": "01:11 PM"
                    }
                ],
                "is_international": 0,
                "is_from_city_international": false
            },
            {
                "trip_number": "NILSAGAR EXPRESS (766)",
                "departure_date_time": "27 Dec, 11:49 pm",
                "departure_full_date": "2024-12-27",
                "departure_date_time_jd": "Fri, 27 Dec 2024, 11:49 PM",
                "arrival_date_time": "28 Dec, 05:30 am",
                "travel_time": "05h 41m",
                "origin_city_name": "ahsanganj",
                "destination_city_name": "dhaka",
                "seat_types": [
                    {
                        "key": 7,
                        "type": "S_CHAIR",
                        "trip_id": 8378725,
                        "trip_route_id": 51555448,
                        "route_id": 19852,
                        "fare": "400.00",
                        "vat_percent": 0,
                        "vat_amount": 0,
                        "origin_city_seq": 11,
                        "destination_city_seq": 16,
                        "seat_counts": {
                            "online": 0,
                            "offline": 0,
                            "is_divided": true
                        }
                    },
                    {
                        "key": 3,
                        "type": "SNIGDHA",
                        "trip_id": 8378726,
                        "trip_route_id": 51555493,
                        "route_id": 19852,
                        "fare": "665.00",
                        "vat_percent": 15,
                        "vat_amount": 100,
                        "origin_city_seq": 11,
                        "destination_city_seq": 16,
                        "seat_counts": {
                            "online": 0,
                            "offline": 0,
                            "is_divided": true
                        }
                    },
                    {
                        "key": 1,
                        "type": "AC_B",
                        "trip_id": 8378727,
                        "trip_route_id": 51555538,
                        "route_id": 19852,
                        "fare": "1200.00",
                        "vat_percent": 15,
                        "vat_amount": 180,
                        "origin_city_seq": 11,
                        "destination_city_seq": 16,
                        "seat_counts": {
                            "online": 0,
                            "offline": 0,
                            "is_divided": true
                        }
                    }
                ],
                "train_model": "766",
                "is_open_for_all": true,
                "is_eid_trip": 0,
                "boarding_points": [
                    {
                        "trip_point_id": 107153038,
                        "location_id": 2707,
                        "location_name": "Ahsanganj Station",
                        "location_time": "11:49 PM"
                    }
                ],
                "is_international": 0,
                "is_from_city_international": false
            }
        ],
        "recommendations": [
            {
                "origin": "Natore",
                "destination": "Dhaka"
            },
            {
                "origin": "Ahsanganj",
                "destination": "Joydebpur"
            }
        ],
        "selected_seat_class": "S_CHAIR"
    },
    "extra": {
        "hash": "F0E4754773DBF0BA06CED4276B8C88F6"
    }
}