{
    "data": {
        "trains": [
            {
                "trip_number": "RUPSHA EXPRESS (728)",
                "departure_date_time": "27 Dec, 12:31 pm",
                "departure_full_date": "2024-12-27",
                "departure_date_time_jd": "Fri, 27 Dec 2024, 12:31 PM",
                "arrival_date_time": "27 Dec, 03:51 pm",
                "travel_time": "03h 20m",
                "origin_city_name": "ahsanganj",
                "destination_city_name": "darshana_halt",
                "seat_types": [
                    {
                        "key": 2,
                        "type": "AC_S",
                        "trip_id": 8378744,
                        "trip_route_id": 51556931,
                        "route_id": 21354,
                        "fare": "425.00",
                        "vat_percent": 15,
                        "vat_amount": 64,
                        "origin_city_seq": 11,
                        "destination_city_seq": 19,
                        "seat_counts": {
                            "online": 0,
                            "offline": 0,
                            "is_divided": true
                        }
                    },
                    {
                        "key": 3,
                        "type": "SNIGDHA",
                        "trip_id": 8378754,
                        "trip_route_id": 51557890,
                        "route_id": 21354,
                        "fare": "355.00",
                        "vat_percent": 15,
                        "vat_amount": 54,
                        "origin_city_seq": 11,
                        "destination_city_seq": 19,
                        "seat_counts": {
                            "online": 0,
                            "offline": 0,
                            "is_divided": true
                        }
                    },
                    {
                        "key": 7,
                        "type": "S_CHAIR",
                        "trip_id": 8378755,
                        "trip_route_id": 51558060,
                        "route_id": 21354,
                        "fare": "215.00",
                        "vat_percent": 0,
                        "vat_amount": 0,
                        "origin_city_seq": 11,
                        "destination_city_seq": 19,
                        "seat_counts": {
                            "online": 0,
                            "offline": 0,
                            "is_divided": true
                        }
                    }
                ],
                "train_model": "728",
                "is_open_for_all": true,
                "is_eid_trip": 0,
                "boarding_points": [
                    {
                        "trip_point_id": 107153671,
                        "location_id": 2707,
                        "location_name": "Ahsanganj Station",
                        "location_time": "12:31 PM"
                    }
                ],
                "is_international": 0,
                "is_from_city_international": false
            }
        ],
        "recommendations": [
            {
                "origin": "Natore",
                "destination": "Darshana_halt"
            },
            {
                "origin": "Ahsanganj",
                "destination": "Chuadanga"
            }
        ],
        "selected_seat_class": "S_CHAIR"
    },
    "extra": {
        "hash": "F0E4754773DBF0BA06CED4276B8C88F6"
    }
}