{
    "data": {
        "trains": [
            {
                "trip_number": "BIJOY EXPRESS (785)",
                "departure_date_time": "27 Dec, 12:38 pm",
                "departure_full_date": "2024-12-27",
                "departure_date_time_jd": "Fri, 27 Dec 2024, 12:38 PM",
                "arrival_date_time": "27 Dec, 04:25 pm",
                "travel_time": "03h 47m",
                "origin_city_name": "akhaura",
                "destination_city_name": "mymensingh",
                "seat_types": [
                    {
                        "key": 7,
                        "type": "S_CHAIR",
                        "trip_id": 8378903,
                        "trip_route_id": 51562573,
                        "route_id": 23095,
                        "fare": "225.00",
                        "vat_percent": 0,
                        "vat_amount": 0,
                        "origin_city_seq": 6,
                        "destination_city_seq": 12,
                        "seat_counts": {
                            "online": 0,
                            "offline": 0,
                            "is_divided": true
                        }
                    }
                ],
                "train_model": "785",
                "is_open_for_all": true,
                "is_eid_trip": 0,
                "boarding_points": [
                    {
                        "trip_point_id": 107156948,
                        "location_id": 2828,
                        "location_name": "Akhaura Station",
                        "location_time": "12:38 PM"
                    }
                ],
                "is_international": 0,
                "is_from_city_international": false
            }
        ],
        "recommendations": [
            {
                "origin": "Bhairab_bazar",
                "destination": "Mymensingh"
            },
            {
                "origin": "Akhaura",
                "destination": "Gouripur_myn"
            }
        ],
        "selected_seat_class": "S_CHAIR"
    },
    "extra": {
        "hash": "3C85D5CEA741389483D8A7CD51DA469D"
    }
}