{
    "data": {
        "trains": [
            {
                "trip_number": "MAHANAGAR PROVATI (704)",
                "departure_date_time": "27 Dec, 10:08 am",
                "departure_full_date": "2024-12-27",
                "departure_date_time_jd": "Fri, 27 Dec 2024, 10:08 AM",
                "arrival_date_time": "27 Dec, 10:51 am",
                "travel_time": "00h 43m",
                "origin_city_name": "akhaura",
                "destination_city_name": "cumilla",
                "seat_types": [
                    {
                        "key": 3,
                        "type": "SNIGDHA",
                        "trip_id": 8378779,
                        "trip_route_id": 51559452,
                        "route_id": 22057,
                        "fare": "100.00",
                        "vat_percent": 15,
                        "vat_amount": 15,
                        "origin_city_seq": 5,
                        "destination_city_seq": 6,
                        "seat_counts": {
                            "online": 0,
                            "offline": 0,
                            "is_divided": true
                        }
                    },
                    {
                        "key": 2,
                        "type": "AC_S",
                        "trip_id": 8378810,
                        "trip_route_id": 51560269,
                        "route_id": 22057,
                        "fare": "115.00",
                        "vat_percent": 15,
                        "vat_amount": 18,
                        "origin_city_seq": 5,
                        "destination_city_seq": 6,
                        "seat_counts": {
                            "online": 0,
                            "offline": 0,
                            "is_divided": true
                        }
                    },
                    {
                        "key": 5,
                        "type": "F_SEAT",
                        "trip_id": 8378811,
                        "trip_route_id": 51560294,
                        "route_id": 22057,
                        "fare": "90.00",
                        "vat_percent": 15,
                        "vat_amount": 14,
                        "origin_city_seq": 5,
                        "destination_city_seq": 6,
                        "seat_counts": {
                            "online": 0,
                            "offline": 0,
                            "is_divided": true
                        }
                    },
                    {
                        "key": 7,
                        "type": "S_CHAIR",
                        "trip_id": 8378812,
                        "trip_route_id": 51560319,
                        "route_id": 22057,
                        "fare": "60.00",
                        "vat_percent": 0,
                        "vat_amount": 0,
                        "origin_city_seq": 5,
                        "destination_city_seq": 6,
                        "seat_counts": {
                            "online": 0,
                            "offline": 0,
                            "is_divided": true
                        }
                    }
                ],
                "train_model": "704",
                "is_open_for_all": true,
                "is_eid_trip": 0,
                "boarding_points": [
                    {
                        "trip_point_id": 107154799,
                        "location_id": 2828,
                        "location_name": "Akhaura Station",
                        "location_time": "10:08 AM"
                    }
                ],
                "is_international": 0,
                "is_from_city_international": false
            },
            {
                "trip_number": "PAHARIKA EXPRESS (720)",
                "departure_date_time": "27 Dec, 03:25 pm",
                "departure_full_date": "2024-12-27",
                "departure_date_time_jd": "Fri, 27 Dec 2024, 03:25 PM",
                "arrival_date_time": "27 Dec, 04:13 pm",
                "travel_time": "00h 48m",
                "origin_city_name": "akhaura",
                "destination_city_name": "cumilla",
                "seat_types": [
                    {
                        "key": 3,
                        "type": "SNIGDHA",
                        "trip_id": 8378791,
                        "trip_route_id": 51559835,
                        "route_id": 22460,
                        "fare": "100.00",
                        "vat_percent": 15,
                        "vat_amount": 15,
                        "origin_city_seq": 10,
                        "destination_city_seq": 12,
                        "seat_counts": {
                            "online": 0,
                            "offline": 0,
                            "is_divided": true
                        }
                    },
                    {
                        "key": 7,
                        "type": "S_CHAIR",
                        "trip_id": 8378836,
                        "trip_route_id": 51561114,
                        "route_id": 22460,
                        "fare": "60.00",
                        "vat_percent": 0,
                        "vat_amount": 0,
                        "origin_city_seq": 10,
                        "destination_city_seq": 12,
                        "seat_counts": {
                            "online": 0,
                            "offline": 0,
                            "is_divided": true
                        }
                    },
                    {
                        "key": 2,
                        "type": "AC_S",
                        "trip_id": 8378837,
                        "trip_route_id": 51561162,
                        "route_id": 22460,
                        "fare": "115.00",
                        "vat_percent": 15,
                        "vat_amount": 18,
                        "origin_city_seq": 10,
                        "destination_city_seq": 12,
                        "seat_counts": {
                            "online": 0,
                            "offline": 0,
                            "is_divided": true
                        }
                    }
                ],
                "train_model": "720",
                "is_open_for_all": true,
                "is_eid_trip": 0,
                "boarding_points": [
                    {
                        "trip_point_id": 107155041,
                        "location_id": 2828,
                        "location_name": "Akhaura Station",
                        "location_time": "03:25 PM"
                    }
                ],
                "is_international": 0,
                "is_from_city_international": false
            }
        ],
        "recommendations": [
            {
                "origin": "Quasba",
                "destination": "Cumilla"
            },
            {
                "origin": "Akhaura",
                "destination": "Quasba"
            }
        ],
        "selected_seat_class": "S_CHAIR"
    },
    "extra": {
        "hash": "F0E4754773DBF0BA06CED4276B8C88F6"
    }
}