{
    "data": {
        "trains": [
            {
                "trip_number": "UDAYAN EXPRESS (723)",
                "departure_date_time": "27 Dec, 01:10 am",
                "departure_full_date": "2024-12-27",
                "departure_date_time_jd": "Fri, 27 Dec 2024, 01:10 AM",
                "arrival_date_time": "27 Dec, 05:45 am",
                "travel_time": "04h 35m",
                "origin_city_name": "akhaura",
                "destination_city_name": "sylhet",
                "seat_types": [
                    {
                        "key": 7,
                        "type": "S_CHAIR",
                        "trip_id": 8378498,
                        "trip_route_id": 51549595,
                        "route_id": 22564,
                        "fare": "210.00",
                        "vat_percent": 0,
                        "vat_amount": 0,
                        "origin_city_seq": 5,
                        "destination_city_seq": 11,
                        "seat_counts": {
                            "online": 0,
                            "offline": 0,
                            "is_divided": true
                        }
                    }
                ],
                "train_model": "723",
                "is_open_for_all": true,
                "is_eid_trip": 0,
                "boarding_points": [
                    {
                        "trip_point_id": 107149331,
                        "location_id": 2828,
                        "location_name": "Akhaura Station",
                        "location_time": "01:10 AM"
                    }
                ],
                "is_international": 0,
                "is_from_city_international": false
            },
            {
                "trip_number": "PAHARIKA EXPRESS (719)",
                "departure_date_time": "27 Dec, 11:35 am",
                "departure_full_date": "2024-12-27",
                "departure_date_time_jd": "Fri, 27 Dec 2024, 11:35 AM",
                "arrival_date_time": "27 Dec, 04:30 pm",
                "travel_time": "04h 55m",
                "origin_city_name": "akhaura",
                "destination_city_name": "sylhet",
                "seat_types": [
                    {
                        "key": 7,
                        "type": "S_CHAIR",
                        "trip_id": 8378835,
                        "trip_route_id": 51561068,
                        "route_id": 22412,
                        "fare": "210.00",
                        "vat_percent": 0,
                        "vat_amount": 0,
                        "origin_city_seq": 7,
                        "destination_city_seq": 17,
                        "seat_counts": {
                            "online": 0,
                            "offline": 0,
                            "is_divided": true
                        }
                    }
                ],
                "train_model": "719",
                "is_open_for_all": true,
                "is_eid_trip": 0,
                "boarding_points": [
                    {
                        "trip_point_id": 107155861,
                        "location_id": 2828,
                        "location_name": "Akhaura Station",
                        "location_time": "11:35 AM"
                    }
                ],
                "is_international": 0,
                "is_from_city_international": false
            }
        ],
        "recommendations": [
            {
                "origin": "Harashpur",
                "destination": "Sylhet"
            },
            {
                "origin": "Akhaura",
                "destination": "Maijgaon"
            }
        ],
        "selected_seat_class": "S_CHAIR"
    },
    "extra": {
        "hash": "F0E4754773DBF0BA06CED4276B8C88F6"
    }
}