{
    "data": {
        "trains": [
            {
                "trip_number": "TITUMIR EXPRESS (734)",
                "departure_date_time": "27 Dec, 06:35 pm",
                "departure_full_date": "2024-12-27",
                "departure_date_time_jd": "Fri, 27 Dec 2024, 06:35 PM",
                "arrival_date_time": "27 Dec, 07:22 pm",
                "travel_time": "00h 47m",
                "origin_city_name": "akkelpur",
                "destination_city_name": "ahsanganj",
                "seat_types": [
                    {
                        "key": 7,
                        "type": "S_CHAIR",
                        "trip_id": 8378770,
                        "trip_route_id": 51558970,
                        "route_id": 26406,
                        "fare": "50.00",
                        "vat_percent": 0,
                        "vat_amount": 0,
                        "origin_city_seq": 13,
                        "destination_city_seq": 15,
                        "seat_counts": {
                            "online": 5,
                            "offline": 5,
                            "is_divided": true
                        }
                    }
                ],
                "train_model": "734",
                "is_open_for_all": true,
                "is_eid_trip": 0,
                "boarding_points": [
                    {
                        "trip_point_id": 107154580,
                        "location_id": 2758,
                        "location_name": "Akkelpur Station",
                        "location_time": "06:35 PM"
                    }
                ],
                "is_international": 0,
                "is_from_city_international": false
            }
        ],
        "recommendations": [],
        "selected_seat_class": "S_CHAIR"
    },
    "extra": {
        "hash": "F0E4754773DBF0BA06CED4276B8C88F6"
    }
}