{
    "data": {
        "trains": [
            {
                "trip_number": "SAGARDARI EXPRESS (761)",
                "departure_date_time": "27 Dec, 07:06 pm",
                "departure_full_date": "2024-12-27",
                "departure_date_time_jd": "Fri, 27 Dec 2024, 07:06 PM",
                "arrival_date_time": "27 Dec, 08:58 pm",
                "travel_time": "01h 52m",
                "origin_city_name": "alamdanga",
                "destination_city_name": "abdulpur",
                "seat_types": [
                    {
                        "key": 7,
                        "type": "S_CHAIR",
                        "trip_id": 8378760,
                        "trip_route_id": 51558448,
                        "route_id": 21440,
                        "fare": "140.00",
                        "vat_percent": 0,
                        "vat_amount": 0,
                        "origin_city_seq": 9,
                        "destination_city_seq": 16,
                        "seat_counts": {
                            "online": 0,
                            "offline": 0,
                            "is_divided": true
                        }
                    }
                ],
                "train_model": "761",
                "is_open_for_all": true,
                "is_eid_trip": 0,
                "boarding_points": [
                    {
                        "trip_point_id": 107154331,
                        "location_id": 2788,
                        "location_name": "Alamdanga Station",
                        "location_time": "07:06 PM"
                    }
                ],
                "is_international": 0,
                "is_from_city_international": false
            }
        ],
        "recommendations": [
            {
                "origin": "Poradaha",
                "destination": "Abdulpur"
            },
            {
                "origin": "Alamdanga",
                "destination": "Azim nagar"
            }
        ],
        "selected_seat_class": "S_CHAIR"
    },
    "extra": {
        "hash": "F0E4754773DBF0BA06CED4276B8C88F6"
    }
}