{
    "data": {
        "trains": [
            {
                "trip_number": "SIMANTA EXPRESS (748)",
                "departure_date_time": "27 Dec, 12:57 am",
                "departure_full_date": "2024-12-27",
                "departure_date_time_jd": "Fri, 27 Dec 2024, 12:57 AM",
                "arrival_date_time": "27 Dec, 02:55 am",
                "travel_time": "01h 58m",
                "origin_city_name": "alamdanga",
                "destination_city_name": "jashore",
                "seat_types": [
                    {
                        "key": 7,
                        "type": "S_CHAIR",
                        "trip_id": 8378367,
                        "trip_route_id": 51543673,
                        "route_id": 21375,
                        "fare": "120.00",
                        "vat_percent": 0,
                        "vat_amount": 0,
                        "origin_city_seq": 17,
                        "destination_city_seq": 22,
                        "seat_counts": {
                            "online": 0,
                            "offline": 0,
                            "is_divided": true
                        }
                    },
                    {
                        "key": 1,
                        "type": "AC_B",
                        "trip_id": 8378399,
                        "trip_route_id": 51545461,
                        "route_id": 21375,
                        "fare": "350.00",
                        "vat_percent": 15,
                        "vat_amount": 53,
                        "origin_city_seq": 17,
                        "destination_city_seq": 22,
                        "seat_counts": {
                            "online": 0,
                            "offline": 0,
                            "is_divided": true
                        }
                    },
                    {
                        "key": 3,
                        "type": "SNIGDHA",
                        "trip_id": 8378400,
                        "trip_route_id": 51545577,
                        "route_id": 21375,
                        "fare": "195.00",
                        "vat_percent": 15,
                        "vat_amount": 30,
                        "origin_city_seq": 17,
                        "destination_city_seq": 22,
                        "seat_counts": {
                            "online": 0,
                            "offline": 0,
                            "is_divided": true
                        }
                    }
                ],
                "train_model": "748",
                "is_open_for_all": true,
                "is_eid_trip": 0,
                "boarding_points": [
                    {
                        "trip_point_id": 107146091,
                        "location_id": 2788,
                        "location_name": "Alamdanga Station",
                        "location_time": "12:57 AM"
                    }
                ],
                "is_international": 0,
                "is_from_city_international": false
            },
            {
                "trip_number": "SAGARDARI EXPRESS (762)",
                "departure_date_time": "27 Dec, 08:31 am",
                "departure_full_date": "2024-12-27",
                "departure_date_time_jd": "Fri, 27 Dec 2024, 08:31 AM",
                "arrival_date_time": "27 Dec, 10:35 am",
                "travel_time": "02h 04m",
                "origin_city_name": "alamdanga",
                "destination_city_name": "jashore",
                "seat_types": [
                    {
                        "key": 7,
                        "type": "S_CHAIR",
                        "trip_id": 8378761,
                        "trip_route_id": 51558512,
                        "route_id": 21502,
                        "fare": "120.00",
                        "vat_percent": 0,
                        "vat_amount": 0,
                        "origin_city_seq": 9,
                        "destination_city_seq": 15,
                        "seat_counts": {
                            "online": 8,
                            "offline": 7,
                            "is_divided": true
                        }
                    }
                ],
                "train_model": "762",
                "is_open_for_all": true,
                "is_eid_trip": 0,
                "boarding_points": [
                    {
                        "trip_point_id": 107154363,
                        "location_id": 2788,
                        "location_name": "Alamdanga Station",
                        "location_time": "08:31 AM"
                    }
                ],
                "is_international": 0,
                "is_from_city_international": false
            },
            {
                "trip_number": "RUPSHA EXPRESS (728)",
                "departure_date_time": "27 Dec, 03:04 pm",
                "departure_full_date": "2024-12-27",
                "departure_date_time_jd": "Fri, 27 Dec 2024, 03:04 PM",
                "arrival_date_time": "27 Dec, 05:07 pm",
                "travel_time": "02h 03m",
                "origin_city_name": "alamdanga",
                "destination_city_name": "jashore",
                "seat_types": [
                    {
                        "key": 2,
                        "type": "AC_S",
                        "trip_id": 8378744,
                        "trip_route_id": 51556921,
                        "route_id": 21375,
                        "fare": "235.00",
                        "vat_percent": 15,
                        "vat_amount": 36,
                        "origin_city_seq": 17,
                        "destination_city_seq": 22,
                        "seat_counts": {
                            "online": 0,
                            "offline": 0,
                            "is_divided": true
                        }
                    },
                    {
                        "key": 3,
                        "type": "SNIGDHA",
                        "trip_id": 8378754,
                        "trip_route_id": 51557880,
                        "route_id": 21375,
                        "fare": "195.00",
                        "vat_percent": 15,
                        "vat_amount": 30,
                        "origin_city_seq": 17,
                        "destination_city_seq": 22,
                        "seat_counts": {
                            "online": 0,
                            "offline": 0,
                            "is_divided": true
                        }
                    },
                    {
                        "key": 7,
                        "type": "S_CHAIR",
                        "trip_id": 8378755,
                        "trip_route_id": 51558050,
                        "route_id": 21375,
                        "fare": "120.00",
                        "vat_percent": 0,
                        "vat_amount": 0,
                        "origin_city_seq": 17,
                        "destination_city_seq": 22,
                        "seat_counts": {
                            "online": 3,
                            "offline": 2,
                            "is_divided": true
                        }
                    }
                ],
                "train_model": "728",
                "is_open_for_all": true,
                "is_eid_trip": 0,
                "boarding_points": [
                    {
                        "trip_point_id": 107153664,
                        "location_id": 2788,
                        "location_name": "Alamdanga Station",
                        "location_time": "03:04 PM"
                    }
                ],
                "is_international": 0,
                "is_from_city_international": false
            }
        ],
        "recommendations": [],
        "selected_seat_class": "S_CHAIR"
    },
    "extra": {
        "hash": "F0E4754773DBF0BA06CED4276B8C88F6"
    }
}