{
    "data": {
        "trains": [
            {
                "trip_number": "RUPSHA EXPRESS (727)",
                "departure_date_time": "27 Dec, 10:24 am",
                "departure_full_date": "2024-12-27",
                "departure_date_time_jd": "Fri, 27 Dec 2024, 10:24 AM",
                "arrival_date_time": "27 Dec, 12:12 pm",
                "travel_time": "01h 48m",
                "origin_city_name": "alamdanga",
                "destination_city_name": "natore",
                "seat_types": [
                    {
                        "key": 2,
                        "type": "AC_S",
                        "trip_id": 8378741,
                        "trip_route_id": 51556523,
                        "route_id": 21303,
                        "fare": "300.00",
                        "vat_percent": 15,
                        "vat_amount": 45,
                        "origin_city_seq": 9,
                        "destination_city_seq": 14,
                        "seat_counts": {
                            "online": 0,
                            "offline": 0,
                            "is_divided": true
                        }
                    },
                    {
                        "key": 3,
                        "type": "SNIGDHA",
                        "trip_id": 8378752,
                        "trip_route_id": 51557558,
                        "route_id": 21303,
                        "fare": "250.00",
                        "vat_percent": 15,
                        "vat_amount": 38,
                        "origin_city_seq": 9,
                        "destination_city_seq": 14,
                        "seat_counts": {
                            "online": 0,
                            "offline": 0,
                            "is_divided": true
                        }
                    },
                    {
                        "key": 7,
                        "type": "S_CHAIR",
                        "trip_id": 8378753,
                        "trip_route_id": 51557711,
                        "route_id": 21303,
                        "fare": "150.00",
                        "vat_percent": 0,
                        "vat_amount": 0,
                        "origin_city_seq": 9,
                        "destination_city_seq": 14,
                        "seat_counts": {
                            "online": 1,
                            "offline": 1,
                            "is_divided": true
                        }
                    }
                ],
                "train_model": "727",
                "is_open_for_all": true,
                "is_eid_trip": 0,
                "boarding_points": [
                    {
                        "trip_point_id": 107153535,
                        "location_id": 2788,
                        "location_name": "Alamdanga Station",
                        "location_time": "10:24 AM"
                    }
                ],
                "is_international": 0,
                "is_from_city_international": false
            }
        ],
        "recommendations": [],
        "selected_seat_class": "S_CHAIR"
    },
    "extra": {
        "hash": "F0E4754773DBF0BA06CED4276B8C88F6"
    }
}