{
    "data": {
        "trains": [
            {
                "trip_number": "MOHANAGAR EXPRESS (722)",
                "departure_date_time": "27 Dec, 11:13 pm",
                "departure_full_date": "2024-12-27",
                "departure_date_time_jd": "Fri, 27 Dec 2024, 11:13 PM",
                "arrival_date_time": "28 Dec, 03:30 am",
                "travel_time": "04h 17m",
                "origin_city_name": "ashuganj",
                "destination_city_name": "chattogram",
                "seat_types": [
                    {
                        "key": 3,
                        "type": "SNIGDHA",
                        "trip_id": 8378793,
                        "trip_route_id": 51559902,
                        "route_id": 22531,
                        "fare": "460.00",
                        "vat_percent": 15,
                        "vat_amount": 69,
                        "origin_city_seq": 5,
                        "destination_city_seq": 14,
                        "seat_counts": {
                            "online": 0,
                            "offline": 0,
                            "is_divided": true
                        }
                    },
                    {
                        "key": 7,
                        "type": "S_CHAIR",
                        "trip_id": 8378840,
                        "trip_route_id": 51561253,
                        "route_id": 22531,
                        "fare": "275.00",
                        "vat_percent": 0,
                        "vat_amount": 0,
                        "origin_city_seq": 5,
                        "destination_city_seq": 14,
                        "seat_counts": {
                            "online": 0,
                            "offline": 0,
                            "is_divided": true
                        }
                    }
                ],
                "train_model": "722",
                "is_open_for_all": true,
                "is_eid_trip": 0,
                "boarding_points": [
                    {
                        "trip_point_id": 107155074,
                        "location_id": 2841,
                        "location_name": "Ashuganj Station",
                        "location_time": "11:13 PM"
                    }
                ],
                "is_international": 0,
                "is_from_city_international": false
            }
        ],
        "recommendations": [
            {
                "origin": "Brahmanbaria",
                "destination": "Chattogram"
            },
            {
                "origin": "Ashuganj",
                "destination": "Kumira"
            }
        ],
        "selected_seat_class": "S_CHAIR"
    },
    "extra": {
        "hash": "F0E4754773DBF0BA06CED4276B8C88F6"
    }
}