{
    "data": {
        "trains": [
            {
                "trip_number": "DRUTOJAN EXPRESS (758)",
                "departure_date_time": "27 Dec, 07:20 am",
                "departure_full_date": "2024-12-27",
                "departure_date_time_jd": "Fri, 27 Dec 2024, 07:20 AM",
                "arrival_date_time": "27 Dec, 11:41 am",
                "travel_time": "04h 21m",
                "origin_city_name": "b sirajul islam",
                "destination_city_name": "panchbibi",
                "seat_types": [
                    {
                        "key": 3,
                        "type": "SNIGDHA",
                        "trip_id": 8378747,
                        "trip_route_id": 51557133,
                        "route_id": 19403,
                        "fare": "365.00",
                        "vat_percent": 15,
                        "vat_amount": 55,
                        "origin_city_seq": 1,
                        "destination_city_seq": 12,
                        "seat_counts": {
                            "online": 3,
                            "offline": 2,
                            "is_divided": true
                        }
                    },
                    {
                        "key": 7,
                        "type": "S_CHAIR",
                        "trip_id": 8378758,
                        "trip_route_id": 51558327,
                        "route_id": 19403,
                        "fare": "220.00",
                        "vat_percent": 0,
                        "vat_amount": 0,
                        "origin_city_seq": 1,
                        "destination_city_seq": 12,
                        "seat_counts": {
                            "online": 8,
                            "offline": 7,
                            "is_divided": true
                        }
                    },
                    {
                        "key": 2,
                        "type": "AC_S",
                        "trip_id": 8378759,
                        "trip_route_id": 51558389,
                        "route_id": 19403,
                        "fare": "440.00",
                        "vat_percent": 15,
                        "vat_amount": 66,
                        "origin_city_seq": 1,
                        "destination_city_seq": 12,
                        "seat_counts": {
                            "online": 0,
                            "offline": 0,
                            "is_divided": true
                        }
                    }
                ],
                "train_model": "758",
                "is_open_for_all": true,
                "is_eid_trip": 0,
                "boarding_points": [
                    {
                        "trip_point_id": 107153801,
                        "location_id": 2730,
                        "location_name": "B Sirajul Islam Station",
                        "location_time": "07:20 AM"
                    }
                ],
                "is_international": 0,
                "is_from_city_international": false
            },
            {
                "trip_number": "BANGLABANDHA EXPRESS (804)",
                "departure_date_time": "27 Dec, 09:00 am",
                "departure_full_date": "2024-12-27",
                "departure_date_time_jd": "Fri, 27 Dec 2024, 09:00 AM",
                "arrival_date_time": "27 Dec, 01:25 pm",
                "travel_time": "04h 25m",
                "origin_city_name": "b sirajul islam",
                "destination_city_name": "panchbibi",
                "seat_types": [
                    {
                        "key": 2,
                        "type": "AC_S",
                        "trip_id": 8378735,
                        "trip_route_id": 51556112,
                        "route_id": 20947,
                        "fare": "395.00",
                        "vat_percent": 15,
                        "vat_amount": 60,
                        "origin_city_seq": 1,
                        "destination_city_seq": 13,
                        "seat_counts": {
                            "online": 0,
                            "offline": 0,
                            "is_divided": true
                        }
                    },
                    {
                        "key": 7,
                        "type": "S_CHAIR",
                        "trip_id": 8378736,
                        "trip_route_id": 51556203,
                        "route_id": 20947,
                        "fare": "220.00",
                        "vat_percent": 0,
                        "vat_amount": 0,
                        "origin_city_seq": 1,
                        "destination_city_seq": 13,
                        "seat_counts": {
                            "online": 5,
                            "offline": 5,
                            "is_divided": true
                        }
                    }
                ],
                "train_model": "804",
                "is_open_for_all": true,
                "is_eid_trip": 0,
                "boarding_points": [
                    {
                        "trip_point_id": 107153365,
                        "location_id": 2730,
                        "location_name": "B Sirajul Islam Station",
                        "location_time": "09:00 AM"
                    }
                ],
                "is_international": 0,
                "is_from_city_international": false
            },
            {
                "trip_number": "EKOTA EXPRESS (706)",
                "departure_date_time": "27 Dec, 09:10 pm",
                "departure_full_date": "2024-12-27",
                "departure_date_time_jd": "Fri, 27 Dec 2024, 09:10 PM",
                "arrival_date_time": "28 Dec, 01:15 am",
                "travel_time": "04h 05m",
                "origin_city_name": "b sirajul islam",
                "destination_city_name": "panchbibi",
                "seat_types": [
                    {
                        "key": 3,
                        "type": "SNIGDHA",
                        "trip_id": 8378723,
                        "trip_route_id": 51555327,
                        "route_id": 19403,
                        "fare": "365.00",
                        "vat_percent": 15,
                        "vat_amount": 55,
                        "origin_city_seq": 1,
                        "destination_city_seq": 12,
                        "seat_counts": {
                            "online": 3,
                            "offline": 2,
                            "is_divided": true
                        }
                    },
                    {
                        "key": 7,
                        "type": "S_CHAIR",
                        "trip_id": 8378724,
                        "trip_route_id": 51555393,
                        "route_id": 19403,
                        "fare": "220.00",
                        "vat_percent": 0,
                        "vat_amount": 0,
                        "origin_city_seq": 1,
                        "destination_city_seq": 12,
                        "seat_counts": {
                            "online": 8,
                            "offline": 7,
                            "is_divided": true
                        }
                    },
                    {
                        "key": 1,
                        "type": "AC_B",
                        "trip_id": 8378740,
                        "trip_route_id": 51556384,
                        "route_id": 19403,
                        "fare": "655.00",
                        "vat_percent": 15,
                        "vat_amount": 99,
                        "origin_city_seq": 1,
                        "destination_city_seq": 12,
                        "seat_counts": {
                            "online": 0,
                            "offline": 0,
                            "is_divided": true
                        }
                    }
                ],
                "train_model": "706",
                "is_open_for_all": true,
                "is_eid_trip": 0,
                "boarding_points": [
                    {
                        "trip_point_id": 107152962,
                        "location_id": 2730,
                        "location_name": "B Sirajul Islam Station",
                        "location_time": "09:10 PM"
                    }
                ],
                "is_international": 0,
                "is_from_city_international": false
            }
        ],
        "recommendations": [],
        "selected_seat_class": "S_CHAIR"
    },
    "extra": {
        "hash": "F0E4754773DBF0BA06CED4276B8C88F6"
    }
}