{
    "data": {
        "trains": [
            {
                "trip_number": "DRUTOJAN EXPRESS (758)",
                "departure_date_time": "27 Dec, 07:20 am",
                "departure_full_date": "2024-12-27",
                "departure_date_time_jd": "Fri, 27 Dec 2024, 07:20 AM",
                "arrival_date_time": "27 Dec, 06:55 pm",
                "travel_time": "11h 35m",
                "origin_city_name": "b sirajul islam",
                "destination_city_name": "dhaka",
                "seat_types": [
                    {
                        "key": 3,
                        "type": "SNIGDHA",
                        "trip_id": 8378747,
                        "trip_route_id": 51557125,
                        "route_id": 19392,
                        "fare": "1160.00",
                        "vat_percent": 15,
                        "vat_amount": 174,
                        "origin_city_seq": 1,
                        "destination_city_seq": 25,
                        "seat_counts": {
                            "online": 6,
                            "offline": 5,
                            "is_divided": true
                        }
                    },
                    {
                        "key": 7,
                        "type": "S_CHAIR",
                        "trip_id": 8378758,
                        "trip_route_id": 51558319,
                        "route_id": 19392,
                        "fare": "695.00",
                        "vat_percent": 0,
                        "vat_amount": 0,
                        "origin_city_seq": 1,
                        "destination_city_seq": 25,
                        "seat_counts": {
                            "online": 38,
                            "offline": 38,
                            "is_divided": true
                        }
                    },
                    {
                        "key": 2,
                        "type": "AC_S",
                        "trip_id": 8378759,
                        "trip_route_id": 51558381,
                        "route_id": 19392,
                        "fare": "1390.00",
                        "vat_percent": 15,
                        "vat_amount": 209,
                        "origin_city_seq": 1,
                        "destination_city_seq": 25,
                        "seat_counts": {
                            "online": 0,
                            "offline": 0,
                            "is_divided": true
                        }
                    }
                ],
                "train_model": "758",
                "is_open_for_all": true,
                "is_eid_trip": 0,
                "boarding_points": [
                    {
                        "trip_point_id": 107153801,
                        "location_id": 2730,
                        "location_name": "B Sirajul Islam Station",
                        "location_time": "07:20 AM"
                    }
                ],
                "is_international": 0,
                "is_from_city_international": false
            },
            {
                "trip_number": "PANCHAGARH EXPRESS (794)",
                "departure_date_time": "27 Dec, 12:20 pm",
                "departure_full_date": "2024-12-27",
                "departure_date_time_jd": "Fri, 27 Dec 2024, 12:20 PM",
                "arrival_date_time": "27 Dec, 09:55 pm",
                "travel_time": "09h 35m",
                "origin_city_name": "b sirajul islam",
                "destination_city_name": "dhaka",
                "seat_types": [
                    {
                        "key": 2,
                        "type": "AC_S",
                        "trip_id": 8378704,
                        "trip_route_id": 51554098,
                        "route_id": 19392,
                        "fare": "1390.00",
                        "vat_percent": 15,
                        "vat_amount": 209,
                        "origin_city_seq": 1,
                        "destination_city_seq": 25,
                        "seat_counts": {
                            "online": 0,
                            "offline": 0,
                            "is_divided": true
                        }
                    },
                    {
                        "key": 7,
                        "type": "S_CHAIR",
                        "trip_id": 8378705,
                        "trip_route_id": 51554134,
                        "route_id": 19392,
                        "fare": "695.00",
                        "vat_percent": 0,
                        "vat_amount": 0,
                        "origin_city_seq": 1,
                        "destination_city_seq": 25,
                        "seat_counts": {
                            "online": 30,
                            "offline": 30,
                            "is_divided": true
                        }
                    },
                    {
                        "key": 3,
                        "type": "SNIGDHA",
                        "trip_id": 8378706,
                        "trip_route_id": 51554158,
                        "route_id": 19392,
                        "fare": "1160.00",
                        "vat_percent": 15,
                        "vat_amount": 174,
                        "origin_city_seq": 1,
                        "destination_city_seq": 25,
                        "seat_counts": {
                            "online": 7,
                            "offline": 7,
                            "is_divided": true
                        }
                    }
                ],
                "train_model": "794",
                "is_open_for_all": true,
                "is_eid_trip": 0,
                "boarding_points": [
                    {
                        "trip_point_id": 107152406,
                        "location_id": 2730,
                        "location_name": "B Sirajul Islam Station",
                        "location_time": "12:20 PM"
                    }
                ],
                "is_international": 0,
                "is_from_city_international": false
            },
            {
                "trip_number": "EKOTA EXPRESS (706)",
                "departure_date_time": "27 Dec, 09:10 pm",
                "departure_full_date": "2024-12-27",
                "departure_date_time_jd": "Fri, 27 Dec 2024, 09:10 PM",
                "arrival_date_time": "28 Dec, 07:50 am",
                "travel_time": "10h 40m",
                "origin_city_name": "b sirajul islam",
                "destination_city_name": "dhaka",
                "seat_types": [
                    {
                        "key": 3,
                        "type": "SNIGDHA",
                        "trip_id": 8378723,
                        "trip_route_id": 51555318,
                        "route_id": 19392,
                        "fare": "1160.00",
                        "vat_percent": 15,
                        "vat_amount": 174,
                        "origin_city_seq": 1,
                        "destination_city_seq": 25,
                        "seat_counts": {
                            "online": 0,
                            "offline": 0,
                            "is_divided": true
                        }
                    },
                    {
                        "key": 7,
                        "type": "S_CHAIR",
                        "trip_id": 8378724,
                        "trip_route_id": 51555384,
                        "route_id": 19392,
                        "fare": "695.00",
                        "vat_percent": 0,
                        "vat_amount": 0,
                        "origin_city_seq": 1,
                        "destination_city_seq": 25,
                        "seat_counts": {
                            "online": 39,
                            "offline": 38,
                            "is_divided": true
                        }
                    },
                    {
                        "key": 1,
                        "type": "AC_B",
                        "trip_id": 8378740,
                        "trip_route_id": 51556375,
                        "route_id": 19392,
                        "fare": "2085.00",
                        "vat_percent": 15,
                        "vat_amount": 313,
                        "origin_city_seq": 1,
                        "destination_city_seq": 25,
                        "seat_counts": {
                            "online": 0,
                            "offline": 0,
                            "is_divided": true
                        }
                    }
                ],
                "train_model": "706",
                "is_open_for_all": true,
                "is_eid_trip": 0,
                "boarding_points": [
                    {
                        "trip_point_id": 107152962,
                        "location_id": 2730,
                        "location_name": "B Sirajul Islam Station",
                        "location_time": "09:10 PM"
                    }
                ],
                "is_international": 0,
                "is_from_city_international": false
            }
        ],
        "recommendations": [],
        "selected_seat_class": "S_CHAIR"
    },
    "extra": {
        "hash": "3C85D5CEA741389483D8A7CD51DA469D"
    }
}