{
    "data": {
        "trains": [
            {
                "trip_number": "KANCHON INTERCITY COMMUTER (42)",
                "departure_date_time": "27 Dec, 03:30 pm",
                "departure_full_date": "2024-12-27",
                "departure_date_time_jd": "Fri, 27 Dec 2024, 03:30 PM",
                "arrival_date_time": "27 Dec, 06:22 pm",
                "travel_time": "02h 52m",
                "origin_city_name": "b sirajul islam",
                "destination_city_name": "kawgaon",
                "seat_types": [
                    {
                        "key": 8,
                        "type": "SHOVAN",
                        "trip_id": 8379011,
                        "trip_route_id": 51564753,
                        "route_id": 26750,
                        "fare": "110.00",
                        "vat_percent": 0,
                        "vat_amount": 0,
                        "origin_city_seq": 1,
                        "destination_city_seq": 15,
                        "seat_counts": {
                            "online": 2,
                            "offline": 1,
                            "is_divided": true
                        }
                    }
                ],
                "train_model": "42",
                "is_open_for_all": true,
                "is_eid_trip": 0,
                "boarding_points": [
                    {
                        "trip_point_id": 107158379,
                        "location_id": 2730,
                        "location_name": "B Sirajul Islam Station",
                        "location_time": "03:30 PM"
                    }
                ],
                "is_international": 0,
                "is_from_city_international": false
            }
        ],
        "recommendations": [],
        "selected_seat_class": "S_CHAIR"
    },
    "extra": {
        "hash": "F0E4754773DBF0BA06CED4276B8C88F6"
    }
}