{
    "data": {
        "trains": [
            {
                "trip_number": "BANGLABANDHA EXPRESS (804)",
                "departure_date_time": "27 Dec, 09:00 am",
                "departure_full_date": "2024-12-27",
                "departure_date_time_jd": "Fri, 27 Dec 2024, 09:00 AM",
                "arrival_date_time": "27 Dec, 04:00 pm",
                "travel_time": "07h 00m",
                "origin_city_name": "b sirajul islam",
                "destination_city_name": "abdulpur",
                "seat_types": [
                    {
                        "key": 2,
                        "type": "AC_S",
                        "trip_id": 8378735,
                        "trip_route_id": 51556123,
                        "route_id": 20954,
                        "fare": "590.00",
                        "vat_percent": 15,
                        "vat_amount": 89,
                        "origin_city_seq": 1,
                        "destination_city_seq": 20,
                        "seat_counts": {
                            "online": 0,
                            "offline": 0,
                            "is_divided": true
                        }
                    },
                    {
                        "key": 7,
                        "type": "S_CHAIR",
                        "trip_id": 8378736,
                        "trip_route_id": 51556214,
                        "route_id": 20954,
                        "fare": "345.00",
                        "vat_percent": 0,
                        "vat_amount": 0,
                        "origin_city_seq": 1,
                        "destination_city_seq": 20,
                        "seat_counts": {
                            "online": 3,
                            "offline": 2,
                            "is_divided": true
                        }
                    }
                ],
                "train_model": "804",
                "is_open_for_all": true,
                "is_eid_trip": 0,
                "boarding_points": [
                    {
                        "trip_point_id": 107153365,
                        "location_id": 2730,
                        "location_name": "B Sirajul Islam Station",
                        "location_time": "09:00 AM"
                    }
                ],
                "is_international": 0,
                "is_from_city_international": false
            }
        ],
        "recommendations": [],
        "selected_seat_class": "S_CHAIR"
    },
    "extra": {
        "hash": "F0E4754773DBF0BA06CED4276B8C88F6"
    }
}