{
    "data": {
        "trains": [
            {
                "trip_number": "LALMONI EXPRESS (751)",
                "departure_date_time": "27 Dec, 12:05 am",
                "departure_full_date": "2024-12-27",
                "departure_date_time_jd": "Fri, 27 Dec 2024, 12:05 AM",
                "arrival_date_time": "27 Dec, 07:30 am",
                "travel_time": "07h 25m",
                "origin_city_name": "bbsetu_e",
                "destination_city_name": "lalmonirhat",
                "seat_types": [
                    {
                        "key": 1,
                        "type": "AC_B",
                        "trip_id": 8378352,
                        "trip_route_id": 51542797,
                        "route_id": 19637,
                        "fare": "1480.00",
                        "vat_percent": 15,
                        "vat_amount": 222,
                        "origin_city_seq": 5,
                        "destination_city_seq": 20,
                        "seat_counts": {
                            "online": 0,
                            "offline": 0,
                            "is_divided": true
                        }
                    },
                    {
                        "key": 3,
                        "type": "SNIGDHA",
                        "trip_id": 8378353,
                        "trip_route_id": 51542832,
                        "route_id": 19637,
                        "fare": "825.00",
                        "vat_percent": 15,
                        "vat_amount": 124,
                        "origin_city_seq": 5,
                        "destination_city_seq": 20,
                        "seat_counts": {
                            "online": 0,
                            "offline": 0,
                            "is_divided": true
                        }
                    },
                    {
                        "key": 7,
                        "type": "S_CHAIR",
                        "trip_id": 8378354,
                        "trip_route_id": 51542881,
                        "route_id": 19637,
                        "fare": "495.00",
                        "vat_percent": 0,
                        "vat_amount": 0,
                        "origin_city_seq": 5,
                        "destination_city_seq": 20,
                        "seat_counts": {
                            "online": 1,
                            "offline": 0,
                            "is_divided": true
                        }
                    }
                ],
                "train_model": "751",
                "is_open_for_all": true,
                "is_eid_trip": 0,
                "boarding_points": [
                    {
                        "trip_point_id": 107145628,
                        "location_id": 2704,
                        "location_name": "BBSetu_E Station",
                        "location_time": "12:05 AM"
                    }
                ],
                "is_international": 0,
                "is_from_city_international": false
            }
        ],
        "recommendations": [],
        "selected_seat_class": "S_CHAIR"
    },
    "extra": {
        "hash": "F0E4754773DBF0BA06CED4276B8C88F6"
    }
}