{
    "data": {
        "trains": [
            {
                "trip_number": "NILSAGAR EXPRESS (765)",
                "departure_date_time": "27 Dec, 09:09 am",
                "departure_full_date": "2024-12-27",
                "departure_date_time_jd": "Fri, 27 Dec 2024, 09:09 AM",
                "arrival_date_time": "27 Dec, 04:00 pm",
                "travel_time": "06h 51m",
                "origin_city_name": "bbsetu_e",
                "destination_city_name": "chilahati",
                "seat_types": [
                    {
                        "key": 2,
                        "type": "AC_S",
                        "trip_id": 8378728,
                        "trip_route_id": 51555599,
                        "route_id": 19772,
                        "fare": "955.00",
                        "vat_percent": 15,
                        "vat_amount": 144,
                        "origin_city_seq": 4,
                        "destination_city_seq": 17,
                        "seat_counts": {
                            "online": 0,
                            "offline": 0,
                            "is_divided": true
                        }
                    },
                    {
                        "key": 3,
                        "type": "SNIGDHA",
                        "trip_id": 8378729,
                        "trip_route_id": 51555667,
                        "route_id": 19772,
                        "fare": "800.00",
                        "vat_percent": 15,
                        "vat_amount": 120,
                        "origin_city_seq": 4,
                        "destination_city_seq": 17,
                        "seat_counts": {
                            "online": 3,
                            "offline": 2,
                            "is_divided": true
                        }
                    },
                    {
                        "key": 7,
                        "type": "S_CHAIR",
                        "trip_id": 8378730,
                        "trip_route_id": 51555742,
                        "route_id": 19772,
                        "fare": "480.00",
                        "vat_percent": 0,
                        "vat_amount": 0,
                        "origin_city_seq": 4,
                        "destination_city_seq": 17,
                        "seat_counts": {
                            "online": 2,
                            "offline": 2,
                            "is_divided": true
                        }
                    }
                ],
                "train_model": "765",
                "is_open_for_all": true,
                "is_eid_trip": 0,
                "boarding_points": [
                    {
                        "trip_point_id": 107153128,
                        "location_id": 2704,
                        "location_name": "BBSetu_E Station",
                        "location_time": "09:09 AM"
                    }
                ],
                "is_international": 0,
                "is_from_city_international": false
            }
        ],
        "recommendations": [],
        "selected_seat_class": "S_CHAIR"
    },
    "extra": {
        "hash": "F0E4754773DBF0BA06CED4276B8C88F6"
    }
}