{
    "data": {
        "trains": [
            {
                "trip_number": "RUPOSHIBANGLA EXPRESS (827)",
                "departure_date_time": "27 Dec, 03:25 pm",
                "departure_full_date": "2024-12-27",
                "departure_date_time_jd": "Fri, 27 Dec 2024, 03:25 PM",
                "arrival_date_time": "27 Dec, 05:43 pm",
                "travel_time": "02h 18m",
                "origin_city_name": "benapole",
                "destination_city_name": "bhanga_junction",
                "seat_types": [
                    {
                        "key": 2,
                        "type": "AC_S",
                        "trip_id": 8381372,
                        "trip_route_id": 51642628,
                        "route_id": 26972,
                        "fare": "385.00",
                        "vat_percent": 15,
                        "vat_amount": 58,
                        "origin_city_seq": 1,
                        "destination_city_seq": 5,
                        "seat_counts": {
                            "online": 2,
                            "offline": 2,
                            "is_divided": true
                        }
                    },
                    {
                        "key": 3,
                        "type": "SNIGDHA",
                        "trip_id": 8381381,
                        "trip_route_id": 51642696,
                        "route_id": 26972,
                        "fare": "320.00",
                        "vat_percent": 15,
                        "vat_amount": 48,
                        "origin_city_seq": 1,
                        "destination_city_seq": 5,
                        "seat_counts": {
                            "online": 10,
                            "offline": 10,
                            "is_divided": true
                        }
                    },
                    {
                        "key": 7,
                        "type": "S_CHAIR",
                        "trip_id": 8381390,
                        "trip_route_id": 51642789,
                        "route_id": 26972,
                        "fare": "195.00",
                        "vat_percent": 0,
                        "vat_amount": 0,
                        "origin_city_seq": 1,
                        "destination_city_seq": 5,
                        "seat_counts": {
                            "online": 6,
                            "offline": 6,
                            "is_divided": true
                        }
                    }
                ],
                "train_model": "827",
                "is_open_for_all": true,
                "is_eid_trip": 0,
                "boarding_points": [
                    {
                        "trip_point_id": 107203877,
                        "location_id": 2784,
                        "location_name": "Benapole Station",
                        "location_time": "03:25 PM"
                    }
                ],
                "is_international": 0,
                "is_from_city_international": false
            }
        ],
        "recommendations": [],
        "selected_seat_class": "S_CHAIR"
    },
    "extra": {
        "hash": "F0E4754773DBF0BA06CED4276B8C88F6"
    }
}