{
    "data": {
        "trains": [
            {
                "trip_number": "MAHANAGAR PROVATI (704)",
                "departure_date_time": "27 Dec, 09:19 am",
                "departure_full_date": "2024-12-27",
                "departure_date_time_jd": "Fri, 27 Dec 2024, 09:19 AM",
                "arrival_date_time": "27 Dec, 12:00 pm",
                "travel_time": "02h 41m",
                "origin_city_name": "bhairab_bazar",
                "destination_city_name": "feni",
                "seat_types": [
                    {
                        "key": 3,
                        "type": "SNIGDHA",
                        "trip_id": 8378779,
                        "trip_route_id": 51559455,
                        "route_id": 22052,
                        "fare": "330.00",
                        "vat_percent": 15,
                        "vat_amount": 50,
                        "origin_city_seq": 3,
                        "destination_city_seq": 9,
                        "seat_counts": {
                            "online": 0,
                            "offline": 0,
                            "is_divided": true
                        }
                    },
                    {
                        "key": 2,
                        "type": "AC_S",
                        "trip_id": 8378810,
                        "trip_route_id": 51560272,
                        "route_id": 22052,
                        "fare": "395.00",
                        "vat_percent": 15,
                        "vat_amount": 60,
                        "origin_city_seq": 3,
                        "destination_city_seq": 9,
                        "seat_counts": {
                            "online": 0,
                            "offline": 0,
                            "is_divided": true
                        }
                    },
                    {
                        "key": 5,
                        "type": "F_SEAT",
                        "trip_id": 8378811,
                        "trip_route_id": 51560297,
                        "route_id": 22052,
                        "fare": "265.00",
                        "vat_percent": 15,
                        "vat_amount": 40,
                        "origin_city_seq": 3,
                        "destination_city_seq": 9,
                        "seat_counts": {
                            "online": 0,
                            "offline": 0,
                            "is_divided": true
                        }
                    },
                    {
                        "key": 7,
                        "type": "S_CHAIR",
                        "trip_id": 8378812,
                        "trip_route_id": 51560322,
                        "route_id": 22052,
                        "fare": "200.00",
                        "vat_percent": 0,
                        "vat_amount": 0,
                        "origin_city_seq": 3,
                        "destination_city_seq": 9,
                        "seat_counts": {
                            "online": 0,
                            "offline": 0,
                            "is_divided": true
                        }
                    }
                ],
                "train_model": "704",
                "is_open_for_all": true,
                "is_eid_trip": 0,
                "boarding_points": [
                    {
                        "trip_point_id": 107154800,
                        "location_id": 2829,
                        "location_name": "Bhairab_Bazar Station",
                        "location_time": "09:19 AM"
                    }
                ],
                "is_international": 0,
                "is_from_city_international": false
            }
        ],
        "recommendations": [
            {
                "origin": "Brahmanbaria",
                "destination": "Feni"
            },
            {
                "origin": "Bhairab_bazar",
                "destination": "Gunabati"
            }
        ],
        "selected_seat_class": "S_CHAIR"
    },
    "extra": {
        "hash": "F0E4754773DBF0BA06CED4276B8C88F6"
    }
}