{
    "data": {
        "trains": [
            {
                "trip_number": "KISHORGANJ EXPRESS (781)",
                "departure_date_time": "27 Dec, 12:35 pm",
                "departure_full_date": "2024-12-27",
                "departure_date_time_jd": "Fri, 27 Dec 2024, 12:35 PM",
                "arrival_date_time": "27 Dec, 01:31 pm",
                "travel_time": "00h 56m",
                "origin_city_name": "bhairab_bazar",
                "destination_city_name": "manikkhali",
                "seat_types": [
                    {
                        "key": 7,
                        "type": "S_CHAIR",
                        "trip_id": 8378893,
                        "trip_route_id": 51562298,
                        "route_id": 23340,
                        "fare": "50.00",
                        "vat_percent": 0,
                        "vat_amount": 0,
                        "origin_city_seq": 5,
                        "destination_city_seq": 9,
                        "seat_counts": {
                            "online": 3,
                            "offline": 2,
                            "is_divided": true
                        }
                    }
                ],
                "train_model": "781",
                "is_open_for_all": true,
                "is_eid_trip": 0,
                "boarding_points": [
                    {
                        "trip_point_id": 107156768,
                        "location_id": 2829,
                        "location_name": "Bhairab_Bazar Station",
                        "location_time": "12:35 PM"
                    }
                ],
                "is_international": 0,
                "is_from_city_international": false
            }
        ],
        "recommendations": [],
        "selected_seat_class": "S_CHAIR"
    },
    "extra": {
        "hash": "F0E4754773DBF0BA06CED4276B8C88F6"
    }
}