{
    "data": {
        "trains": [
            {
                "trip_number": "UPABAN EXPRESS (740)",
                "departure_date_time": "27 Dec, 01:22 am",
                "departure_full_date": "2024-12-27",
                "departure_date_time_jd": "Fri, 27 Dec 2024, 01:22 AM",
                "arrival_date_time": "27 Dec, 05:45 am",
                "travel_time": "04h 23m",
                "origin_city_name": "bhanugach",
                "destination_city_name": "dhaka",
                "seat_types": [
                    {
                        "key": 3,
                        "type": "SNIGDHA",
                        "trip_id": 8378461,
                        "trip_route_id": 51548474,
                        "route_id": 22807,
                        "fare": "475.00",
                        "vat_percent": 15,
                        "vat_amount": 72,
                        "origin_city_seq": 6,
                        "destination_city_seq": 11,
                        "seat_counts": {
                            "online": 0,
                            "offline": 0,
                            "is_divided": true
                        }
                    },
                    {
                        "key": 1,
                        "type": "AC_B",
                        "trip_id": 8378517,
                        "trip_route_id": 51549998,
                        "route_id": 22807,
                        "fare": "850.00",
                        "vat_percent": 15,
                        "vat_amount": 128,
                        "origin_city_seq": 6,
                        "destination_city_seq": 11,
                        "seat_counts": {
                            "online": 0,
                            "offline": 0,
                            "is_divided": true
                        }
                    },
                    {
                        "key": 7,
                        "type": "S_CHAIR",
                        "trip_id": 8378518,
                        "trip_route_id": 51550020,
                        "route_id": 22807,
                        "fare": "285.00",
                        "vat_percent": 0,
                        "vat_amount": 0,
                        "origin_city_seq": 6,
                        "destination_city_seq": 11,
                        "seat_counts": {
                            "online": 0,
                            "offline": 0,
                            "is_divided": true
                        }
                    }
                ],
                "train_model": "740",
                "is_open_for_all": true,
                "is_eid_trip": 0,
                "boarding_points": [
                    {
                        "trip_point_id": 107148598,
                        "location_id": 2837,
                        "location_name": "Bhanugach Station",
                        "location_time": "01:22 AM"
                    }
                ],
                "is_international": 0,
                "is_from_city_international": false
            },
            {
                "trip_number": "JAYENTIKA EXPRESS (718)",
                "departure_date_time": "27 Dec, 02:21 pm",
                "departure_full_date": "2024-12-27",
                "departure_date_time_jd": "Fri, 27 Dec 2024, 02:21 PM",
                "arrival_date_time": "27 Dec, 07:25 pm",
                "travel_time": "05h 04m",
                "origin_city_name": "bhanugach",
                "destination_city_name": "dhaka",
                "seat_types": [
                    {
                        "key": 3,
                        "type": "SNIGDHA",
                        "trip_id": 8378787,
                        "trip_route_id": 51559756,
                        "route_id": 22354,
                        "fare": "475.00",
                        "vat_percent": 15,
                        "vat_amount": 72,
                        "origin_city_seq": 4,
                        "destination_city_seq": 16,
                        "seat_counts": {
                            "online": 0,
                            "offline": 0,
                            "is_divided": true
                        }
                    },
                    {
                        "key": 2,
                        "type": "AC_S",
                        "trip_id": 8378833,
                        "trip_route_id": 51561002,
                        "route_id": 22354,
                        "fare": "570.00",
                        "vat_percent": 15,
                        "vat_amount": 86,
                        "origin_city_seq": 4,
                        "destination_city_seq": 16,
                        "seat_counts": {
                            "online": 0,
                            "offline": 0,
                            "is_divided": true
                        }
                    },
                    {
                        "key": 7,
                        "type": "S_CHAIR",
                        "trip_id": 8378917,
                        "trip_route_id": 51563065,
                        "route_id": 22354,
                        "fare": "285.00",
                        "vat_percent": 0,
                        "vat_amount": 0,
                        "origin_city_seq": 4,
                        "destination_city_seq": 16,
                        "seat_counts": {
                            "online": 0,
                            "offline": 0,
                            "is_divided": true
                        }
                    }
                ],
                "train_model": "718",
                "is_open_for_all": true,
                "is_eid_trip": 0,
                "boarding_points": [
                    {
                        "trip_point_id": 107154971,
                        "location_id": 2837,
                        "location_name": "Bhanugach Station",
                        "location_time": "02:21 PM"
                    }
                ],
                "is_international": 0,
                "is_from_city_international": false
            },
            {
                "trip_number": "PARABAT EXPRESS (710)",
                "departure_date_time": "27 Dec, 05:19 pm",
                "departure_full_date": "2024-12-27",
                "departure_date_time_jd": "Fri, 27 Dec 2024, 05:19 PM",
                "arrival_date_time": "27 Dec, 10:15 pm",
                "travel_time": "04h 56m",
                "origin_city_name": "bhanugach",
                "destination_city_name": "dhaka",
                "seat_types": [
                    {
                        "key": 3,
                        "type": "SNIGDHA",
                        "trip_id": 8378783,
                        "trip_route_id": 51559578,
                        "route_id": 22175,
                        "fare": "475.00",
                        "vat_percent": 15,
                        "vat_amount": 72,
                        "origin_city_seq": 4,
                        "destination_city_seq": 12,
                        "seat_counts": {
                            "online": 0,
                            "offline": 0,
                            "is_divided": true
                        }
                    },
                    {
                        "key": 7,
                        "type": "S_CHAIR",
                        "trip_id": 8378826,
                        "trip_route_id": 51560707,
                        "route_id": 22175,
                        "fare": "285.00",
                        "vat_percent": 0,
                        "vat_amount": 0,
                        "origin_city_seq": 4,
                        "destination_city_seq": 12,
                        "seat_counts": {
                            "online": 0,
                            "offline": 0,
                            "is_divided": true
                        }
                    },
                    {
                        "key": 5,
                        "type": "F_SEAT",
                        "trip_id": 8378827,
                        "trip_route_id": 51560750,
                        "route_id": 22175,
                        "fare": "380.00",
                        "vat_percent": 15,
                        "vat_amount": 57,
                        "origin_city_seq": 4,
                        "destination_city_seq": 12,
                        "seat_counts": {
                            "online": 0,
                            "offline": 0,
                            "is_divided": true
                        }
                    },
                    {
                        "key": 2,
                        "type": "AC_S",
                        "trip_id": 8378828,
                        "trip_route_id": 51560786,
                        "route_id": 22175,
                        "fare": "570.00",
                        "vat_percent": 15,
                        "vat_amount": 86,
                        "origin_city_seq": 4,
                        "destination_city_seq": 12,
                        "seat_counts": {
                            "online": 0,
                            "offline": 0,
                            "is_divided": true
                        }
                    }
                ],
                "train_model": "710",
                "is_open_for_all": true,
                "is_eid_trip": 0,
                "boarding_points": [
                    {
                        "trip_point_id": 107154873,
                        "location_id": 2837,
                        "location_name": "Bhanugach Station",
                        "location_time": "05:19 PM"
                    }
                ],
                "is_international": 0,
                "is_from_city_international": false
            }
        ],
        "recommendations": [
            {
                "origin": "Sreemangal",
                "destination": "Dhaka"
            },
            {
                "origin": "Bhanugach",
                "destination": "Biman_bandar"
            }
        ],
        "selected_seat_class": "S_CHAIR"
    },
    "extra": {
        "hash": "F0E4754773DBF0BA06CED4276B8C88F6"
    }
}