{
    "data": {
        "trains": [
            {
                "trip_number": "RUPOSHIBANGLA EXPRESS (828)",
                "departure_date_time": "27 Dec, 11:50 am",
                "departure_full_date": "2024-12-27",
                "departure_date_time_jd": "Fri, 27 Dec 2024, 11:50 AM",
                "arrival_date_time": "27 Dec, 12:42 pm",
                "travel_time": "00h 52m",
                "origin_city_name": "bhanga_junction",
                "destination_city_name": "narail",
                "seat_types": [
                    {
                        "key": 3,
                        "type": "SNIGDHA",
                        "trip_id": 8381408,
                        "trip_route_id": 51642984,
                        "route_id": 26959,
                        "fare": "185.00",
                        "vat_percent": 15,
                        "vat_amount": 28,
                        "origin_city_seq": 2,
                        "destination_city_seq": 4,
                        "seat_counts": {
                            "online": 3,
                            "offline": 2,
                            "is_divided": true
                        }
                    },
                    {
                        "key": 7,
                        "type": "S_CHAIR",
                        "trip_id": 8381417,
                        "trip_route_id": 51643106,
                        "route_id": 26959,
                        "fare": "110.00",
                        "vat_percent": 0,
                        "vat_amount": 0,
                        "origin_city_seq": 2,
                        "destination_city_seq": 4,
                        "seat_counts": {
                            "online": 5,
                            "offline": 5,
                            "is_divided": true
                        }
                    }
                ],
                "train_model": "828",
                "is_open_for_all": true,
                "is_eid_trip": 0,
                "boarding_points": [
                    {
                        "trip_point_id": 107204209,
                        "location_id": 2943,
                        "location_name": "Bhanga_Junction Station",
                        "location_time": "11:50 AM"
                    }
                ],
                "is_international": 0,
                "is_from_city_international": false
            }
        ],
        "recommendations": [],
        "selected_seat_class": "S_CHAIR"
    },
    "extra": {
        "hash": "F0E4754773DBF0BA06CED4276B8C88F6"
    }
}