{
    "data": {
        "trains": [
            {
                "trip_number": "PAHARIKA EXPRESS (720)",
                "departure_date_time": "27 Dec, 12:34 pm",
                "departure_full_date": "2024-12-27",
                "departure_date_time_jd": "Fri, 27 Dec 2024, 12:34 PM",
                "arrival_date_time": "27 Dec, 06:55 pm",
                "travel_time": "06h 21m",
                "origin_city_name": "bhanugach",
                "destination_city_name": "chattogram",
                "seat_types": [
                    {
                        "key": 7,
                        "type": "S_CHAIR",
                        "trip_id": 8378836,
                        "trip_route_id": 51561118,
                        "route_id": 22447,
                        "fare": "360.00",
                        "vat_percent": 0,
                        "vat_amount": 0,
                        "origin_city_seq": 5,
                        "destination_city_seq": 16,
                        "seat_counts": {
                            "online": 0,
                            "offline": 0,
                            "is_divided": true
                        }
                    }
                ],
                "train_model": "720",
                "is_open_for_all": true,
                "is_eid_trip": 0,
                "boarding_points": [
                    {
                        "trip_point_id": 107155895,
                        "location_id": 2837,
                        "location_name": "Bhanugach Station",
                        "location_time": "12:34 PM"
                    }
                ],
                "is_international": 0,
                "is_from_city_international": false
            }
        ],
        "recommendations": [
            {
                "origin": "Sreemangal",
                "destination": "Chattogram"
            },
            {
                "origin": "Bhanugach",
                "destination": "Feni"
            }
        ],
        "selected_seat_class": "S_CHAIR"
    },
    "extra": {
        "hash": "F0E4754773DBF0BA06CED4276B8C88F6"
    }
}