{
    "data": {
        "trains": [
            {
                "trip_number": "JAHANABAD EXPRESS (826)",
                "departure_date_time": "27 Dec, 09:06 pm",
                "departure_full_date": "2024-12-27",
                "departure_date_time_jd": "Fri, 27 Dec 2024, 09:06 PM",
                "arrival_date_time": "27 Dec, 11:45 pm",
                "travel_time": "02h 39m",
                "origin_city_name": "bhanga_junction",
                "destination_city_name": "khulna",
                "seat_types": [
                    {
                        "key": 3,
                        "type": "SNIGDHA",
                        "trip_id": 8381354,
                        "trip_route_id": 51642397,
                        "route_id": 26909,
                        "fare": "305.00",
                        "vat_percent": 15,
                        "vat_amount": 46,
                        "origin_city_seq": 2,
                        "destination_city_seq": 8,
                        "seat_counts": {
                            "online": 3,
                            "offline": 2,
                            "is_divided": true
                        }
                    },
                    {
                        "key": 7,
                        "type": "S_CHAIR",
                        "trip_id": 8381363,
                        "trip_route_id": 51642514,
                        "route_id": 26909,
                        "fare": "185.00",
                        "vat_percent": 0,
                        "vat_amount": 0,
                        "origin_city_seq": 2,
                        "destination_city_seq": 8,
                        "seat_counts": {
                            "online": 5,
                            "offline": 5,
                            "is_divided": true
                        }
                    }
                ],
                "train_model": "826",
                "is_open_for_all": true,
                "is_eid_trip": 0,
                "boarding_points": [
                    {
                        "trip_point_id": 107203633,
                        "location_id": 2943,
                        "location_name": "Bhanga_Junction Station",
                        "location_time": "09:06 PM"
                    }
                ],
                "is_international": 0,
                "is_from_city_international": false
            }
        ],
        "recommendations": [],
        "selected_seat_class": "S_CHAIR"
    },
    "extra": {
        "hash": "F0E4754773DBF0BA06CED4276B8C88F6"
    }
}