{
    "data": {
        "trains": [
            {
                "trip_number": "SIMANTA EXPRESS (747)",
                "departure_date_time": "27 Dec, 12:55 am",
                "departure_full_date": "2024-12-27",
                "departure_date_time_jd": "Fri, 27 Dec 2024, 12:55 AM",
                "arrival_date_time": "27 Dec, 05:27 am",
                "travel_time": "04h 32m",
                "origin_city_name": "bheramara",
                "destination_city_name": "saidpur",
                "seat_types": [
                    {
                        "key": 1,
                        "type": "AC_B",
                        "trip_id": 8378364,
                        "trip_route_id": 51543285,
                        "route_id": 19980,
                        "fare": "875.00",
                        "vat_percent": 15,
                        "vat_amount": 132,
                        "origin_city_seq": 11,
                        "destination_city_seq": 22,
                        "seat_counts": {
                            "online": 0,
                            "offline": 0,
                            "is_divided": true
                        }
                    },
                    {
                        "key": 3,
                        "type": "SNIGDHA",
                        "trip_id": 8378365,
                        "trip_route_id": 51543402,
                        "route_id": 19980,
                        "fare": "485.00",
                        "vat_percent": 15,
                        "vat_amount": 73,
                        "origin_city_seq": 11,
                        "destination_city_seq": 22,
                        "seat_counts": {
                            "online": 0,
                            "offline": 0,
                            "is_divided": true
                        }
                    },
                    {
                        "key": 7,
                        "type": "S_CHAIR",
                        "trip_id": 8378366,
                        "trip_route_id": 51543523,
                        "route_id": 19980,
                        "fare": "295.00",
                        "vat_percent": 0,
                        "vat_amount": 0,
                        "origin_city_seq": 11,
                        "destination_city_seq": 22,
                        "seat_counts": {
                            "online": 1,
                            "offline": 0,
                            "is_divided": true
                        }
                    }
                ],
                "train_model": "747",
                "is_open_for_all": true,
                "is_eid_trip": 0,
                "boarding_points": [
                    {
                        "trip_point_id": 107145961,
                        "location_id": 2779,
                        "location_name": "Bheramara Station",
                        "location_time": "12:55 AM"
                    }
                ],
                "is_international": 0,
                "is_from_city_international": false
            },
            {
                "trip_number": "RUPSHA EXPRESS (727)",
                "departure_date_time": "27 Dec, 11:01 am",
                "departure_full_date": "2024-12-27",
                "departure_date_time_jd": "Fri, 27 Dec 2024, 11:01 AM",
                "arrival_date_time": "27 Dec, 03:32 pm",
                "travel_time": "04h 31m",
                "origin_city_name": "bheramara",
                "destination_city_name": "saidpur",
                "seat_types": [
                    {
                        "key": 2,
                        "type": "AC_S",
                        "trip_id": 8378741,
                        "trip_route_id": 51556501,
                        "route_id": 19980,
                        "fare": "585.00",
                        "vat_percent": 15,
                        "vat_amount": 88,
                        "origin_city_seq": 11,
                        "destination_city_seq": 22,
                        "seat_counts": {
                            "online": 0,
                            "offline": 0,
                            "is_divided": true
                        }
                    },
                    {
                        "key": 3,
                        "type": "SNIGDHA",
                        "trip_id": 8378752,
                        "trip_route_id": 51557536,
                        "route_id": 19980,
                        "fare": "485.00",
                        "vat_percent": 15,
                        "vat_amount": 73,
                        "origin_city_seq": 11,
                        "destination_city_seq": 22,
                        "seat_counts": {
                            "online": 0,
                            "offline": 0,
                            "is_divided": true
                        }
                    },
                    {
                        "key": 7,
                        "type": "S_CHAIR",
                        "trip_id": 8378753,
                        "trip_route_id": 51557688,
                        "route_id": 19980,
                        "fare": "295.00",
                        "vat_percent": 0,
                        "vat_amount": 0,
                        "origin_city_seq": 11,
                        "destination_city_seq": 22,
                        "seat_counts": {
                            "online": 0,
                            "offline": 0,
                            "is_divided": true
                        }
                    }
                ],
                "train_model": "727",
                "is_open_for_all": true,
                "is_eid_trip": 0,
                "boarding_points": [
                    {
                        "trip_point_id": 107153531,
                        "location_id": 2779,
                        "location_name": "Bheramara Station",
                        "location_time": "11:01 AM"
                    }
                ],
                "is_international": 0,
                "is_from_city_international": false
            }
        ],
        "recommendations": [],
        "selected_seat_class": "S_CHAIR"
    },
    "extra": {
        "hash": "F0E4754773DBF0BA06CED4276B8C88F6"
    }
}