{
    "data": {
        "trains": [
            {
                "trip_number": "SAGARDARI EXPRESS (762)",
                "departure_date_time": "27 Dec, 07:48 am",
                "departure_full_date": "2024-12-27",
                "departure_date_time_jd": "Fri, 27 Dec 2024, 07:48 AM",
                "arrival_date_time": "27 Dec, 09:20 am",
                "travel_time": "01h 32m",
                "origin_city_name": "bheramara",
                "destination_city_name": "darshana_halt",
                "seat_types": [
                    {
                        "key": 7,
                        "type": "S_CHAIR",
                        "trip_id": 8378761,
                        "trip_route_id": 51558503,
                        "route_id": 21489,
                        "fare": "80.00",
                        "vat_percent": 0,
                        "vat_amount": 0,
                        "origin_city_seq": 6,
                        "destination_city_seq": 11,
                        "seat_counts": {
                            "online": 5,
                            "offline": 5,
                            "is_divided": true
                        }
                    }
                ],
                "train_model": "762",
                "is_open_for_all": true,
                "is_eid_trip": 0,
                "boarding_points": [
                    {
                        "trip_point_id": 107154360,
                        "location_id": 2779,
                        "location_name": "Bheramara Station",
                        "location_time": "07:48 AM"
                    }
                ],
                "is_international": 0,
                "is_from_city_international": false
            },
            {
                "trip_number": "RUPSHA EXPRESS (728)",
                "departure_date_time": "27 Dec, 02:27 pm",
                "departure_full_date": "2024-12-27",
                "departure_date_time_jd": "Fri, 27 Dec 2024, 02:27 PM",
                "arrival_date_time": "27 Dec, 03:51 pm",
                "travel_time": "01h 24m",
                "origin_city_name": "bheramara",
                "destination_city_name": "darshana_halt",
                "seat_types": [
                    {
                        "key": 2,
                        "type": "AC_S",
                        "trip_id": 8378744,
                        "trip_route_id": 51556908,
                        "route_id": 21369,
                        "fare": "155.00",
                        "vat_percent": 15,
                        "vat_amount": 24,
                        "origin_city_seq": 15,
                        "destination_city_seq": 19,
                        "seat_counts": {
                            "online": 0,
                            "offline": 0,
                            "is_divided": true
                        }
                    },
                    {
                        "key": 3,
                        "type": "SNIGDHA",
                        "trip_id": 8378754,
                        "trip_route_id": 51557867,
                        "route_id": 21369,
                        "fare": "130.00",
                        "vat_percent": 15,
                        "vat_amount": 20,
                        "origin_city_seq": 15,
                        "destination_city_seq": 19,
                        "seat_counts": {
                            "online": 0,
                            "offline": 0,
                            "is_divided": true
                        }
                    },
                    {
                        "key": 7,
                        "type": "S_CHAIR",
                        "trip_id": 8378755,
                        "trip_route_id": 51558037,
                        "route_id": 21369,
                        "fare": "80.00",
                        "vat_percent": 0,
                        "vat_amount": 0,
                        "origin_city_seq": 15,
                        "destination_city_seq": 19,
                        "seat_counts": {
                            "online": 0,
                            "offline": 0,
                            "is_divided": true
                        }
                    }
                ],
                "train_model": "728",
                "is_open_for_all": true,
                "is_eid_trip": 0,
                "boarding_points": [
                    {
                        "trip_point_id": 107153660,
                        "location_id": 2779,
                        "location_name": "Bheramara Station",
                        "location_time": "02:27 PM"
                    }
                ],
                "is_international": 0,
                "is_from_city_international": false
            }
        ],
        "recommendations": [],
        "selected_seat_class": "S_CHAIR"
    },
    "extra": {
        "hash": "F0E4754773DBF0BA06CED4276B8C88F6"
    }
}