{
    "data": {
        "trains": [
            {
                "trip_number": "DHUMKETU EXPRESS (769)",
                "departure_date_time": "27 Dec, 06:28 am",
                "departure_full_date": "2024-12-27",
                "departure_date_time_jd": "Fri, 27 Dec 2024, 06:28 AM",
                "arrival_date_time": "27 Dec, 09:18 am",
                "travel_time": "02h 50m",
                "origin_city_name": "biman_bandar",
                "destination_city_name": "ullapara",
                "seat_types": [
                    {
                        "key": 7,
                        "type": "S_CHAIR",
                        "trip_id": 8378685,
                        "trip_route_id": 51553334,
                        "route_id": 19513,
                        "fare": "275.00",
                        "vat_percent": 0,
                        "vat_amount": 0,
                        "origin_city_seq": 2,
                        "destination_city_seq": 9,
                        "seat_counts": {
                            "online": 1,
                            "offline": 0,
                            "is_divided": true
                        }
                    },
                    {
                        "key": 3,
                        "type": "SNIGDHA",
                        "trip_id": 8378686,
                        "trip_route_id": 51553382,
                        "route_id": 19513,
                        "fare": "455.00",
                        "vat_percent": 15,
                        "vat_amount": 69,
                        "origin_city_seq": 2,
                        "destination_city_seq": 9,
                        "seat_counts": {
                            "online": 0,
                            "offline": 0,
                            "is_divided": true
                        }
                    },
                    {
                        "key": 2,
                        "type": "AC_S",
                        "trip_id": 8378687,
                        "trip_route_id": 51553433,
                        "route_id": 19513,
                        "fare": "545.00",
                        "vat_percent": 15,
                        "vat_amount": 82,
                        "origin_city_seq": 2,
                        "destination_city_seq": 9,
                        "seat_counts": {
                            "online": 0,
                            "offline": 0,
                            "is_divided": true
                        }
                    }
                ],
                "train_model": "769",
                "is_open_for_all": true,
                "is_eid_trip": 0,
                "boarding_points": [
                    {
                        "trip_point_id": 107151978,
                        "location_id": 2702,
                        "location_name": "Biman_Bandar Station",
                        "location_time": "06:28 AM"
                    }
                ],
                "is_international": 0,
                "is_from_city_international": false
            },
            {
                "trip_number": "SILKCITY EXPRESS (753)",
                "departure_date_time": "27 Dec, 03:08 pm",
                "departure_full_date": "2024-12-27",
                "departure_date_time_jd": "Fri, 27 Dec 2024, 03:08 PM",
                "arrival_date_time": "27 Dec, 06:03 pm",
                "travel_time": "02h 55m",
                "origin_city_name": "biman_bandar",
                "destination_city_name": "ullapara",
                "seat_types": [
                    {
                        "key": 2,
                        "type": "AC_S",
                        "trip_id": 8378696,
                        "trip_route_id": 51553767,
                        "route_id": 19513,
                        "fare": "545.00",
                        "vat_percent": 15,
                        "vat_amount": 82,
                        "origin_city_seq": 2,
                        "destination_city_seq": 9,
                        "seat_counts": {
                            "online": 0,
                            "offline": 0,
                            "is_divided": true
                        }
                    },
                    {
                        "key": 3,
                        "type": "SNIGDHA",
                        "trip_id": 8378697,
                        "trip_route_id": 51553813,
                        "route_id": 19513,
                        "fare": "455.00",
                        "vat_percent": 15,
                        "vat_amount": 69,
                        "origin_city_seq": 2,
                        "destination_city_seq": 9,
                        "seat_counts": {
                            "online": 0,
                            "offline": 0,
                            "is_divided": true
                        }
                    },
                    {
                        "key": 7,
                        "type": "S_CHAIR",
                        "trip_id": 8378698,
                        "trip_route_id": 51553860,
                        "route_id": 19513,
                        "fare": "275.00",
                        "vat_percent": 0,
                        "vat_amount": 0,
                        "origin_city_seq": 2,
                        "destination_city_seq": 9,
                        "seat_counts": {
                            "online": 1,
                            "offline": 1,
                            "is_divided": true
                        }
                    }
                ],
                "train_model": "753",
                "is_open_for_all": true,
                "is_eid_trip": 0,
                "boarding_points": [
                    {
                        "trip_point_id": 107152218,
                        "location_id": 2702,
                        "location_name": "Biman_Bandar Station",
                        "location_time": "03:08 PM"
                    }
                ],
                "is_international": 0,
                "is_from_city_international": false
            },
            {
                "trip_number": "PADMA EXPRESS (759)",
                "departure_date_time": "27 Dec, 11:13 pm",
                "departure_full_date": "2024-12-27",
                "departure_date_time_jd": "Fri, 27 Dec 2024, 11:13 PM",
                "arrival_date_time": "28 Dec, 01:50 am",
                "travel_time": "02h 37m",
                "origin_city_name": "biman_bandar",
                "destination_city_name": "ullapara",
                "seat_types": [
                    {
                        "key": 1,
                        "type": "AC_B",
                        "trip_id": 8378691,
                        "trip_route_id": 51553546,
                        "route_id": 19513,
                        "fare": "815.00",
                        "vat_percent": 15,
                        "vat_amount": 123,
                        "origin_city_seq": 2,
                        "destination_city_seq": 9,
                        "seat_counts": {
                            "online": 0,
                            "offline": 0,
                            "is_divided": true
                        }
                    },
                    {
                        "key": 3,
                        "type": "SNIGDHA",
                        "trip_id": 8378692,
                        "trip_route_id": 51553593,
                        "route_id": 19513,
                        "fare": "455.00",
                        "vat_percent": 15,
                        "vat_amount": 69,
                        "origin_city_seq": 2,
                        "destination_city_seq": 9,
                        "seat_counts": {
                            "online": 0,
                            "offline": 0,
                            "is_divided": true
                        }
                    },
                    {
                        "key": 7,
                        "type": "S_CHAIR",
                        "trip_id": 8378693,
                        "trip_route_id": 51553640,
                        "route_id": 19513,
                        "fare": "275.00",
                        "vat_percent": 0,
                        "vat_amount": 0,
                        "origin_city_seq": 2,
                        "destination_city_seq": 9,
                        "seat_counts": {
                            "online": 0,
                            "offline": 0,
                            "is_divided": true
                        }
                    }
                ],
                "train_model": "759",
                "is_open_for_all": true,
                "is_eid_trip": 0,
                "boarding_points": [
                    {
                        "trip_point_id": 107152104,
                        "location_id": 2702,
                        "location_name": "Biman_Bandar Station",
                        "location_time": "11:13 PM"
                    }
                ],
                "is_international": 0,
                "is_from_city_international": false
            }
        ],
        "recommendations": [],
        "selected_seat_class": "S_CHAIR"
    },
    "extra": {
        "hash": "F0E4754773DBF0BA06CED4276B8C88F6"
    }
}