{
    "data": {
        "trains": [
            {
                "trip_number": "PARJOTAK EXPRESS (816)",
                "departure_date_time": "27 Dec, 06:43 am",
                "departure_full_date": "2024-12-27",
                "departure_date_time_jd": "Fri, 27 Dec 2024, 06:43 AM",
                "arrival_date_time": "27 Dec, 03:00 pm",
                "travel_time": "08h 17m",
                "origin_city_name": "biman_bandar",
                "destination_city_name": "coxs bazar",
                "seat_types": [
                    {
                        "key": 7,
                        "type": "S_CHAIR",
                        "trip_id": 8378991,
                        "trip_route_id": 51564515,
                        "route_id": 25717,
                        "fare": "695.00",
                        "vat_percent": 0,
                        "vat_amount": 0,
                        "origin_city_seq": 2,
                        "destination_city_seq": 4,
                        "seat_counts": {
                            "online": 0,
                            "offline": 0,
                            "is_divided": true
                        }
                    },
                    {
                        "key": 3,
                        "type": "SNIGDHA",
                        "trip_id": 8378992,
                        "trip_route_id": 51564521,
                        "route_id": 25717,
                        "fare": "1152.00",
                        "vat_percent": 15,
                        "vat_amount": 173,
                        "origin_city_seq": 2,
                        "destination_city_seq": 4,
                        "seat_counts": {
                            "online": 0,
                            "offline": 0,
                            "is_divided": true
                        }
                    },
                    {
                        "key": 2,
                        "type": "AC_S",
                        "trip_id": 8379002,
                        "trip_route_id": 51564694,
                        "route_id": 25717,
                        "fare": "1382.00",
                        "vat_percent": 15,
                        "vat_amount": 208,
                        "origin_city_seq": 2,
                        "destination_city_seq": 4,
                        "seat_counts": {
                            "online": 0,
                            "offline": 0,
                            "is_divided": true
                        }
                    }
                ],
                "train_model": "816",
                "is_open_for_all": true,
                "is_eid_trip": 0,
                "boarding_points": [
                    {
                        "trip_point_id": 107158193,
                        "location_id": 2702,
                        "location_name": "Biman_Bandar Station",
                        "location_time": "06:43 AM"
                    }
                ],
                "is_international": 0,
                "is_from_city_international": false
            },
            {
                "trip_number": "COXS BAZAR EXPRESS (814)",
                "departure_date_time": "27 Dec, 10:58 pm",
                "departure_full_date": "2024-12-27",
                "departure_date_time_jd": "Fri, 27 Dec 2024, 10:58 PM",
                "arrival_date_time": "28 Dec, 07:20 am",
                "travel_time": "08h 22m",
                "origin_city_name": "biman_bandar",
                "destination_city_name": "coxs bazar",
                "seat_types": [
                    {
                        "key": 7,
                        "type": "S_CHAIR",
                        "trip_id": 8378971,
                        "trip_route_id": 51564185,
                        "route_id": 25717,
                        "fare": "695.00",
                        "vat_percent": 0,
                        "vat_amount": 0,
                        "origin_city_seq": 2,
                        "destination_city_seq": 4,
                        "seat_counts": {
                            "online": 0,
                            "offline": 0,
                            "is_divided": true
                        }
                    },
                    {
                        "key": 3,
                        "type": "SNIGDHA",
                        "trip_id": 8378972,
                        "trip_route_id": 51564191,
                        "route_id": 25717,
                        "fare": "1152.00",
                        "vat_percent": 15,
                        "vat_amount": 173,
                        "origin_city_seq": 2,
                        "destination_city_seq": 4,
                        "seat_counts": {
                            "online": 0,
                            "offline": 0,
                            "is_divided": true
                        }
                    }
                ],
                "train_model": "814",
                "is_open_for_all": true,
                "is_eid_trip": 0,
                "boarding_points": [
                    {
                        "trip_point_id": 107157916,
                        "location_id": 2702,
                        "location_name": "Biman_Bandar Station",
                        "location_time": "10:58 PM"
                    }
                ],
                "is_international": 0,
                "is_from_city_international": false
            }
        ],
        "recommendations": [
            {
                "origin": "Chattogram",
                "destination": "Cox's bazar"
            },
            {
                "origin": "Biman_bandar",
                "destination": "Chattogram"
            }
        ],
        "selected_seat_class": "S_CHAIR"
    },
    "extra": {
        "hash": "F0E4754773DBF0BA06CED4276B8C88F6"
    }
}