{
    "data": {
        "trains": [
            {
                "trip_number": "EGAROSINDHUR PROVATI (737)",
                "departure_date_time": "27 Dec, 07:43 am",
                "departure_full_date": "2024-12-27",
                "departure_date_time_jd": "Fri, 27 Dec 2024, 07:43 AM",
                "arrival_date_time": "27 Dec, 09:32 am",
                "travel_time": "01h 49m",
                "origin_city_name": "biman_bandar",
                "destination_city_name": "kuliarchar",
                "seat_types": [
                    {
                        "key": 5,
                        "type": "F_SEAT",
                        "trip_id": 8378801,
                        "trip_route_id": 51560090,
                        "route_id": 22723,
                        "fare": "160.00",
                        "vat_percent": 15,
                        "vat_amount": 24,
                        "origin_city_seq": 2,
                        "destination_city_seq": 6,
                        "seat_counts": {
                            "online": 0,
                            "offline": 0,
                            "is_divided": true
                        }
                    },
                    {
                        "key": 7,
                        "type": "S_CHAIR",
                        "trip_id": 8378853,
                        "trip_route_id": 51561533,
                        "route_id": 22723,
                        "fare": "120.00",
                        "vat_percent": 0,
                        "vat_amount": 0,
                        "origin_city_seq": 2,
                        "destination_city_seq": 6,
                        "seat_counts": {
                            "online": 0,
                            "offline": 0,
                            "is_divided": true
                        }
                    },
                    {
                        "key": 8,
                        "type": "SHOVAN",
                        "trip_id": 8378854,
                        "trip_route_id": 51561556,
                        "route_id": 22723,
                        "fare": "100.00",
                        "vat_percent": 0,
                        "vat_amount": 0,
                        "origin_city_seq": 2,
                        "destination_city_seq": 6,
                        "seat_counts": {
                            "online": 6,
                            "offline": 5,
                            "is_divided": true
                        }
                    }
                ],
                "train_model": "737",
                "is_open_for_all": true,
                "is_eid_trip": 0,
                "boarding_points": [
                    {
                        "trip_point_id": 107155210,
                        "location_id": 2702,
                        "location_name": "Biman_Bandar Station",
                        "location_time": "07:43 AM"
                    }
                ],
                "is_international": 0,
                "is_from_city_international": false
            },
            {
                "trip_number": "EGAROSINDHUR GODHULI (749)",
                "departure_date_time": "27 Dec, 07:13 pm",
                "departure_full_date": "2024-12-27",
                "departure_date_time_jd": "Fri, 27 Dec 2024, 07:13 PM",
                "arrival_date_time": "27 Dec, 09:09 pm",
                "travel_time": "01h 56m",
                "origin_city_name": "biman_bandar",
                "destination_city_name": "kuliarchar",
                "seat_types": [
                    {
                        "key": 5,
                        "type": "F_SEAT",
                        "trip_id": 8378819,
                        "trip_route_id": 51560484,
                        "route_id": 22723,
                        "fare": "160.00",
                        "vat_percent": 15,
                        "vat_amount": 24,
                        "origin_city_seq": 2,
                        "destination_city_seq": 6,
                        "seat_counts": {
                            "online": 0,
                            "offline": 0,
                            "is_divided": true
                        }
                    },
                    {
                        "key": 6,
                        "type": "F_CHAIR",
                        "trip_id": 8378877,
                        "trip_route_id": 51562036,
                        "route_id": 22723,
                        "fare": "160.00",
                        "vat_percent": 15,
                        "vat_amount": 24,
                        "origin_city_seq": 2,
                        "destination_city_seq": 6,
                        "seat_counts": {
                            "online": 0,
                            "offline": 0,
                            "is_divided": true
                        }
                    },
                    {
                        "key": 7,
                        "type": "S_CHAIR",
                        "trip_id": 8378879,
                        "trip_route_id": 51562082,
                        "route_id": 22723,
                        "fare": "120.00",
                        "vat_percent": 0,
                        "vat_amount": 0,
                        "origin_city_seq": 2,
                        "destination_city_seq": 6,
                        "seat_counts": {
                            "online": 0,
                            "offline": 0,
                            "is_divided": true
                        }
                    },
                    {
                        "key": 8,
                        "type": "SHOVAN",
                        "trip_id": 8378880,
                        "trip_route_id": 51562105,
                        "route_id": 22723,
                        "fare": "100.00",
                        "vat_percent": 0,
                        "vat_amount": 0,
                        "origin_city_seq": 2,
                        "destination_city_seq": 6,
                        "seat_counts": {
                            "online": 8,
                            "offline": 7,
                            "is_divided": true
                        }
                    }
                ],
                "train_model": "749",
                "is_open_for_all": true,
                "is_eid_trip": 0,
                "boarding_points": [
                    {
                        "trip_point_id": 107155492,
                        "location_id": 2702,
                        "location_name": "Biman_Bandar Station",
                        "location_time": "07:13 PM"
                    }
                ],
                "is_international": 0,
                "is_from_city_international": false
            }
        ],
        "recommendations": [],
        "selected_seat_class": "S_CHAIR"
    },
    "extra": {
        "hash": "F0E4754773DBF0BA06CED4276B8C88F6"
    }
}