{
    "data": {
        "trains": [
            {
                "trip_number": "RANGPUR EXPRESS (771)",
                "departure_date_time": "27 Dec, 09:38 am",
                "departure_full_date": "2024-12-27",
                "departure_date_time_jd": "Fri, 27 Dec 2024, 09:38 AM",
                "arrival_date_time": "27 Dec, 07:10 pm",
                "travel_time": "09h 32m",
                "origin_city_name": "biman_bandar",
                "destination_city_name": "rangpur",
                "seat_types": [
                    {
                        "key": 2,
                        "type": "AC_S",
                        "trip_id": 8378680,
                        "trip_route_id": 51553151,
                        "route_id": 19460,
                        "fare": "1265.00",
                        "vat_percent": 15,
                        "vat_amount": 190,
                        "origin_city_seq": 2,
                        "destination_city_seq": 16,
                        "seat_counts": {
                            "online": 0,
                            "offline": 0,
                            "is_divided": true
                        }
                    },
                    {
                        "key": 3,
                        "type": "SNIGDHA",
                        "trip_id": 8378681,
                        "trip_route_id": 51553190,
                        "route_id": 19460,
                        "fare": "1055.00",
                        "vat_percent": 15,
                        "vat_amount": 159,
                        "origin_city_seq": 2,
                        "destination_city_seq": 16,
                        "seat_counts": {
                            "online": 3,
                            "offline": 2,
                            "is_divided": true
                        }
                    },
                    {
                        "key": 7,
                        "type": "S_CHAIR",
                        "trip_id": 8378682,
                        "trip_route_id": 51553239,
                        "route_id": 19460,
                        "fare": "635.00",
                        "vat_percent": 0,
                        "vat_amount": 0,
                        "origin_city_seq": 2,
                        "destination_city_seq": 16,
                        "seat_counts": {
                            "online": 7,
                            "offline": 7,
                            "is_divided": true
                        }
                    }
                ],
                "train_model": "771",
                "is_open_for_all": true,
                "is_eid_trip": 0,
                "boarding_points": [
                    {
                        "trip_point_id": 107151840,
                        "location_id": 2702,
                        "location_name": "Biman_Bandar Station",
                        "location_time": "09:38 AM"
                    }
                ],
                "is_international": 0,
                "is_from_city_international": false
            },
            {
                "trip_number": "KURIGRAM EXPRESS (797)",
                "departure_date_time": "27 Dec, 09:13 pm",
                "departure_full_date": "2024-12-27",
                "departure_date_time_jd": "Fri, 27 Dec 2024, 09:13 PM",
                "arrival_date_time": "28 Dec, 05:01 am",
                "travel_time": "07h 48m",
                "origin_city_name": "biman_bandar",
                "destination_city_name": "rangpur",
                "seat_types": [
                    {
                        "key": 1,
                        "type": "AC_B",
                        "trip_id": 8378707,
                        "trip_route_id": 51554193,
                        "route_id": 19694,
                        "fare": "1750.00",
                        "vat_percent": 15,
                        "vat_amount": 263,
                        "origin_city_seq": 2,
                        "destination_city_seq": 9,
                        "seat_counts": {
                            "online": 0,
                            "offline": 0,
                            "is_divided": true
                        }
                    },
                    {
                        "key": 3,
                        "type": "SNIGDHA",
                        "trip_id": 8378708,
                        "trip_route_id": 51554224,
                        "route_id": 19694,
                        "fare": "975.00",
                        "vat_percent": 15,
                        "vat_amount": 147,
                        "origin_city_seq": 2,
                        "destination_city_seq": 9,
                        "seat_counts": {
                            "online": 2,
                            "offline": 1,
                            "is_divided": true
                        }
                    },
                    {
                        "key": 7,
                        "type": "S_CHAIR",
                        "trip_id": 8378710,
                        "trip_route_id": 51554285,
                        "route_id": 19694,
                        "fare": "585.00",
                        "vat_percent": 0,
                        "vat_amount": 0,
                        "origin_city_seq": 2,
                        "destination_city_seq": 9,
                        "seat_counts": {
                            "online": 6,
                            "offline": 6,
                            "is_divided": true
                        }
                    }
                ],
                "train_model": "797",
                "is_open_for_all": true,
                "is_eid_trip": 0,
                "boarding_points": [
                    {
                        "trip_point_id": 107152455,
                        "location_id": 2702,
                        "location_name": "Biman_Bandar Station",
                        "location_time": "09:13 PM"
                    }
                ],
                "is_international": 0,
                "is_from_city_international": false
            }
        ],
        "recommendations": [],
        "selected_seat_class": "S_CHAIR"
    },
    "extra": {
        "hash": "F0E4754773DBF0BA06CED4276B8C88F6"
    }
}