{
    "data": {
        "trains": [
            {
                "trip_number": "TISTA EXPRESS (707)",
                "departure_date_time": "27 Dec, 07:58 am",
                "departure_full_date": "2024-12-27",
                "departure_date_time_jd": "Fri, 27 Dec 2024, 07:58 AM",
                "arrival_date_time": "27 Dec, 10:00 am",
                "travel_time": "02h 02m",
                "origin_city_name": "biman_bandar",
                "destination_city_name": "mymensingh",
                "seat_types": [
                    {
                        "key": 3,
                        "type": "SNIGDHA",
                        "trip_id": 8378780,
                        "trip_route_id": 51559469,
                        "route_id": 22073,
                        "fare": "240.00",
                        "vat_percent": 15,
                        "vat_amount": 36,
                        "origin_city_seq": 2,
                        "destination_city_seq": 5,
                        "seat_counts": {
                            "online": 0,
                            "offline": 0,
                            "is_divided": true
                        }
                    },
                    {
                        "key": 7,
                        "type": "S_CHAIR",
                        "trip_id": 8378813,
                        "trip_route_id": 51560336,
                        "route_id": 22073,
                        "fare": "145.00",
                        "vat_percent": 0,
                        "vat_amount": 0,
                        "origin_city_seq": 2,
                        "destination_city_seq": 5,
                        "seat_counts": {
                            "online": 0,
                            "offline": 0,
                            "is_divided": true
                        }
                    },
                    {
                        "key": 5,
                        "type": "F_SEAT",
                        "trip_id": 8378814,
                        "trip_route_id": 51560365,
                        "route_id": 22073,
                        "fare": "195.00",
                        "vat_percent": 15,
                        "vat_amount": 30,
                        "origin_city_seq": 2,
                        "destination_city_seq": 5,
                        "seat_counts": {
                            "online": 0,
                            "offline": 0,
                            "is_divided": true
                        }
                    },
                    {
                        "key": 2,
                        "type": "AC_S",
                        "trip_id": 8378815,
                        "trip_route_id": 51560394,
                        "route_id": 22073,
                        "fare": "290.00",
                        "vat_percent": 15,
                        "vat_amount": 44,
                        "origin_city_seq": 2,
                        "destination_city_seq": 5,
                        "seat_counts": {
                            "online": 0,
                            "offline": 0,
                            "is_divided": true
                        }
                    }
                ],
                "train_model": "707",
                "is_open_for_all": true,
                "is_eid_trip": 0,
                "boarding_points": [
                    {
                        "trip_point_id": 107154812,
                        "location_id": 2702,
                        "location_name": "Biman_Bandar Station",
                        "location_time": "07:58 AM"
                    }
                ],
                "is_international": 0,
                "is_from_city_international": false
            },
            {
                "trip_number": "AGHNIBINA EXPRESS (735)",
                "departure_date_time": "27 Dec, 11:58 am",
                "departure_full_date": "2024-12-27",
                "departure_date_time_jd": "Fri, 27 Dec 2024, 11:58 AM",
                "arrival_date_time": "27 Dec, 02:05 pm",
                "travel_time": "02h 07m",
                "origin_city_name": "biman_bandar",
                "destination_city_name": "mymensingh",
                "seat_types": [
                    {
                        "key": 5,
                        "type": "F_SEAT",
                        "trip_id": 8378797,
                        "trip_route_id": 51560008,
                        "route_id": 22684,
                        "fare": "195.00",
                        "vat_percent": 15,
                        "vat_amount": 30,
                        "origin_city_seq": 2,
                        "destination_city_seq": 4,
                        "seat_counts": {
                            "online": 0,
                            "offline": 0,
                            "is_divided": true
                        }
                    },
                    {
                        "key": 6,
                        "type": "F_CHAIR",
                        "trip_id": 8378846,
                        "trip_route_id": 51561396,
                        "route_id": 22684,
                        "fare": "195.00",
                        "vat_percent": 15,
                        "vat_amount": 30,
                        "origin_city_seq": 2,
                        "destination_city_seq": 4,
                        "seat_counts": {
                            "online": 0,
                            "offline": 0,
                            "is_divided": true
                        }
                    },
                    {
                        "key": 7,
                        "type": "S_CHAIR",
                        "trip_id": 8378847,
                        "trip_route_id": 51561415,
                        "route_id": 22684,
                        "fare": "145.00",
                        "vat_percent": 0,
                        "vat_amount": 0,
                        "origin_city_seq": 2,
                        "destination_city_seq": 4,
                        "seat_counts": {
                            "online": 0,
                            "offline": 0,
                            "is_divided": true
                        }
                    },
                    {
                        "key": 8,
                        "type": "SHOVAN",
                        "trip_id": 8378848,
                        "trip_route_id": 51561434,
                        "route_id": 22684,
                        "fare": "120.00",
                        "vat_percent": 0,
                        "vat_amount": 0,
                        "origin_city_seq": 2,
                        "destination_city_seq": 4,
                        "seat_counts": {
                            "online": 6,
                            "offline": 6,
                            "is_divided": true
                        }
                    }
                ],
                "train_model": "735",
                "is_open_for_all": true,
                "is_eid_trip": 0,
                "boarding_points": [
                    {
                        "trip_point_id": 107155152,
                        "location_id": 2702,
                        "location_name": "Biman_Bandar Station",
                        "location_time": "11:58 AM"
                    }
                ],
                "is_international": 0,
                "is_from_city_international": false
            },
            {
                "trip_number": "JAMUNA EXPRESS (745)",
                "departure_date_time": "27 Dec, 05:13 pm",
                "departure_full_date": "2024-12-27",
                "departure_date_time_jd": "Fri, 27 Dec 2024, 05:13 PM",
                "arrival_date_time": "27 Dec, 07:30 pm",
                "travel_time": "02h 17m",
                "origin_city_name": "biman_bandar",
                "destination_city_name": "mymensingh",
                "seat_types": [
                    {
                        "key": 5,
                        "type": "F_SEAT",
                        "trip_id": 8378817,
                        "trip_route_id": 51560444,
                        "route_id": 23224,
                        "fare": "195.00",
                        "vat_percent": 15,
                        "vat_amount": 30,
                        "origin_city_seq": 2,
                        "destination_city_seq": 6,
                        "seat_counts": {
                            "online": 0,
                            "offline": 0,
                            "is_divided": true
                        }
                    },
                    {
                        "key": 6,
                        "type": "F_CHAIR",
                        "trip_id": 8378870,
                        "trip_route_id": 51561879,
                        "route_id": 23224,
                        "fare": "195.00",
                        "vat_percent": 15,
                        "vat_amount": 30,
                        "origin_city_seq": 2,
                        "destination_city_seq": 6,
                        "seat_counts": {
                            "online": 0,
                            "offline": 0,
                            "is_divided": true
                        }
                    },
                    {
                        "key": 7,
                        "type": "S_CHAIR",
                        "trip_id": 8378871,
                        "trip_route_id": 51561900,
                        "route_id": 23224,
                        "fare": "145.00",
                        "vat_percent": 0,
                        "vat_amount": 0,
                        "origin_city_seq": 2,
                        "destination_city_seq": 6,
                        "seat_counts": {
                            "online": 0,
                            "offline": 0,
                            "is_divided": true
                        }
                    },
                    {
                        "key": 8,
                        "type": "SHOVAN",
                        "trip_id": 8378872,
                        "trip_route_id": 51561923,
                        "route_id": 23224,
                        "fare": "120.00",
                        "vat_percent": 0,
                        "vat_amount": 0,
                        "origin_city_seq": 2,
                        "destination_city_seq": 6,
                        "seat_counts": {
                            "online": 13,
                            "offline": 13,
                            "is_divided": true
                        }
                    }
                ],
                "train_model": "745",
                "is_open_for_all": true,
                "is_eid_trip": 0,
                "boarding_points": [
                    {
                        "trip_point_id": 107155470,
                        "location_id": 2702,
                        "location_name": "Biman_Bandar Station",
                        "location_time": "05:13 PM"
                    }
                ],
                "is_international": 0,
                "is_from_city_international": false
            },
            {
                "trip_number": "BHRAMMAPUTRA EXPRESS (743)",
                "departure_date_time": "27 Dec, 06:43 pm",
                "departure_full_date": "2024-12-27",
                "departure_date_time_jd": "Fri, 27 Dec 2024, 06:43 PM",
                "arrival_date_time": "27 Dec, 09:10 pm",
                "travel_time": "02h 27m",
                "origin_city_name": "biman_bandar",
                "destination_city_name": "mymensingh",
                "seat_types": [
                    {
                        "key": 3,
                        "type": "SNIGDHA",
                        "trip_id": 8378798,
                        "trip_route_id": 51560030,
                        "route_id": 22073,
                        "fare": "240.00",
                        "vat_percent": 15,
                        "vat_amount": 36,
                        "origin_city_seq": 2,
                        "destination_city_seq": 5,
                        "seat_counts": {
                            "online": 3,
                            "offline": 2,
                            "is_divided": true
                        }
                    },
                    {
                        "key": 7,
                        "type": "S_CHAIR",
                        "trip_id": 8378868,
                        "trip_route_id": 51561824,
                        "route_id": 22073,
                        "fare": "145.00",
                        "vat_percent": 0,
                        "vat_amount": 0,
                        "origin_city_seq": 2,
                        "destination_city_seq": 5,
                        "seat_counts": {
                            "online": 2,
                            "offline": 2,
                            "is_divided": true
                        }
                    }
                ],
                "train_model": "743",
                "is_open_for_all": true,
                "is_eid_trip": 0,
                "boarding_points": [
                    {
                        "trip_point_id": 107155164,
                        "location_id": 2702,
                        "location_name": "Biman_Bandar Station",
                        "location_time": "06:43 PM"
                    }
                ],
                "is_international": 0,
                "is_from_city_international": false
            },
            {
                "trip_number": "HAWR EXPRESS (777)",
                "departure_date_time": "27 Dec, 10:43 pm",
                "departure_full_date": "2024-12-27",
                "departure_date_time_jd": "Fri, 27 Dec 2024, 10:43 PM",
                "arrival_date_time": "28 Dec, 12:50 am",
                "travel_time": "02h 07m",
                "origin_city_name": "biman_bandar",
                "destination_city_name": "mymensingh",
                "seat_types": [
                    {
                        "key": 1,
                        "type": "AC_B",
                        "trip_id": 8378897,
                        "trip_route_id": 51562386,
                        "route_id": 23134,
                        "fare": "435.00",
                        "vat_percent": 15,
                        "vat_amount": 66,
                        "origin_city_seq": 2,
                        "destination_city_seq": 5,
                        "seat_counts": {
                            "online": 0,
                            "offline": 0,
                            "is_divided": true
                        }
                    },
                    {
                        "key": 4,
                        "type": "F_BERTH",
                        "trip_id": 8378904,
                        "trip_route_id": 51562586,
                        "route_id": 23134,
                        "fare": "290.00",
                        "vat_percent": 15,
                        "vat_amount": 44,
                        "origin_city_seq": 2,
                        "destination_city_seq": 5,
                        "seat_counts": {
                            "online": 0,
                            "offline": 0,
                            "is_divided": true
                        }
                    },
                    {
                        "key": 7,
                        "type": "S_CHAIR",
                        "trip_id": 8378905,
                        "trip_route_id": 51562603,
                        "route_id": 23134,
                        "fare": "145.00",
                        "vat_percent": 0,
                        "vat_amount": 0,
                        "origin_city_seq": 2,
                        "destination_city_seq": 5,
                        "seat_counts": {
                            "online": 2,
                            "offline": 2,
                            "is_divided": true
                        }
                    },
                    {
                        "key": 8,
                        "type": "SHOVAN",
                        "trip_id": 8378906,
                        "trip_route_id": 51562634,
                        "route_id": 23134,
                        "fare": "120.00",
                        "vat_percent": 0,
                        "vat_amount": 0,
                        "origin_city_seq": 2,
                        "destination_city_seq": 5,
                        "seat_counts": {
                            "online": 5,
                            "offline": 5,
                            "is_divided": true
                        }
                    }
                ],
                "train_model": "777",
                "is_open_for_all": true,
                "is_eid_trip": 0,
                "boarding_points": [
                    {
                        "trip_point_id": 107156839,
                        "location_id": 2702,
                        "location_name": "Biman_Bandar Station",
                        "location_time": "10:43 PM"
                    }
                ],
                "is_international": 0,
                "is_from_city_international": false
            }
        ],
        "recommendations": [],
        "selected_seat_class": "S_CHAIR"
    },
    "extra": {
        "hash": "F0E4754773DBF0BA06CED4276B8C88F6"
    }
}