{
    "data": {
        "trains": [
            {
                "trip_number": "NILSAGAR EXPRESS (765)",
                "departure_date_time": "27 Dec, 07:12 am",
                "departure_full_date": "2024-12-27",
                "departure_date_time_jd": "Fri, 27 Dec 2024, 07:12 AM",
                "arrival_date_time": "27 Dec, 04:00 pm",
                "travel_time": "08h 48m",
                "origin_city_name": "biman_bandar",
                "destination_city_name": "chilahati",
                "seat_types": [
                    {
                        "key": 2,
                        "type": "AC_S",
                        "trip_id": 8378728,
                        "trip_route_id": 51555592,
                        "route_id": 19766,
                        "fare": "1235.00",
                        "vat_percent": 15,
                        "vat_amount": 186,
                        "origin_city_seq": 2,
                        "destination_city_seq": 17,
                        "seat_counts": {
                            "online": 4,
                            "offline": 4,
                            "is_divided": true
                        }
                    },
                    {
                        "key": 3,
                        "type": "SNIGDHA",
                        "trip_id": 8378729,
                        "trip_route_id": 51555659,
                        "route_id": 19766,
                        "fare": "1030.00",
                        "vat_percent": 15,
                        "vat_amount": 155,
                        "origin_city_seq": 2,
                        "destination_city_seq": 17,
                        "seat_counts": {
                            "online": 5,
                            "offline": 5,
                            "is_divided": true
                        }
                    },
                    {
                        "key": 7,
                        "type": "S_CHAIR",
                        "trip_id": 8378730,
                        "trip_route_id": 51555732,
                        "route_id": 19766,
                        "fare": "620.00",
                        "vat_percent": 0,
                        "vat_amount": 0,
                        "origin_city_seq": 2,
                        "destination_city_seq": 17,
                        "seat_counts": {
                            "online": 10,
                            "offline": 10,
                            "is_divided": true
                        }
                    }
                ],
                "train_model": "765",
                "is_open_for_all": true,
                "is_eid_trip": 0,
                "boarding_points": [
                    {
                        "trip_point_id": 107153126,
                        "location_id": 2702,
                        "location_name": "Biman_Bandar Station",
                        "location_time": "07:12 AM"
                    }
                ],
                "is_international": 0,
                "is_from_city_international": false
            },
            {
                "trip_number": "CHILAHATI EXPRESS (805)",
                "departure_date_time": "27 Dec, 05:28 pm",
                "departure_full_date": "2024-12-27",
                "departure_date_time_jd": "Fri, 27 Dec 2024, 05:28 PM",
                "arrival_date_time": "28 Dec, 03:00 am",
                "travel_time": "09h 32m",
                "origin_city_name": "biman_bandar",
                "destination_city_name": "chilahati",
                "seat_types": [
                    {
                        "key": 3,
                        "type": "SNIGDHA",
                        "trip_id": 8378946,
                        "trip_route_id": 51563895,
                        "route_id": 24696,
                        "fare": "1030.00",
                        "vat_percent": 15,
                        "vat_amount": 155,
                        "origin_city_seq": 2,
                        "destination_city_seq": 14,
                        "seat_counts": {
                            "online": 3,
                            "offline": 2,
                            "is_divided": true
                        }
                    },
                    {
                        "key": 1,
                        "type": "AC_B",
                        "trip_id": 8378947,
                        "trip_route_id": 51563910,
                        "route_id": 24696,
                        "fare": "1850.00",
                        "vat_percent": 15,
                        "vat_amount": 278,
                        "origin_city_seq": 2,
                        "destination_city_seq": 14,
                        "seat_counts": {
                            "online": 3,
                            "offline": 2,
                            "is_divided": true
                        }
                    },
                    {
                        "key": 7,
                        "type": "S_CHAIR",
                        "trip_id": 8378948,
                        "trip_route_id": 51563964,
                        "route_id": 24696,
                        "fare": "620.00",
                        "vat_percent": 0,
                        "vat_amount": 0,
                        "origin_city_seq": 2,
                        "destination_city_seq": 14,
                        "seat_counts": {
                            "online": 10,
                            "offline": 10,
                            "is_divided": true
                        }
                    }
                ],
                "train_model": "805",
                "is_open_for_all": true,
                "is_eid_trip": 0,
                "boarding_points": [
                    {
                        "trip_point_id": 107157723,
                        "location_id": 2702,
                        "location_name": "Biman_Bandar Station",
                        "location_time": "05:28 PM"
                    }
                ],
                "is_international": 0,
                "is_from_city_international": false
            }
        ],
        "recommendations": [],
        "selected_seat_class": "S_CHAIR"
    },
    "extra": {
        "hash": "F0E4754773DBF0BA06CED4276B8C88F6"
    }
}