{
    "data": {
        "trains": [
            {
                "trip_number": "UPAKUL EXPRESS (712)",
                "departure_date_time": "27 Dec, 03:38 pm",
                "departure_full_date": "2024-12-27",
                "departure_date_time_jd": "Fri, 27 Dec 2024, 03:38 PM",
                "arrival_date_time": "27 Dec, 06:06 pm",
                "travel_time": "02h 28m",
                "origin_city_name": "biman_bandar",
                "destination_city_name": "quasba",
                "seat_types": [
                    {
                        "key": 3,
                        "type": "SNIGDHA",
                        "trip_id": 8378785,
                        "trip_route_id": 51559680,
                        "route_id": 22279,
                        "fare": "315.00",
                        "vat_percent": 15,
                        "vat_amount": 48,
                        "origin_city_seq": 2,
                        "destination_city_seq": 8,
                        "seat_counts": {
                            "online": 0,
                            "offline": 0,
                            "is_divided": true
                        }
                    },
                    {
                        "key": 7,
                        "type": "S_CHAIR",
                        "trip_id": 8378830,
                        "trip_route_id": 51560890,
                        "route_id": 22279,
                        "fare": "190.00",
                        "vat_percent": 0,
                        "vat_amount": 0,
                        "origin_city_seq": 2,
                        "destination_city_seq": 8,
                        "seat_counts": {
                            "online": 0,
                            "offline": 0,
                            "is_divided": true
                        }
                    }
                ],
                "train_model": "712",
                "is_open_for_all": true,
                "is_eid_trip": 0,
                "boarding_points": [
                    {
                        "trip_point_id": 107154919,
                        "location_id": 2702,
                        "location_name": "Biman_Bandar Station",
                        "location_time": "03:38 PM"
                    }
                ],
                "is_international": 0,
                "is_from_city_international": false
            }
        ],
        "recommendations": [
            {
                "origin": "Narsingdi",
                "destination": "Quasba"
            },
            {
                "origin": "Biman_bandar",
                "destination": "Akhaura"
            }
        ],
        "selected_seat_class": "S_CHAIR"
    },
    "extra": {
        "hash": "F0E4754773DBF0BA06CED4276B8C88F6"
    }
}