{
    "data": {
        "trains": [
            {
                "trip_number": "HAWR EXPRESS (777)",
                "departure_date_time": "27 Dec, 10:43 pm",
                "departure_full_date": "2024-12-27",
                "departure_date_time_jd": "Fri, 27 Dec 2024, 10:43 PM",
                "arrival_date_time": "28 Dec, 02:17 am",
                "travel_time": "03h 34m",
                "origin_city_name": "biman_bandar",
                "destination_city_name": "netrakona",
                "seat_types": [
                    {
                        "key": 8,
                        "type": "SHOVAN",
                        "trip_id": 8378906,
                        "trip_route_id": 51562635,
                        "route_id": 23137,
                        "fare": "180.00",
                        "vat_percent": 0,
                        "vat_amount": 0,
                        "origin_city_seq": 2,
                        "destination_city_seq": 8,
                        "seat_counts": {
                            "online": 3,
                            "offline": 2,
                            "is_divided": true
                        }
                    }
                ],
                "train_model": "777",
                "is_open_for_all": true,
                "is_eid_trip": 0,
                "boarding_points": [
                    {
                        "trip_point_id": 107156994,
                        "location_id": 2702,
                        "location_name": "Biman_Bandar Station",
                        "location_time": "10:43 PM"
                    }
                ],
                "is_international": 0,
                "is_from_city_international": false
            }
        ],
        "recommendations": [],
        "selected_seat_class": "S_CHAIR"
    },
    "extra": {
        "hash": "F0E4754773DBF0BA06CED4276B8C88F6"
    }
}