{
    "data": {
        "trains": [
            {
                "trip_number": "CHILAHATI EXPRESS (805)",
                "departure_date_time": "27 Dec, 12:15 am",
                "departure_full_date": "2024-12-27",
                "departure_date_time_jd": "Fri, 27 Dec 2024, 12:15 AM",
                "arrival_date_time": "27 Dec, 01:00 am",
                "travel_time": "00h 45m",
                "origin_city_name": "birampur",
                "destination_city_name": "parbatipur",
                "seat_types": [
                    {
                        "key": 7,
                        "type": "S_CHAIR",
                        "trip_id": 8378612,
                        "trip_route_id": 51552287,
                        "route_id": 24733,
                        "fare": "55.00",
                        "vat_percent": 0,
                        "vat_amount": 0,
                        "origin_city_seq": 8,
                        "destination_city_seq": 10,
                        "seat_counts": {
                            "online": 5,
                            "offline": 5,
                            "is_divided": true
                        }
                    }
                ],
                "train_model": "805",
                "is_open_for_all": true,
                "is_eid_trip": 0,
                "boarding_points": [
                    {
                        "trip_point_id": 107151204,
                        "location_id": 2781,
                        "location_name": "Birampur Station",
                        "location_time": "12:15 AM"
                    }
                ],
                "is_international": 0,
                "is_from_city_international": false
            },
            {
                "trip_number": "SIMANTA EXPRESS (747)",
                "departure_date_time": "27 Dec, 04:29 am",
                "departure_full_date": "2024-12-27",
                "departure_date_time_jd": "Fri, 27 Dec 2024, 04:29 AM",
                "arrival_date_time": "27 Dec, 05:00 am",
                "travel_time": "00h 31m",
                "origin_city_name": "birampur",
                "destination_city_name": "parbatipur",
                "seat_types": [
                    {
                        "key": 1,
                        "type": "AC_B",
                        "trip_id": 8378364,
                        "trip_route_id": 51543204,
                        "route_id": 20012,
                        "fare": "130.00",
                        "vat_percent": 15,
                        "vat_amount": 20,
                        "origin_city_seq": 19,
                        "destination_city_seq": 21,
                        "seat_counts": {
                            "online": 0,
                            "offline": 0,
                            "is_divided": true
                        }
                    },
                    {
                        "key": 3,
                        "type": "SNIGDHA",
                        "trip_id": 8378365,
                        "trip_route_id": 51543320,
                        "route_id": 20012,
                        "fare": "100.00",
                        "vat_percent": 15,
                        "vat_amount": 15,
                        "origin_city_seq": 19,
                        "destination_city_seq": 21,
                        "seat_counts": {
                            "online": 0,
                            "offline": 0,
                            "is_divided": true
                        }
                    },
                    {
                        "key": 7,
                        "type": "S_CHAIR",
                        "trip_id": 8378366,
                        "trip_route_id": 51543438,
                        "route_id": 20012,
                        "fare": "50.00",
                        "vat_percent": 0,
                        "vat_amount": 0,
                        "origin_city_seq": 19,
                        "destination_city_seq": 21,
                        "seat_counts": {
                            "online": 0,
                            "offline": 0,
                            "is_divided": true
                        }
                    }
                ],
                "train_model": "747",
                "is_open_for_all": true,
                "is_eid_trip": 0,
                "boarding_points": [
                    {
                        "trip_point_id": 107145948,
                        "location_id": 2781,
                        "location_name": "Birampur Station",
                        "location_time": "04:29 AM"
                    }
                ],
                "is_international": 0,
                "is_from_city_international": false
            },
            {
                "trip_number": "TITUMIR EXPRESS (733)",
                "departure_date_time": "27 Dec, 10:13 am",
                "departure_full_date": "2024-12-27",
                "departure_date_time_jd": "Fri, 27 Dec 2024, 10:13 AM",
                "arrival_date_time": "27 Dec, 11:10 am",
                "travel_time": "00h 57m",
                "origin_city_name": "birampur",
                "destination_city_name": "parbatipur",
                "seat_types": [
                    {
                        "key": 7,
                        "type": "S_CHAIR",
                        "trip_id": 8378772,
                        "trip_route_id": 51559075,
                        "route_id": 20241,
                        "fare": "50.00",
                        "vat_percent": 0,
                        "vat_amount": 0,
                        "origin_city_seq": 12,
                        "destination_city_seq": 14,
                        "seat_counts": {
                            "online": 5,
                            "offline": 5,
                            "is_divided": true
                        }
                    }
                ],
                "train_model": "733",
                "is_open_for_all": true,
                "is_eid_trip": 0,
                "boarding_points": [
                    {
                        "trip_point_id": 107154635,
                        "location_id": 2781,
                        "location_name": "Birampur Station",
                        "location_time": "10:13 AM"
                    }
                ],
                "is_international": 0,
                "is_from_city_international": false
            },
            {
                "trip_number": "NILSAGAR EXPRESS (765)",
                "departure_date_time": "27 Dec, 01:45 pm",
                "departure_full_date": "2024-12-27",
                "departure_date_time_jd": "Fri, 27 Dec 2024, 01:45 PM",
                "arrival_date_time": "27 Dec, 02:15 pm",
                "travel_time": "00h 30m",
                "origin_city_name": "birampur",
                "destination_city_name": "parbatipur",
                "seat_types": [
                    {
                        "key": 7,
                        "type": "S_CHAIR",
                        "trip_id": 8378730,
                        "trip_route_id": 51555696,
                        "route_id": 26539,
                        "fare": "55.00",
                        "vat_percent": 0,
                        "vat_amount": 0,
                        "origin_city_seq": 11,
                        "destination_city_seq": 13,
                        "seat_counts": {
                            "online": 3,
                            "offline": 2,
                            "is_divided": true
                        }
                    }
                ],
                "train_model": "765",
                "is_open_for_all": true,
                "is_eid_trip": 0,
                "boarding_points": [
                    {
                        "trip_point_id": 107153180,
                        "location_id": 2781,
                        "location_name": "Birampur Station",
                        "location_time": "01:45 PM"
                    }
                ],
                "is_international": 0,
                "is_from_city_international": false
            },
            {
                "trip_number": "RUPSHA EXPRESS (727)",
                "departure_date_time": "27 Dec, 02:35 pm",
                "departure_full_date": "2024-12-27",
                "departure_date_time_jd": "Fri, 27 Dec 2024, 02:35 PM",
                "arrival_date_time": "27 Dec, 03:05 pm",
                "travel_time": "00h 30m",
                "origin_city_name": "birampur",
                "destination_city_name": "parbatipur",
                "seat_types": [
                    {
                        "key": 2,
                        "type": "AC_S",
                        "trip_id": 8378741,
                        "trip_route_id": 51556404,
                        "route_id": 20012,
                        "fare": "110.00",
                        "vat_percent": 15,
                        "vat_amount": 17,
                        "origin_city_seq": 19,
                        "destination_city_seq": 21,
                        "seat_counts": {
                            "online": 0,
                            "offline": 0,
                            "is_divided": true
                        }
                    },
                    {
                        "key": 3,
                        "type": "SNIGDHA",
                        "trip_id": 8378752,
                        "trip_route_id": 51557439,
                        "route_id": 20012,
                        "fare": "100.00",
                        "vat_percent": 15,
                        "vat_amount": 15,
                        "origin_city_seq": 19,
                        "destination_city_seq": 21,
                        "seat_counts": {
                            "online": 0,
                            "offline": 0,
                            "is_divided": true
                        }
                    },
                    {
                        "key": 7,
                        "type": "S_CHAIR",
                        "trip_id": 8378753,
                        "trip_route_id": 51557590,
                        "route_id": 20012,
                        "fare": "50.00",
                        "vat_percent": 0,
                        "vat_amount": 0,
                        "origin_city_seq": 19,
                        "destination_city_seq": 21,
                        "seat_counts": {
                            "online": 0,
                            "offline": 0,
                            "is_divided": true
                        }
                    }
                ],
                "train_model": "727",
                "is_open_for_all": true,
                "is_eid_trip": 0,
                "boarding_points": [
                    {
                        "trip_point_id": 107153548,
                        "location_id": 2781,
                        "location_name": "Birampur Station",
                        "location_time": "02:35 PM"
                    }
                ],
                "is_international": 0,
                "is_from_city_international": false
            },
            {
                "trip_number": "EKOTA EXPRESS (705)",
                "departure_date_time": "27 Dec, 05:37 pm",
                "departure_full_date": "2024-12-27",
                "departure_date_time_jd": "Fri, 27 Dec 2024, 05:37 PM",
                "arrival_date_time": "27 Dec, 06:15 pm",
                "travel_time": "00h 38m",
                "origin_city_name": "birampur",
                "destination_city_name": "parbatipur",
                "seat_types": [
                    {
                        "key": 7,
                        "type": "S_CHAIR",
                        "trip_id": 8378721,
                        "trip_route_id": 51555132,
                        "route_id": 26410,
                        "fare": "50.00",
                        "vat_percent": 0,
                        "vat_amount": 0,
                        "origin_city_seq": 17,
                        "destination_city_seq": 19,
                        "seat_counts": {
                            "online": 8,
                            "offline": 7,
                            "is_divided": true
                        }
                    }
                ],
                "train_model": "705",
                "is_open_for_all": true,
                "is_eid_trip": 0,
                "boarding_points": [
                    {
                        "trip_point_id": 107152855,
                        "location_id": 2781,
                        "location_name": "Birampur Station",
                        "location_time": "05:37 PM"
                    }
                ],
                "is_international": 0,
                "is_from_city_international": false
            },
            {
                "trip_number": "BARENDRA EXPRESS (731)",
                "departure_date_time": "27 Dec, 06:53 pm",
                "departure_full_date": "2024-12-27",
                "departure_date_time_jd": "Fri, 27 Dec 2024, 06:53 PM",
                "arrival_date_time": "27 Dec, 07:25 pm",
                "travel_time": "00h 32m",
                "origin_city_name": "birampur",
                "destination_city_name": "parbatipur",
                "seat_types": [
                    {
                        "key": 7,
                        "type": "S_CHAIR",
                        "trip_id": 8378718,
                        "trip_route_id": 51554877,
                        "route_id": 20241,
                        "fare": "50.00",
                        "vat_percent": 0,
                        "vat_amount": 0,
                        "origin_city_seq": 12,
                        "destination_city_seq": 14,
                        "seat_counts": {
                            "online": 6,
                            "offline": 6,
                            "is_divided": true
                        }
                    }
                ],
                "train_model": "731",
                "is_open_for_all": true,
                "is_eid_trip": 0,
                "boarding_points": [
                    {
                        "trip_point_id": 107152752,
                        "location_id": 2781,
                        "location_name": "Birampur Station",
                        "location_time": "06:53 PM"
                    }
                ],
                "is_international": 0,
                "is_from_city_international": false
            }
        ],
        "recommendations": [],
        "selected_seat_class": "S_CHAIR"
    },
    "extra": {
        "hash": "F0E4754773DBF0BA06CED4276B8C88F6"
    }
}