{
    "data": {
        "trains": [
            {
                "trip_number": "RUPSHA EXPRESS (728)",
                "departure_date_time": "27 Dec, 10:53 am",
                "departure_full_date": "2024-12-27",
                "departure_date_time_jd": "Fri, 27 Dec 2024, 10:53 AM",
                "arrival_date_time": "27 Dec, 06:20 pm",
                "travel_time": "07h 27m",
                "origin_city_name": "birampur",
                "destination_city_name": "khulna",
                "seat_types": [
                    {
                        "key": 2,
                        "type": "AC_S",
                        "trip_id": 8378744,
                        "trip_route_id": 51556783,
                        "route_id": 20100,
                        "fare": "925.00",
                        "vat_percent": 15,
                        "vat_amount": 139,
                        "origin_city_seq": 7,
                        "destination_city_seq": 25,
                        "seat_counts": {
                            "online": 0,
                            "offline": 0,
                            "is_divided": true
                        }
                    },
                    {
                        "key": 3,
                        "type": "SNIGDHA",
                        "trip_id": 8378754,
                        "trip_route_id": 51557742,
                        "route_id": 20100,
                        "fare": "770.00",
                        "vat_percent": 15,
                        "vat_amount": 116,
                        "origin_city_seq": 7,
                        "destination_city_seq": 25,
                        "seat_counts": {
                            "online": 0,
                            "offline": 0,
                            "is_divided": true
                        }
                    },
                    {
                        "key": 7,
                        "type": "S_CHAIR",
                        "trip_id": 8378755,
                        "trip_route_id": 51557913,
                        "route_id": 20100,
                        "fare": "465.00",
                        "vat_percent": 0,
                        "vat_amount": 0,
                        "origin_city_seq": 7,
                        "destination_city_seq": 25,
                        "seat_counts": {
                            "online": 1,
                            "offline": 1,
                            "is_divided": true
                        }
                    }
                ],
                "train_model": "728",
                "is_open_for_all": true,
                "is_eid_trip": 0,
                "boarding_points": [
                    {
                        "trip_point_id": 107153677,
                        "location_id": 2781,
                        "location_name": "Birampur Station",
                        "location_time": "10:53 AM"
                    }
                ],
                "is_international": 0,
                "is_from_city_international": false
            },
            {
                "trip_number": "SIMANTA EXPRESS (748)",
                "departure_date_time": "27 Dec, 09:00 pm",
                "departure_full_date": "2024-12-27",
                "departure_date_time_jd": "Fri, 27 Dec 2024, 09:00 PM",
                "arrival_date_time": "28 Dec, 04:20 am",
                "travel_time": "07h 20m",
                "origin_city_name": "birampur",
                "destination_city_name": "khulna",
                "seat_types": [
                    {
                        "key": 7,
                        "type": "S_CHAIR",
                        "trip_id": 8378716,
                        "trip_route_id": 51554718,
                        "route_id": 20100,
                        "fare": "465.00",
                        "vat_percent": 0,
                        "vat_amount": 0,
                        "origin_city_seq": 7,
                        "destination_city_seq": 25,
                        "seat_counts": {
                            "online": 0,
                            "offline": 0,
                            "is_divided": true
                        }
                    },
                    {
                        "key": 1,
                        "type": "AC_B",
                        "trip_id": 8378742,
                        "trip_route_id": 51556552,
                        "route_id": 20100,
                        "fare": "1385.00",
                        "vat_percent": 15,
                        "vat_amount": 208,
                        "origin_city_seq": 7,
                        "destination_city_seq": 25,
                        "seat_counts": {
                            "online": 0,
                            "offline": 0,
                            "is_divided": true
                        }
                    },
                    {
                        "key": 3,
                        "type": "SNIGDHA",
                        "trip_id": 8378743,
                        "trip_route_id": 51556665,
                        "route_id": 20100,
                        "fare": "770.00",
                        "vat_percent": 15,
                        "vat_amount": 116,
                        "origin_city_seq": 7,
                        "destination_city_seq": 25,
                        "seat_counts": {
                            "online": 0,
                            "offline": 0,
                            "is_divided": true
                        }
                    }
                ],
                "train_model": "748",
                "is_open_for_all": true,
                "is_eid_trip": 0,
                "boarding_points": [
                    {
                        "trip_point_id": 107152689,
                        "location_id": 2781,
                        "location_name": "Birampur Station",
                        "location_time": "09:00 PM"
                    }
                ],
                "is_international": 0,
                "is_from_city_international": false
            }
        ],
        "recommendations": [],
        "selected_seat_class": "S_CHAIR"
    },
    "extra": {
        "hash": "F0E4754773DBF0BA06CED4276B8C88F6"
    }
}