{
    "data": {
        "trains": [
            {
                "trip_number": "BANGLABANDHA EXPRESS (803)",
                "departure_date_time": "27 Dec, 12:53 am",
                "departure_full_date": "2024-12-27",
                "departure_date_time_jd": "Fri, 27 Dec 2024, 12:53 AM",
                "arrival_date_time": "27 Dec, 02:20 am",
                "travel_time": "01h 27m",
                "origin_city_name": "birampur",
                "destination_city_name": "dinajpur",
                "seat_types": [
                    {
                        "key": 1,
                        "type": "AC_B",
                        "trip_id": 8378386,
                        "trip_route_id": 51544895,
                        "route_id": 20902,
                        "fare": "220.00",
                        "vat_percent": 15,
                        "vat_amount": 33,
                        "origin_city_seq": 10,
                        "destination_city_seq": 14,
                        "seat_counts": {
                            "online": 0,
                            "offline": 0,
                            "is_divided": true
                        }
                    },
                    {
                        "key": 7,
                        "type": "S_CHAIR",
                        "trip_id": 8378421,
                        "trip_route_id": 51546907,
                        "route_id": 20902,
                        "fare": "75.00",
                        "vat_percent": 0,
                        "vat_amount": 0,
                        "origin_city_seq": 10,
                        "destination_city_seq": 14,
                        "seat_counts": {
                            "online": 3,
                            "offline": 2,
                            "is_divided": true
                        }
                    }
                ],
                "train_model": "803",
                "is_open_for_all": true,
                "is_eid_trip": 0,
                "boarding_points": [
                    {
                        "trip_point_id": 107146726,
                        "location_id": 2781,
                        "location_name": "Birampur Station",
                        "location_time": "12:53 AM"
                    }
                ],
                "is_international": 0,
                "is_from_city_international": false
            },
            {
                "trip_number": "DRUTOJAN EXPRESS (757)",
                "departure_date_time": "27 Dec, 02:46 am",
                "departure_full_date": "2024-12-27",
                "departure_date_time_jd": "Fri, 27 Dec 2024, 02:46 AM",
                "arrival_date_time": "27 Dec, 04:20 am",
                "travel_time": "01h 34m",
                "origin_city_name": "birampur",
                "destination_city_name": "dinajpur",
                "seat_types": [
                    {
                        "key": 3,
                        "type": "SNIGDHA",
                        "trip_id": 8378402,
                        "trip_route_id": 51545678,
                        "route_id": 19372,
                        "fare": "150.00",
                        "vat_percent": 15,
                        "vat_amount": 23,
                        "origin_city_seq": 17,
                        "destination_city_seq": 21,
                        "seat_counts": {
                            "online": 0,
                            "offline": 0,
                            "is_divided": true
                        }
                    },
                    {
                        "key": 7,
                        "type": "S_CHAIR",
                        "trip_id": 8378409,
                        "trip_route_id": 51546172,
                        "route_id": 19372,
                        "fare": "75.00",
                        "vat_percent": 0,
                        "vat_amount": 0,
                        "origin_city_seq": 17,
                        "destination_city_seq": 21,
                        "seat_counts": {
                            "online": 5,
                            "offline": 5,
                            "is_divided": true
                        }
                    }
                ],
                "train_model": "757",
                "is_open_for_all": true,
                "is_eid_trip": 0,
                "boarding_points": [
                    {
                        "trip_point_id": 107147109,
                        "location_id": 2781,
                        "location_name": "Birampur Station",
                        "location_time": "02:46 AM"
                    }
                ],
                "is_international": 0,
                "is_from_city_international": false
            },
            {
                "trip_number": "EKOTA EXPRESS (705)",
                "departure_date_time": "27 Dec, 05:37 pm",
                "departure_full_date": "2024-12-27",
                "departure_date_time_jd": "Fri, 27 Dec 2024, 05:37 PM",
                "arrival_date_time": "27 Dec, 07:00 pm",
                "travel_time": "01h 23m",
                "origin_city_name": "birampur",
                "destination_city_name": "dinajpur",
                "seat_types": [
                    {
                        "key": 3,
                        "type": "SNIGDHA",
                        "trip_id": 8378720,
                        "trip_route_id": 51555049,
                        "route_id": 19372,
                        "fare": "125.00",
                        "vat_percent": 15,
                        "vat_amount": 19,
                        "origin_city_seq": 17,
                        "destination_city_seq": 21,
                        "seat_counts": {
                            "online": 0,
                            "offline": 0,
                            "is_divided": true
                        }
                    },
                    {
                        "key": 7,
                        "type": "S_CHAIR",
                        "trip_id": 8378721,
                        "trip_route_id": 51555131,
                        "route_id": 19372,
                        "fare": "75.00",
                        "vat_percent": 0,
                        "vat_amount": 0,
                        "origin_city_seq": 17,
                        "destination_city_seq": 21,
                        "seat_counts": {
                            "online": 5,
                            "offline": 5,
                            "is_divided": true
                        }
                    },
                    {
                        "key": 2,
                        "type": "AC_S",
                        "trip_id": 8378722,
                        "trip_route_id": 51555236,
                        "route_id": 19372,
                        "fare": "150.00",
                        "vat_percent": 15,
                        "vat_amount": 23,
                        "origin_city_seq": 17,
                        "destination_city_seq": 21,
                        "seat_counts": {
                            "online": 0,
                            "offline": 0,
                            "is_divided": true
                        }
                    }
                ],
                "train_model": "705",
                "is_open_for_all": true,
                "is_eid_trip": 0,
                "boarding_points": [
                    {
                        "trip_point_id": 107152809,
                        "location_id": 2781,
                        "location_name": "Birampur Station",
                        "location_time": "05:37 PM"
                    }
                ],
                "is_international": 0,
                "is_from_city_international": false
            }
        ],
        "recommendations": [],
        "selected_seat_class": "S_CHAIR"
    },
    "extra": {
        "hash": "F0E4754773DBF0BA06CED4276B8C88F6"
    }
}