{
    "data": {
        "trains": [
            {
                "trip_number": "EKOTA EXPRESS (706)",
                "departure_date_time": "27 Dec, 12:48 am",
                "departure_full_date": "2024-12-27",
                "departure_date_time_jd": "Fri, 27 Dec 2024, 12:48 AM",
                "arrival_date_time": "27 Dec, 07:50 am",
                "travel_time": "07h 02m",
                "origin_city_name": "birampur",
                "destination_city_name": "dhaka",
                "seat_types": [
                    {
                        "key": 3,
                        "type": "SNIGDHA",
                        "trip_id": 8378374,
                        "trip_route_id": 51544141,
                        "route_id": 19435,
                        "fare": "840.00",
                        "vat_percent": 15,
                        "vat_amount": 126,
                        "origin_city_seq": 11,
                        "destination_city_seq": 25,
                        "seat_counts": {
                            "online": 3,
                            "offline": 2,
                            "is_divided": true
                        }
                    },
                    {
                        "key": 7,
                        "type": "S_CHAIR",
                        "trip_id": 8378375,
                        "trip_route_id": 51544195,
                        "route_id": 19435,
                        "fare": "505.00",
                        "vat_percent": 0,
                        "vat_amount": 0,
                        "origin_city_seq": 11,
                        "destination_city_seq": 25,
                        "seat_counts": {
                            "online": 1,
                            "offline": 0,
                            "is_divided": true
                        }
                    },
                    {
                        "key": 1,
                        "type": "AC_B",
                        "trip_id": 8378392,
                        "trip_route_id": 51545293,
                        "route_id": 19435,
                        "fare": "1510.00",
                        "vat_percent": 15,
                        "vat_amount": 227,
                        "origin_city_seq": 11,
                        "destination_city_seq": 25,
                        "seat_counts": {
                            "online": 0,
                            "offline": 0,
                            "is_divided": true
                        }
                    }
                ],
                "train_model": "706",
                "is_open_for_all": true,
                "is_eid_trip": 0,
                "boarding_points": [
                    {
                        "trip_point_id": 107146332,
                        "location_id": 2781,
                        "location_name": "Birampur Station",
                        "location_time": "12:48 AM"
                    }
                ],
                "is_international": 0,
                "is_from_city_international": false
            },
            {
                "trip_number": "CHILAHATI EXPRESS (806)",
                "departure_date_time": "27 Dec, 08:03 am",
                "departure_full_date": "2024-12-27",
                "departure_date_time_jd": "Fri, 27 Dec 2024, 08:03 AM",
                "arrival_date_time": "27 Dec, 02:50 pm",
                "travel_time": "06h 47m",
                "origin_city_name": "birampur",
                "destination_city_name": "dhaka",
                "seat_types": [
                    {
                        "key": 2,
                        "type": "AC_S",
                        "trip_id": 8378943,
                        "trip_route_id": 51563766,
                        "route_id": 24815,
                        "fare": "1010.00",
                        "vat_percent": 15,
                        "vat_amount": 152,
                        "origin_city_seq": 7,
                        "destination_city_seq": 13,
                        "seat_counts": {
                            "online": 2,
                            "offline": 2,
                            "is_divided": true
                        }
                    },
                    {
                        "key": 7,
                        "type": "S_CHAIR",
                        "trip_id": 8378944,
                        "trip_route_id": 51563784,
                        "route_id": 24815,
                        "fare": "505.00",
                        "vat_percent": 0,
                        "vat_amount": 0,
                        "origin_city_seq": 7,
                        "destination_city_seq": 13,
                        "seat_counts": {
                            "online": 0,
                            "offline": 0,
                            "is_divided": true
                        }
                    },
                    {
                        "key": 3,
                        "type": "SNIGDHA",
                        "trip_id": 8378945,
                        "trip_route_id": 51563841,
                        "route_id": 24815,
                        "fare": "840.00",
                        "vat_percent": 15,
                        "vat_amount": 126,
                        "origin_city_seq": 7,
                        "destination_city_seq": 13,
                        "seat_counts": {
                            "online": 1,
                            "offline": 1,
                            "is_divided": true
                        }
                    }
                ],
                "train_model": "806",
                "is_open_for_all": true,
                "is_eid_trip": 0,
                "boarding_points": [
                    {
                        "trip_point_id": 107157650,
                        "location_id": 2781,
                        "location_name": "Birampur Station",
                        "location_time": "08:03 AM"
                    }
                ],
                "is_international": 0,
                "is_from_city_international": false
            },
            {
                "trip_number": "DRUTOJAN EXPRESS (758)",
                "departure_date_time": "27 Dec, 11:21 am",
                "departure_full_date": "2024-12-27",
                "departure_date_time_jd": "Fri, 27 Dec 2024, 11:21 AM",
                "arrival_date_time": "27 Dec, 06:55 pm",
                "travel_time": "07h 34m",
                "origin_city_name": "birampur",
                "destination_city_name": "dhaka",
                "seat_types": [
                    {
                        "key": 3,
                        "type": "SNIGDHA",
                        "trip_id": 8378747,
                        "trip_route_id": 51557095,
                        "route_id": 19435,
                        "fare": "840.00",
                        "vat_percent": 15,
                        "vat_amount": 126,
                        "origin_city_seq": 11,
                        "destination_city_seq": 25,
                        "seat_counts": {
                            "online": 0,
                            "offline": 0,
                            "is_divided": true
                        }
                    },
                    {
                        "key": 7,
                        "type": "S_CHAIR",
                        "trip_id": 8378758,
                        "trip_route_id": 51558269,
                        "route_id": 19435,
                        "fare": "505.00",
                        "vat_percent": 0,
                        "vat_amount": 0,
                        "origin_city_seq": 11,
                        "destination_city_seq": 25,
                        "seat_counts": {
                            "online": 0,
                            "offline": 0,
                            "is_divided": true
                        }
                    },
                    {
                        "key": 2,
                        "type": "AC_S",
                        "trip_id": 8378759,
                        "trip_route_id": 51558355,
                        "route_id": 19435,
                        "fare": "1010.00",
                        "vat_percent": 15,
                        "vat_amount": 152,
                        "origin_city_seq": 11,
                        "destination_city_seq": 25,
                        "seat_counts": {
                            "online": 0,
                            "offline": 0,
                            "is_divided": true
                        }
                    }
                ],
                "train_model": "758",
                "is_open_for_all": true,
                "is_eid_trip": 0,
                "boarding_points": [
                    {
                        "trip_point_id": 107153783,
                        "location_id": 2781,
                        "location_name": "Birampur Station",
                        "location_time": "11:21 AM"
                    }
                ],
                "is_international": 0,
                "is_from_city_international": false
            },
            {
                "trip_number": "NILSAGAR EXPRESS (766)",
                "departure_date_time": "27 Dec, 10:15 pm",
                "departure_full_date": "2024-12-27",
                "departure_date_time_jd": "Fri, 27 Dec 2024, 10:15 PM",
                "arrival_date_time": "28 Dec, 05:30 am",
                "travel_time": "07h 15m",
                "origin_city_name": "birampur",
                "destination_city_name": "dhaka",
                "seat_types": [
                    {
                        "key": 7,
                        "type": "S_CHAIR",
                        "trip_id": 8378725,
                        "trip_route_id": 51555405,
                        "route_id": 19845,
                        "fare": "505.00",
                        "vat_percent": 0,
                        "vat_amount": 0,
                        "origin_city_seq": 7,
                        "destination_city_seq": 16,
                        "seat_counts": {
                            "online": 0,
                            "offline": 0,
                            "is_divided": true
                        }
                    },
                    {
                        "key": 3,
                        "type": "SNIGDHA",
                        "trip_id": 8378726,
                        "trip_route_id": 51555450,
                        "route_id": 19845,
                        "fare": "840.00",
                        "vat_percent": 15,
                        "vat_amount": 126,
                        "origin_city_seq": 7,
                        "destination_city_seq": 16,
                        "seat_counts": {
                            "online": 0,
                            "offline": 0,
                            "is_divided": true
                        }
                    },
                    {
                        "key": 1,
                        "type": "AC_B",
                        "trip_id": 8378727,
                        "trip_route_id": 51555495,
                        "route_id": 19845,
                        "fare": "1510.00",
                        "vat_percent": 15,
                        "vat_amount": 227,
                        "origin_city_seq": 7,
                        "destination_city_seq": 16,
                        "seat_counts": {
                            "online": 0,
                            "offline": 0,
                            "is_divided": true
                        }
                    }
                ],
                "train_model": "766",
                "is_open_for_all": true,
                "is_eid_trip": 0,
                "boarding_points": [
                    {
                        "trip_point_id": 107153025,
                        "location_id": 2781,
                        "location_name": "Birampur Station",
                        "location_time": "10:15 PM"
                    }
                ],
                "is_international": 0,
                "is_from_city_international": false
            }
        ],
        "recommendations": [],
        "selected_seat_class": "S_CHAIR"
    },
    "extra": {
        "hash": "F0E4754773DBF0BA06CED4276B8C88F6"
    }
}