{
    "data": {
        "trains": [
            {
                "trip_number": "DOLONCHAPA EXPRESS (767)",
                "departure_date_time": "27 Dec, 01:09 pm",
                "departure_full_date": "2024-12-27",
                "departure_date_time_jd": "Fri, 27 Dec 2024, 01:09 PM",
                "arrival_date_time": "27 Dec, 07:20 pm",
                "travel_time": "06h 11m",
                "origin_city_name": "bonar_para",
                "destination_city_name": "thakurgaon_road",
                "seat_types": [
                    {
                        "key": 8,
                        "type": "SHOVAN",
                        "trip_id": 8378929,
                        "trip_route_id": 51563553,
                        "route_id": 23556,
                        "fare": "220.00",
                        "vat_percent": 0,
                        "vat_amount": 0,
                        "origin_city_seq": 6,
                        "destination_city_seq": 21,
                        "seat_counts": {
                            "online": 3,
                            "offline": 2,
                            "is_divided": true
                        }
                    }
                ],
                "train_model": "767",
                "is_open_for_all": true,
                "is_eid_trip": 0,
                "boarding_points": [
                    {
                        "trip_point_id": 107157473,
                        "location_id": 2711,
                        "location_name": "Bonar_Para Station",
                        "location_time": "01:09 PM"
                    }
                ],
                "is_international": 0,
                "is_from_city_international": false
            }
        ],
        "recommendations": [],
        "selected_seat_class": "S_CHAIR"
    },
    "extra": {
        "hash": "F0E4754773DBF0BA06CED4276B8C88F6"
    }
}