{
    "data": {
        "trains": [
            {
                "trip_number": "KOROTOA EXPRESS (713)",
                "departure_date_time": "27 Dec, 11:06 am",
                "departure_full_date": "2024-12-27",
                "departure_date_time_jd": "Fri, 27 Dec 2024, 11:06 AM",
                "arrival_date_time": "27 Dec, 03:45 pm",
                "travel_time": "04h 39m",
                "origin_city_name": "bonar_para",
                "destination_city_name": "burimari",
                "seat_types": [
                    {
                        "key": 7,
                        "type": "S_CHAIR",
                        "trip_id": 8378769,
                        "trip_route_id": 51558849,
                        "route_id": 21152,
                        "fare": "205.00",
                        "vat_percent": 0,
                        "vat_amount": 0,
                        "origin_city_seq": 5,
                        "destination_city_seq": 18,
                        "seat_counts": {
                            "online": 0,
                            "offline": 0,
                            "is_divided": true
                        }
                    }
                ],
                "train_model": "713",
                "is_open_for_all": true,
                "is_eid_trip": 0,
                "boarding_points": [
                    {
                        "trip_point_id": 107154545,
                        "location_id": 2711,
                        "location_name": "Bonar_Para Station",
                        "location_time": "11:06 AM"
                    }
                ],
                "is_international": 0,
                "is_from_city_international": false
            },
            {
                "trip_number": "BURIMARI EXPRESS (809)",
                "departure_date_time": "27 Dec, 04:00 pm",
                "departure_full_date": "2024-12-27",
                "departure_date_time_jd": "Fri, 27 Dec 2024, 04:00 PM",
                "arrival_date_time": "27 Dec, 09:40 pm",
                "travel_time": "05h 40m",
                "origin_city_name": "bonar_para",
                "destination_city_name": "burimari",
                "seat_types": [
                    {
                        "key": 7,
                        "type": "S_CHAIR",
                        "trip_id": 8378997,
                        "trip_route_id": 51564643,
                        "route_id": 26445,
                        "fare": "205.00",
                        "vat_percent": 0,
                        "vat_amount": 0,
                        "origin_city_seq": 7,
                        "destination_city_seq": 15,
                        "seat_counts": {
                            "online": 3,
                            "offline": 2,
                            "is_divided": true
                        }
                    }
                ],
                "train_model": "809",
                "is_open_for_all": true,
                "is_eid_trip": 0,
                "boarding_points": [
                    {
                        "trip_point_id": 107158275,
                        "location_id": 2711,
                        "location_name": "Bonar_Para Station",
                        "location_time": "04:00 PM"
                    }
                ],
                "is_international": 0,
                "is_from_city_international": false
            }
        ],
        "recommendations": [],
        "selected_seat_class": "S_CHAIR"
    },
    "extra": {
        "hash": "F0E4754773DBF0BA06CED4276B8C88F6"
    }
}