{
    "data": {
        "trains": [
            {
                "trip_number": "LALMONI EXPRESS (751)",
                "departure_date_time": "27 Dec, 01:15 am",
                "departure_full_date": "2024-12-27",
                "departure_date_time_jd": "Fri, 27 Dec 2024, 01:15 AM",
                "arrival_date_time": "27 Dec, 07:30 am",
                "travel_time": "06h 15m",
                "origin_city_name": "boral_bridge",
                "destination_city_name": "lalmonirhat",
                "seat_types": [
                    {
                        "key": 1,
                        "type": "AC_B",
                        "trip_id": 8378352,
                        "trip_route_id": 51542799,
                        "route_id": 19640,
                        "fare": "1000.00",
                        "vat_percent": 15,
                        "vat_amount": 150,
                        "origin_city_seq": 8,
                        "destination_city_seq": 20,
                        "seat_counts": {
                            "online": 0,
                            "offline": 0,
                            "is_divided": true
                        }
                    },
                    {
                        "key": 3,
                        "type": "SNIGDHA",
                        "trip_id": 8378353,
                        "trip_route_id": 51542834,
                        "route_id": 19640,
                        "fare": "555.00",
                        "vat_percent": 15,
                        "vat_amount": 84,
                        "origin_city_seq": 8,
                        "destination_city_seq": 20,
                        "seat_counts": {
                            "online": 0,
                            "offline": 0,
                            "is_divided": true
                        }
                    },
                    {
                        "key": 7,
                        "type": "S_CHAIR",
                        "trip_id": 8378354,
                        "trip_route_id": 51542883,
                        "route_id": 19640,
                        "fare": "335.00",
                        "vat_percent": 0,
                        "vat_amount": 0,
                        "origin_city_seq": 8,
                        "destination_city_seq": 20,
                        "seat_counts": {
                            "online": 3,
                            "offline": 2,
                            "is_divided": true
                        }
                    }
                ],
                "train_model": "751",
                "is_open_for_all": true,
                "is_eid_trip": 0,
                "boarding_points": [
                    {
                        "trip_point_id": 107145630,
                        "location_id": 2706,
                        "location_name": "Boral_Bridge Station",
                        "location_time": "01:15 AM"
                    }
                ],
                "is_international": 0,
                "is_from_city_international": false
            }
        ],
        "recommendations": [],
        "selected_seat_class": "S_CHAIR"
    },
    "extra": {
        "hash": "F0E4754773DBF0BA06CED4276B8C88F6"
    }
}