{
    "data": {
        "trains": [
            {
                "trip_number": "KOROTOA EXPRESS (714)",
                "departure_date_time": "27 Dec, 04:10 pm",
                "departure_full_date": "2024-12-27",
                "departure_date_time_jd": "Fri, 27 Dec 2024, 04:10 PM",
                "arrival_date_time": "27 Dec, 04:56 pm",
                "travel_time": "00h 46m",
                "origin_city_name": "burimari",
                "destination_city_name": "barkhata",
                "seat_types": [
                    {
                        "key": 7,
                        "type": "S_CHAIR",
                        "trip_id": 8378771,
                        "trip_route_id": 51559017,
                        "route_id": 21199,
                        "fare": "50.00",
                        "vat_percent": 0,
                        "vat_amount": 0,
                        "origin_city_seq": 1,
                        "destination_city_seq": 3,
                        "seat_counts": {
                            "online": 8,
                            "offline": 7,
                            "is_divided": true
                        }
                    }
                ],
                "train_model": "714",
                "is_open_for_all": true,
                "is_eid_trip": 0,
                "boarding_points": [
                    {
                        "trip_point_id": 107154605,
                        "location_id": 2786,
                        "location_name": "Burimari Station",
                        "location_time": "04:10 PM"
                    }
                ],
                "is_international": 0,
                "is_from_city_international": false
            },
            {
                "trip_number": "BURIMARI EXPRESS (810)",
                "departure_date_time": "27 Dec, 06:00 pm",
                "departure_full_date": "2024-12-27",
                "departure_date_time_jd": "Fri, 27 Dec 2024, 06:00 PM",
                "arrival_date_time": "27 Dec, 06:44 pm",
                "travel_time": "00h 44m",
                "origin_city_name": "burimari",
                "destination_city_name": "barkhata",
                "seat_types": [
                    {
                        "key": 7,
                        "type": "S_CHAIR",
                        "trip_id": 8378998,
                        "trip_route_id": 51564666,
                        "route_id": 26231,
                        "fare": "50.00",
                        "vat_percent": 0,
                        "vat_amount": 0,
                        "origin_city_seq": 2,
                        "destination_city_seq": 4,
                        "seat_counts": {
                            "online": 10,
                            "offline": 10,
                            "is_divided": true
                        }
                    }
                ],
                "train_model": "810",
                "is_open_for_all": true,
                "is_eid_trip": 0,
                "boarding_points": [
                    {
                        "trip_point_id": 107158306,
                        "location_id": 2786,
                        "location_name": "Burimari Station",
                        "location_time": "06:00 PM"
                    }
                ],
                "is_international": 0,
                "is_from_city_international": false
            }
        ],
        "recommendations": [],
        "selected_seat_class": "S_CHAIR"
    },
    "extra": {
        "hash": "F0E4754773DBF0BA06CED4276B8C88F6"
    }
}