{
    "data": {
        "trains": [
            {
                "trip_number": "MEGHNA EXPRESS (730)",
                "departure_date_time": "27 Dec, 05:00 am",
                "departure_full_date": "2024-12-27",
                "departure_date_time_jd": "Fri, 27 Dec 2024, 05:00 AM",
                "arrival_date_time": "27 Dec, 06:58 am",
                "travel_time": "01h 58m",
                "origin_city_name": "chandpur",
                "destination_city_name": "hasanpur",
                "seat_types": [
                    {
                        "key": 7,
                        "type": "S_CHAIR",
                        "trip_id": 8378908,
                        "trip_route_id": 51562702,
                        "route_id": 22649,
                        "fare": "85.00",
                        "vat_percent": 0,
                        "vat_amount": 0,
                        "origin_city_seq": 1,
                        "destination_city_seq": 12,
                        "seat_counts": {
                            "online": 5,
                            "offline": 5,
                            "is_divided": true
                        }
                    }
                ],
                "train_model": "730",
                "is_open_for_all": true,
                "is_eid_trip": 0,
                "boarding_points": [
                    {
                        "trip_point_id": 107157032,
                        "location_id": 2869,
                        "location_name": "Chandpur Station",
                        "location_time": "05:00 AM"
                    }
                ],
                "is_international": 0,
                "is_from_city_international": false
            }
        ],
        "recommendations": [],
        "selected_seat_class": "S_CHAIR"
    },
    "extra": {
        "hash": "F0E4754773DBF0BA06CED4276B8C88F6"
    }
}