{
    "data": {
        "trains": [
            {
                "trip_number": "SHAIKAT EXPRESS (821)",
                "departure_date_time": "11 Feb, 06:15 am",
                "departure_full_date": "2025-02-11",
                "departure_date_time_jd": "Tue, 11 Feb 2025, 06:15 AM",
                "arrival_date_time": "11 Feb, 08:30 am",
                "travel_time": "02h 15m",
                "origin_city_name": "chattogram",
                "destination_city_name": "chakaria",
                "seat_types": [
                    {
                        "key": 7,
                        "type": "S_CHAIR",
                        "trip_id": 8395245,
                        "trip_route_id": 52101626,
                        "route_id": 26287,
                        "fare": "145.00",
                        "vat_percent": 0,
                        "vat_amount": 0,
                        "origin_city_seq": 1,
                        "destination_city_seq": 7,
                        "seat_counts": {
                            "online": 0,
                            "offline": 0,
                            "is_divided": true
                        }
                    },
                    {
                        "key": 8,
                        "type": "SHOVAN",
                        "trip_id": 8395246,
                        "trip_route_id": 52101639,
                        "route_id": 26287,
                        "fare": "120.00",
                        "vat_percent": 0,
                        "vat_amount": 0,
                        "origin_city_seq": 1,
                        "destination_city_seq": 7,
                        "seat_counts": {
                            "online": 11,
                            "offline": 11,
                            "is_divided": true
                        }
                    }
                ],
                "train_model": "821",
                "is_open_for_all": true,
                "is_eid_trip": 0,
                "parent_route": {
                    "origin_city_name": "chattogram",
                    "destination_city_name": "cox's bazar",
                    "departure_date": "2025-02-11",
                    "departure_time": "06:15:00",
                    "arrival_date": "2025-02-11",
                    "arrival_time": "09:55:00"
                },
                "boarding_points": [
                    {
                        "trip_point_id": 107470581,
                        "location_id": 2820,
                        "location_name": "Chattogram Station",
                        "location_time": "06:15 AM",
                        "location_date": "11 Feb 2025"
                    }
                ],
                "is_international": 0,
                "is_from_city_international": false
            },
            {
                "trip_number": "PROBAL EXPRESS (823)",
                "departure_date_time": "11 Feb, 03:10 pm",
                "departure_full_date": "2025-02-11",
                "departure_date_time_jd": "Tue, 11 Feb 2025, 03:10 PM",
                "arrival_date_time": "11 Feb, 05:28 pm",
                "travel_time": "02h 18m",
                "origin_city_name": "chattogram",
                "destination_city_name": "chakaria",
                "seat_types": [
                    {
                        "key": 7,
                        "type": "S_CHAIR",
                        "trip_id": 8395257,
                        "trip_route_id": 52101706,
                        "route_id": 27067,
                        "fare": "145.00",
                        "vat_percent": 0,
                        "vat_amount": 0,
                        "origin_city_seq": 1,
                        "destination_city_seq": 9,
                        "seat_counts": {
                            "online": 1,
                            "offline": 0,
                            "is_divided": true
                        }
                    },
                    {
                        "key": 8,
                        "type": "SHOVAN",
                        "trip_id": 8395258,
                        "trip_route_id": 52101719,
                        "route_id": 27067,
                        "fare": "120.00",
                        "vat_percent": 0,
                        "vat_amount": 0,
                        "origin_city_seq": 1,
                        "destination_city_seq": 9,
                        "seat_counts": {
                            "online": 10,
                            "offline": 10,
                            "is_divided": true
                        }
                    }
                ],
                "train_model": "823",
                "is_open_for_all": true,
                "is_eid_trip": 0,
                "parent_route": {
                    "origin_city_name": "chattogram",
                    "destination_city_name": "cox's bazar",
                    "departure_date": "2025-02-11",
                    "departure_time": "15:10:00",
                    "arrival_date": "2025-02-11",
                    "arrival_time": "19:00:00"
                },
                "boarding_points": [
                    {
                        "trip_point_id": 107470673,
                        "location_id": 2820,
                        "location_name": "Chattogram Station",
                        "location_time": "03:10 PM",
                        "location_date": "11 Feb 2025"
                    }
                ],
                "is_international": 0,
                "is_from_city_international": false
            }
        ],
        "recommendations": [],
        "selected_seat_class": "S_CHAIR"
    },
    "extra": {
        "hash": "9665EEA80F05D0C9618C0D487B10C107"
    }
}