{
    "data": {
        "trains": [
            {
                "trip_number": "EID SPL 9 (09)",
                "departure_date_time": "27 Dec, 07:00 am",
                "departure_full_date": "2024-12-27",
                "departure_date_time_jd": "Fri, 27 Dec 2024, 07:00 AM",
                "arrival_date_time": "27 Dec, 09:05 am",
                "travel_time": "02h 05m",
                "origin_city_name": "chattogram",
                "destination_city_name": "chakaria",
                "seat_types": [
                    {
                        "key": 8,
                        "type": "SHOVAN",
                        "trip_id": 8376787,
                        "trip_route_id": 51496212,
                        "route_id": 26287,
                        "fare": "120.00",
                        "vat_percent": 0,
                        "vat_amount": 0,
                        "origin_city_seq": 1,
                        "destination_city_seq": 7,
                        "seat_counts": {
                            "online": 0,
                            "offline": 0,
                            "is_divided": true
                        }
                    },
                    {
                        "key": 7,
                        "type": "S_CHAIR",
                        "trip_id": 8376818,
                        "trip_route_id": 51496457,
                        "route_id": 26287,
                        "fare": "145.00",
                        "vat_percent": 0,
                        "vat_amount": 0,
                        "origin_city_seq": 1,
                        "destination_city_seq": 7,
                        "seat_counts": {
                            "online": 0,
                            "offline": 0,
                            "is_divided": true
                        }
                    }
                ],
                "train_model": "09",
                "is_open_for_all": true,
                "is_eid_trip": 0,
                "boarding_points": [
                    {
                        "trip_point_id": 107118134,
                        "location_id": 2820,
                        "location_name": "Chattogram Station",
                        "location_time": "07:00 AM"
                    }
                ],
                "is_international": 0,
                "is_from_city_international": false
            }
        ],
        "recommendations": [
            {
                "origin": "Sholoshohor",
                "destination": "Chakaria"
            },
            {
                "origin": "Chattogram",
                "destination": "Satkania"
            }
        ],
        "selected_seat_class": "S_CHAIR"
    },
    "extra": {
        "hash": "F0E4754773DBF0BA06CED4276B8C88F6"
    }
}