{
    "data": {
        "trains": [
            {
                "trip_number": "PAHARIKA EXPRESS (719)",
                "departure_date_time": "27 Dec, 07:50 am",
                "departure_full_date": "2024-12-27",
                "departure_date_time_jd": "Fri, 27 Dec 2024, 07:50 AM",
                "arrival_date_time": "27 Dec, 04:30 pm",
                "travel_time": "08h 40m",
                "origin_city_name": "chattogram",
                "destination_city_name": "sylhet",
                "seat_types": [
                    {
                        "key": 3,
                        "type": "SNIGDHA",
                        "trip_id": 8378790,
                        "trip_route_id": 51559775,
                        "route_id": 22380,
                        "fare": "745.00",
                        "vat_percent": 15,
                        "vat_amount": 112,
                        "origin_city_seq": 1,
                        "destination_city_seq": 17,
                        "seat_counts": {
                            "online": 0,
                            "offline": 0,
                            "is_divided": true
                        }
                    },
                    {
                        "key": 2,
                        "type": "AC_S",
                        "trip_id": 8378834,
                        "trip_route_id": 51561014,
                        "route_id": 22380,
                        "fare": "895.00",
                        "vat_percent": 15,
                        "vat_amount": 135,
                        "origin_city_seq": 1,
                        "destination_city_seq": 17,
                        "seat_counts": {
                            "online": 0,
                            "offline": 0,
                            "is_divided": true
                        }
                    },
                    {
                        "key": 7,
                        "type": "S_CHAIR",
                        "trip_id": 8378835,
                        "trip_route_id": 51561037,
                        "route_id": 22380,
                        "fare": "450.00",
                        "vat_percent": 0,
                        "vat_amount": 0,
                        "origin_city_seq": 1,
                        "destination_city_seq": 17,
                        "seat_counts": {
                            "online": 0,
                            "offline": 0,
                            "is_divided": true
                        }
                    }
                ],
                "train_model": "719",
                "is_open_for_all": true,
                "is_eid_trip": 0,
                "boarding_points": [
                    {
                        "trip_point_id": 107155010,
                        "location_id": 2820,
                        "location_name": "Chattogram Station",
                        "location_time": "07:50 AM"
                    }
                ],
                "is_international": 0,
                "is_from_city_international": false
            },
            {
                "trip_number": "UDAYAN EXPRESS (723)",
                "departure_date_time": "27 Dec, 09:45 pm",
                "departure_full_date": "2024-12-27",
                "departure_date_time_jd": "Fri, 27 Dec 2024, 09:45 PM",
                "arrival_date_time": "28 Dec, 05:45 am",
                "travel_time": "08h 00m",
                "origin_city_name": "chattogram",
                "destination_city_name": "sylhet",
                "seat_types": [
                    {
                        "key": 3,
                        "type": "SNIGDHA",
                        "trip_id": 8378794,
                        "trip_route_id": 51559918,
                        "route_id": 22542,
                        "fare": "745.00",
                        "vat_percent": 15,
                        "vat_amount": 112,
                        "origin_city_seq": 1,
                        "destination_city_seq": 11,
                        "seat_counts": {
                            "online": 0,
                            "offline": 0,
                            "is_divided": true
                        }
                    },
                    {
                        "key": 7,
                        "type": "S_CHAIR",
                        "trip_id": 8378841,
                        "trip_route_id": 51561269,
                        "route_id": 22542,
                        "fare": "450.00",
                        "vat_percent": 0,
                        "vat_amount": 0,
                        "origin_city_seq": 1,
                        "destination_city_seq": 11,
                        "seat_counts": {
                            "online": 0,
                            "offline": 0,
                            "is_divided": true
                        }
                    },
                    {
                        "key": 1,
                        "type": "AC_B",
                        "trip_id": 8378842,
                        "trip_route_id": 51561300,
                        "route_id": 22542,
                        "fare": "1340.00",
                        "vat_percent": 15,
                        "vat_amount": 201,
                        "origin_city_seq": 1,
                        "destination_city_seq": 11,
                        "seat_counts": {
                            "online": 0,
                            "offline": 0,
                            "is_divided": true
                        }
                    }
                ],
                "train_model": "723",
                "is_open_for_all": true,
                "is_eid_trip": 0,
                "boarding_points": [
                    {
                        "trip_point_id": 107155097,
                        "location_id": 2820,
                        "location_name": "Chattogram Station",
                        "location_time": "09:45 PM"
                    }
                ],
                "is_international": 0,
                "is_from_city_international": false
            }
        ],
        "recommendations": [
            {
                "origin": "Feni",
                "destination": "Sylhet"
            },
            {
                "origin": "Chattogram",
                "destination": "Maijgaon"
            }
        ],
        "selected_seat_class": "S_CHAIR"
    },
    "extra": {
        "hash": "F0E4754773DBF0BA06CED4276B8C88F6"
    }
}