{
    "data": {
        "trains": [
            {
                "trip_number": "BIJOY EXPRESS (785)",
                "departure_date_time": "27 Dec, 09:15 am",
                "departure_full_date": "2024-12-27",
                "departure_date_time_jd": "Fri, 27 Dec 2024, 09:15 AM",
                "arrival_date_time": "27 Dec, 06:10 pm",
                "travel_time": "08h 55m",
                "origin_city_name": "chattogram",
                "destination_city_name": "jamalpur_town",
                "seat_types": [
                    {
                        "key": 3,
                        "type": "SNIGDHA",
                        "trip_id": 8378881,
                        "trip_route_id": 51562125,
                        "route_id": 25881,
                        "fare": "875.00",
                        "vat_percent": 15,
                        "vat_amount": 132,
                        "origin_city_seq": 1,
                        "destination_city_seq": 14,
                        "seat_counts": {
                            "online": 17,
                            "offline": 17,
                            "is_divided": true
                        }
                    },
                    {
                        "key": 2,
                        "type": "AC_S",
                        "trip_id": 8378902,
                        "trip_route_id": 51562538,
                        "route_id": 25881,
                        "fare": "1050.00",
                        "vat_percent": 15,
                        "vat_amount": 158,
                        "origin_city_seq": 1,
                        "destination_city_seq": 14,
                        "seat_counts": {
                            "online": 6,
                            "offline": 6,
                            "is_divided": true
                        }
                    },
                    {
                        "key": 7,
                        "type": "S_CHAIR",
                        "trip_id": 8378903,
                        "trip_route_id": 51562561,
                        "route_id": 25881,
                        "fare": "525.00",
                        "vat_percent": 0,
                        "vat_amount": 0,
                        "origin_city_seq": 1,
                        "destination_city_seq": 14,
                        "seat_counts": {
                            "online": 16,
                            "offline": 16,
                            "is_divided": true
                        }
                    },
                    {
                        "key": 5,
                        "type": "F_SEAT",
                        "trip_id": 8378949,
                        "trip_route_id": 51563979,
                        "route_id": 25881,
                        "fare": "700.00",
                        "vat_percent": 15,
                        "vat_amount": 105,
                        "origin_city_seq": 1,
                        "destination_city_seq": 14,
                        "seat_counts": {
                            "online": 2,
                            "offline": 2,
                            "is_divided": true
                        }
                    }
                ],
                "train_model": "785",
                "is_open_for_all": true,
                "is_eid_trip": 0,
                "boarding_points": [
                    {
                        "trip_point_id": 107156634,
                        "location_id": 2820,
                        "location_name": "Chattogram Station",
                        "location_time": "09:15 AM"
                    }
                ],
                "is_international": 0,
                "is_from_city_international": false
            }
        ],
        "recommendations": [],
        "selected_seat_class": "S_CHAIR"
    },
    "extra": {
        "hash": "F0E4754773DBF0BA06CED4276B8C88F6"
    }
}