{
    "data": {
        "trains": [
            {
                "trip_number": "MOHANAGAR EXPRESS (721)",
                "departure_date_time": "27 Dec, 12:30 pm",
                "departure_full_date": "2024-12-27",
                "departure_date_time_jd": "Fri, 27 Dec 2024, 12:30 PM",
                "arrival_date_time": "27 Dec, 04:26 pm",
                "travel_time": "03h 56m",
                "origin_city_name": "chattogram",
                "destination_city_name": "brahmanbaria",
                "seat_types": [
                    {
                        "key": 3,
                        "type": "SNIGDHA",
                        "trip_id": 8378792,
                        "trip_route_id": 51559854,
                        "route_id": 22478,
                        "fare": "430.00",
                        "vat_percent": 15,
                        "vat_amount": 65,
                        "origin_city_seq": 1,
                        "destination_city_seq": 9,
                        "seat_counts": {
                            "online": 0,
                            "offline": 0,
                            "is_divided": true
                        }
                    },
                    {
                        "key": 2,
                        "type": "AC_S",
                        "trip_id": 8378838,
                        "trip_route_id": 51561181,
                        "route_id": 22478,
                        "fare": "515.00",
                        "vat_percent": 15,
                        "vat_amount": 78,
                        "origin_city_seq": 1,
                        "destination_city_seq": 9,
                        "seat_counts": {
                            "online": 0,
                            "offline": 0,
                            "is_divided": true
                        }
                    },
                    {
                        "key": 7,
                        "type": "S_CHAIR",
                        "trip_id": 8378918,
                        "trip_route_id": 51563094,
                        "route_id": 22478,
                        "fare": "260.00",
                        "vat_percent": 0,
                        "vat_amount": 0,
                        "origin_city_seq": 1,
                        "destination_city_seq": 9,
                        "seat_counts": {
                            "online": 0,
                            "offline": 0,
                            "is_divided": true
                        }
                    }
                ],
                "train_model": "721",
                "is_open_for_all": true,
                "is_eid_trip": 0,
                "boarding_points": [
                    {
                        "trip_point_id": 107155049,
                        "location_id": 2820,
                        "location_name": "Chattogram Station",
                        "location_time": "12:30 PM"
                    }
                ],
                "is_international": 0,
                "is_from_city_international": false
            },
            {
                "trip_number": "MAHANAGAR GODHULI (703)",
                "departure_date_time": "27 Dec, 03:00 pm",
                "departure_full_date": "2024-12-27",
                "departure_date_time_jd": "Fri, 27 Dec 2024, 03:00 PM",
                "arrival_date_time": "27 Dec, 06:41 pm",
                "travel_time": "03h 41m",
                "origin_city_name": "chattogram",
                "destination_city_name": "brahmanbaria",
                "seat_types": [
                    {
                        "key": 3,
                        "type": "SNIGDHA",
                        "trip_id": 8378778,
                        "trip_route_id": 51559413,
                        "route_id": 22023,
                        "fare": "430.00",
                        "vat_percent": 15,
                        "vat_amount": 65,
                        "origin_city_seq": 1,
                        "destination_city_seq": 7,
                        "seat_counts": {
                            "online": 0,
                            "offline": 0,
                            "is_divided": true
                        }
                    },
                    {
                        "key": 2,
                        "type": "AC_S",
                        "trip_id": 8378807,
                        "trip_route_id": 51560188,
                        "route_id": 22023,
                        "fare": "515.00",
                        "vat_percent": 15,
                        "vat_amount": 78,
                        "origin_city_seq": 1,
                        "destination_city_seq": 7,
                        "seat_counts": {
                            "online": 1,
                            "offline": 0,
                            "is_divided": true
                        }
                    },
                    {
                        "key": 5,
                        "type": "F_SEAT",
                        "trip_id": 8378808,
                        "trip_route_id": 51560209,
                        "route_id": 22023,
                        "fare": "345.00",
                        "vat_percent": 15,
                        "vat_amount": 52,
                        "origin_city_seq": 1,
                        "destination_city_seq": 7,
                        "seat_counts": {
                            "online": 0,
                            "offline": 0,
                            "is_divided": true
                        }
                    },
                    {
                        "key": 7,
                        "type": "S_CHAIR",
                        "trip_id": 8378809,
                        "trip_route_id": 51560229,
                        "route_id": 22023,
                        "fare": "260.00",
                        "vat_percent": 0,
                        "vat_amount": 0,
                        "origin_city_seq": 1,
                        "destination_city_seq": 7,
                        "seat_counts": {
                            "online": 0,
                            "offline": 0,
                            "is_divided": true
                        }
                    }
                ],
                "train_model": "703",
                "is_open_for_all": true,
                "is_eid_trip": 0,
                "boarding_points": [
                    {
                        "trip_point_id": 107154776,
                        "location_id": 2820,
                        "location_name": "Chattogram Station",
                        "location_time": "03:00 PM"
                    }
                ],
                "is_international": 0,
                "is_from_city_international": false
            },
            {
                "trip_number": "TURNA (741)",
                "departure_date_time": "27 Dec, 11:30 pm",
                "departure_full_date": "2024-12-27",
                "departure_date_time_jd": "Fri, 27 Dec 2024, 11:30 PM",
                "arrival_date_time": "28 Dec, 03:07 am",
                "travel_time": "03h 37m",
                "origin_city_name": "chattogram",
                "destination_city_name": "brahmanbaria",
                "seat_types": [
                    {
                        "key": 3,
                        "type": "SNIGDHA",
                        "trip_id": 8378802,
                        "trip_route_id": 51560104,
                        "route_id": 22819,
                        "fare": "430.00",
                        "vat_percent": 15,
                        "vat_amount": 65,
                        "origin_city_seq": 1,
                        "destination_city_seq": 6,
                        "seat_counts": {
                            "online": 0,
                            "offline": 0,
                            "is_divided": true
                        }
                    },
                    {
                        "key": 1,
                        "type": "AC_B",
                        "trip_id": 8378862,
                        "trip_route_id": 51561731,
                        "route_id": 22819,
                        "fare": "775.00",
                        "vat_percent": 15,
                        "vat_amount": 117,
                        "origin_city_seq": 1,
                        "destination_city_seq": 6,
                        "seat_counts": {
                            "online": 0,
                            "offline": 0,
                            "is_divided": true
                        }
                    },
                    {
                        "key": 4,
                        "type": "F_BERTH",
                        "trip_id": 8378863,
                        "trip_route_id": 51561744,
                        "route_id": 22819,
                        "fare": "515.00",
                        "vat_percent": 15,
                        "vat_amount": 78,
                        "origin_city_seq": 1,
                        "destination_city_seq": 6,
                        "seat_counts": {
                            "online": 0,
                            "offline": 0,
                            "is_divided": true
                        }
                    },
                    {
                        "key": 7,
                        "type": "S_CHAIR",
                        "trip_id": 8378864,
                        "trip_route_id": 51561757,
                        "route_id": 22819,
                        "fare": "260.00",
                        "vat_percent": 0,
                        "vat_amount": 0,
                        "origin_city_seq": 1,
                        "destination_city_seq": 6,
                        "seat_counts": {
                            "online": 0,
                            "offline": 0,
                            "is_divided": true
                        }
                    }
                ],
                "train_model": "741",
                "is_open_for_all": true,
                "is_eid_trip": 0,
                "boarding_points": [
                    {
                        "trip_point_id": 107155226,
                        "location_id": 2820,
                        "location_name": "Chattogram Station",
                        "location_time": "11:30 PM"
                    }
                ],
                "is_international": 0,
                "is_from_city_international": false
            }
        ],
        "recommendations": [],
        "selected_seat_class": "S_CHAIR"
    },
    "extra": {
        "hash": "F0E4754773DBF0BA06CED4276B8C88F6"
    }
}