{
    "data": {
        "trains": [
            {
                "trip_number": "PROBAL EXPRESS (823)",
                "departure_date_time": "11 Feb, 03:10 pm",
                "departure_full_date": "2025-02-11",
                "departure_date_time_jd": "Tue, 11 Feb 2025, 03:10 PM",
                "arrival_date_time": "11 Feb, 03:40 pm",
                "travel_time": "00h 30m",
                "origin_city_name": "chattogram",
                "destination_city_name": "gomdandi",
                "seat_types": [
                    {
                        "key": 8,
                        "type": "SHOVAN",
                        "trip_id": 8395258,
                        "trip_route_id": 52101725,
                        "route_id": 27062,
                        "fare": "45.00",
                        "vat_percent": 0,
                        "vat_amount": 0,
                        "origin_city_seq": 1,
                        "destination_city_seq": 3,
                        "seat_counts": {
                            "online": 10,
                            "offline": 10,
                            "is_divided": true
                        }
                    }
                ],
                "train_model": "823",
                "is_open_for_all": true,
                "is_eid_trip": 0,
                "parent_route": {
                    "origin_city_name": "chattogram",
                    "destination_city_name": "cox's bazar",
                    "departure_date": "2025-02-11",
                    "departure_time": "15:10:00",
                    "arrival_date": "2025-02-11",
                    "arrival_time": "19:00:00"
                },
                "boarding_points": [
                    {
                        "trip_point_id": 107470685,
                        "location_id": 2820,
                        "location_name": "Chattogram Station",
                        "location_time": "03:10 PM",
                        "location_date": "11 Feb 2025"
                    }
                ],
                "is_international": 0,
                "is_from_city_international": false
            }
        ],
        "recommendations": [],
        "selected_seat_class": "S_CHAIR"
    },
    "extra": {
        "hash": "9665EEA80F05D0C9618C0D487B10C107"
    }
}