{
    "data": {
        "trains": [
            {
                "trip_number": "PAHARIKA EXPRESS (719)",
                "departure_date_time": "27 Dec, 07:50 am",
                "departure_full_date": "2024-12-27",
                "departure_date_time_jd": "Fri, 27 Dec 2024, 07:50 AM",
                "arrival_date_time": "27 Dec, 01:30 pm",
                "travel_time": "05h 40m",
                "origin_city_name": "chattogram",
                "destination_city_name": "sreemangal",
                "seat_types": [
                    {
                        "key": 3,
                        "type": "SNIGDHA",
                        "trip_id": 8378790,
                        "trip_route_id": 51559777,
                        "route_id": 22390,
                        "fare": "575.00",
                        "vat_percent": 15,
                        "vat_amount": 87,
                        "origin_city_seq": 1,
                        "destination_city_seq": 11,
                        "seat_counts": {
                            "online": 0,
                            "offline": 0,
                            "is_divided": true
                        }
                    },
                    {
                        "key": 2,
                        "type": "AC_S",
                        "trip_id": 8378834,
                        "trip_route_id": 51561016,
                        "route_id": 22390,
                        "fare": "690.00",
                        "vat_percent": 15,
                        "vat_amount": 104,
                        "origin_city_seq": 1,
                        "destination_city_seq": 11,
                        "seat_counts": {
                            "online": 0,
                            "offline": 0,
                            "is_divided": true
                        }
                    },
                    {
                        "key": 7,
                        "type": "S_CHAIR",
                        "trip_id": 8378835,
                        "trip_route_id": 51561039,
                        "route_id": 22390,
                        "fare": "345.00",
                        "vat_percent": 0,
                        "vat_amount": 0,
                        "origin_city_seq": 1,
                        "destination_city_seq": 11,
                        "seat_counts": {
                            "online": 0,
                            "offline": 0,
                            "is_divided": true
                        }
                    }
                ],
                "train_model": "719",
                "is_open_for_all": true,
                "is_eid_trip": 0,
                "boarding_points": [
                    {
                        "trip_point_id": 107155010,
                        "location_id": 2820,
                        "location_name": "Chattogram Station",
                        "location_time": "07:50 AM"
                    }
                ],
                "is_international": 0,
                "is_from_city_international": false
            },
            {
                "trip_number": "UDAYAN EXPRESS (723)",
                "departure_date_time": "27 Dec, 09:45 pm",
                "departure_full_date": "2024-12-27",
                "departure_date_time_jd": "Fri, 27 Dec 2024, 09:45 PM",
                "arrival_date_time": "28 Dec, 03:10 am",
                "travel_time": "05h 25m",
                "origin_city_name": "chattogram",
                "destination_city_name": "sreemangal",
                "seat_types": [
                    {
                        "key": 3,
                        "type": "SNIGDHA",
                        "trip_id": 8378794,
                        "trip_route_id": 51559920,
                        "route_id": 22548,
                        "fare": "575.00",
                        "vat_percent": 15,
                        "vat_amount": 87,
                        "origin_city_seq": 1,
                        "destination_city_seq": 7,
                        "seat_counts": {
                            "online": 0,
                            "offline": 0,
                            "is_divided": true
                        }
                    },
                    {
                        "key": 7,
                        "type": "S_CHAIR",
                        "trip_id": 8378841,
                        "trip_route_id": 51561271,
                        "route_id": 22548,
                        "fare": "345.00",
                        "vat_percent": 0,
                        "vat_amount": 0,
                        "origin_city_seq": 1,
                        "destination_city_seq": 7,
                        "seat_counts": {
                            "online": 0,
                            "offline": 0,
                            "is_divided": true
                        }
                    },
                    {
                        "key": 1,
                        "type": "AC_B",
                        "trip_id": 8378842,
                        "trip_route_id": 51561302,
                        "route_id": 22548,
                        "fare": "1030.00",
                        "vat_percent": 15,
                        "vat_amount": 155,
                        "origin_city_seq": 1,
                        "destination_city_seq": 7,
                        "seat_counts": {
                            "online": 0,
                            "offline": 0,
                            "is_divided": true
                        }
                    }
                ],
                "train_model": "723",
                "is_open_for_all": true,
                "is_eid_trip": 0,
                "boarding_points": [
                    {
                        "trip_point_id": 107155097,
                        "location_id": 2820,
                        "location_name": "Chattogram Station",
                        "location_time": "09:45 PM"
                    }
                ],
                "is_international": 0,
                "is_from_city_international": false
            }
        ],
        "recommendations": [
            {
                "origin": "Feni",
                "destination": "Sreemangal"
            },
            {
                "origin": "Chattogram",
                "destination": "Shaistaganj"
            }
        ],
        "selected_seat_class": "S_CHAIR"
    },
    "extra": {
        "hash": "3C85D5CEA741389483D8A7CD51DA469D"
    }
}