{
    "data": {
        "trains": [
            {
                "trip_number": "RANGPUR EXPRESS (771)",
                "departure_date_time": "27 Dec, 12:54 pm",
                "departure_full_date": "2024-12-27",
                "departure_date_time_jd": "Fri, 27 Dec 2024, 12:54 PM",
                "arrival_date_time": "27 Dec, 03:56 pm",
                "travel_time": "03h 02m",
                "origin_city_name": "chatmohar",
                "destination_city_name": "bogura",
                "seat_types": [
                    {
                        "key": 3,
                        "type": "SNIGDHA",
                        "trip_id": 8378681,
                        "trip_route_id": 51553188,
                        "route_id": 26564,
                        "fare": "275.00",
                        "vat_percent": 15,
                        "vat_amount": 42,
                        "origin_city_seq": 4,
                        "destination_city_seq": 8,
                        "seat_counts": {
                            "online": 2,
                            "offline": 1,
                            "is_divided": true
                        }
                    },
                    {
                        "key": 7,
                        "type": "S_CHAIR",
                        "trip_id": 8378682,
                        "trip_route_id": 51553235,
                        "route_id": 26564,
                        "fare": "165.00",
                        "vat_percent": 0,
                        "vat_amount": 0,
                        "origin_city_seq": 4,
                        "destination_city_seq": 8,
                        "seat_counts": {
                            "online": 3,
                            "offline": 2,
                            "is_divided": true
                        }
                    }
                ],
                "train_model": "771",
                "is_open_for_all": true,
                "is_eid_trip": 0,
                "boarding_points": [
                    {
                        "trip_point_id": 107151868,
                        "location_id": 2792,
                        "location_name": "Chatmohar Station",
                        "location_time": "12:54 PM"
                    }
                ],
                "is_international": 0,
                "is_from_city_international": false
            }
        ],
        "recommendations": [],
        "selected_seat_class": "S_CHAIR"
    },
    "extra": {
        "hash": "F0E4754773DBF0BA06CED4276B8C88F6"
    }
}