{
    "data": {
        "trains": [
            {
                "trip_number": "PAHARIKA EXPRESS (719)",
                "departure_date_time": "27 Dec, 07:50 am",
                "departure_full_date": "2024-12-27",
                "departure_date_time_jd": "Fri, 27 Dec 2024, 07:50 AM",
                "arrival_date_time": "27 Dec, 12:28 pm",
                "travel_time": "04h 38m",
                "origin_city_name": "chattogram",
                "destination_city_name": "nayapara",
                "seat_types": [
                    {
                        "key": 7,
                        "type": "S_CHAIR",
                        "trip_id": 8378835,
                        "trip_route_id": 51561045,
                        "route_id": 22388,
                        "fare": "290.00",
                        "vat_percent": 0,
                        "vat_amount": 0,
                        "origin_city_seq": 1,
                        "destination_city_seq": 9,
                        "seat_counts": {
                            "online": 0,
                            "offline": 0,
                            "is_divided": true
                        }
                    }
                ],
                "train_model": "719",
                "is_open_for_all": true,
                "is_eid_trip": 0,
                "boarding_points": [
                    {
                        "trip_point_id": 107155854,
                        "location_id": 2820,
                        "location_name": "Chattogram Station",
                        "location_time": "07:50 AM"
                    }
                ],
                "is_international": 0,
                "is_from_city_international": false
            }
        ],
        "recommendations": [
            {
                "origin": "Feni",
                "destination": "Nayapara"
            },
            {
                "origin": "Chattogram",
                "destination": "Harashpur"
            }
        ],
        "selected_seat_class": "S_CHAIR"
    },
    "extra": {
        "hash": "F0E4754773DBF0BA06CED4276B8C88F6"
    }
}