{
    "data": {
        "trains": [
            {
                "trip_number": "PROBAL EXPRESS (823)",
                "departure_date_time": "06 Feb, 03:10 pm",
                "departure_full_date": "2025-02-06",
                "departure_date_time_jd": "Thu, 06 Feb 2025, 03:10 PM",
                "arrival_date_time": "06 Feb, 06:11 pm",
                "travel_time": "03h 01m",
                "origin_city_name": "chattogram",
                "destination_city_name": "islamabad",
                "seat_types": [
                    {
                        "key": 8,
                        "type": "SHOVAN",
                        "trip_id": 8393453,
                        "trip_route_id": 52042170,
                        "route_id": 27069,
                        "fare": "150.00",
                        "vat_percent": 0,
                        "vat_amount": 0,
                        "origin_city_seq": 1,
                        "destination_city_seq": 10,
                        "seat_counts": {
                            "online": 2,
                            "offline": 1,
                            "is_divided": true
                        }
                    }
                ],
                "train_model": "823",
                "is_open_for_all": true,
                "is_eid_trip": 0,
                "parent_route": {
                    "origin_city_name": "chattogram",
                    "destination_city_name": "cox's bazar",
                    "departure_date": "2025-02-06",
                    "departure_time": "15:10:00",
                    "arrival_date": "2025-02-06",
                    "arrival_time": "19:00:00"
                },
                "boarding_points": [
                    {
                        "trip_point_id": 107436288,
                        "location_id": 2820,
                        "location_name": "Chattogram Station",
                        "location_time": "03:10 PM",
                        "location_date": "06 Feb 2025"
                    }
                ],
                "is_international": 0,
                "is_from_city_international": false
            }
        ],
        "recommendations": [],
        "selected_seat_class": "S_CHAIR"
    },
    "extra": {
        "hash": "A6C3575B71B528B4C7AB898FA4331E67"
    }
}