{
    "data": {
        "trains": [
            {
                "trip_number": "BARENDRA EXPRESS (732)",
                "departure_date_time": "27 Dec, 05:00 am",
                "departure_full_date": "2024-12-27",
                "departure_date_time_jd": "Fri, 27 Dec 2024, 05:00 AM",
                "arrival_date_time": "27 Dec, 07:27 am",
                "travel_time": "02h 27m",
                "origin_city_name": "chilahati",
                "destination_city_name": "birampur",
                "seat_types": [
                    {
                        "key": 7,
                        "type": "S_CHAIR",
                        "trip_id": 8378719,
                        "trip_route_id": 51554979,
                        "route_id": 20267,
                        "fare": "120.00",
                        "vat_percent": 0,
                        "vat_amount": 0,
                        "origin_city_seq": 1,
                        "destination_city_seq": 8,
                        "seat_counts": {
                            "online": 9,
                            "offline": 8,
                            "is_divided": true
                        }
                    }
                ],
                "train_model": "732",
                "is_open_for_all": true,
                "is_eid_trip": 0,
                "boarding_points": [
                    {
                        "trip_point_id": 107152777,
                        "location_id": 2741,
                        "location_name": "Chilahati Station",
                        "location_time": "05:00 AM"
                    }
                ],
                "is_international": 0,
                "is_from_city_international": false
            },
            {
                "trip_number": "CHILAHATI EXPRESS (806)",
                "departure_date_time": "27 Dec, 06:00 am",
                "departure_full_date": "2024-12-27",
                "departure_date_time_jd": "Fri, 27 Dec 2024, 06:00 AM",
                "arrival_date_time": "27 Dec, 08:01 am",
                "travel_time": "02h 01m",
                "origin_city_name": "chilahati",
                "destination_city_name": "birampur",
                "seat_types": [
                    {
                        "key": 2,
                        "type": "AC_S",
                        "trip_id": 8378943,
                        "trip_route_id": 51563771,
                        "route_id": 24759,
                        "fare": "235.00",
                        "vat_percent": 15,
                        "vat_amount": 36,
                        "origin_city_seq": 1,
                        "destination_city_seq": 7,
                        "seat_counts": {
                            "online": 2,
                            "offline": 2,
                            "is_divided": true
                        }
                    },
                    {
                        "key": 7,
                        "type": "S_CHAIR",
                        "trip_id": 8378944,
                        "trip_route_id": 51563813,
                        "route_id": 24759,
                        "fare": "120.00",
                        "vat_percent": 0,
                        "vat_amount": 0,
                        "origin_city_seq": 1,
                        "destination_city_seq": 7,
                        "seat_counts": {
                            "online": 11,
                            "offline": 11,
                            "is_divided": true
                        }
                    },
                    {
                        "key": 3,
                        "type": "SNIGDHA",
                        "trip_id": 8378945,
                        "trip_route_id": 51563849,
                        "route_id": 24759,
                        "fare": "195.00",
                        "vat_percent": 15,
                        "vat_amount": 30,
                        "origin_city_seq": 1,
                        "destination_city_seq": 7,
                        "seat_counts": {
                            "online": 5,
                            "offline": 5,
                            "is_divided": true
                        }
                    }
                ],
                "train_model": "806",
                "is_open_for_all": true,
                "is_eid_trip": 0,
                "boarding_points": [
                    {
                        "trip_point_id": 107157654,
                        "location_id": 2741,
                        "location_name": "Chilahati Station",
                        "location_time": "06:00 AM"
                    }
                ],
                "is_international": 0,
                "is_from_city_international": false
            },
            {
                "trip_number": "RUPSHA EXPRESS (728)",
                "departure_date_time": "27 Dec, 08:30 am",
                "departure_full_date": "2024-12-27",
                "departure_date_time_jd": "Fri, 27 Dec 2024, 08:30 AM",
                "arrival_date_time": "27 Dec, 10:50 am",
                "travel_time": "02h 20m",
                "origin_city_name": "chilahati",
                "destination_city_name": "birampur",
                "seat_types": [
                    {
                        "key": 2,
                        "type": "AC_S",
                        "trip_id": 8378744,
                        "trip_route_id": 51556829,
                        "route_id": 20037,
                        "fare": "235.00",
                        "vat_percent": 15,
                        "vat_amount": 36,
                        "origin_city_seq": 1,
                        "destination_city_seq": 7,
                        "seat_counts": {
                            "online": 0,
                            "offline": 0,
                            "is_divided": true
                        }
                    },
                    {
                        "key": 3,
                        "type": "SNIGDHA",
                        "trip_id": 8378754,
                        "trip_route_id": 51557788,
                        "route_id": 20037,
                        "fare": "195.00",
                        "vat_percent": 15,
                        "vat_amount": 30,
                        "origin_city_seq": 1,
                        "destination_city_seq": 7,
                        "seat_counts": {
                            "online": 0,
                            "offline": 0,
                            "is_divided": true
                        }
                    },
                    {
                        "key": 7,
                        "type": "S_CHAIR",
                        "trip_id": 8378755,
                        "trip_route_id": 51557959,
                        "route_id": 20037,
                        "fare": "120.00",
                        "vat_percent": 0,
                        "vat_amount": 0,
                        "origin_city_seq": 1,
                        "destination_city_seq": 7,
                        "seat_counts": {
                            "online": 5,
                            "offline": 5,
                            "is_divided": true
                        }
                    }
                ],
                "train_model": "728",
                "is_open_for_all": true,
                "is_eid_trip": 0,
                "boarding_points": [
                    {
                        "trip_point_id": 107153683,
                        "location_id": 2741,
                        "location_name": "Chilahati Station",
                        "location_time": "08:30 AM"
                    }
                ],
                "is_international": 0,
                "is_from_city_international": false
            },
            {
                "trip_number": "TITUMIR EXPRESS (734)",
                "departure_date_time": "27 Dec, 03:00 pm",
                "departure_full_date": "2024-12-27",
                "departure_date_time_jd": "Fri, 27 Dec 2024, 03:00 PM",
                "arrival_date_time": "27 Dec, 05:22 pm",
                "travel_time": "02h 22m",
                "origin_city_name": "chilahati",
                "destination_city_name": "birampur",
                "seat_types": [
                    {
                        "key": 7,
                        "type": "S_CHAIR",
                        "trip_id": 8378770,
                        "trip_route_id": 51558929,
                        "route_id": 20267,
                        "fare": "120.00",
                        "vat_percent": 0,
                        "vat_amount": 0,
                        "origin_city_seq": 1,
                        "destination_city_seq": 8,
                        "seat_counts": {
                            "online": 5,
                            "offline": 5,
                            "is_divided": true
                        }
                    }
                ],
                "train_model": "734",
                "is_open_for_all": true,
                "is_eid_trip": 0,
                "boarding_points": [
                    {
                        "trip_point_id": 107154588,
                        "location_id": 2741,
                        "location_name": "Chilahati Station",
                        "location_time": "03:00 PM"
                    }
                ],
                "is_international": 0,
                "is_from_city_international": false
            },
            {
                "trip_number": "SIMANTA EXPRESS (748)",
                "departure_date_time": "27 Dec, 06:45 pm",
                "departure_full_date": "2024-12-27",
                "departure_date_time_jd": "Fri, 27 Dec 2024, 06:45 PM",
                "arrival_date_time": "27 Dec, 08:57 pm",
                "travel_time": "02h 12m",
                "origin_city_name": "chilahati",
                "destination_city_name": "birampur",
                "seat_types": [
                    {
                        "key": 7,
                        "type": "S_CHAIR",
                        "trip_id": 8378716,
                        "trip_route_id": 51554757,
                        "route_id": 20037,
                        "fare": "120.00",
                        "vat_percent": 0,
                        "vat_amount": 0,
                        "origin_city_seq": 1,
                        "destination_city_seq": 7,
                        "seat_counts": {
                            "online": 5,
                            "offline": 5,
                            "is_divided": true
                        }
                    },
                    {
                        "key": 1,
                        "type": "AC_B",
                        "trip_id": 8378742,
                        "trip_route_id": 51556589,
                        "route_id": 20037,
                        "fare": "350.00",
                        "vat_percent": 15,
                        "vat_amount": 53,
                        "origin_city_seq": 1,
                        "destination_city_seq": 7,
                        "seat_counts": {
                            "online": 0,
                            "offline": 0,
                            "is_divided": true
                        }
                    },
                    {
                        "key": 3,
                        "type": "SNIGDHA",
                        "trip_id": 8378743,
                        "trip_route_id": 51556702,
                        "route_id": 20037,
                        "fare": "195.00",
                        "vat_percent": 15,
                        "vat_amount": 30,
                        "origin_city_seq": 1,
                        "destination_city_seq": 7,
                        "seat_counts": {
                            "online": 0,
                            "offline": 0,
                            "is_divided": true
                        }
                    }
                ],
                "train_model": "748",
                "is_open_for_all": true,
                "is_eid_trip": 0,
                "boarding_points": [
                    {
                        "trip_point_id": 107152693,
                        "location_id": 2741,
                        "location_name": "Chilahati Station",
                        "location_time": "06:45 PM"
                    }
                ],
                "is_international": 0,
                "is_from_city_international": false
            },
            {
                "trip_number": "NILSAGAR EXPRESS (766)",
                "departure_date_time": "27 Dec, 08:00 pm",
                "departure_full_date": "2024-12-27",
                "departure_date_time_jd": "Fri, 27 Dec 2024, 08:00 PM",
                "arrival_date_time": "27 Dec, 10:12 pm",
                "travel_time": "02h 12m",
                "origin_city_name": "chilahati",
                "destination_city_name": "birampur",
                "seat_types": [
                    {
                        "key": 7,
                        "type": "S_CHAIR",
                        "trip_id": 8378725,
                        "trip_route_id": 51555420,
                        "route_id": 19819,
                        "fare": "120.00",
                        "vat_percent": 0,
                        "vat_amount": 0,
                        "origin_city_seq": 1,
                        "destination_city_seq": 7,
                        "seat_counts": {
                            "online": 8,
                            "offline": 8,
                            "is_divided": true
                        }
                    },
                    {
                        "key": 3,
                        "type": "SNIGDHA",
                        "trip_id": 8378726,
                        "trip_route_id": 51555465,
                        "route_id": 19819,
                        "fare": "195.00",
                        "vat_percent": 15,
                        "vat_amount": 30,
                        "origin_city_seq": 1,
                        "destination_city_seq": 7,
                        "seat_counts": {
                            "online": 3,
                            "offline": 2,
                            "is_divided": true
                        }
                    },
                    {
                        "key": 1,
                        "type": "AC_B",
                        "trip_id": 8378727,
                        "trip_route_id": 51555510,
                        "route_id": 19819,
                        "fare": "350.00",
                        "vat_percent": 15,
                        "vat_amount": 53,
                        "origin_city_seq": 1,
                        "destination_city_seq": 7,
                        "seat_counts": {
                            "online": 0,
                            "offline": 0,
                            "is_divided": true
                        }
                    }
                ],
                "train_model": "766",
                "is_open_for_all": true,
                "is_eid_trip": 0,
                "boarding_points": [
                    {
                        "trip_point_id": 107153029,
                        "location_id": 2741,
                        "location_name": "Chilahati Station",
                        "location_time": "08:00 PM"
                    }
                ],
                "is_international": 0,
                "is_from_city_international": false
            }
        ],
        "recommendations": [],
        "selected_seat_class": "S_CHAIR"
    },
    "extra": {
        "hash": "F0E4754773DBF0BA06CED4276B8C88F6"
    }
}