{
    "data": {
        "trains": [
            {
                "trip_number": "NILSAGAR EXPRESS (766)",
                "departure_date_time": "27 Dec, 08:00 pm",
                "departure_full_date": "2024-12-27",
                "departure_date_time_jd": "Fri, 27 Dec 2024, 08:00 PM",
                "arrival_date_time": "28 Dec, 02:58 am",
                "travel_time": "06h 58m",
                "origin_city_name": "chilahati",
                "destination_city_name": "ibrahimabad",
                "seat_types": [
                    {
                        "key": 7,
                        "type": "S_CHAIR",
                        "trip_id": 8378725,
                        "trip_route_id": 51555431,
                        "route_id": 19826,
                        "fare": "480.00",
                        "vat_percent": 0,
                        "vat_amount": 0,
                        "origin_city_seq": 1,
                        "destination_city_seq": 14,
                        "seat_counts": {
                            "online": 1,
                            "offline": 0,
                            "is_divided": true
                        }
                    },
                    {
                        "key": 3,
                        "type": "SNIGDHA",
                        "trip_id": 8378726,
                        "trip_route_id": 51555476,
                        "route_id": 19826,
                        "fare": "800.00",
                        "vat_percent": 15,
                        "vat_amount": 120,
                        "origin_city_seq": 1,
                        "destination_city_seq": 14,
                        "seat_counts": {
                            "online": 0,
                            "offline": 0,
                            "is_divided": true
                        }
                    },
                    {
                        "key": 1,
                        "type": "AC_B",
                        "trip_id": 8378727,
                        "trip_route_id": 51555521,
                        "route_id": 19826,
                        "fare": "1435.00",
                        "vat_percent": 15,
                        "vat_amount": 216,
                        "origin_city_seq": 1,
                        "destination_city_seq": 14,
                        "seat_counts": {
                            "online": 0,
                            "offline": 0,
                            "is_divided": true
                        }
                    }
                ],
                "train_model": "766",
                "is_open_for_all": true,
                "is_eid_trip": 0,
                "boarding_points": [
                    {
                        "trip_point_id": 107153029,
                        "location_id": 2741,
                        "location_name": "Chilahati Station",
                        "location_time": "08:00 PM"
                    }
                ],
                "is_international": 0,
                "is_from_city_international": false
            }
        ],
        "recommendations": [],
        "selected_seat_class": "S_CHAIR"
    },
    "extra": {
        "hash": "F0E4754773DBF0BA06CED4276B8C88F6"
    }
}