{
    "data": {
        "trains": [
            {
                "trip_number": "BANGLABANDHA EXPRESS (803)",
                "departure_date_time": "12 Nov, 10:04 pm",
                "departure_full_date": "2024-11-12",
                "departure_date_time_jd": "Tue, 12 Nov 2024, 10:04 PM",
                "arrival_date_time": "13 Nov, 04:30 am",
                "travel_time": "06h 26m",
                "origin_city_name": "abdulpur",
                "destination_city_name": "b sirajul islam",
                "seat_types": [
                    {
                        "key": 1,
                        "type": "AC_B",
                        "trip_id": 8363105,
                        "trip_route_id": 51036876,
                        "route_id": 20866,
                        "fare": "885.00",
                        "vat_percent": 15,
                        "vat_amount": 133,
                        "seat_counts": {
                            "online": 0,
                            "offline": 0,
                            "is_divided": true
                        }
                    },
                    {
                        "key": 7,
                        "type": "S_CHAIR",
                        "trip_id": 8363141,
                        "trip_route_id": 51039548,
                        "route_id": 20866,
                        "fare": "345.00",
                        "vat_percent": 0,
                        "vat_amount": 0,
                        "seat_counts": {
                            "online": 2,
                            "offline": 1,
                            "is_divided": true
                        }
                    }
                ],
                "train_model": "803",
                "is_open_for_all": true,
                "is_eid_trip": 0,
                "boarding_points": [
                    {
                        "trip_point_id": 106851994,
                        "location_id": 2708,
                        "location_name": "Abdulpur Station",
                        "location_time": "10:04 PM"
                    }
                ],
                "is_international": 0,
                "is_from_city_international": false
            }
        ],
        "selected_seat_class": "S_CHAIR"
    },
    "extra": {
        "hash": "46956DC04F11E6DCE43E06B3F32F866C"
    }
}