{
    "data": {
        "trains": [
            {
                "trip_number": "DHUMKETU EXPRESS (770)",
                "departure_date_time": "12 Nov, 12:07 am",
                "departure_full_date": "2024-11-12",
                "departure_date_time_jd": "Tue, 12 Nov 2024, 12:07 AM",
                "arrival_date_time": "12 Nov, 01:00 am",
                "travel_time": "00h 53m",
                "origin_city_name": "abdulpur",
                "destination_city_name": "boral_bridge",
                "seat_types": [
                    {
                        "key": 7,
                        "type": "S_CHAIR",
                        "trip_id": 8362739,
                        "trip_route_id": 51023421,
                        "route_id": 19562,
                        "fare": "110.00",
                        "vat_percent": 0,
                        "vat_amount": 0,
                        "seat_counts": {
                            "online": 0,
                            "offline": 0,
                            "is_divided": true
                        }
                    },
                    {
                        "key": 3,
                        "type": "SNIGDHA",
                        "trip_id": 8362740,
                        "trip_route_id": 51023444,
                        "route_id": 19562,
                        "fare": "180.00",
                        "vat_percent": 15,
                        "vat_amount": 27,
                        "seat_counts": {
                            "online": 0,
                            "offline": 0,
                            "is_divided": true
                        }
                    },
                    {
                        "key": 1,
                        "type": "AC_B",
                        "trip_id": 8362741,
                        "trip_route_id": 51023465,
                        "route_id": 19562,
                        "fare": "320.00",
                        "vat_percent": 15,
                        "vat_amount": 48,
                        "seat_counts": {
                            "online": 0,
                            "offline": 0,
                            "is_divided": true
                        }
                    }
                ],
                "train_model": "770",
                "is_open_for_all": true,
                "is_eid_trip": 0,
                "boarding_points": [
                    {
                        "trip_point_id": 106844279,
                        "location_id": 2708,
                        "location_name": "Abdulpur Station",
                        "location_time": "12:07 AM"
                    }
                ],
                "is_international": 0,
                "is_from_city_international": false
            },
            {
                "trip_number": "SILKCITY EXPRESS (754)",
                "departure_date_time": "12 Nov, 08:22 am",
                "departure_full_date": "2024-11-12",
                "departure_date_time_jd": "Tue, 12 Nov 2024, 08:22 AM",
                "arrival_date_time": "12 Nov, 09:14 am",
                "travel_time": "00h 52m",
                "origin_city_name": "abdulpur",
                "destination_city_name": "boral_bridge",
                "seat_types": [
                    {
                        "key": 2,
                        "type": "AC_S",
                        "trip_id": 8363066,
                        "trip_route_id": 51034566,
                        "route_id": 19562,
                        "fare": "215.00",
                        "vat_percent": 15,
                        "vat_amount": 33,
                        "seat_counts": {
                            "online": 0,
                            "offline": 0,
                            "is_divided": true
                        }
                    },
                    {
                        "key": 3,
                        "type": "SNIGDHA",
                        "trip_id": 8363067,
                        "trip_route_id": 51034607,
                        "route_id": 19562,
                        "fare": "180.00",
                        "vat_percent": 15,
                        "vat_amount": 27,
                        "seat_counts": {
                            "online": 0,
                            "offline": 0,
                            "is_divided": true
                        }
                    },
                    {
                        "key": 7,
                        "type": "S_CHAIR",
                        "trip_id": 8363068,
                        "trip_route_id": 51034648,
                        "route_id": 19562,
                        "fare": "110.00",
                        "vat_percent": 0,
                        "vat_amount": 0,
                        "seat_counts": {
                            "online": 5,
                            "offline": 5,
                            "is_divided": true
                        }
                    }
                ],
                "train_model": "754",
                "is_open_for_all": true,
                "is_eid_trip": 0,
                "boarding_points": [
                    {
                        "trip_point_id": 106850814,
                        "location_id": 2708,
                        "location_name": "Abdulpur Station",
                        "location_time": "08:22 AM"
                    }
                ],
                "is_international": 0,
                "is_from_city_international": false
            }
        ],
        "selected_seat_class": "S_CHAIR"
    },
    "extra": {
        "hash": "46956DC04F11E6DCE43E06B3F32F866C"
    }
}