{
    "data": {
        "trains": [
            {
                "trip_number": "RAJSHAHI COMMUTER (58)",
                "departure_date_time": "12 Nov, 07:34 pm",
                "departure_full_date": "2024-11-12",
                "departure_date_time_jd": "Tue, 12 Nov 2024, 07:34 PM",
                "arrival_date_time": "12 Nov, 07:43 pm",
                "travel_time": "00h 09m",
                "origin_city_name": "abdulpur",
                "destination_city_name": "azim nagar",
                "seat_types": [
                    {
                        "key": 8,
                        "type": "SHOVAN",
                        "trip_id": 8363337,
                        "trip_route_id": 51044701,
                        "route_id": 23446,
                        "fare": "45.00",
                        "vat_percent": 0,
                        "vat_amount": 0,
                        "seat_counts": {
                            "online": 30,
                            "offline": 30,
                            "is_divided": true
                        }
                    }
                ],
                "train_model": "58",
                "is_open_for_all": true,
                "is_eid_trip": 0,
                "boarding_points": [
                    {
                        "trip_point_id": 106856427,
                        "location_id": 2708,
                        "location_name": "Abdulpur Station",
                        "location_time": "07:34 PM"
                    }
                ],
                "is_international": 0,
                "is_from_city_international": false
            }
        ],
        "selected_seat_class": "S_CHAIR"
    },
    "extra": {
        "hash": "46956DC04F11E6DCE43E06B3F32F866C"
    }
}