{
    "data": {
        "trains": [
            {
                "trip_number": "TITUMIR EXPRESS (733)",
                "departure_date_time": "12 Nov, 08:19 am",
                "departure_full_date": "2024-11-12",
                "departure_date_time_jd": "Tue, 12 Nov 2024, 08:19 AM",
                "arrival_date_time": "12 Nov, 01:00 pm",
                "travel_time": "04h 41m",
                "origin_city_name": "ahsanganj",
                "destination_city_name": "chilahati",
                "seat_types": [
                    {
                        "key": 7,
                        "type": "S_CHAIR",
                        "trip_id": 8363148,
                        "trip_route_id": 51039996,
                        "route_id": 20205,
                        "fare": "220.00",
                        "vat_percent": 0,
                        "vat_amount": 0,
                        "seat_counts": {
                            "online": 5,
                            "offline": 5,
                            "is_divided": true
                        }
                    }
                ],
                "train_model": "733",
                "is_open_for_all": true,
                "is_eid_trip": 0,
                "boarding_points": [
                    {
                        "trip_point_id": 106853325,
                        "location_id": 2707,
                        "location_name": "Ahsanganj Station",
                        "location_time": "08:19 AM"
                    }
                ],
                "is_international": 0,
                "is_from_city_international": false
            },
            {
                "trip_number": "NILSAGAR EXPRESS (765)",
                "departure_date_time": "12 Nov, 11:43 am",
                "departure_full_date": "2024-11-12",
                "departure_date_time_jd": "Tue, 12 Nov 2024, 11:43 AM",
                "arrival_date_time": "12 Nov, 04:00 pm",
                "travel_time": "04h 17m",
                "origin_city_name": "ahsanganj",
                "destination_city_name": "chilahati",
                "seat_types": [
                    {
                        "key": 2,
                        "type": "AC_S",
                        "trip_id": 8363098,
                        "trip_route_id": 51036351,
                        "route_id": 19785,
                        "fare": "435.00",
                        "vat_percent": 15,
                        "vat_amount": 66,
                        "seat_counts": {
                            "online": 0,
                            "offline": 0,
                            "is_divided": true
                        }
                    },
                    {
                        "key": 3,
                        "type": "SNIGDHA",
                        "trip_id": 8363099,
                        "trip_route_id": 51036419,
                        "route_id": 19785,
                        "fare": "365.00",
                        "vat_percent": 15,
                        "vat_amount": 55,
                        "seat_counts": {
                            "online": 5,
                            "offline": 4,
                            "is_divided": true
                        }
                    },
                    {
                        "key": 7,
                        "type": "S_CHAIR",
                        "trip_id": 8363100,
                        "trip_route_id": 51036496,
                        "route_id": 19785,
                        "fare": "220.00",
                        "vat_percent": 0,
                        "vat_amount": 0,
                        "seat_counts": {
                            "online": 3,
                            "offline": 2,
                            "is_divided": true
                        }
                    }
                ],
                "train_model": "765",
                "is_open_for_all": true,
                "is_eid_trip": 0,
                "boarding_points": [
                    {
                        "trip_point_id": 106851768,
                        "location_id": 2707,
                        "location_name": "Ahsanganj Station",
                        "location_time": "11:43 AM"
                    }
                ],
                "is_international": 0,
                "is_from_city_international": false
            },
            {
                "trip_number": "RUPSHA EXPRESS (727)",
                "departure_date_time": "12 Nov, 12:57 pm",
                "departure_full_date": "2024-11-12",
                "departure_date_time_jd": "Tue, 12 Nov 2024, 12:57 PM",
                "arrival_date_time": "12 Nov, 05:05 pm",
                "travel_time": "04h 08m",
                "origin_city_name": "ahsanganj",
                "destination_city_name": "chilahati",
                "seat_types": [
                    {
                        "key": 2,
                        "type": "AC_S",
                        "trip_id": 8363111,
                        "trip_route_id": 51037308,
                        "route_id": 21319,
                        "fare": "435.00",
                        "vat_percent": 15,
                        "vat_amount": 66,
                        "seat_counts": {
                            "online": 0,
                            "offline": 0,
                            "is_divided": true
                        }
                    },
                    {
                        "key": 3,
                        "type": "SNIGDHA",
                        "trip_id": 8363128,
                        "trip_route_id": 51038367,
                        "route_id": 21319,
                        "fare": "365.00",
                        "vat_percent": 15,
                        "vat_amount": 55,
                        "seat_counts": {
                            "online": 0,
                            "offline": 0,
                            "is_divided": true
                        }
                    },
                    {
                        "key": 7,
                        "type": "S_CHAIR",
                        "trip_id": 8363129,
                        "trip_route_id": 51038520,
                        "route_id": 21319,
                        "fare": "220.00",
                        "vat_percent": 0,
                        "vat_amount": 0,
                        "seat_counts": {
                            "online": 4,
                            "offline": 3,
                            "is_divided": true
                        }
                    }
                ],
                "train_model": "727",
                "is_open_for_all": true,
                "is_eid_trip": 0,
                "boarding_points": [
                    {
                        "trip_point_id": 106852185,
                        "location_id": 2707,
                        "location_name": "Ahsanganj Station",
                        "location_time": "12:57 PM"
                    }
                ],
                "is_international": 0,
                "is_from_city_international": false
            },
            {
                "trip_number": "BARENDRA EXPRESS (731)",
                "departure_date_time": "12 Nov, 04:46 pm",
                "departure_full_date": "2024-11-12",
                "departure_date_time_jd": "Tue, 12 Nov 2024, 04:46 PM",
                "arrival_date_time": "12 Nov, 09:35 pm",
                "travel_time": "04h 49m",
                "origin_city_name": "ahsanganj",
                "destination_city_name": "chilahati",
                "seat_types": [
                    {
                        "key": 7,
                        "type": "S_CHAIR",
                        "trip_id": 8363091,
                        "trip_route_id": 51035819,
                        "route_id": 20205,
                        "fare": "220.00",
                        "vat_percent": 0,
                        "vat_amount": 0,
                        "seat_counts": {
                            "online": 5,
                            "offline": 5,
                            "is_divided": true
                        }
                    }
                ],
                "train_model": "731",
                "is_open_for_all": true,
                "is_eid_trip": 0,
                "boarding_points": [
                    {
                        "trip_point_id": 106851491,
                        "location_id": 2707,
                        "location_name": "Ahsanganj Station",
                        "location_time": "04:46 PM"
                    }
                ],
                "is_international": 0,
                "is_from_city_international": false
            }
        ],
        "selected_seat_class": "S_CHAIR"
    },
    "extra": {
        "hash": "46956DC04F11E6DCE43E06B3F32F866C"
    }
}