{
    "data": {
        "trains": [
            {
                "trip_number": "UDAYAN EXPRESS (724)",
                "departure_date_time": "12 Nov, 02:30 am",
                "departure_full_date": "2024-11-12",
                "departure_date_time_jd": "Tue, 12 Nov 2024, 02:30 AM",
                "arrival_date_time": "12 Nov, 04:17 am",
                "travel_time": "01h 47m",
                "origin_city_name": "akhaura",
                "destination_city_name": "feni",
                "seat_types": [
                    {
                        "key": 3,
                        "type": "SNIGDHA",
                        "trip_id": 8362847,
                        "trip_route_id": 51029377,
                        "route_id": 22600,
                        "fare": "225.00",
                        "vat_percent": 15,
                        "vat_amount": 34,
                        "seat_counts": {
                            "online": 0,
                            "offline": 0,
                            "is_divided": true
                        }
                    },
                    {
                        "key": 7,
                        "type": "S_CHAIR",
                        "trip_id": 8362887,
                        "trip_route_id": 51030566,
                        "route_id": 22600,
                        "fare": "135.00",
                        "vat_percent": 0,
                        "vat_amount": 0,
                        "seat_counts": {
                            "online": 0,
                            "offline": 0,
                            "is_divided": true
                        }
                    },
                    {
                        "key": 1,
                        "type": "AC_B",
                        "trip_id": 8362888,
                        "trip_route_id": 51030589,
                        "route_id": 22600,
                        "fare": "400.00",
                        "vat_percent": 15,
                        "vat_amount": 60,
                        "seat_counts": {
                            "online": 0,
                            "offline": 0,
                            "is_divided": true
                        }
                    }
                ],
                "train_model": "724",
                "is_open_for_all": true,
                "is_eid_trip": 0,
                "boarding_points": [
                    {
                        "trip_point_id": 106847277,
                        "location_id": 2828,
                        "location_name": "Akhaura Station",
                        "location_time": "02:30 AM"
                    }
                ],
                "is_international": 0,
                "is_from_city_international": false
            }
        ],
        "selected_seat_class": "S_CHAIR"
    },
    "extra": {
        "hash": "46956DC04F11E6DCE43E06B3F32F866C"
    }
}