{
    "data": {
        "trains": [
            {
                "trip_number": "UPAKUL EXPRESS (711)",
                "departure_date_time": "12 Nov, 08:53 am",
                "departure_full_date": "2024-11-12",
                "departure_date_time_jd": "Tue, 12 Nov 2024, 08:53 AM",
                "arrival_date_time": "12 Nov, 09:10 am",
                "travel_time": "00h 17m",
                "origin_city_name": "akhaura",
                "destination_city_name": "brahmanbaria",
                "seat_types": [
                    {
                        "key": 3,
                        "type": "SNIGDHA",
                        "trip_id": 8363158,
                        "trip_route_id": 51040389,
                        "route_id": 22250,
                        "fare": "100.00",
                        "vat_percent": 15,
                        "vat_amount": 15,
                        "seat_counts": {
                            "online": 3,
                            "offline": 2,
                            "is_divided": true
                        }
                    },
                    {
                        "key": 7,
                        "type": "S_CHAIR",
                        "trip_id": 8363196,
                        "trip_route_id": 51041360,
                        "route_id": 22250,
                        "fare": "50.00",
                        "vat_percent": 0,
                        "vat_amount": 0,
                        "seat_counts": {
                            "online": 3,
                            "offline": 2,
                            "is_divided": true
                        }
                    }
                ],
                "train_model": "711",
                "is_open_for_all": true,
                "is_eid_trip": 0,
                "boarding_points": [
                    {
                        "trip_point_id": 106853527,
                        "location_id": 2828,
                        "location_name": "Akhaura Station",
                        "location_time": "08:53 AM"
                    }
                ],
                "is_international": 0,
                "is_from_city_international": false
            },
            {
                "trip_number": "MOHANAGAR EXPRESS (721)",
                "departure_date_time": "12 Nov, 04:08 pm",
                "departure_full_date": "2024-11-12",
                "departure_date_time_jd": "Tue, 12 Nov 2024, 04:08 PM",
                "arrival_date_time": "12 Nov, 04:26 pm",
                "travel_time": "00h 18m",
                "origin_city_name": "akhaura",
                "destination_city_name": "brahmanbaria",
                "seat_types": [
                    {
                        "key": 3,
                        "type": "SNIGDHA",
                        "trip_id": 8363163,
                        "trip_route_id": 51040589,
                        "route_id": 22500,
                        "fare": "100.00",
                        "vat_percent": 15,
                        "vat_amount": 15,
                        "seat_counts": {
                            "online": 0,
                            "offline": 0,
                            "is_divided": true
                        }
                    },
                    {
                        "key": 2,
                        "type": "AC_S",
                        "trip_id": 8363202,
                        "trip_route_id": 51041641,
                        "route_id": 22500,
                        "fare": "110.00",
                        "vat_percent": 15,
                        "vat_amount": 17,
                        "seat_counts": {
                            "online": 0,
                            "offline": 0,
                            "is_divided": true
                        }
                    },
                    {
                        "key": 7,
                        "type": "S_CHAIR",
                        "trip_id": 8363286,
                        "trip_route_id": 51043720,
                        "route_id": 22500,
                        "fare": "50.00",
                        "vat_percent": 0,
                        "vat_amount": 0,
                        "seat_counts": {
                            "online": 3,
                            "offline": 2,
                            "is_divided": true
                        }
                    }
                ],
                "train_model": "721",
                "is_open_for_all": true,
                "is_eid_trip": 0,
                "boarding_points": [
                    {
                        "trip_point_id": 106853640,
                        "location_id": 2828,
                        "location_name": "Akhaura Station",
                        "location_time": "04:08 PM"
                    }
                ],
                "is_international": 0,
                "is_from_city_international": false
            }
        ],
        "selected_seat_class": "S_CHAIR"
    },
    "extra": {
        "hash": "46956DC04F11E6DCE43E06B3F32F866C"
    }
}