{
    "data": {
        "trains": [
            {
                "trip_number": "UPAKUL EXPRESS (711)",
                "departure_date_time": "12 Nov, 08:53 am",
                "departure_full_date": "2024-11-12",
                "departure_date_time_jd": "Tue, 12 Nov 2024, 08:53 AM",
                "arrival_date_time": "12 Nov, 09:29 am",
                "travel_time": "00h 36m",
                "origin_city_name": "akhaura",
                "destination_city_name": "ashuganj",
                "seat_types": [
                    {
                        "key": 7,
                        "type": "S_CHAIR",
                        "trip_id": 8363196,
                        "trip_route_id": 51041359,
                        "route_id": 22251,
                        "fare": "50.00",
                        "vat_percent": 0,
                        "vat_amount": 0,
                        "seat_counts": {
                            "online": 3,
                            "offline": 2,
                            "is_divided": true
                        }
                    }
                ],
                "train_model": "711",
                "is_open_for_all": true,
                "is_eid_trip": 0,
                "boarding_points": [
                    {
                        "trip_point_id": 106854183,
                        "location_id": 2828,
                        "location_name": "Akhaura Station",
                        "location_time": "08:53 AM"
                    }
                ],
                "is_international": 0,
                "is_from_city_international": false
            }
        ],
        "selected_seat_class": "S_CHAIR"
    },
    "extra": {
        "hash": "CC402A2A6DD1879839394FD2C1EA7348"
    }
}