{
    "data": {
        "trains": [
            {
                "trip_number": "EKOTA EXPRESS (706)",
                "departure_date_time": "12 Nov, 01:47 am",
                "departure_full_date": "2024-11-12",
                "departure_date_time_jd": "Tue, 12 Nov 2024, 01:47 AM",
                "arrival_date_time": "12 Nov, 07:50 am",
                "travel_time": "06h 03m",
                "origin_city_name": "akkelpur",
                "destination_city_name": "dhaka",
                "seat_types": [
                    {
                        "key": 3,
                        "type": "SNIGDHA",
                        "trip_id": 8362776,
                        "trip_route_id": 51024995,
                        "route_id": 19438,
                        "fare": "745.00",
                        "vat_percent": 15,
                        "vat_amount": 112,
                        "seat_counts": {
                            "online": 0,
                            "offline": 0,
                            "is_divided": true
                        }
                    },
                    {
                        "key": 7,
                        "type": "S_CHAIR",
                        "trip_id": 8362777,
                        "trip_route_id": 51025058,
                        "route_id": 19438,
                        "fare": "450.00",
                        "vat_percent": 0,
                        "vat_amount": 0,
                        "seat_counts": {
                            "online": 1,
                            "offline": 0,
                            "is_divided": true
                        }
                    },
                    {
                        "key": 1,
                        "type": "AC_B",
                        "trip_id": 8362794,
                        "trip_route_id": 51026146,
                        "route_id": 19438,
                        "fare": "1340.00",
                        "vat_percent": 15,
                        "vat_amount": 201,
                        "seat_counts": {
                            "online": 0,
                            "offline": 0,
                            "is_divided": true
                        }
                    }
                ],
                "train_model": "706",
                "is_open_for_all": true,
                "is_eid_trip": 0,
                "boarding_points": [
                    {
                        "trip_point_id": 106845221,
                        "location_id": 2758,
                        "location_name": "Akkelpur Station",
                        "location_time": "01:47 AM"
                    }
                ],
                "is_international": 0,
                "is_from_city_international": false
            },
            {
                "trip_number": "DRUTOJAN EXPRESS (758)",
                "departure_date_time": "12 Nov, 12:12 pm",
                "departure_full_date": "2024-11-12",
                "departure_date_time_jd": "Tue, 12 Nov 2024, 12:12 PM",
                "arrival_date_time": "12 Nov, 06:55 pm",
                "travel_time": "06h 43m",
                "origin_city_name": "akkelpur",
                "destination_city_name": "dhaka",
                "seat_types": [
                    {
                        "key": 3,
                        "type": "SNIGDHA",
                        "trip_id": 8363123,
                        "trip_route_id": 51037917,
                        "route_id": 19438,
                        "fare": "745.00",
                        "vat_percent": 15,
                        "vat_amount": 112,
                        "seat_counts": {
                            "online": 0,
                            "offline": 0,
                            "is_divided": true
                        }
                    },
                    {
                        "key": 7,
                        "type": "S_CHAIR",
                        "trip_id": 8363133,
                        "trip_route_id": 51039022,
                        "route_id": 19438,
                        "fare": "450.00",
                        "vat_percent": 0,
                        "vat_amount": 0,
                        "seat_counts": {
                            "online": 5,
                            "offline": 5,
                            "is_divided": true
                        }
                    },
                    {
                        "key": 2,
                        "type": "AC_S",
                        "trip_id": 8363134,
                        "trip_route_id": 51039093,
                        "route_id": 19438,
                        "fare": "895.00",
                        "vat_percent": 15,
                        "vat_amount": 135,
                        "seat_counts": {
                            "online": 0,
                            "offline": 0,
                            "is_divided": true
                        }
                    }
                ],
                "train_model": "758",
                "is_open_for_all": true,
                "is_eid_trip": 0,
                "boarding_points": [
                    {
                        "trip_point_id": 106852466,
                        "location_id": 2758,
                        "location_name": "Akkelpur Station",
                        "location_time": "12:12 PM"
                    }
                ],
                "is_international": 0,
                "is_from_city_international": false
            }
        ],
        "selected_seat_class": "S_CHAIR"
    },
    "extra": {
        "hash": "CC402A2A6DD1879839394FD2C1EA7348"
    }
}