{
    "data": {
        "trains": [
            {
                "trip_number": "RUPSHA EXPRESS (728)",
                "departure_date_time": "12 Nov, 11:40 am",
                "departure_full_date": "2024-11-12",
                "departure_date_time_jd": "Tue, 12 Nov 2024, 11:40 AM",
                "arrival_date_time": "12 Nov, 06:20 pm",
                "travel_time": "06h 40m",
                "origin_city_name": "akkelpur",
                "destination_city_name": "khulna",
                "seat_types": [
                    {
                        "key": 2,
                        "type": "AC_S",
                        "trip_id": 8363120,
                        "trip_route_id": 51037718,
                        "route_id": 20106,
                        "fare": "810.00",
                        "vat_percent": 15,
                        "vat_amount": 122,
                        "seat_counts": {
                            "online": 0,
                            "offline": 0,
                            "is_divided": true
                        }
                    },
                    {
                        "key": 3,
                        "type": "SNIGDHA",
                        "trip_id": 8363130,
                        "trip_route_id": 51038677,
                        "route_id": 20106,
                        "fare": "675.00",
                        "vat_percent": 15,
                        "vat_amount": 102,
                        "seat_counts": {
                            "online": 0,
                            "offline": 0,
                            "is_divided": true
                        }
                    },
                    {
                        "key": 7,
                        "type": "S_CHAIR",
                        "trip_id": 8363131,
                        "trip_route_id": 51038847,
                        "route_id": 20106,
                        "fare": "405.00",
                        "vat_percent": 0,
                        "vat_amount": 0,
                        "seat_counts": {
                            "online": 10,
                            "offline": 10,
                            "is_divided": true
                        }
                    }
                ],
                "train_model": "728",
                "is_open_for_all": true,
                "is_eid_trip": 0,
                "boarding_points": [
                    {
                        "trip_point_id": 106852348,
                        "location_id": 2758,
                        "location_name": "Akkelpur Station",
                        "location_time": "11:40 AM"
                    }
                ],
                "is_international": 0,
                "is_from_city_international": false
            },
            {
                "trip_number": "SIMANTA EXPRESS (748)",
                "departure_date_time": "12 Nov, 09:48 pm",
                "departure_full_date": "2024-11-12",
                "departure_date_time_jd": "Tue, 12 Nov 2024, 09:48 PM",
                "arrival_date_time": "13 Nov, 04:20 am",
                "travel_time": "06h 32m",
                "origin_city_name": "akkelpur",
                "destination_city_name": "khulna",
                "seat_types": [
                    {
                        "key": 7,
                        "type": "S_CHAIR",
                        "trip_id": 8363089,
                        "trip_route_id": 51035706,
                        "route_id": 20106,
                        "fare": "405.00",
                        "vat_percent": 0,
                        "vat_amount": 0,
                        "seat_counts": {
                            "online": 3,
                            "offline": 3,
                            "is_divided": true
                        }
                    },
                    {
                        "key": 1,
                        "type": "AC_B",
                        "trip_id": 8363118,
                        "trip_route_id": 51037448,
                        "route_id": 20106,
                        "fare": "1215.00",
                        "vat_percent": 15,
                        "vat_amount": 183,
                        "seat_counts": {
                            "online": 0,
                            "offline": 0,
                            "is_divided": true
                        }
                    },
                    {
                        "key": 3,
                        "type": "SNIGDHA",
                        "trip_id": 8363119,
                        "trip_route_id": 51037564,
                        "route_id": 20106,
                        "fare": "675.00",
                        "vat_percent": 15,
                        "vat_amount": 102,
                        "seat_counts": {
                            "online": 0,
                            "offline": 0,
                            "is_divided": true
                        }
                    }
                ],
                "train_model": "748",
                "is_open_for_all": true,
                "is_eid_trip": 0,
                "boarding_points": [
                    {
                        "trip_point_id": 106851431,
                        "location_id": 2758,
                        "location_name": "Akkelpur Station",
                        "location_time": "09:48 PM"
                    }
                ],
                "is_international": 0,
                "is_from_city_international": false
            }
        ],
        "selected_seat_class": "S_CHAIR"
    },
    "extra": {
        "hash": "46956DC04F11E6DCE43E06B3F32F866C"
    }
}