{
    "data": {
        "trains": [
            {
                "trip_number": "DRUTOJAN EXPRESS (757)",
                "departure_date_time": "12 Nov, 01:52 am",
                "departure_full_date": "2024-11-12",
                "departure_date_time_jd": "Tue, 12 Nov 2024, 01:52 AM",
                "arrival_date_time": "12 Nov, 03:25 am",
                "travel_time": "01h 33m",
                "origin_city_name": "akkelpur",
                "destination_city_name": "parbatipur",
                "seat_types": [
                    {
                        "key": 7,
                        "type": "S_CHAIR",
                        "trip_id": 8362814,
                        "trip_route_id": 51027726,
                        "route_id": 23394,
                        "fare": "95.00",
                        "vat_percent": 0,
                        "vat_amount": 0,
                        "seat_counts": {
                            "online": 0,
                            "offline": 0,
                            "is_divided": true
                        }
                    }
                ],
                "train_model": "757",
                "is_open_for_all": true,
                "is_eid_trip": 0,
                "boarding_points": [
                    {
                        "trip_point_id": 106846416,
                        "location_id": 2758,
                        "location_name": "Akkelpur Station",
                        "location_time": "01:52 AM"
                    }
                ],
                "is_international": 0,
                "is_from_city_international": false
            },
            {
                "trip_number": "TITUMIR EXPRESS (733)",
                "departure_date_time": "12 Nov, 09:12 am",
                "departure_full_date": "2024-11-12",
                "departure_date_time_jd": "Tue, 12 Nov 2024, 09:12 AM",
                "arrival_date_time": "12 Nov, 11:10 am",
                "travel_time": "01h 58m",
                "origin_city_name": "akkelpur",
                "destination_city_name": "parbatipur",
                "seat_types": [
                    {
                        "key": 7,
                        "type": "S_CHAIR",
                        "trip_id": 8363148,
                        "trip_route_id": 51039984,
                        "route_id": 20216,
                        "fare": "95.00",
                        "vat_percent": 0,
                        "vat_amount": 0,
                        "seat_counts": {
                            "online": 4,
                            "offline": 4,
                            "is_divided": true
                        }
                    }
                ],
                "train_model": "733",
                "is_open_for_all": true,
                "is_eid_trip": 0,
                "boarding_points": [
                    {
                        "trip_point_id": 106853323,
                        "location_id": 2758,
                        "location_name": "Akkelpur Station",
                        "location_time": "09:12 AM"
                    }
                ],
                "is_international": 0,
                "is_from_city_international": false
            },
            {
                "trip_number": "NILSAGAR EXPRESS (765)",
                "departure_date_time": "12 Nov, 12:57 pm",
                "departure_full_date": "2024-11-12",
                "departure_date_time_jd": "Tue, 12 Nov 2024, 12:57 PM",
                "arrival_date_time": "12 Nov, 02:15 pm",
                "travel_time": "01h 18m",
                "origin_city_name": "akkelpur",
                "destination_city_name": "parbatipur",
                "seat_types": [
                    {
                        "key": 2,
                        "type": "AC_S",
                        "trip_id": 8363098,
                        "trip_route_id": 51036334,
                        "route_id": 19792,
                        "fare": "185.00",
                        "vat_percent": 15,
                        "vat_amount": 28,
                        "seat_counts": {
                            "online": 0,
                            "offline": 0,
                            "is_divided": true
                        }
                    },
                    {
                        "key": 3,
                        "type": "SNIGDHA",
                        "trip_id": 8363099,
                        "trip_route_id": 51036401,
                        "route_id": 19792,
                        "fare": "155.00",
                        "vat_percent": 15,
                        "vat_amount": 24,
                        "seat_counts": {
                            "online": 0,
                            "offline": 0,
                            "is_divided": true
                        }
                    },
                    {
                        "key": 7,
                        "type": "S_CHAIR",
                        "trip_id": 8363100,
                        "trip_route_id": 51036474,
                        "route_id": 19792,
                        "fare": "95.00",
                        "vat_percent": 0,
                        "vat_amount": 0,
                        "seat_counts": {
                            "online": 3,
                            "offline": 2,
                            "is_divided": true
                        }
                    }
                ],
                "train_model": "765",
                "is_open_for_all": true,
                "is_eid_trip": 0,
                "boarding_points": [
                    {
                        "trip_point_id": 106851763,
                        "location_id": 2758,
                        "location_name": "Akkelpur Station",
                        "location_time": "12:57 PM"
                    }
                ],
                "is_international": 0,
                "is_from_city_international": false
            },
            {
                "trip_number": "RUPSHA EXPRESS (727)",
                "departure_date_time": "12 Nov, 01:47 pm",
                "departure_full_date": "2024-11-12",
                "departure_date_time_jd": "Tue, 12 Nov 2024, 01:47 PM",
                "arrival_date_time": "12 Nov, 03:05 pm",
                "travel_time": "01h 18m",
                "origin_city_name": "akkelpur",
                "destination_city_name": "parbatipur",
                "seat_types": [
                    {
                        "key": 2,
                        "type": "AC_S",
                        "trip_id": 8363111,
                        "trip_route_id": 51037289,
                        "route_id": 21320,
                        "fare": "185.00",
                        "vat_percent": 15,
                        "vat_amount": 28,
                        "seat_counts": {
                            "online": 0,
                            "offline": 0,
                            "is_divided": true
                        }
                    },
                    {
                        "key": 3,
                        "type": "SNIGDHA",
                        "trip_id": 8363128,
                        "trip_route_id": 51038348,
                        "route_id": 21320,
                        "fare": "155.00",
                        "vat_percent": 15,
                        "vat_amount": 24,
                        "seat_counts": {
                            "online": 0,
                            "offline": 0,
                            "is_divided": true
                        }
                    },
                    {
                        "key": 7,
                        "type": "S_CHAIR",
                        "trip_id": 8363129,
                        "trip_route_id": 51038501,
                        "route_id": 21320,
                        "fare": "95.00",
                        "vat_percent": 0,
                        "vat_amount": 0,
                        "seat_counts": {
                            "online": 3,
                            "offline": 2,
                            "is_divided": true
                        }
                    }
                ],
                "train_model": "727",
                "is_open_for_all": true,
                "is_eid_trip": 0,
                "boarding_points": [
                    {
                        "trip_point_id": 106852189,
                        "location_id": 2758,
                        "location_name": "Akkelpur Station",
                        "location_time": "01:47 PM"
                    }
                ],
                "is_international": 0,
                "is_from_city_international": false
            },
            {
                "trip_number": "EKOTA EXPRESS (705)",
                "departure_date_time": "12 Nov, 04:22 pm",
                "departure_full_date": "2024-11-12",
                "departure_date_time_jd": "Tue, 12 Nov 2024, 04:22 PM",
                "arrival_date_time": "12 Nov, 06:15 pm",
                "travel_time": "01h 53m",
                "origin_city_name": "akkelpur",
                "destination_city_name": "parbatipur",
                "seat_types": [
                    {
                        "key": 7,
                        "type": "S_CHAIR",
                        "trip_id": 8363094,
                        "trip_route_id": 51036061,
                        "route_id": 26419,
                        "fare": "95.00",
                        "vat_percent": 0,
                        "vat_amount": 0,
                        "seat_counts": {
                            "online": 5,
                            "offline": 5,
                            "is_divided": true
                        }
                    }
                ],
                "train_model": "705",
                "is_open_for_all": true,
                "is_eid_trip": 0,
                "boarding_points": [
                    {
                        "trip_point_id": 106851595,
                        "location_id": 2758,
                        "location_name": "Akkelpur Station",
                        "location_time": "04:22 PM"
                    }
                ],
                "is_international": 0,
                "is_from_city_international": false
            },
            {
                "trip_number": "BARENDRA EXPRESS (731)",
                "departure_date_time": "12 Nov, 05:52 pm",
                "departure_full_date": "2024-11-12",
                "departure_date_time_jd": "Tue, 12 Nov 2024, 05:52 PM",
                "arrival_date_time": "12 Nov, 07:25 pm",
                "travel_time": "01h 33m",
                "origin_city_name": "akkelpur",
                "destination_city_name": "parbatipur",
                "seat_types": [
                    {
                        "key": 7,
                        "type": "S_CHAIR",
                        "trip_id": 8363091,
                        "trip_route_id": 51035816,
                        "route_id": 20216,
                        "fare": "95.00",
                        "vat_percent": 0,
                        "vat_amount": 0,
                        "seat_counts": {
                            "online": 3,
                            "offline": 2,
                            "is_divided": true
                        }
                    }
                ],
                "train_model": "731",
                "is_open_for_all": true,
                "is_eid_trip": 0,
                "boarding_points": [
                    {
                        "trip_point_id": 106851490,
                        "location_id": 2758,
                        "location_name": "Akkelpur Station",
                        "location_time": "05:52 PM"
                    }
                ],
                "is_international": 0,
                "is_from_city_international": false
            }
        ],
        "selected_seat_class": "S_CHAIR"
    },
    "extra": {
        "hash": "46956DC04F11E6DCE43E06B3F32F866C"
    }
}