{
    "data": {
        "trains": [
            {
                "trip_number": "KAPOTAKSHA EXPRESS (715)",
                "departure_date_time": "12 Nov, 09:46 am",
                "departure_full_date": "2024-11-12",
                "departure_date_time_jd": "Tue, 12 Nov 2024, 09:46 AM",
                "arrival_date_time": "12 Nov, 12:20 pm",
                "travel_time": "02h 34m",
                "origin_city_name": "alamdanga",
                "destination_city_name": "rajshahi",
                "seat_types": [
                    {
                        "key": 7,
                        "type": "S_CHAIR",
                        "trip_id": 8363135,
                        "trip_route_id": 51039168,
                        "route_id": 21441,
                        "fare": "180.00",
                        "vat_percent": 0,
                        "vat_amount": 0,
                        "seat_counts": {
                            "online": 0,
                            "offline": 0,
                            "is_divided": true
                        }
                    }
                ],
                "train_model": "715",
                "is_open_for_all": true,
                "is_eid_trip": 0,
                "boarding_points": [
                    {
                        "trip_point_id": 106852970,
                        "location_id": 2788,
                        "location_name": "Alamdanga Station",
                        "location_time": "09:46 AM"
                    }
                ],
                "is_international": 0,
                "is_from_city_international": false
            },
            {
                "trip_number": "SAGARDARI EXPRESS (761)",
                "departure_date_time": "12 Nov, 07:06 pm",
                "departure_full_date": "2024-11-12",
                "departure_date_time_jd": "Tue, 12 Nov 2024, 07:06 PM",
                "arrival_date_time": "12 Nov, 10:00 pm",
                "travel_time": "02h 54m",
                "origin_city_name": "alamdanga",
                "destination_city_name": "rajshahi",
                "seat_types": [
                    {
                        "key": 7,
                        "type": "S_CHAIR",
                        "trip_id": 8363136,
                        "trip_route_id": 51039234,
                        "route_id": 21441,
                        "fare": "180.00",
                        "vat_percent": 0,
                        "vat_amount": 0,
                        "seat_counts": {
                            "online": 21,
                            "offline": 20,
                            "is_divided": true
                        }
                    }
                ],
                "train_model": "761",
                "is_open_for_all": true,
                "is_eid_trip": 0,
                "boarding_points": [
                    {
                        "trip_point_id": 106853000,
                        "location_id": 2788,
                        "location_name": "Alamdanga Station",
                        "location_time": "07:06 PM"
                    }
                ],
                "is_international": 0,
                "is_from_city_international": false
            }
        ],
        "selected_seat_class": "S_CHAIR"
    },
    "extra": {
        "hash": "46956DC04F11E6DCE43E06B3F32F866C"
    }
}