{
    "data": {
        "trains": [
            {
                "trip_number": "RUPSHA EXPRESS (727)",
                "departure_date_time": "12 Nov, 10:24 am",
                "departure_full_date": "2024-11-12",
                "departure_date_time_jd": "Tue, 12 Nov 2024, 10:24 AM",
                "arrival_date_time": "12 Nov, 05:05 pm",
                "travel_time": "06h 41m",
                "origin_city_name": "alamdanga",
                "destination_city_name": "chilahati",
                "seat_types": [
                    {
                        "key": 2,
                        "type": "AC_S",
                        "trip_id": 8363111,
                        "trip_route_id": 51037302,
                        "route_id": 21308,
                        "fare": "785.00",
                        "vat_percent": 15,
                        "vat_amount": 118,
                        "seat_counts": {
                            "online": 0,
                            "offline": 0,
                            "is_divided": true
                        }
                    },
                    {
                        "key": 3,
                        "type": "SNIGDHA",
                        "trip_id": 8363128,
                        "trip_route_id": 51038361,
                        "route_id": 21308,
                        "fare": "655.00",
                        "vat_percent": 15,
                        "vat_amount": 99,
                        "seat_counts": {
                            "online": 0,
                            "offline": 0,
                            "is_divided": true
                        }
                    },
                    {
                        "key": 7,
                        "type": "S_CHAIR",
                        "trip_id": 8363129,
                        "trip_route_id": 51038514,
                        "route_id": 21308,
                        "fare": "395.00",
                        "vat_percent": 0,
                        "vat_amount": 0,
                        "seat_counts": {
                            "online": 0,
                            "offline": 0,
                            "is_divided": true
                        }
                    }
                ],
                "train_model": "727",
                "is_open_for_all": true,
                "is_eid_trip": 0,
                "boarding_points": [
                    {
                        "trip_point_id": 106852178,
                        "location_id": 2788,
                        "location_name": "Alamdanga Station",
                        "location_time": "10:24 AM"
                    }
                ],
                "is_international": 0,
                "is_from_city_international": false
            }
        ],
        "selected_seat_class": "S_CHAIR"
    },
    "extra": {
        "hash": "46956DC04F11E6DCE43E06B3F32F866C"
    }
}