{
    "data": {
        "trains": [
            {
                "trip_number": "DOLONCHAPA EXPRESS (768)",
                "departure_date_time": "12 Nov, 06:00 am",
                "departure_full_date": "2024-11-12",
                "departure_date_time_jd": "Tue, 12 Nov 2024, 06:00 AM",
                "arrival_date_time": "12 Nov, 07:43 am",
                "travel_time": "01h 43m",
                "origin_city_name": "b sirajul islam",
                "destination_city_name": "setabganj",
                "seat_types": [
                    {
                        "key": 7,
                        "type": "S_CHAIR",
                        "trip_id": 8363125,
                        "trip_route_id": 51038078,
                        "route_id": 23608,
                        "fare": "90.00",
                        "vat_percent": 0,
                        "vat_amount": 0,
                        "seat_counts": {
                            "online": 5,
                            "offline": 5,
                            "is_divided": true
                        }
                    },
                    {
                        "key": 8,
                        "type": "SHOVAN",
                        "trip_id": 8363296,
                        "trip_route_id": 51044091,
                        "route_id": 23608,
                        "fare": "75.00",
                        "vat_percent": 0,
                        "vat_amount": 0,
                        "seat_counts": {
                            "online": 8,
                            "offline": 7,
                            "is_divided": true
                        }
                    }
                ],
                "train_model": "768",
                "is_open_for_all": true,
                "is_eid_trip": 0,
                "boarding_points": [
                    {
                        "trip_point_id": 106852547,
                        "location_id": 2730,
                        "location_name": "B Sirajul Islam Station",
                        "location_time": "06:00 AM"
                    }
                ],
                "is_international": 0,
                "is_from_city_international": false
            },
            {
                "trip_number": "DRUTOJAN EXPRESS (758)",
                "departure_date_time": "12 Nov, 07:20 am",
                "departure_full_date": "2024-11-12",
                "departure_date_time_jd": "Tue, 12 Nov 2024, 07:20 AM",
                "arrival_date_time": "12 Nov, 09:01 am",
                "travel_time": "01h 41m",
                "origin_city_name": "b sirajul islam",
                "destination_city_name": "setabganj",
                "seat_types": [
                    {
                        "key": 3,
                        "type": "SNIGDHA",
                        "trip_id": 8363123,
                        "trip_route_id": 51037943,
                        "route_id": 19397,
                        "fare": "145.00",
                        "vat_percent": 15,
                        "vat_amount": 22,
                        "seat_counts": {
                            "online": 3,
                            "offline": 2,
                            "is_divided": true
                        }
                    },
                    {
                        "key": 7,
                        "type": "S_CHAIR",
                        "trip_id": 8363133,
                        "trip_route_id": 51039055,
                        "route_id": 19397,
                        "fare": "90.00",
                        "vat_percent": 0,
                        "vat_amount": 0,
                        "seat_counts": {
                            "online": 10,
                            "offline": 10,
                            "is_divided": true
                        }
                    },
                    {
                        "key": 2,
                        "type": "AC_S",
                        "trip_id": 8363134,
                        "trip_route_id": 51039117,
                        "route_id": 19397,
                        "fare": "175.00",
                        "vat_percent": 15,
                        "vat_amount": 27,
                        "seat_counts": {
                            "online": 0,
                            "offline": 0,
                            "is_divided": true
                        }
                    }
                ],
                "train_model": "758",
                "is_open_for_all": true,
                "is_eid_trip": 0,
                "boarding_points": [
                    {
                        "trip_point_id": 106852474,
                        "location_id": 2730,
                        "location_name": "B Sirajul Islam Station",
                        "location_time": "07:20 AM"
                    }
                ],
                "is_international": 0,
                "is_from_city_international": false
            },
            {
                "trip_number": "BANGLABANDHA EXPRESS (804)",
                "departure_date_time": "12 Nov, 09:00 am",
                "departure_full_date": "2024-11-12",
                "departure_date_time_jd": "Tue, 12 Nov 2024, 09:00 AM",
                "arrival_date_time": "12 Nov, 10:33 am",
                "travel_time": "01h 33m",
                "origin_city_name": "b sirajul islam",
                "destination_city_name": "setabganj",
                "seat_types": [
                    {
                        "key": 2,
                        "type": "AC_S",
                        "trip_id": 8363106,
                        "trip_route_id": 51036960,
                        "route_id": 20941,
                        "fare": "175.00",
                        "vat_percent": 15,
                        "vat_amount": 27,
                        "seat_counts": {
                            "online": 0,
                            "offline": 0,
                            "is_divided": true
                        }
                    },
                    {
                        "key": 7,
                        "type": "S_CHAIR",
                        "trip_id": 8363107,
                        "trip_route_id": 51037051,
                        "route_id": 20941,
                        "fare": "90.00",
                        "vat_percent": 0,
                        "vat_amount": 0,
                        "seat_counts": {
                            "online": 10,
                            "offline": 10,
                            "is_divided": true
                        }
                    }
                ],
                "train_model": "804",
                "is_open_for_all": true,
                "is_eid_trip": 0,
                "boarding_points": [
                    {
                        "trip_point_id": 106852044,
                        "location_id": 2730,
                        "location_name": "B Sirajul Islam Station",
                        "location_time": "09:00 AM"
                    }
                ],
                "is_international": 0,
                "is_from_city_international": false
            },
            {
                "trip_number": "KANCHON INTERCITY COMMUTER (42)",
                "departure_date_time": "12 Nov, 03:30 pm",
                "departure_full_date": "2024-11-12",
                "departure_date_time_jd": "Tue, 12 Nov 2024, 03:30 PM",
                "arrival_date_time": "12 Nov, 05:19 pm",
                "travel_time": "01h 49m",
                "origin_city_name": "b sirajul islam",
                "destination_city_name": "setabganj",
                "seat_types": [
                    {
                        "key": 8,
                        "type": "SHOVAN",
                        "trip_id": 8363371,
                        "trip_route_id": 51045022,
                        "route_id": 26746,
                        "fare": "75.00",
                        "vat_percent": 0,
                        "vat_amount": 0,
                        "seat_counts": {
                            "online": 10,
                            "offline": 10,
                            "is_divided": true
                        }
                    }
                ],
                "train_model": "42",
                "is_open_for_all": true,
                "is_eid_trip": 0,
                "boarding_points": [
                    {
                        "trip_point_id": 106856757,
                        "location_id": 2730,
                        "location_name": "B Sirajul Islam Station",
                        "location_time": "03:30 PM"
                    }
                ],
                "is_international": 0,
                "is_from_city_international": false
            },
            {
                "trip_number": "EKOTA EXPRESS (706)",
                "departure_date_time": "12 Nov, 09:10 pm",
                "departure_full_date": "2024-11-12",
                "departure_date_time_jd": "Tue, 12 Nov 2024, 09:10 PM",
                "arrival_date_time": "12 Nov, 10:32 pm",
                "travel_time": "01h 22m",
                "origin_city_name": "b sirajul islam",
                "destination_city_name": "setabganj",
                "seat_types": [
                    {
                        "key": 3,
                        "type": "SNIGDHA",
                        "trip_id": 8363096,
                        "trip_route_id": 51036213,
                        "route_id": 19397,
                        "fare": "145.00",
                        "vat_percent": 15,
                        "vat_amount": 22,
                        "seat_counts": {
                            "online": 3,
                            "offline": 2,
                            "is_divided": true
                        }
                    },
                    {
                        "key": 7,
                        "type": "S_CHAIR",
                        "trip_id": 8363097,
                        "trip_route_id": 51036279,
                        "route_id": 19397,
                        "fare": "90.00",
                        "vat_percent": 0,
                        "vat_amount": 0,
                        "seat_counts": {
                            "online": 5,
                            "offline": 5,
                            "is_divided": true
                        }
                    },
                    {
                        "key": 1,
                        "type": "AC_B",
                        "trip_id": 8363110,
                        "trip_route_id": 51037170,
                        "route_id": 19397,
                        "fare": "260.00",
                        "vat_percent": 15,
                        "vat_amount": 39,
                        "seat_counts": {
                            "online": 0,
                            "offline": 0,
                            "is_divided": true
                        }
                    }
                ],
                "train_model": "706",
                "is_open_for_all": true,
                "is_eid_trip": 0,
                "boarding_points": [
                    {
                        "trip_point_id": 106851691,
                        "location_id": 2730,
                        "location_name": "B Sirajul Islam Station",
                        "location_time": "09:10 PM"
                    }
                ],
                "is_international": 0,
                "is_from_city_international": false
            }
        ],
        "selected_seat_class": "S_CHAIR"
    },
    "extra": {
        "hash": "46956DC04F11E6DCE43E06B3F32F866C"
    }
}