{
    "data": {
        "trains": [
            {
                "trip_number": "DRUTOJAN EXPRESS (758)",
                "departure_date_time": "12 Nov, 07:20 am",
                "departure_full_date": "2024-11-12",
                "departure_date_time_jd": "Tue, 12 Nov 2024, 07:20 AM",
                "arrival_date_time": "12 Nov, 02:26 pm",
                "travel_time": "07h 06m",
                "origin_city_name": "b sirajul islam",
                "destination_city_name": "ishwardi bypass",
                "seat_types": [
                    {
                        "key": 7,
                        "type": "S_CHAIR",
                        "trip_id": 8363133,
                        "trip_route_id": 51039064,
                        "route_id": 23374,
                        "fare": "360.00",
                        "vat_percent": 0,
                        "vat_amount": 0,
                        "seat_counts": {
                            "online": 2,
                            "offline": 1,
                            "is_divided": true
                        }
                    }
                ],
                "train_model": "758",
                "is_open_for_all": true,
                "is_eid_trip": 0,
                "boarding_points": [
                    {
                        "trip_point_id": 106852893,
                        "location_id": 2730,
                        "location_name": "B Sirajul Islam Station",
                        "location_time": "07:20 AM"
                    }
                ],
                "is_international": 0,
                "is_from_city_international": false
            }
        ],
        "selected_seat_class": "S_CHAIR"
    },
    "extra": {
        "hash": "46956DC04F11E6DCE43E06B3F32F866C"
    }
}