{
    "data": {
        "trains": [
            {
                "trip_number": "HAWR EXPRESS (778)",
                "departure_date_time": "12 Nov, 08:16 am",
                "departure_full_date": "2024-11-12",
                "departure_date_time_jd": "Tue, 12 Nov 2024, 08:16 AM",
                "arrival_date_time": "12 Nov, 01:00 pm",
                "travel_time": "04h 44m",
                "origin_city_name": "barhatta",
                "destination_city_name": "biman_bandar",
                "seat_types": [
                    {
                        "key": 8,
                        "type": "SHOVAN",
                        "trip_id": 8363279,
                        "trip_route_id": 51043424,
                        "route_id": 23183,
                        "fare": "205.00",
                        "vat_percent": 0,
                        "vat_amount": 0,
                        "seat_counts": {
                            "online": 2,
                            "offline": 2,
                            "is_divided": true
                        }
                    }
                ],
                "train_model": "778",
                "is_open_for_all": true,
                "is_eid_trip": 0,
                "boarding_points": [
                    {
                        "trip_point_id": 106855611,
                        "location_id": 2870,
                        "location_name": "Barhatta Station",
                        "location_time": "08:16 AM"
                    }
                ],
                "is_international": 0,
                "is_from_city_international": false
            }
        ],
        "selected_seat_class": "S_CHAIR"
    },
    "extra": {
        "hash": "46956DC04F11E6DCE43E06B3F32F866C"
    }
}