{
    "data": {
        "trains": [
            {
                "trip_number": "EKOTA EXPRESS (705)",
                "departure_date_time": "12 Nov, 12:34 pm",
                "departure_full_date": "2024-11-12",
                "departure_date_time_jd": "Tue, 12 Nov 2024, 12:34 PM",
                "arrival_date_time": "12 Nov, 07:00 pm",
                "travel_time": "06h 26m",
                "origin_city_name": "bbsetu_e",
                "destination_city_name": "dinajpur",
                "seat_types": [
                    {
                        "key": 3,
                        "type": "SNIGDHA",
                        "trip_id": 8363093,
                        "trip_route_id": 51035974,
                        "route_id": 19343,
                        "fare": "730.00",
                        "vat_percent": 15,
                        "vat_amount": 110,
                        "seat_counts": {
                            "online": 0,
                            "offline": 0,
                            "is_divided": true
                        }
                    },
                    {
                        "key": 2,
                        "type": "AC_S",
                        "trip_id": 8363095,
                        "trip_route_id": 51036159,
                        "route_id": 19343,
                        "fare": "875.00",
                        "vat_percent": 15,
                        "vat_amount": 132,
                        "seat_counts": {
                            "online": 0,
                            "offline": 0,
                            "is_divided": true
                        }
                    }
                ],
                "train_model": "705",
                "is_open_for_all": true,
                "is_eid_trip": 0,
                "boarding_points": [
                    {
                        "trip_point_id": 106851554,
                        "location_id": 2704,
                        "location_name": "BBSetu_E Station",
                        "location_time": "12:34 PM"
                    }
                ],
                "is_international": 0,
                "is_from_city_international": false
            },
            {
                "trip_number": "EKOTA EXPRESS (705)",
                "departure_date_time": "12 Nov, 12:38 pm",
                "departure_full_date": "2024-11-12",
                "departure_date_time_jd": "Tue, 12 Nov 2024, 12:38 PM",
                "arrival_date_time": "12 Nov, 07:00 pm",
                "travel_time": "06h 22m",
                "origin_city_name": "bbsetu_e",
                "destination_city_name": "dinajpur",
                "seat_types": [
                    {
                        "key": 7,
                        "type": "S_CHAIR",
                        "trip_id": 8363094,
                        "trip_route_id": 51036072,
                        "route_id": 19343,
                        "fare": "440.00",
                        "vat_percent": 0,
                        "vat_amount": 0,
                        "seat_counts": {
                            "online": 3,
                            "offline": 3,
                            "is_divided": true
                        }
                    }
                ],
                "train_model": "705",
                "is_open_for_all": true,
                "is_eid_trip": 0,
                "boarding_points": [
                    {
                        "trip_point_id": 106851600,
                        "location_id": 2704,
                        "location_name": "BBSetu_E Station",
                        "location_time": "12:34 PM"
                    }
                ],
                "is_international": 0,
                "is_from_city_international": false
            },
            {
                "trip_number": "DRUTOJAN EXPRESS (757)",
                "departure_date_time": "12 Nov, 10:35 pm",
                "departure_full_date": "2024-11-12",
                "departure_date_time_jd": "Tue, 12 Nov 2024, 10:35 PM",
                "arrival_date_time": "13 Nov, 04:20 am",
                "travel_time": "05h 45m",
                "origin_city_name": "bbsetu_e",
                "destination_city_name": "dinajpur",
                "seat_types": [
                    {
                        "key": 3,
                        "type": "SNIGDHA",
                        "trip_id": 8363122,
                        "trip_route_id": 51037880,
                        "route_id": 19343,
                        "fare": "730.00",
                        "vat_percent": 15,
                        "vat_amount": 110,
                        "seat_counts": {
                            "online": 0,
                            "offline": 0,
                            "is_divided": true
                        }
                    },
                    {
                        "key": 7,
                        "type": "S_CHAIR",
                        "trip_id": 8363132,
                        "trip_route_id": 51038967,
                        "route_id": 19343,
                        "fare": "440.00",
                        "vat_percent": 0,
                        "vat_amount": 0,
                        "seat_counts": {
                            "online": 0,
                            "offline": 0,
                            "is_divided": true
                        }
                    }
                ],
                "train_model": "757",
                "is_open_for_all": true,
                "is_eid_trip": 0,
                "boarding_points": [
                    {
                        "trip_point_id": 106852430,
                        "location_id": 2704,
                        "location_name": "BBSetu_E Station",
                        "location_time": "10:35 PM"
                    }
                ],
                "is_international": 0,
                "is_from_city_international": false
            }
        ],
        "selected_seat_class": "S_CHAIR"
    },
    "extra": {
        "hash": "46956DC04F11E6DCE43E06B3F32F866C"
    }
}