{
    "data": {
        "trains": [
            {
                "trip_number": "NILSAGAR EXPRESS (765)",
                "departure_date_time": "12 Nov, 09:09 am",
                "departure_full_date": "2024-11-12",
                "departure_date_time_jd": "Tue, 12 Nov 2024, 09:09 AM",
                "arrival_date_time": "12 Nov, 02:42 pm",
                "travel_time": "05h 33m",
                "origin_city_name": "bbsetu_e",
                "destination_city_name": "saidpur",
                "seat_types": [
                    {
                        "key": 3,
                        "type": "SNIGDHA",
                        "trip_id": 8363099,
                        "trip_route_id": 51036414,
                        "route_id": 26535,
                        "fare": "560.00",
                        "vat_percent": 15,
                        "vat_amount": 84,
                        "seat_counts": {
                            "online": 3,
                            "offline": 2,
                            "is_divided": true
                        }
                    },
                    {
                        "key": 7,
                        "type": "S_CHAIR",
                        "trip_id": 8363100,
                        "trip_route_id": 51036489,
                        "route_id": 26535,
                        "fare": "420.00",
                        "vat_percent": 0,
                        "vat_amount": 0,
                        "seat_counts": {
                            "online": 5,
                            "offline": 5,
                            "is_divided": true
                        }
                    }
                ],
                "train_model": "765",
                "is_open_for_all": true,
                "is_eid_trip": 0,
                "boarding_points": [
                    {
                        "trip_point_id": 106851799,
                        "location_id": 2704,
                        "location_name": "BBSetu_E Station",
                        "location_time": "09:09 AM"
                    }
                ],
                "is_international": 0,
                "is_from_city_international": false
            }
        ],
        "selected_seat_class": "S_CHAIR"
    },
    "extra": {
        "hash": "46956DC04F11E6DCE43E06B3F32F866C"
    }
}