{
    "data": {
        "trains": [
            {
                "trip_number": "TURNA (741)",
                "departure_date_time": "12 Nov, 03:33 am",
                "departure_full_date": "2024-11-12",
                "departure_date_time_jd": "Tue, 12 Nov 2024, 03:33 AM",
                "arrival_date_time": "12 Nov, 05:15 am",
                "travel_time": "01h 42m",
                "origin_city_name": "bhairab_bazar",
                "destination_city_name": "dhaka",
                "seat_types": [
                    {
                        "key": 3,
                        "type": "SNIGDHA",
                        "trip_id": 8362854,
                        "trip_route_id": 51029523,
                        "route_id": 22826,
                        "fare": "170.00",
                        "vat_percent": 15,
                        "vat_amount": 26,
                        "seat_counts": {
                            "online": 0,
                            "offline": 0,
                            "is_divided": true
                        }
                    },
                    {
                        "key": 1,
                        "type": "AC_B",
                        "trip_id": 8362903,
                        "trip_route_id": 51030901,
                        "route_id": 22826,
                        "fare": "305.00",
                        "vat_percent": 15,
                        "vat_amount": 46,
                        "seat_counts": {
                            "online": 0,
                            "offline": 0,
                            "is_divided": true
                        }
                    },
                    {
                        "key": 4,
                        "type": "F_BERTH",
                        "trip_id": 8362904,
                        "trip_route_id": 51030914,
                        "route_id": 22826,
                        "fare": "205.00",
                        "vat_percent": 15,
                        "vat_amount": 31,
                        "seat_counts": {
                            "online": 0,
                            "offline": 0,
                            "is_divided": true
                        }
                    },
                    {
                        "key": 7,
                        "type": "S_CHAIR",
                        "trip_id": 8362905,
                        "trip_route_id": 51030927,
                        "route_id": 22826,
                        "fare": "105.00",
                        "vat_percent": 0,
                        "vat_amount": 0,
                        "seat_counts": {
                            "online": 0,
                            "offline": 0,
                            "is_divided": true
                        }
                    }
                ],
                "train_model": "741",
                "is_open_for_all": true,
                "is_eid_trip": 0,
                "boarding_points": [
                    {
                        "trip_point_id": 106847386,
                        "location_id": 2829,
                        "location_name": "Bhairab_Bazar Station",
                        "location_time": "03:33 AM"
                    }
                ],
                "is_international": 0,
                "is_from_city_international": false
            },
            {
                "trip_number": "EGAROSINDHUR PROVATI (738)",
                "departure_date_time": "12 Nov, 08:20 am",
                "departure_full_date": "2024-11-12",
                "departure_date_time_jd": "Tue, 12 Nov 2024, 08:20 AM",
                "arrival_date_time": "12 Nov, 10:30 am",
                "travel_time": "02h 10m",
                "origin_city_name": "bhairab_bazar",
                "destination_city_name": "dhaka",
                "seat_types": [
                    {
                        "key": 5,
                        "type": "F_SEAT",
                        "trip_id": 8363174,
                        "trip_route_id": 51040830,
                        "route_id": 22756,
                        "fare": "135.00",
                        "vat_percent": 15,
                        "vat_amount": 21,
                        "seat_counts": {
                            "online": 0,
                            "offline": 0,
                            "is_divided": true
                        }
                    },
                    {
                        "key": 6,
                        "type": "F_CHAIR",
                        "trip_id": 8363219,
                        "trip_route_id": 51042008,
                        "route_id": 22756,
                        "fare": "135.00",
                        "vat_percent": 15,
                        "vat_amount": 21,
                        "seat_counts": {
                            "online": 0,
                            "offline": 0,
                            "is_divided": true
                        }
                    },
                    {
                        "key": 7,
                        "type": "S_CHAIR",
                        "trip_id": 8363220,
                        "trip_route_id": 51042032,
                        "route_id": 22756,
                        "fare": "105.00",
                        "vat_percent": 0,
                        "vat_amount": 0,
                        "seat_counts": {
                            "online": 0,
                            "offline": 0,
                            "is_divided": true
                        }
                    },
                    {
                        "key": 8,
                        "type": "SHOVAN",
                        "trip_id": 8363221,
                        "trip_route_id": 51042056,
                        "route_id": 22756,
                        "fare": "85.00",
                        "vat_percent": 0,
                        "vat_amount": 0,
                        "seat_counts": {
                            "online": 0,
                            "offline": 0,
                            "is_divided": true
                        }
                    }
                ],
                "train_model": "738",
                "is_open_for_all": true,
                "is_eid_trip": 0,
                "boarding_points": [
                    {
                        "trip_point_id": 106853825,
                        "location_id": 2829,
                        "location_name": "Bhairab_Bazar Station",
                        "location_time": "08:20 AM"
                    }
                ],
                "is_international": 0,
                "is_from_city_international": false
            },
            {
                "trip_number": "CHATTALA EXPRESS (801)",
                "departure_date_time": "12 Nov, 10:21 am",
                "departure_full_date": "2024-11-12",
                "departure_date_time_jd": "Tue, 12 Nov 2024, 10:21 AM",
                "arrival_date_time": "12 Nov, 12:10 pm",
                "travel_time": "01h 49m",
                "origin_city_name": "bhairab_bazar",
                "destination_city_name": "dhaka",
                "seat_types": [
                    {
                        "key": 7,
                        "type": "S_CHAIR",
                        "trip_id": 8363277,
                        "trip_route_id": 51043328,
                        "route_id": 22907,
                        "fare": "105.00",
                        "vat_percent": 0,
                        "vat_amount": 0,
                        "seat_counts": {
                            "online": 0,
                            "offline": 0,
                            "is_divided": true
                        }
                    },
                    {
                        "key": 3,
                        "type": "SNIGDHA",
                        "trip_id": 8363368,
                        "trip_route_id": 51044956,
                        "route_id": 22907,
                        "fare": "170.00",
                        "vat_percent": 15,
                        "vat_amount": 26,
                        "seat_counts": {
                            "online": 0,
                            "offline": 0,
                            "is_divided": true
                        }
                    }
                ],
                "train_model": "801",
                "is_open_for_all": true,
                "is_eid_trip": 0,
                "boarding_points": [
                    {
                        "trip_point_id": 106855564,
                        "location_id": 2829,
                        "location_name": "Bhairab_Bazar Station",
                        "location_time": "10:21 AM"
                    }
                ],
                "is_international": 0,
                "is_from_city_international": false
            },
            {
                "trip_number": "KALNI EXPRESS (774)",
                "departure_date_time": "12 Nov, 11:10 am",
                "departure_full_date": "2024-11-12",
                "departure_date_time_jd": "Tue, 12 Nov 2024, 11:10 AM",
                "arrival_date_time": "12 Nov, 01:00 pm",
                "travel_time": "01h 50m",
                "origin_city_name": "bhairab_bazar",
                "destination_city_name": "dhaka",
                "seat_types": [
                    {
                        "key": 3,
                        "type": "SNIGDHA",
                        "trip_id": 8363193,
                        "trip_route_id": 51041257,
                        "route_id": 22936,
                        "fare": "170.00",
                        "vat_percent": 15,
                        "vat_amount": 26,
                        "seat_counts": {
                            "online": 0,
                            "offline": 0,
                            "is_divided": true
                        }
                    },
                    {
                        "key": 2,
                        "type": "AC_S",
                        "trip_id": 8363258,
                        "trip_route_id": 51042773,
                        "route_id": 22936,
                        "fare": "205.00",
                        "vat_percent": 15,
                        "vat_amount": 31,
                        "seat_counts": {
                            "online": 0,
                            "offline": 0,
                            "is_divided": true
                        }
                    },
                    {
                        "key": 7,
                        "type": "S_CHAIR",
                        "trip_id": 8363259,
                        "trip_route_id": 51042803,
                        "route_id": 22936,
                        "fare": "105.00",
                        "vat_percent": 0,
                        "vat_amount": 0,
                        "seat_counts": {
                            "online": 0,
                            "offline": 0,
                            "is_divided": true
                        }
                    }
                ],
                "train_model": "774",
                "is_open_for_all": true,
                "is_eid_trip": 0,
                "boarding_points": [
                    {
                        "trip_point_id": 106854131,
                        "location_id": 2829,
                        "location_name": "Bhairab_Bazar Station",
                        "location_time": "11:10 AM"
                    }
                ],
                "is_international": 0,
                "is_from_city_international": false
            },
            {
                "trip_number": "EGAROSINDHUR GODHULI (750)",
                "departure_date_time": "12 Nov, 02:55 pm",
                "departure_full_date": "2024-11-12",
                "departure_date_time_jd": "Tue, 12 Nov 2024, 02:55 PM",
                "arrival_date_time": "12 Nov, 04:45 pm",
                "travel_time": "01h 50m",
                "origin_city_name": "bhairab_bazar",
                "destination_city_name": "dhaka",
                "seat_types": [
                    {
                        "key": 5,
                        "type": "F_SEAT",
                        "trip_id": 8363191,
                        "trip_route_id": 51041209,
                        "route_id": 22756,
                        "fare": "135.00",
                        "vat_percent": 15,
                        "vat_amount": 21,
                        "seat_counts": {
                            "online": 0,
                            "offline": 0,
                            "is_divided": true
                        }
                    },
                    {
                        "key": 6,
                        "type": "F_CHAIR",
                        "trip_id": 8363248,
                        "trip_route_id": 51042607,
                        "route_id": 22756,
                        "fare": "135.00",
                        "vat_percent": 15,
                        "vat_amount": 21,
                        "seat_counts": {
                            "online": 0,
                            "offline": 0,
                            "is_divided": true
                        }
                    },
                    {
                        "key": 7,
                        "type": "S_CHAIR",
                        "trip_id": 8363249,
                        "trip_route_id": 51042630,
                        "route_id": 22756,
                        "fare": "105.00",
                        "vat_percent": 0,
                        "vat_amount": 0,
                        "seat_counts": {
                            "online": 0,
                            "offline": 0,
                            "is_divided": true
                        }
                    },
                    {
                        "key": 8,
                        "type": "SHOVAN",
                        "trip_id": 8363250,
                        "trip_route_id": 51042653,
                        "route_id": 22756,
                        "fare": "85.00",
                        "vat_percent": 0,
                        "vat_amount": 0,
                        "seat_counts": {
                            "online": 0,
                            "offline": 0,
                            "is_divided": true
                        }
                    }
                ],
                "train_model": "750",
                "is_open_for_all": true,
                "is_eid_trip": 0,
                "boarding_points": [
                    {
                        "trip_point_id": 106854093,
                        "location_id": 2829,
                        "location_name": "Bhairab_Bazar Station",
                        "location_time": "02:55 PM"
                    }
                ],
                "is_international": 0,
                "is_from_city_international": false
            },
            {
                "trip_number": "MOHANAGAR EXPRESS (721)",
                "departure_date_time": "12 Nov, 04:57 pm",
                "departure_full_date": "2024-11-12",
                "departure_date_time_jd": "Tue, 12 Nov 2024, 04:57 PM",
                "arrival_date_time": "12 Nov, 06:40 pm",
                "travel_time": "01h 43m",
                "origin_city_name": "bhairab_bazar",
                "destination_city_name": "dhaka",
                "seat_types": [
                    {
                        "key": 3,
                        "type": "SNIGDHA",
                        "trip_id": 8363163,
                        "trip_route_id": 51040591,
                        "route_id": 22508,
                        "fare": "170.00",
                        "vat_percent": 15,
                        "vat_amount": 26,
                        "seat_counts": {
                            "online": 0,
                            "offline": 0,
                            "is_divided": true
                        }
                    },
                    {
                        "key": 2,
                        "type": "AC_S",
                        "trip_id": 8363202,
                        "trip_route_id": 51041643,
                        "route_id": 22508,
                        "fare": "205.00",
                        "vat_percent": 15,
                        "vat_amount": 31,
                        "seat_counts": {
                            "online": 0,
                            "offline": 0,
                            "is_divided": true
                        }
                    },
                    {
                        "key": 7,
                        "type": "S_CHAIR",
                        "trip_id": 8363286,
                        "trip_route_id": 51043722,
                        "route_id": 22508,
                        "fare": "105.00",
                        "vat_percent": 0,
                        "vat_amount": 0,
                        "seat_counts": {
                            "online": 0,
                            "offline": 0,
                            "is_divided": true
                        }
                    }
                ],
                "train_model": "721",
                "is_open_for_all": true,
                "is_eid_trip": 0,
                "boarding_points": [
                    {
                        "trip_point_id": 106853641,
                        "location_id": 2829,
                        "location_name": "Bhairab_Bazar Station",
                        "location_time": "04:57 PM"
                    }
                ],
                "is_international": 0,
                "is_from_city_international": false
            },
            {
                "trip_number": "KISHORGANJ EXPRESS (782)",
                "departure_date_time": "12 Nov, 05:48 pm",
                "departure_full_date": "2024-11-12",
                "departure_date_time_jd": "Tue, 12 Nov 2024, 05:48 PM",
                "arrival_date_time": "12 Nov, 07:55 pm",
                "travel_time": "02h 07m",
                "origin_city_name": "bhairab_bazar",
                "destination_city_name": "dhaka",
                "seat_types": [
                    {
                        "key": 3,
                        "type": "SNIGDHA",
                        "trip_id": 8363244,
                        "trip_route_id": 51042524,
                        "route_id": 22756,
                        "fare": "170.00",
                        "vat_percent": 15,
                        "vat_amount": 26,
                        "seat_counts": {
                            "online": 0,
                            "offline": 0,
                            "is_divided": true
                        }
                    },
                    {
                        "key": 2,
                        "type": "AC_S",
                        "trip_id": 8363262,
                        "trip_route_id": 51042891,
                        "route_id": 22756,
                        "fare": "205.00",
                        "vat_percent": 15,
                        "vat_amount": 31,
                        "seat_counts": {
                            "online": 0,
                            "offline": 0,
                            "is_divided": true
                        }
                    },
                    {
                        "key": 7,
                        "type": "S_CHAIR",
                        "trip_id": 8363263,
                        "trip_route_id": 51042915,
                        "route_id": 22756,
                        "fare": "105.00",
                        "vat_percent": 0,
                        "vat_amount": 0,
                        "seat_counts": {
                            "online": 0,
                            "offline": 0,
                            "is_divided": true
                        }
                    }
                ],
                "train_model": "782",
                "is_open_for_all": true,
                "is_eid_trip": 0,
                "boarding_points": [
                    {
                        "trip_point_id": 106855025,
                        "location_id": 2829,
                        "location_name": "Bhairab_Bazar Station",
                        "location_time": "05:48 PM"
                    }
                ],
                "is_international": 0,
                "is_from_city_international": false
            },
            {
                "trip_number": "MAHANAGAR GODHULI (703)",
                "departure_date_time": "12 Nov, 07:07 pm",
                "departure_full_date": "2024-11-12",
                "departure_date_time_jd": "Tue, 12 Nov 2024, 07:07 PM",
                "arrival_date_time": "12 Nov, 08:55 pm",
                "travel_time": "01h 48m",
                "origin_city_name": "bhairab_bazar",
                "destination_city_name": "dhaka",
                "seat_types": [
                    {
                        "key": 3,
                        "type": "SNIGDHA",
                        "trip_id": 8363154,
                        "trip_route_id": 51040272,
                        "route_id": 22037,
                        "fare": "170.00",
                        "vat_percent": 15,
                        "vat_amount": 26,
                        "seat_counts": {
                            "online": 0,
                            "offline": 0,
                            "is_divided": true
                        }
                    },
                    {
                        "key": 2,
                        "type": "AC_S",
                        "trip_id": 8363178,
                        "trip_route_id": 51040909,
                        "route_id": 22037,
                        "fare": "205.00",
                        "vat_percent": 15,
                        "vat_amount": 31,
                        "seat_counts": {
                            "online": 0,
                            "offline": 0,
                            "is_divided": true
                        }
                    },
                    {
                        "key": 7,
                        "type": "S_CHAIR",
                        "trip_id": 8363180,
                        "trip_route_id": 51040951,
                        "route_id": 22037,
                        "fare": "105.00",
                        "vat_percent": 0,
                        "vat_amount": 0,
                        "seat_counts": {
                            "online": 0,
                            "offline": 0,
                            "is_divided": true
                        }
                    }
                ],
                "train_model": "703",
                "is_open_for_all": true,
                "is_eid_trip": 0,
                "boarding_points": [
                    {
                        "trip_point_id": 106853461,
                        "location_id": 2829,
                        "location_name": "Bhairab_Bazar Station",
                        "location_time": "07:07 PM"
                    }
                ],
                "is_international": 0,
                "is_from_city_international": false
            }
        ],
        "selected_seat_class": "S_CHAIR"
    },
    "extra": {
        "hash": "46956DC04F11E6DCE43E06B3F32F866C"
    }
}