{
    "data": {
        "trains": [
            {
                "trip_number": "MAHANAGAR PROVATI (704)",
                "departure_date_time": "12 Nov, 09:19 am",
                "departure_full_date": "2024-11-12",
                "departure_date_time_jd": "Tue, 12 Nov 2024, 09:19 AM",
                "arrival_date_time": "12 Nov, 12:00 pm",
                "travel_time": "02h 41m",
                "origin_city_name": "bhairab_bazar",
                "destination_city_name": "feni",
                "seat_types": [
                    {
                        "key": 3,
                        "type": "SNIGDHA",
                        "trip_id": 8363155,
                        "trip_route_id": 51040297,
                        "route_id": 22052,
                        "fare": "330.00",
                        "vat_percent": 15,
                        "vat_amount": 50,
                        "seat_counts": {
                            "online": 0,
                            "offline": 0,
                            "is_divided": true
                        }
                    },
                    {
                        "key": 2,
                        "type": "AC_S",
                        "trip_id": 8363181,
                        "trip_route_id": 51040976,
                        "route_id": 22052,
                        "fare": "395.00",
                        "vat_percent": 15,
                        "vat_amount": 60,
                        "seat_counts": {
                            "online": 0,
                            "offline": 0,
                            "is_divided": true
                        }
                    },
                    {
                        "key": 5,
                        "type": "F_SEAT",
                        "trip_id": 8363182,
                        "trip_route_id": 51041001,
                        "route_id": 22052,
                        "fare": "265.00",
                        "vat_percent": 15,
                        "vat_amount": 40,
                        "seat_counts": {
                            "online": 0,
                            "offline": 0,
                            "is_divided": true
                        }
                    },
                    {
                        "key": 7,
                        "type": "S_CHAIR",
                        "trip_id": 8363183,
                        "trip_route_id": 51041026,
                        "route_id": 22052,
                        "fare": "200.00",
                        "vat_percent": 0,
                        "vat_amount": 0,
                        "seat_counts": {
                            "online": 0,
                            "offline": 0,
                            "is_divided": true
                        }
                    }
                ],
                "train_model": "704",
                "is_open_for_all": true,
                "is_eid_trip": 0,
                "boarding_points": [
                    {
                        "trip_point_id": 106853478,
                        "location_id": 2829,
                        "location_name": "Bhairab_Bazar Station",
                        "location_time": "09:19 AM"
                    }
                ],
                "is_international": 0,
                "is_from_city_international": false
            },
            {
                "trip_number": "CHATTALA EXPRESS (802)",
                "departure_date_time": "12 Nov, 03:35 pm",
                "departure_full_date": "2024-11-12",
                "departure_date_time_jd": "Tue, 12 Nov 2024, 03:35 PM",
                "arrival_date_time": "12 Nov, 06:33 pm",
                "travel_time": "02h 58m",
                "origin_city_name": "bhairab_bazar",
                "destination_city_name": "feni",
                "seat_types": [
                    {
                        "key": 7,
                        "type": "S_CHAIR",
                        "trip_id": 8363280,
                        "trip_route_id": 51043463,
                        "route_id": 22966,
                        "fare": "200.00",
                        "vat_percent": 0,
                        "vat_amount": 0,
                        "seat_counts": {
                            "online": 2,
                            "offline": 2,
                            "is_divided": true
                        }
                    }
                ],
                "train_model": "802",
                "is_open_for_all": true,
                "is_eid_trip": 0,
                "boarding_points": [
                    {
                        "trip_point_id": 106855631,
                        "location_id": 2829,
                        "location_name": "Bhairab_Bazar Station",
                        "location_time": "03:35 PM"
                    }
                ],
                "is_international": 0,
                "is_from_city_international": false
            }
        ],
        "selected_seat_class": "S_CHAIR"
    },
    "extra": {
        "hash": "46956DC04F11E6DCE43E06B3F32F866C"
    }
}