{
    "data": {
        "trains": [
            {
                "trip_number": "CHATTALA EXPRESS (802)",
                "departure_date_time": "12 Nov, 03:35 pm",
                "departure_full_date": "2024-11-12",
                "departure_date_time_jd": "Tue, 12 Nov 2024, 03:35 PM",
                "arrival_date_time": "12 Nov, 05:45 pm",
                "travel_time": "02h 10m",
                "origin_city_name": "bhairab_bazar",
                "destination_city_name": "laksam",
                "seat_types": [
                    {
                        "key": 7,
                        "type": "S_CHAIR",
                        "trip_id": 8363280,
                        "trip_route_id": 51043465,
                        "route_id": 22965,
                        "fare": "155.00",
                        "vat_percent": 0,
                        "vat_amount": 0,
                        "seat_counts": {
                            "online": 2,
                            "offline": 2,
                            "is_divided": true
                        }
                    }
                ],
                "train_model": "802",
                "is_open_for_all": true,
                "is_eid_trip": 0,
                "boarding_points": [
                    {
                        "trip_point_id": 106855631,
                        "location_id": 2829,
                        "location_name": "Bhairab_Bazar Station",
                        "location_time": "03:35 PM"
                    }
                ],
                "is_international": 0,
                "is_from_city_international": false
            }
        ],
        "selected_seat_class": "S_CHAIR"
    },
    "extra": {
        "hash": "46956DC04F11E6DCE43E06B3F32F866C"
    }
}