{
    "data": {
        "trains": [
            {
                "trip_number": "SUNDARBAN EXPRESS (726)",
                "departure_date_time": "12 Nov, 09:29 am",
                "departure_full_date": "2024-11-12",
                "departure_date_time_jd": "Tue, 12 Nov 2024, 09:29 AM",
                "arrival_date_time": "12 Nov, 11:13 am",
                "travel_time": "01h 44m",
                "origin_city_name": "bhanga",
                "destination_city_name": "pangsha",
                "seat_types": [
                    {
                        "key": 7,
                        "type": "S_CHAIR",
                        "trip_id": 8363102,
                        "trip_route_id": 51036590,
                        "route_id": 26468,
                        "fare": "110.00",
                        "vat_percent": 0,
                        "vat_amount": 0,
                        "seat_counts": {
                            "online": 1,
                            "offline": 1,
                            "is_divided": true
                        }
                    },
                    {
                        "key": 3,
                        "type": "SNIGDHA",
                        "trip_id": 8363329,
                        "trip_route_id": 51044499,
                        "route_id": 26468,
                        "fare": "180.00",
                        "vat_percent": 15,
                        "vat_amount": 27,
                        "seat_counts": {
                            "online": 1,
                            "offline": 1,
                            "is_divided": true
                        }
                    }
                ],
                "train_model": "726",
                "is_open_for_all": true,
                "is_eid_trip": 0,
                "boarding_points": [
                    {
                        "trip_point_id": 106851878,
                        "location_id": 2752,
                        "location_name": "Bhanga Station",
                        "location_time": "09:29 AM"
                    }
                ],
                "is_international": 0,
                "is_from_city_international": false
            }
        ],
        "selected_seat_class": "S_CHAIR"
    },
    "extra": {
        "hash": "46956DC04F11E6DCE43E06B3F32F866C"
    }
}