{
    "data": {
        "trains": [
            {
                "trip_number": "PAHARIKA EXPRESS (720)",
                "departure_date_time": "12 Nov, 12:34 pm",
                "departure_full_date": "2024-11-12",
                "departure_date_time_jd": "Tue, 12 Nov 2024, 12:34 PM",
                "arrival_date_time": "12 Nov, 06:55 pm",
                "travel_time": "06h 21m",
                "origin_city_name": "bhanugach",
                "destination_city_name": "chattogram",
                "seat_types": [
                    {
                        "key": 7,
                        "type": "S_CHAIR",
                        "trip_id": 8363200,
                        "trip_route_id": 51041548,
                        "route_id": 22447,
                        "fare": "360.00",
                        "vat_percent": 0,
                        "vat_amount": 0,
                        "seat_counts": {
                            "online": 0,
                            "offline": 0,
                            "is_divided": true
                        }
                    }
                ],
                "train_model": "720",
                "is_open_for_all": true,
                "is_eid_trip": 0,
                "boarding_points": [
                    {
                        "trip_point_id": 106854306,
                        "location_id": 2837,
                        "location_name": "Bhanugach Station",
                        "location_time": "12:34 PM"
                    }
                ],
                "is_international": 0,
                "is_from_city_international": false
            }
        ],
        "selected_seat_class": "S_CHAIR"
    },
    "extra": {
        "hash": "46956DC04F11E6DCE43E06B3F32F866C"
    }
}