{
    "data": {
        "trains": [
            {
                "trip_number": "SAGARDARI EXPRESS (761)",
                "departure_date_time": "12 Nov, 07:50 pm",
                "departure_full_date": "2024-11-12",
                "departure_date_time_jd": "Tue, 12 Nov 2024, 07:50 PM",
                "arrival_date_time": "12 Nov, 08:58 pm",
                "travel_time": "01h 08m",
                "origin_city_name": "bheramara",
                "destination_city_name": "abdulpur",
                "seat_types": [
                    {
                        "key": 7,
                        "type": "S_CHAIR",
                        "trip_id": 8363136,
                        "trip_route_id": 51039225,
                        "route_id": 21450,
                        "fare": "100.00",
                        "vat_percent": 0,
                        "vat_amount": 0,
                        "seat_counts": {
                            "online": 0,
                            "offline": 0,
                            "is_divided": true
                        }
                    }
                ],
                "train_model": "761",
                "is_open_for_all": true,
                "is_eid_trip": 0,
                "boarding_points": [
                    {
                        "trip_point_id": 106852997,
                        "location_id": 2779,
                        "location_name": "Bheramara Station",
                        "location_time": "07:50 PM"
                    }
                ],
                "is_international": 0,
                "is_from_city_international": false
            }
        ],
        "selected_seat_class": "S_CHAIR"
    },
    "extra": {
        "hash": "46956DC04F11E6DCE43E06B3F32F866C"
    }
}