{
    "data": {
        "trains": [
            {
                "trip_number": "MADHUMATI EXPRESS (756)",
                "departure_date_time": "12 Nov, 08:27 am",
                "departure_full_date": "2024-11-12",
                "departure_date_time_jd": "Tue, 12 Nov 2024, 08:27 AM",
                "arrival_date_time": "12 Nov, 11:38 am",
                "travel_time": "03h 11m",
                "origin_city_name": "bheramara",
                "destination_city_name": "faridpur",
                "seat_types": [
                    {
                        "key": 7,
                        "type": "S_CHAIR",
                        "trip_id": 8363334,
                        "trip_route_id": 51044660,
                        "route_id": 25855,
                        "fare": "150.00",
                        "vat_percent": 0,
                        "vat_amount": 0,
                        "seat_counts": {
                            "online": 0,
                            "offline": 0,
                            "is_divided": true
                        }
                    }
                ],
                "train_model": "756",
                "is_open_for_all": true,
                "is_eid_trip": 0,
                "boarding_points": [
                    {
                        "trip_point_id": 106856370,
                        "location_id": 2779,
                        "location_name": "Bheramara Station",
                        "location_time": "08:27 AM"
                    }
                ],
                "is_international": 0,
                "is_from_city_international": false
            }
        ],
        "selected_seat_class": "S_CHAIR"
    },
    "extra": {
        "hash": "46956DC04F11E6DCE43E06B3F32F866C"
    }
}