{
    "data": {
        "trains": [
            {
                "trip_number": "CHITRA EXPRESS (764)",
                "departure_date_time": "12 Nov, 12:58 am",
                "departure_full_date": "2024-11-12",
                "departure_date_time_jd": "Tue, 12 Nov 2024, 12:58 AM",
                "arrival_date_time": "12 Nov, 01:54 am",
                "travel_time": "00h 56m",
                "origin_city_name": "bheramara",
                "destination_city_name": "chuadanga",
                "seat_types": [
                    {
                        "key": 3,
                        "type": "SNIGDHA",
                        "trip_id": 8362787,
                        "trip_route_id": 51025684,
                        "route_id": 20646,
                        "fare": "100.00",
                        "vat_percent": 15,
                        "vat_amount": 15,
                        "seat_counts": {
                            "online": 3,
                            "offline": 2,
                            "is_divided": true
                        }
                    },
                    {
                        "key": 1,
                        "type": "AC_B",
                        "trip_id": 8362808,
                        "trip_route_id": 51026894,
                        "route_id": 20646,
                        "fare": "180.00",
                        "vat_percent": 15,
                        "vat_amount": 27,
                        "seat_counts": {
                            "online": 0,
                            "offline": 0,
                            "is_divided": true
                        }
                    },
                    {
                        "key": 7,
                        "type": "S_CHAIR",
                        "trip_id": 8362809,
                        "trip_route_id": 51026961,
                        "route_id": 20646,
                        "fare": "60.00",
                        "vat_percent": 0,
                        "vat_amount": 0,
                        "seat_counts": {
                            "online": 3,
                            "offline": 2,
                            "is_divided": true
                        }
                    }
                ],
                "train_model": "764",
                "is_open_for_all": true,
                "is_eid_trip": 0,
                "boarding_points": [
                    {
                        "trip_point_id": 106845573,
                        "location_id": 2779,
                        "location_name": "Bheramara Station",
                        "location_time": "12:58 AM"
                    }
                ],
                "is_international": 0,
                "is_from_city_international": false
            },
            {
                "trip_number": "SAGARDARI EXPRESS (762)",
                "departure_date_time": "12 Nov, 07:48 am",
                "departure_full_date": "2024-11-12",
                "departure_date_time_jd": "Tue, 12 Nov 2024, 07:48 AM",
                "arrival_date_time": "12 Nov, 08:47 am",
                "travel_time": "00h 59m",
                "origin_city_name": "bheramara",
                "destination_city_name": "chuadanga",
                "seat_types": [
                    {
                        "key": 7,
                        "type": "S_CHAIR",
                        "trip_id": 8363138,
                        "trip_route_id": 51039355,
                        "route_id": 21488,
                        "fare": "60.00",
                        "vat_percent": 0,
                        "vat_amount": 0,
                        "seat_counts": {
                            "online": 0,
                            "offline": 0,
                            "is_divided": true
                        }
                    }
                ],
                "train_model": "762",
                "is_open_for_all": true,
                "is_eid_trip": 0,
                "boarding_points": [
                    {
                        "trip_point_id": 106853059,
                        "location_id": 2779,
                        "location_name": "Bheramara Station",
                        "location_time": "07:48 AM"
                    }
                ],
                "is_international": 0,
                "is_from_city_international": false
            },
            {
                "trip_number": "RUPSHA EXPRESS (728)",
                "departure_date_time": "12 Nov, 02:27 pm",
                "departure_full_date": "2024-11-12",
                "departure_date_time_jd": "Tue, 12 Nov 2024, 02:27 PM",
                "arrival_date_time": "12 Nov, 03:24 pm",
                "travel_time": "00h 57m",
                "origin_city_name": "bheramara",
                "destination_city_name": "chuadanga",
                "seat_types": [
                    {
                        "key": 2,
                        "type": "AC_S",
                        "trip_id": 8363120,
                        "trip_route_id": 51037713,
                        "route_id": 20121,
                        "fare": "120.00",
                        "vat_percent": 15,
                        "vat_amount": 18,
                        "seat_counts": {
                            "online": 0,
                            "offline": 0,
                            "is_divided": true
                        }
                    },
                    {
                        "key": 3,
                        "type": "SNIGDHA",
                        "trip_id": 8363130,
                        "trip_route_id": 51038672,
                        "route_id": 20121,
                        "fare": "100.00",
                        "vat_percent": 15,
                        "vat_amount": 15,
                        "seat_counts": {
                            "online": 0,
                            "offline": 0,
                            "is_divided": true
                        }
                    },
                    {
                        "key": 7,
                        "type": "S_CHAIR",
                        "trip_id": 8363131,
                        "trip_route_id": 51038842,
                        "route_id": 20121,
                        "fare": "60.00",
                        "vat_percent": 0,
                        "vat_amount": 0,
                        "seat_counts": {
                            "online": 0,
                            "offline": 0,
                            "is_divided": true
                        }
                    }
                ],
                "train_model": "728",
                "is_open_for_all": true,
                "is_eid_trip": 0,
                "boarding_points": [
                    {
                        "trip_point_id": 106852333,
                        "location_id": 2779,
                        "location_name": "Bheramara Station",
                        "location_time": "02:27 PM"
                    }
                ],
                "is_international": 0,
                "is_from_city_international": false
            },
            {
                "trip_number": "KAPOTAKSHA EXPRESS (716)",
                "departure_date_time": "12 Nov, 04:12 pm",
                "departure_full_date": "2024-11-12",
                "departure_date_time_jd": "Tue, 12 Nov 2024, 04:12 PM",
                "arrival_date_time": "12 Nov, 05:10 pm",
                "travel_time": "00h 58m",
                "origin_city_name": "bheramara",
                "destination_city_name": "chuadanga",
                "seat_types": [
                    {
                        "key": 7,
                        "type": "S_CHAIR",
                        "trip_id": 8363137,
                        "trip_route_id": 51039288,
                        "route_id": 21488,
                        "fare": "60.00",
                        "vat_percent": 0,
                        "vat_amount": 0,
                        "seat_counts": {
                            "online": 3,
                            "offline": 2,
                            "is_divided": true
                        }
                    }
                ],
                "train_model": "716",
                "is_open_for_all": true,
                "is_eid_trip": 0,
                "boarding_points": [
                    {
                        "trip_point_id": 106853029,
                        "location_id": 2779,
                        "location_name": "Bheramara Station",
                        "location_time": "04:12 PM"
                    }
                ],
                "is_international": 0,
                "is_from_city_international": false
            }
        ],
        "selected_seat_class": "S_CHAIR"
    },
    "extra": {
        "hash": "46956DC04F11E6DCE43E06B3F32F866C"
    }
}