{
    "data": {
        "trains": [
            {
                "trip_number": "TUNGIPARA EXPRESS (784)",
                "departure_date_time": "12 Nov, 05:04 pm",
                "departure_full_date": "2024-11-12",
                "departure_date_time_jd": "Tue, 12 Nov 2024, 05:04 PM",
                "arrival_date_time": "12 Nov, 07:43 pm",
                "travel_time": "02h 39m",
                "origin_city_name": "bheramara",
                "destination_city_name": "madhukhali",
                "seat_types": [
                    {
                        "key": 7,
                        "type": "S_CHAIR",
                        "trip_id": 8363150,
                        "trip_route_id": 51040129,
                        "route_id": 21959,
                        "fare": "125.00",
                        "vat_percent": 0,
                        "vat_amount": 0,
                        "seat_counts": {
                            "online": 0,
                            "offline": 0,
                            "is_divided": true
                        }
                    },
                    {
                        "key": 8,
                        "type": "SHOVAN",
                        "trip_id": 8363151,
                        "trip_route_id": 51040208,
                        "route_id": 21959,
                        "fare": "105.00",
                        "vat_percent": 0,
                        "vat_amount": 0,
                        "seat_counts": {
                            "online": 3,
                            "offline": 2,
                            "is_divided": true
                        }
                    }
                ],
                "train_model": "784",
                "is_open_for_all": true,
                "is_eid_trip": 0,
                "boarding_points": [
                    {
                        "trip_point_id": 106853407,
                        "location_id": 2779,
                        "location_name": "Bheramara Station",
                        "location_time": "05:04 PM"
                    }
                ],
                "is_international": 0,
                "is_from_city_international": false
            }
        ],
        "selected_seat_class": "S_CHAIR"
    },
    "extra": {
        "hash": "46956DC04F11E6DCE43E06B3F32F866C"
    }
}