{
    "data": {
        "trains": [
            {
                "trip_number": "JAMALPUR EXPRESS (799)",
                "departure_date_time": "12 Nov, 10:28 am",
                "departure_full_date": "2024-11-12",
                "departure_date_time_jd": "Tue, 12 Nov 2024, 10:28 AM",
                "arrival_date_time": "12 Nov, 02:58 pm",
                "travel_time": "04h 30m",
                "origin_city_name": "biman_bandar",
                "destination_city_name": "tarakandi",
                "seat_types": [
                    {
                        "key": 3,
                        "type": "SNIGDHA",
                        "trip_id": 8363253,
                        "trip_route_id": 51042681,
                        "route_id": 24119,
                        "fare": "420.00",
                        "vat_percent": 15,
                        "vat_amount": 63,
                        "seat_counts": {
                            "online": 2,
                            "offline": 1,
                            "is_divided": true
                        }
                    },
                    {
                        "key": 7,
                        "type": "S_CHAIR",
                        "trip_id": 8363266,
                        "trip_route_id": 51042970,
                        "route_id": 24119,
                        "fare": "250.00",
                        "vat_percent": 0,
                        "vat_amount": 0,
                        "seat_counts": {
                            "online": 7,
                            "offline": 6,
                            "is_divided": true
                        }
                    }
                ],
                "train_model": "799",
                "is_open_for_all": true,
                "is_eid_trip": 0,
                "boarding_points": [
                    {
                        "trip_point_id": 106855153,
                        "location_id": 2702,
                        "location_name": "Biman_Bandar Station",
                        "location_time": "10:28 AM"
                    }
                ],
                "is_international": 0,
                "is_from_city_international": false
            },
            {
                "trip_number": "AGHNIBINA EXPRESS (735)",
                "departure_date_time": "12 Nov, 11:58 am",
                "departure_full_date": "2024-11-12",
                "departure_date_time_jd": "Tue, 12 Nov 2024, 11:58 AM",
                "arrival_date_time": "12 Nov, 04:50 pm",
                "travel_time": "04h 52m",
                "origin_city_name": "biman_bandar",
                "destination_city_name": "tarakandi",
                "seat_types": [
                    {
                        "key": 5,
                        "type": "F_SEAT",
                        "trip_id": 8363168,
                        "trip_route_id": 51040715,
                        "route_id": 22687,
                        "fare": "335.00",
                        "vat_percent": 15,
                        "vat_amount": 51,
                        "seat_counts": {
                            "online": 0,
                            "offline": 0,
                            "is_divided": true
                        }
                    },
                    {
                        "key": 6,
                        "type": "F_CHAIR",
                        "trip_id": 8363210,
                        "trip_route_id": 51041829,
                        "route_id": 22687,
                        "fare": "335.00",
                        "vat_percent": 15,
                        "vat_amount": 51,
                        "seat_counts": {
                            "online": 0,
                            "offline": 0,
                            "is_divided": true
                        }
                    },
                    {
                        "key": 7,
                        "type": "S_CHAIR",
                        "trip_id": 8363211,
                        "trip_route_id": 51041848,
                        "route_id": 22687,
                        "fare": "250.00",
                        "vat_percent": 0,
                        "vat_amount": 0,
                        "seat_counts": {
                            "online": 0,
                            "offline": 0,
                            "is_divided": true
                        }
                    },
                    {
                        "key": 8,
                        "type": "SHOVAN",
                        "trip_id": 8363212,
                        "trip_route_id": 51041867,
                        "route_id": 22687,
                        "fare": "210.00",
                        "vat_percent": 0,
                        "vat_amount": 0,
                        "seat_counts": {
                            "online": 5,
                            "offline": 5,
                            "is_divided": true
                        }
                    }
                ],
                "train_model": "735",
                "is_open_for_all": true,
                "is_eid_trip": 0,
                "boarding_points": [
                    {
                        "trip_point_id": 106853735,
                        "location_id": 2702,
                        "location_name": "Biman_Bandar Station",
                        "location_time": "11:58 AM"
                    }
                ],
                "is_international": 0,
                "is_from_city_international": false
            },
            {
                "trip_number": "JAMUNA EXPRESS (745)",
                "departure_date_time": "12 Nov, 05:13 pm",
                "departure_full_date": "2024-11-12",
                "departure_date_time_jd": "Tue, 12 Nov 2024, 05:13 PM",
                "arrival_date_time": "12 Nov, 10:50 pm",
                "travel_time": "05h 37m",
                "origin_city_name": "biman_bandar",
                "destination_city_name": "tarakandi",
                "seat_types": [
                    {
                        "key": 8,
                        "type": "SHOVAN",
                        "trip_id": 8363238,
                        "trip_route_id": 51042394,
                        "route_id": 23516,
                        "fare": "210.00",
                        "vat_percent": 0,
                        "vat_amount": 0,
                        "seat_counts": {
                            "online": 0,
                            "offline": 0,
                            "is_divided": true
                        }
                    }
                ],
                "train_model": "745",
                "is_open_for_all": true,
                "is_eid_trip": 0,
                "boarding_points": [
                    {
                        "trip_point_id": 106854934,
                        "location_id": 2702,
                        "location_name": "Biman_Bandar Station",
                        "location_time": "05:13 PM"
                    }
                ],
                "is_international": 0,
                "is_from_city_international": false
            }
        ],
        "selected_seat_class": "S_CHAIR"
    },
    "extra": {
        "hash": "46956DC04F11E6DCE43E06B3F32F866C"
    }
}