{
    "data": {
        "trains": [
            {
                "trip_number": "RANGPUR EXPRESS (771)",
                "departure_date_time": "12 Nov, 09:38 am",
                "departure_full_date": "2024-11-12",
                "departure_date_time_jd": "Tue, 12 Nov 2024, 09:38 AM",
                "arrival_date_time": "12 Nov, 07:10 pm",
                "travel_time": "09h 32m",
                "origin_city_name": "biman_bandar",
                "destination_city_name": "rangpur",
                "seat_types": [
                    {
                        "key": 2,
                        "type": "AC_S",
                        "trip_id": 8363052,
                        "trip_route_id": 51034014,
                        "route_id": 19460,
                        "fare": "1265.00",
                        "vat_percent": 15,
                        "vat_amount": 190,
                        "seat_counts": {
                            "online": 0,
                            "offline": 0,
                            "is_divided": true
                        }
                    },
                    {
                        "key": 3,
                        "type": "SNIGDHA",
                        "trip_id": 8363053,
                        "trip_route_id": 51034053,
                        "route_id": 19460,
                        "fare": "1055.00",
                        "vat_percent": 15,
                        "vat_amount": 159,
                        "seat_counts": {
                            "online": 3,
                            "offline": 2,
                            "is_divided": true
                        }
                    },
                    {
                        "key": 7,
                        "type": "S_CHAIR",
                        "trip_id": 8363054,
                        "trip_route_id": 51034102,
                        "route_id": 19460,
                        "fare": "635.00",
                        "vat_percent": 0,
                        "vat_amount": 0,
                        "seat_counts": {
                            "online": 8,
                            "offline": 8,
                            "is_divided": true
                        }
                    }
                ],
                "train_model": "771",
                "is_open_for_all": true,
                "is_eid_trip": 0,
                "boarding_points": [
                    {
                        "trip_point_id": 106850467,
                        "location_id": 2702,
                        "location_name": "Biman_Bandar Station",
                        "location_time": "09:38 AM"
                    }
                ],
                "is_international": 0,
                "is_from_city_international": false
            },
            {
                "trip_number": "KURIGRAM EXPRESS (797)",
                "departure_date_time": "12 Nov, 09:13 pm",
                "departure_full_date": "2024-11-12",
                "departure_date_time_jd": "Tue, 12 Nov 2024, 09:13 PM",
                "arrival_date_time": "13 Nov, 05:01 am",
                "travel_time": "07h 48m",
                "origin_city_name": "biman_bandar",
                "destination_city_name": "rangpur",
                "seat_types": [
                    {
                        "key": 1,
                        "type": "AC_B",
                        "trip_id": 8363080,
                        "trip_route_id": 51035079,
                        "route_id": 19694,
                        "fare": "1750.00",
                        "vat_percent": 15,
                        "vat_amount": 263,
                        "seat_counts": {
                            "online": 0,
                            "offline": 0,
                            "is_divided": true
                        }
                    },
                    {
                        "key": 3,
                        "type": "SNIGDHA",
                        "trip_id": 8363081,
                        "trip_route_id": 51035110,
                        "route_id": 19694,
                        "fare": "975.00",
                        "vat_percent": 15,
                        "vat_amount": 147,
                        "seat_counts": {
                            "online": 3,
                            "offline": 2,
                            "is_divided": true
                        }
                    },
                    {
                        "key": 7,
                        "type": "S_CHAIR",
                        "trip_id": 8363083,
                        "trip_route_id": 51035171,
                        "route_id": 19694,
                        "fare": "585.00",
                        "vat_percent": 0,
                        "vat_amount": 0,
                        "seat_counts": {
                            "online": 6,
                            "offline": 5,
                            "is_divided": true
                        }
                    }
                ],
                "train_model": "797",
                "is_open_for_all": true,
                "is_eid_trip": 0,
                "boarding_points": [
                    {
                        "trip_point_id": 106851184,
                        "location_id": 2702,
                        "location_name": "Biman_Bandar Station",
                        "location_time": "09:13 PM"
                    }
                ],
                "is_international": 0,
                "is_from_city_international": false
            }
        ],
        "selected_seat_class": "S_CHAIR"
    },
    "extra": {
        "hash": "46956DC04F11E6DCE43E06B3F32F866C"
    }
}