{
    "data": {
        "trains": [
            {
                "trip_number": "PARJOTAK EXPRESS (816)",
                "departure_date_time": "12 Nov, 06:43 am",
                "departure_full_date": "2024-11-12",
                "departure_date_time_jd": "Tue, 12 Nov 2024, 06:43 AM",
                "arrival_date_time": "12 Nov, 11:20 am",
                "travel_time": "04h 37m",
                "origin_city_name": "biman_bandar",
                "destination_city_name": "chattogram",
                "seat_types": [
                    {
                        "key": 7,
                        "type": "S_CHAIR",
                        "trip_id": 8363345,
                        "trip_route_id": 51044795,
                        "route_id": 25716,
                        "fare": "450.00",
                        "vat_percent": 0,
                        "vat_amount": 0,
                        "seat_counts": {
                            "online": 0,
                            "offline": 0,
                            "is_divided": true
                        }
                    },
                    {
                        "key": 3,
                        "type": "SNIGDHA",
                        "trip_id": 8363346,
                        "trip_route_id": 51044801,
                        "route_id": 25716,
                        "fare": "743.00",
                        "vat_percent": 15,
                        "vat_amount": 112,
                        "seat_counts": {
                            "online": 0,
                            "offline": 0,
                            "is_divided": true
                        }
                    }
                ],
                "train_model": "816",
                "is_open_for_all": true,
                "is_eid_trip": 0,
                "boarding_points": [
                    {
                        "trip_point_id": 106856524,
                        "location_id": 2702,
                        "location_name": "Biman_Bandar Station",
                        "location_time": "06:43 AM"
                    }
                ],
                "is_international": 0,
                "is_from_city_international": false
            },
            {
                "trip_number": "SONAR BANGLA EXPRESS (788)",
                "departure_date_time": "12 Nov, 07:27 am",
                "departure_full_date": "2024-11-12",
                "departure_date_time_jd": "Tue, 12 Nov 2024, 07:27 AM",
                "arrival_date_time": "12 Nov, 11:55 am",
                "travel_time": "04h 28m",
                "origin_city_name": "biman_bandar",
                "destination_city_name": "chattogram",
                "seat_types": [
                    {
                        "key": 3,
                        "type": "SNIGDHA",
                        "trip_id": 8363160,
                        "trip_route_id": 51040478,
                        "route_id": 22016,
                        "fare": "743.00",
                        "vat_percent": 15,
                        "vat_amount": 112,
                        "seat_counts": {
                            "online": 50,
                            "offline": 50,
                            "is_divided": true
                        }
                    },
                    {
                        "key": 7,
                        "type": "S_CHAIR",
                        "trip_id": 8363251,
                        "trip_route_id": 51042668,
                        "route_id": 22016,
                        "fare": "450.00",
                        "vat_percent": 0,
                        "vat_amount": 0,
                        "seat_counts": {
                            "online": 37,
                            "offline": 36,
                            "is_divided": true
                        }
                    }
                ],
                "train_model": "788",
                "is_open_for_all": true,
                "is_eid_trip": 0,
                "boarding_points": [
                    {
                        "trip_point_id": 106853578,
                        "location_id": 2702,
                        "location_name": "Biman_Bandar Station",
                        "location_time": "07:27 AM"
                    }
                ],
                "is_international": 0,
                "is_from_city_international": false
            },
            {
                "trip_number": "MAHANAGAR PROVATI (704)",
                "departure_date_time": "12 Nov, 08:12 am",
                "departure_full_date": "2024-11-12",
                "departure_date_time_jd": "Tue, 12 Nov 2024, 08:12 AM",
                "arrival_date_time": "12 Nov, 01:35 pm",
                "travel_time": "05h 23m",
                "origin_city_name": "biman_bandar",
                "destination_city_name": "chattogram",
                "seat_types": [
                    {
                        "key": 3,
                        "type": "SNIGDHA",
                        "trip_id": 8363155,
                        "trip_route_id": 51040288,
                        "route_id": 22050,
                        "fare": "675.00",
                        "vat_percent": 15,
                        "vat_amount": 102,
                        "seat_counts": {
                            "online": 0,
                            "offline": 0,
                            "is_divided": true
                        }
                    },
                    {
                        "key": 2,
                        "type": "AC_S",
                        "trip_id": 8363181,
                        "trip_route_id": 51040967,
                        "route_id": 22050,
                        "fare": "810.00",
                        "vat_percent": 15,
                        "vat_amount": 122,
                        "seat_counts": {
                            "online": 5,
                            "offline": 4,
                            "is_divided": true
                        }
                    },
                    {
                        "key": 5,
                        "type": "F_SEAT",
                        "trip_id": 8363182,
                        "trip_route_id": 51040992,
                        "route_id": 22050,
                        "fare": "540.00",
                        "vat_percent": 15,
                        "vat_amount": 81,
                        "seat_counts": {
                            "online": 0,
                            "offline": 0,
                            "is_divided": true
                        }
                    },
                    {
                        "key": 7,
                        "type": "S_CHAIR",
                        "trip_id": 8363183,
                        "trip_route_id": 51041017,
                        "route_id": 22050,
                        "fare": "405.00",
                        "vat_percent": 0,
                        "vat_amount": 0,
                        "seat_counts": {
                            "online": 23,
                            "offline": 23,
                            "is_divided": true
                        }
                    }
                ],
                "train_model": "704",
                "is_open_for_all": true,
                "is_eid_trip": 0,
                "boarding_points": [
                    {
                        "trip_point_id": 106853475,
                        "location_id": 2702,
                        "location_name": "Biman_Bandar Station",
                        "location_time": "08:12 AM"
                    }
                ],
                "is_international": 0,
                "is_from_city_international": false
            },
            {
                "trip_number": "CHATTALA EXPRESS (802)",
                "departure_date_time": "12 Nov, 02:12 pm",
                "departure_full_date": "2024-11-12",
                "departure_date_time_jd": "Tue, 12 Nov 2024, 02:12 PM",
                "arrival_date_time": "12 Nov, 08:10 pm",
                "travel_time": "05h 58m",
                "origin_city_name": "biman_bandar",
                "destination_city_name": "chattogram",
                "seat_types": [
                    {
                        "key": 7,
                        "type": "S_CHAIR",
                        "trip_id": 8363280,
                        "trip_route_id": 51043454,
                        "route_id": 22960,
                        "fare": "405.00",
                        "vat_percent": 0,
                        "vat_amount": 0,
                        "seat_counts": {
                            "online": 8,
                            "offline": 8,
                            "is_divided": true
                        }
                    },
                    {
                        "key": 3,
                        "type": "SNIGDHA",
                        "trip_id": 8363369,
                        "trip_route_id": 51044976,
                        "route_id": 22960,
                        "fare": "675.00",
                        "vat_percent": 15,
                        "vat_amount": 102,
                        "seat_counts": {
                            "online": 28,
                            "offline": 27,
                            "is_divided": true
                        }
                    }
                ],
                "train_model": "802",
                "is_open_for_all": true,
                "is_eid_trip": 0,
                "boarding_points": [
                    {
                        "trip_point_id": 106855629,
                        "location_id": 2702,
                        "location_name": "Biman_Bandar Station",
                        "location_time": "02:12 PM"
                    }
                ],
                "is_international": 0,
                "is_from_city_international": false
            },
            {
                "trip_number": "SUBORNO EXPRESS (702)",
                "departure_date_time": "12 Nov, 04:58 pm",
                "departure_full_date": "2024-11-12",
                "departure_date_time_jd": "Tue, 12 Nov 2024, 04:58 PM",
                "arrival_date_time": "12 Nov, 09:25 pm",
                "travel_time": "04h 27m",
                "origin_city_name": "biman_bandar",
                "destination_city_name": "chattogram",
                "seat_types": [
                    {
                        "key": 3,
                        "type": "SNIGDHA",
                        "trip_id": 8363153,
                        "trip_route_id": 51040251,
                        "route_id": 22016,
                        "fare": "743.00",
                        "vat_percent": 15,
                        "vat_amount": 112,
                        "seat_counts": {
                            "online": 43,
                            "offline": 42,
                            "is_divided": true
                        }
                    },
                    {
                        "key": 7,
                        "type": "S_CHAIR",
                        "trip_id": 8363209,
                        "trip_route_id": 51041816,
                        "route_id": 22016,
                        "fare": "450.00",
                        "vat_percent": 0,
                        "vat_amount": 0,
                        "seat_counts": {
                            "online": 29,
                            "offline": 29,
                            "is_divided": true
                        }
                    },
                    {
                        "key": 2,
                        "type": "AC_S",
                        "trip_id": 8363364,
                        "trip_route_id": 51044922,
                        "route_id": 22016,
                        "fare": "891.00",
                        "vat_percent": 15,
                        "vat_amount": 134,
                        "seat_counts": {
                            "online": 13,
                            "offline": 13,
                            "is_divided": true
                        }
                    }
                ],
                "train_model": "702",
                "is_open_for_all": true,
                "is_eid_trip": 0,
                "boarding_points": [
                    {
                        "trip_point_id": 106853451,
                        "location_id": 2702,
                        "location_name": "Biman_Bandar Station",
                        "location_time": "04:58 PM"
                    }
                ],
                "is_international": 0,
                "is_from_city_international": false
            },
            {
                "trip_number": "MOHANAGAR EXPRESS (722)",
                "departure_date_time": "12 Nov, 09:48 pm",
                "departure_full_date": "2024-11-12",
                "departure_date_time_jd": "Tue, 12 Nov 2024, 09:48 PM",
                "arrival_date_time": "13 Nov, 03:30 am",
                "travel_time": "05h 42m",
                "origin_city_name": "biman_bandar",
                "destination_city_name": "chattogram",
                "seat_types": [
                    {
                        "key": 3,
                        "type": "SNIGDHA",
                        "trip_id": 8363164,
                        "trip_route_id": 51040612,
                        "route_id": 22528,
                        "fare": "675.00",
                        "vat_percent": 15,
                        "vat_amount": 102,
                        "seat_counts": {
                            "online": 10,
                            "offline": 10,
                            "is_divided": true
                        }
                    },
                    {
                        "key": 1,
                        "type": "AC_B",
                        "trip_id": 8363203,
                        "trip_route_id": 51041661,
                        "route_id": 22528,
                        "fare": "1215.00",
                        "vat_percent": 15,
                        "vat_amount": 183,
                        "seat_counts": {
                            "online": 0,
                            "offline": 0,
                            "is_divided": true
                        }
                    },
                    {
                        "key": 7,
                        "type": "S_CHAIR",
                        "trip_id": 8363204,
                        "trip_route_id": 51041689,
                        "route_id": 22528,
                        "fare": "405.00",
                        "vat_percent": 0,
                        "vat_amount": 0,
                        "seat_counts": {
                            "online": 0,
                            "offline": 0,
                            "is_divided": true
                        }
                    }
                ],
                "train_model": "722",
                "is_open_for_all": true,
                "is_eid_trip": 0,
                "boarding_points": [
                    {
                        "trip_point_id": 106853663,
                        "location_id": 2702,
                        "location_name": "Biman_Bandar Station",
                        "location_time": "09:48 PM"
                    }
                ],
                "is_international": 0,
                "is_from_city_international": false
            },
            {
                "trip_number": "COXS BAZAR EXPRESS (814)",
                "departure_date_time": "12 Nov, 10:58 pm",
                "departure_full_date": "2024-11-12",
                "departure_date_time_jd": "Tue, 12 Nov 2024, 10:58 PM",
                "arrival_date_time": "13 Nov, 03:40 am",
                "travel_time": "04h 42m",
                "origin_city_name": "biman_bandar",
                "destination_city_name": "chattogram",
                "seat_types": [
                    {
                        "key": 3,
                        "type": "SNIGDHA",
                        "trip_id": 8363331,
                        "trip_route_id": 51044544,
                        "route_id": 25716,
                        "fare": "743.00",
                        "vat_percent": 15,
                        "vat_amount": 112,
                        "seat_counts": {
                            "online": 0,
                            "offline": 0,
                            "is_divided": true
                        }
                    }
                ],
                "train_model": "814",
                "is_open_for_all": true,
                "is_eid_trip": 0,
                "boarding_points": [
                    {
                        "trip_point_id": 106856310,
                        "location_id": 2702,
                        "location_name": "Biman_Bandar Station",
                        "location_time": "10:58 PM"
                    }
                ],
                "is_international": 0,
                "is_from_city_international": false
            },
            {
                "trip_number": "TURNA (742)",
                "departure_date_time": "12 Nov, 11:43 pm",
                "departure_full_date": "2024-11-12",
                "departure_date_time_jd": "Tue, 12 Nov 2024, 11:43 PM",
                "arrival_date_time": "13 Nov, 05:15 am",
                "travel_time": "05h 32m",
                "origin_city_name": "biman_bandar",
                "destination_city_name": "chattogram",
                "seat_types": [
                    {
                        "key": 3,
                        "type": "SNIGDHA",
                        "trip_id": 8363171,
                        "trip_route_id": 51040779,
                        "route_id": 22835,
                        "fare": "675.00",
                        "vat_percent": 15,
                        "vat_amount": 102,
                        "seat_counts": {
                            "online": 7,
                            "offline": 6,
                            "is_divided": true
                        }
                    },
                    {
                        "key": 1,
                        "type": "AC_B",
                        "trip_id": 8363229,
                        "trip_route_id": 51042207,
                        "route_id": 22835,
                        "fare": "1215.00",
                        "vat_percent": 15,
                        "vat_amount": 183,
                        "seat_counts": {
                            "online": 0,
                            "offline": 0,
                            "is_divided": true
                        }
                    },
                    {
                        "key": 4,
                        "type": "F_BERTH",
                        "trip_id": 8363230,
                        "trip_route_id": 51042221,
                        "route_id": 22835,
                        "fare": "810.00",
                        "vat_percent": 15,
                        "vat_amount": 122,
                        "seat_counts": {
                            "online": 0,
                            "offline": 0,
                            "is_divided": true
                        }
                    },
                    {
                        "key": 7,
                        "type": "S_CHAIR",
                        "trip_id": 8363231,
                        "trip_route_id": 51042236,
                        "route_id": 22835,
                        "fare": "405.00",
                        "vat_percent": 0,
                        "vat_amount": 0,
                        "seat_counts": {
                            "online": 1,
                            "offline": 1,
                            "is_divided": true
                        }
                    }
                ],
                "train_model": "742",
                "is_open_for_all": true,
                "is_eid_trip": 0,
                "boarding_points": [
                    {
                        "trip_point_id": 106853780,
                        "location_id": 2702,
                        "location_name": "Biman_Bandar Station",
                        "location_time": "11:43 PM"
                    }
                ],
                "is_international": 0,
                "is_from_city_international": false
            }
        ],
        "selected_seat_class": "S_CHAIR"
    },
    "extra": {
        "hash": "46956DC04F11E6DCE43E06B3F32F866C"
    }
}