{
    "data": {
        "trains": [
            {
                "trip_number": "RANGPUR EXPRESS (771)",
                "departure_date_time": "12 Nov, 09:38 am",
                "departure_full_date": "2024-11-12",
                "departure_date_time_jd": "Tue, 12 Nov 2024, 09:38 AM",
                "arrival_date_time": "12 Nov, 03:56 pm",
                "travel_time": "06h 18m",
                "origin_city_name": "biman_bandar",
                "destination_city_name": "bogura",
                "seat_types": [
                    {
                        "key": 3,
                        "type": "SNIGDHA",
                        "trip_id": 8363053,
                        "trip_route_id": 51034054,
                        "route_id": 26558,
                        "fare": "790.00",
                        "vat_percent": 15,
                        "vat_amount": 119,
                        "seat_counts": {
                            "online": 1,
                            "offline": 1,
                            "is_divided": true
                        }
                    },
                    {
                        "key": 7,
                        "type": "S_CHAIR",
                        "trip_id": 8363054,
                        "trip_route_id": 51034103,
                        "route_id": 26558,
                        "fare": "475.00",
                        "vat_percent": 0,
                        "vat_amount": 0,
                        "seat_counts": {
                            "online": 3,
                            "offline": 2,
                            "is_divided": true
                        }
                    }
                ],
                "train_model": "771",
                "is_open_for_all": true,
                "is_eid_trip": 0,
                "boarding_points": [
                    {
                        "trip_point_id": 106850496,
                        "location_id": 2702,
                        "location_name": "Biman_Bandar Station",
                        "location_time": "09:38 AM"
                    }
                ],
                "is_international": 0,
                "is_from_city_international": false
            }
        ],
        "selected_seat_class": "S_CHAIR"
    },
    "extra": {
        "hash": "46956DC04F11E6DCE43E06B3F32F866C"
    }
}