{
    "data": {
        "trains": [
            {
                "trip_number": "KALNI EXPRESS (773)",
                "departure_date_time": "12 Nov, 03:23 pm",
                "departure_full_date": "2024-11-12",
                "departure_date_time_jd": "Tue, 12 Nov 2024, 03:23 PM",
                "arrival_date_time": "12 Nov, 09:30 pm",
                "travel_time": "06h 07m",
                "origin_city_name": "biman_bandar",
                "destination_city_name": "sylhet",
                "seat_types": [
                    {
                        "key": 3,
                        "type": "SNIGDHA",
                        "trip_id": 8363192,
                        "trip_route_id": 51041233,
                        "route_id": 22855,
                        "fare": "625.00",
                        "vat_percent": 15,
                        "vat_amount": 94,
                        "seat_counts": {
                            "online": 3,
                            "offline": 2,
                            "is_divided": true
                        }
                    },
                    {
                        "key": 2,
                        "type": "AC_S",
                        "trip_id": 8363247,
                        "trip_route_id": 51042592,
                        "route_id": 22855,
                        "fare": "750.00",
                        "vat_percent": 15,
                        "vat_amount": 113,
                        "seat_counts": {
                            "online": 0,
                            "offline": 0,
                            "is_divided": true
                        }
                    },
                    {
                        "key": 7,
                        "type": "S_CHAIR",
                        "trip_id": 8363257,
                        "trip_route_id": 51042750,
                        "route_id": 22855,
                        "fare": "375.00",
                        "vat_percent": 0,
                        "vat_amount": 0,
                        "seat_counts": {
                            "online": 0,
                            "offline": 0,
                            "is_divided": true
                        }
                    }
                ],
                "train_model": "773",
                "is_open_for_all": true,
                "is_eid_trip": 0,
                "boarding_points": [
                    {
                        "trip_point_id": 106854112,
                        "location_id": 2702,
                        "location_name": "Biman_Bandar Station",
                        "location_time": "03:23 PM"
                    }
                ],
                "is_international": 0,
                "is_from_city_international": false
            },
            {
                "trip_number": "UPABAN EXPRESS (739)",
                "departure_date_time": "12 Nov, 10:28 pm",
                "departure_full_date": "2024-11-12",
                "departure_date_time_jd": "Tue, 12 Nov 2024, 10:28 PM",
                "arrival_date_time": "13 Nov, 05:00 am",
                "travel_time": "06h 32m",
                "origin_city_name": "biman_bandar",
                "destination_city_name": "sylhet",
                "seat_types": [
                    {
                        "key": 3,
                        "type": "SNIGDHA",
                        "trip_id": 8363175,
                        "trip_route_id": 51040855,
                        "route_id": 22774,
                        "fare": "625.00",
                        "vat_percent": 15,
                        "vat_amount": 94,
                        "seat_counts": {
                            "online": 0,
                            "offline": 0,
                            "is_divided": true
                        }
                    },
                    {
                        "key": 1,
                        "type": "AC_B",
                        "trip_id": 8363222,
                        "trip_route_id": 51042078,
                        "route_id": 22774,
                        "fare": "1120.00",
                        "vat_percent": 15,
                        "vat_amount": 168,
                        "seat_counts": {
                            "online": 0,
                            "offline": 0,
                            "is_divided": true
                        }
                    },
                    {
                        "key": 7,
                        "type": "S_CHAIR",
                        "trip_id": 8363223,
                        "trip_route_id": 51042102,
                        "route_id": 22774,
                        "fare": "375.00",
                        "vat_percent": 0,
                        "vat_amount": 0,
                        "seat_counts": {
                            "online": 0,
                            "offline": 0,
                            "is_divided": true
                        }
                    }
                ],
                "train_model": "739",
                "is_open_for_all": true,
                "is_eid_trip": 0,
                "boarding_points": [
                    {
                        "trip_point_id": 106853845,
                        "location_id": 2702,
                        "location_name": "Biman_Bandar Station",
                        "location_time": "10:28 PM"
                    }
                ],
                "is_international": 0,
                "is_from_city_international": false
            }
        ],
        "selected_seat_class": "S_CHAIR"
    },
    "extra": {
        "hash": "46956DC04F11E6DCE43E06B3F32F866C"
    }
}