{
    "data": {
        "trains": [
            {
                "trip_number": "NILSAGAR EXPRESS (765)",
                "departure_date_time": "12 Nov, 07:12 am",
                "departure_full_date": "2024-11-12",
                "departure_date_time_jd": "Tue, 12 Nov 2024, 07:12 AM",
                "arrival_date_time": "12 Nov, 02:15 pm",
                "travel_time": "07h 03m",
                "origin_city_name": "biman_bandar",
                "destination_city_name": "parbatipur",
                "seat_types": [
                    {
                        "key": 2,
                        "type": "AC_S",
                        "trip_id": 8363098,
                        "trip_route_id": 51036341,
                        "route_id": 19764,
                        "fare": "1075.00",
                        "vat_percent": 15,
                        "vat_amount": 162,
                        "seat_counts": {
                            "online": 0,
                            "offline": 0,
                            "is_divided": true
                        }
                    },
                    {
                        "key": 3,
                        "type": "SNIGDHA",
                        "trip_id": 8363099,
                        "trip_route_id": 51036408,
                        "route_id": 19764,
                        "fare": "900.00",
                        "vat_percent": 15,
                        "vat_amount": 135,
                        "seat_counts": {
                            "online": 1,
                            "offline": 1,
                            "is_divided": true
                        }
                    },
                    {
                        "key": 7,
                        "type": "S_CHAIR",
                        "trip_id": 8363100,
                        "trip_route_id": 51036481,
                        "route_id": 19764,
                        "fare": "540.00",
                        "vat_percent": 0,
                        "vat_amount": 0,
                        "seat_counts": {
                            "online": 1,
                            "offline": 1,
                            "is_divided": true
                        }
                    }
                ],
                "train_model": "765",
                "is_open_for_all": true,
                "is_eid_trip": 0,
                "boarding_points": [
                    {
                        "trip_point_id": 106851765,
                        "location_id": 2702,
                        "location_name": "Biman_Bandar Station",
                        "location_time": "07:12 AM"
                    }
                ],
                "is_international": 0,
                "is_from_city_international": false
            },
            {
                "trip_number": "CHILAHATI EXPRESS (805)",
                "departure_date_time": "12 Nov, 05:28 pm",
                "departure_full_date": "2024-11-12",
                "departure_date_time_jd": "Tue, 12 Nov 2024, 05:28 PM",
                "arrival_date_time": "13 Nov, 01:00 am",
                "travel_time": "07h 32m",
                "origin_city_name": "biman_bandar",
                "destination_city_name": "parbatipur",
                "seat_types": [
                    {
                        "key": 3,
                        "type": "SNIGDHA",
                        "trip_id": 8363310,
                        "trip_route_id": 51044367,
                        "route_id": 24692,
                        "fare": "900.00",
                        "vat_percent": 15,
                        "vat_amount": 135,
                        "seat_counts": {
                            "online": 1,
                            "offline": 1,
                            "is_divided": true
                        }
                    },
                    {
                        "key": 7,
                        "type": "S_CHAIR",
                        "trip_id": 8363312,
                        "trip_route_id": 51044436,
                        "route_id": 24692,
                        "fare": "540.00",
                        "vat_percent": 0,
                        "vat_amount": 0,
                        "seat_counts": {
                            "online": 3,
                            "offline": 2,
                            "is_divided": true
                        }
                    }
                ],
                "train_model": "805",
                "is_open_for_all": true,
                "is_eid_trip": 0,
                "boarding_points": [
                    {
                        "trip_point_id": 106856189,
                        "location_id": 2702,
                        "location_name": "Biman_Bandar Station",
                        "location_time": "05:28 PM"
                    }
                ],
                "is_international": 0,
                "is_from_city_international": false
            }
        ],
        "selected_seat_class": "S_CHAIR"
    },
    "extra": {
        "hash": "46956DC04F11E6DCE43E06B3F32F866C"
    }
}