{
    "data": {
        "trains": [
            {
                "trip_number": "MAHANAGAR PROVATI (704)",
                "departure_date_time": "12 Nov, 08:12 am",
                "departure_full_date": "2024-11-12",
                "departure_date_time_jd": "Tue, 12 Nov 2024, 08:12 AM",
                "arrival_date_time": "12 Nov, 10:05 am",
                "travel_time": "01h 53m",
                "origin_city_name": "biman_bandar",
                "destination_city_name": "akhaura",
                "seat_types": [
                    {
                        "key": 3,
                        "type": "SNIGDHA",
                        "trip_id": 8363155,
                        "trip_route_id": 51040291,
                        "route_id": 22048,
                        "fare": "280.00",
                        "vat_percent": 15,
                        "vat_amount": 42,
                        "seat_counts": {
                            "online": 0,
                            "offline": 0,
                            "is_divided": true
                        }
                    },
                    {
                        "key": 2,
                        "type": "AC_S",
                        "trip_id": 8363181,
                        "trip_route_id": 51040970,
                        "route_id": 22048,
                        "fare": "335.00",
                        "vat_percent": 15,
                        "vat_amount": 51,
                        "seat_counts": {
                            "online": 0,
                            "offline": 0,
                            "is_divided": true
                        }
                    },
                    {
                        "key": 5,
                        "type": "F_SEAT",
                        "trip_id": 8363182,
                        "trip_route_id": 51040995,
                        "route_id": 22048,
                        "fare": "225.00",
                        "vat_percent": 15,
                        "vat_amount": 34,
                        "seat_counts": {
                            "online": 0,
                            "offline": 0,
                            "is_divided": true
                        }
                    },
                    {
                        "key": 7,
                        "type": "S_CHAIR",
                        "trip_id": 8363183,
                        "trip_route_id": 51041020,
                        "route_id": 22048,
                        "fare": "170.00",
                        "vat_percent": 0,
                        "vat_amount": 0,
                        "seat_counts": {
                            "online": 0,
                            "offline": 0,
                            "is_divided": true
                        }
                    }
                ],
                "train_model": "704",
                "is_open_for_all": true,
                "is_eid_trip": 0,
                "boarding_points": [
                    {
                        "trip_point_id": 106853475,
                        "location_id": 2702,
                        "location_name": "Biman_Bandar Station",
                        "location_time": "08:12 AM"
                    }
                ],
                "is_international": 0,
                "is_from_city_international": false
            },
            {
                "trip_number": "MOHANAGAR EXPRESS (722)",
                "departure_date_time": "12 Nov, 09:48 pm",
                "departure_full_date": "2024-11-12",
                "departure_date_time_jd": "Tue, 12 Nov 2024, 09:48 PM",
                "arrival_date_time": "12 Nov, 11:55 pm",
                "travel_time": "02h 07m",
                "origin_city_name": "biman_bandar",
                "destination_city_name": "akhaura",
                "seat_types": [
                    {
                        "key": 3,
                        "type": "SNIGDHA",
                        "trip_id": 8363164,
                        "trip_route_id": 51040616,
                        "route_id": 22525,
                        "fare": "280.00",
                        "vat_percent": 15,
                        "vat_amount": 42,
                        "seat_counts": {
                            "online": 0,
                            "offline": 0,
                            "is_divided": true
                        }
                    },
                    {
                        "key": 1,
                        "type": "AC_B",
                        "trip_id": 8363203,
                        "trip_route_id": 51041665,
                        "route_id": 22525,
                        "fare": "500.00",
                        "vat_percent": 15,
                        "vat_amount": 75,
                        "seat_counts": {
                            "online": 0,
                            "offline": 0,
                            "is_divided": true
                        }
                    },
                    {
                        "key": 7,
                        "type": "S_CHAIR",
                        "trip_id": 8363204,
                        "trip_route_id": 51041693,
                        "route_id": 22525,
                        "fare": "170.00",
                        "vat_percent": 0,
                        "vat_amount": 0,
                        "seat_counts": {
                            "online": 0,
                            "offline": 0,
                            "is_divided": true
                        }
                    }
                ],
                "train_model": "722",
                "is_open_for_all": true,
                "is_eid_trip": 0,
                "boarding_points": [
                    {
                        "trip_point_id": 106853663,
                        "location_id": 2702,
                        "location_name": "Biman_Bandar Station",
                        "location_time": "09:48 PM"
                    }
                ],
                "is_international": 0,
                "is_from_city_international": false
            }
        ],
        "selected_seat_class": "S_CHAIR"
    },
    "extra": {
        "hash": "46956DC04F11E6DCE43E06B3F32F866C"
    }
}