{
    "data": {
        "trains": [
            {
                "trip_number": "NILSAGAR EXPRESS (765)",
                "departure_date_time": "12 Nov, 07:12 am",
                "departure_full_date": "2024-11-12",
                "departure_date_time_jd": "Tue, 12 Nov 2024, 07:12 AM",
                "arrival_date_time": "12 Nov, 11:18 am",
                "travel_time": "04h 06m",
                "origin_city_name": "biman_bandar",
                "destination_city_name": "natore",
                "seat_types": [
                    {
                        "key": 2,
                        "type": "AC_S",
                        "trip_id": 8363098,
                        "trip_route_id": 51036343,
                        "route_id": 19762,
                        "fare": "750.00",
                        "vat_percent": 15,
                        "vat_amount": 113,
                        "seat_counts": {
                            "online": 0,
                            "offline": 0,
                            "is_divided": true
                        }
                    },
                    {
                        "key": 3,
                        "type": "SNIGDHA",
                        "trip_id": 8363099,
                        "trip_route_id": 51036410,
                        "route_id": 19762,
                        "fare": "625.00",
                        "vat_percent": 15,
                        "vat_amount": 94,
                        "seat_counts": {
                            "online": 0,
                            "offline": 0,
                            "is_divided": true
                        }
                    },
                    {
                        "key": 7,
                        "type": "S_CHAIR",
                        "trip_id": 8363100,
                        "trip_route_id": 51036483,
                        "route_id": 19762,
                        "fare": "375.00",
                        "vat_percent": 0,
                        "vat_amount": 0,
                        "seat_counts": {
                            "online": 2,
                            "offline": 2,
                            "is_divided": true
                        }
                    }
                ],
                "train_model": "765",
                "is_open_for_all": true,
                "is_eid_trip": 0,
                "boarding_points": [
                    {
                        "trip_point_id": 106851765,
                        "location_id": 2702,
                        "location_name": "Biman_Bandar Station",
                        "location_time": "07:12 AM"
                    }
                ],
                "is_international": 0,
                "is_from_city_international": false
            }
        ],
        "selected_seat_class": "S_CHAIR"
    },
    "extra": {
        "hash": "46956DC04F11E6DCE43E06B3F32F866C"
    }
}