{
    "data": {
        "trains": [
            {
                "trip_number": "BHRAMMAPUTRA EXPRESS (743)",
                "departure_date_time": "12 Nov, 06:43 pm",
                "departure_full_date": "2024-11-12",
                "departure_date_time_jd": "Tue, 12 Nov 2024, 06:43 PM",
                "arrival_date_time": "12 Nov, 10:50 pm",
                "travel_time": "04h 07m",
                "origin_city_name": "biman_bandar",
                "destination_city_name": "melandah_bazar",
                "seat_types": [
                    {
                        "key": 3,
                        "type": "SNIGDHA",
                        "trip_id": 8363169,
                        "trip_route_id": 51040737,
                        "route_id": 23351,
                        "fare": "370.00",
                        "vat_percent": 15,
                        "vat_amount": 56,
                        "seat_counts": {
                            "online": 0,
                            "offline": 0,
                            "is_divided": true
                        }
                    },
                    {
                        "key": 7,
                        "type": "S_CHAIR",
                        "trip_id": 8363232,
                        "trip_route_id": 51042256,
                        "route_id": 23351,
                        "fare": "225.00",
                        "vat_percent": 0,
                        "vat_amount": 0,
                        "seat_counts": {
                            "online": 3,
                            "offline": 3,
                            "is_divided": true
                        }
                    }
                ],
                "train_model": "743",
                "is_open_for_all": true,
                "is_eid_trip": 0,
                "boarding_points": [
                    {
                        "trip_point_id": 106853747,
                        "location_id": 2702,
                        "location_name": "Biman_Bandar Station",
                        "location_time": "06:43 PM"
                    }
                ],
                "is_international": 0,
                "is_from_city_international": false
            }
        ],
        "selected_seat_class": "S_CHAIR"
    },
    "extra": {
        "hash": "46956DC04F11E6DCE43E06B3F32F866C"
    }
}