{
    "data": {
        "trains": [
            {
                "trip_number": "EKOTA EXPRESS (705)",
                "departure_date_time": "12 Nov, 10:43 am",
                "departure_full_date": "2024-11-12",
                "departure_date_time_jd": "Tue, 12 Nov 2024, 10:43 AM",
                "arrival_date_time": "12 Nov, 07:00 pm",
                "travel_time": "08h 17m",
                "origin_city_name": "biman_bandar",
                "destination_city_name": "dinajpur",
                "seat_types": [
                    {
                        "key": 3,
                        "type": "SNIGDHA",
                        "trip_id": 8363093,
                        "trip_route_id": 51035971,
                        "route_id": 19337,
                        "fare": "960.00",
                        "vat_percent": 15,
                        "vat_amount": 144,
                        "seat_counts": {
                            "online": 0,
                            "offline": 0,
                            "is_divided": true
                        }
                    },
                    {
                        "key": 7,
                        "type": "S_CHAIR",
                        "trip_id": 8363094,
                        "trip_route_id": 51036067,
                        "route_id": 19337,
                        "fare": "575.00",
                        "vat_percent": 0,
                        "vat_amount": 0,
                        "seat_counts": {
                            "online": 12,
                            "offline": 12,
                            "is_divided": true
                        }
                    },
                    {
                        "key": 2,
                        "type": "AC_S",
                        "trip_id": 8363095,
                        "trip_route_id": 51036156,
                        "route_id": 19337,
                        "fare": "1150.00",
                        "vat_percent": 15,
                        "vat_amount": 173,
                        "seat_counts": {
                            "online": 0,
                            "offline": 0,
                            "is_divided": true
                        }
                    }
                ],
                "train_model": "705",
                "is_open_for_all": true,
                "is_eid_trip": 0,
                "boarding_points": [
                    {
                        "trip_point_id": 106851552,
                        "location_id": 2702,
                        "location_name": "Biman_Bandar Station",
                        "location_time": "10:43 AM"
                    }
                ],
                "is_international": 0,
                "is_from_city_international": false
            },
            {
                "trip_number": "DRUTOJAN EXPRESS (757)",
                "departure_date_time": "12 Nov, 08:28 pm",
                "departure_full_date": "2024-11-12",
                "departure_date_time_jd": "Tue, 12 Nov 2024, 08:28 PM",
                "arrival_date_time": "12 Nov, 04:20 am",
                "travel_time": "16h 08m",
                "origin_city_name": "biman_bandar",
                "destination_city_name": "dinajpur",
                "seat_types": [
                    {
                        "key": 3,
                        "type": "SNIGDHA",
                        "trip_id": 8363122,
                        "trip_route_id": 51037877,
                        "route_id": 19337,
                        "fare": "960.00",
                        "vat_percent": 15,
                        "vat_amount": 144,
                        "seat_counts": {
                            "online": 0,
                            "offline": 0,
                            "is_divided": true
                        }
                    },
                    {
                        "key": 7,
                        "type": "S_CHAIR",
                        "trip_id": 8363132,
                        "trip_route_id": 51038964,
                        "route_id": 19337,
                        "fare": "575.00",
                        "vat_percent": 0,
                        "vat_amount": 0,
                        "seat_counts": {
                            "online": 0,
                            "offline": 0,
                            "is_divided": true
                        }
                    },
                    {
                        "key": 1,
                        "type": "AC_B",
                        "trip_id": 8363283,
                        "trip_route_id": 51043583,
                        "route_id": 19337,
                        "fare": "1720.00",
                        "vat_percent": 15,
                        "vat_amount": 258,
                        "seat_counts": {
                            "online": 0,
                            "offline": 0,
                            "is_divided": true
                        }
                    }
                ],
                "train_model": "757",
                "is_open_for_all": true,
                "is_eid_trip": 0,
                "boarding_points": [
                    {
                        "trip_point_id": 106852428,
                        "location_id": 2702,
                        "location_name": "Biman_Bandar Station",
                        "location_time": "08:28 PM"
                    }
                ],
                "is_international": 0,
                "is_from_city_international": false
            },
            {
                "trip_number": "PANCHAGARH EXPRESS (793)",
                "departure_date_time": "12 Nov, 11:58 pm",
                "departure_full_date": "2024-11-12",
                "departure_date_time_jd": "Tue, 12 Nov 2024, 11:58 PM",
                "arrival_date_time": "13 Nov, 07:16 am",
                "travel_time": "07h 18m",
                "origin_city_name": "biman_bandar",
                "destination_city_name": "dinajpur",
                "seat_types": [
                    {
                        "key": 3,
                        "type": "SNIGDHA",
                        "trip_id": 8363069,
                        "trip_route_id": 51034688,
                        "route_id": 19337,
                        "fare": "960.00",
                        "vat_percent": 15,
                        "vat_amount": 144,
                        "seat_counts": {
                            "online": 0,
                            "offline": 0,
                            "is_divided": true
                        }
                    },
                    {
                        "key": 7,
                        "type": "S_CHAIR",
                        "trip_id": 8363070,
                        "trip_route_id": 51034725,
                        "route_id": 19337,
                        "fare": "575.00",
                        "vat_percent": 0,
                        "vat_amount": 0,
                        "seat_counts": {
                            "online": 13,
                            "offline": 13,
                            "is_divided": true
                        }
                    },
                    {
                        "key": 1,
                        "type": "AC_B",
                        "trip_id": 8363284,
                        "trip_route_id": 51043620,
                        "route_id": 19337,
                        "fare": "1720.00",
                        "vat_percent": 15,
                        "vat_amount": 258,
                        "seat_counts": {
                            "online": 0,
                            "offline": 0,
                            "is_divided": true
                        }
                    }
                ],
                "train_model": "793",
                "is_open_for_all": true,
                "is_eid_trip": 0,
                "boarding_points": [
                    {
                        "trip_point_id": 106850885,
                        "location_id": 2702,
                        "location_name": "Biman_Bandar Station",
                        "location_time": "11:58 PM"
                    }
                ],
                "is_international": 0,
                "is_from_city_international": false
            }
        ],
        "selected_seat_class": "S_CHAIR"
    },
    "extra": {
        "hash": "46956DC04F11E6DCE43E06B3F32F866C"
    }
}