{
    "data": {
        "trains": [
            {
                "trip_number": "EGAROSINDHUR PROVATI (737)",
                "departure_date_time": "12 Nov, 07:43 am",
                "departure_full_date": "2024-11-12",
                "departure_date_time_jd": "Tue, 12 Nov 2024, 07:43 AM",
                "arrival_date_time": "12 Nov, 11:10 am",
                "travel_time": "03h 27m",
                "origin_city_name": "biman_bandar",
                "destination_city_name": "kishorganj",
                "seat_types": [
                    {
                        "key": 5,
                        "type": "F_SEAT",
                        "trip_id": 8363172,
                        "trip_route_id": 51040792,
                        "route_id": 22728,
                        "fare": "215.00",
                        "vat_percent": 15,
                        "vat_amount": 33,
                        "seat_counts": {
                            "online": 0,
                            "offline": 0,
                            "is_divided": true
                        }
                    },
                    {
                        "key": 6,
                        "type": "F_CHAIR",
                        "trip_id": 8363216,
                        "trip_route_id": 51041937,
                        "route_id": 22728,
                        "fare": "215.00",
                        "vat_percent": 15,
                        "vat_amount": 33,
                        "seat_counts": {
                            "online": 0,
                            "offline": 0,
                            "is_divided": true
                        }
                    },
                    {
                        "key": 7,
                        "type": "S_CHAIR",
                        "trip_id": 8363217,
                        "trip_route_id": 51041960,
                        "route_id": 22728,
                        "fare": "160.00",
                        "vat_percent": 0,
                        "vat_amount": 0,
                        "seat_counts": {
                            "online": 0,
                            "offline": 0,
                            "is_divided": true
                        }
                    },
                    {
                        "key": 8,
                        "type": "SHOVAN",
                        "trip_id": 8363218,
                        "trip_route_id": 51041983,
                        "route_id": 22728,
                        "fare": "135.00",
                        "vat_percent": 0,
                        "vat_amount": 0,
                        "seat_counts": {
                            "online": 0,
                            "offline": 0,
                            "is_divided": true
                        }
                    }
                ],
                "train_model": "737",
                "is_open_for_all": true,
                "is_eid_trip": 0,
                "boarding_points": [
                    {
                        "trip_point_id": 106853793,
                        "location_id": 2702,
                        "location_name": "Biman_Bandar Station",
                        "location_time": "07:43 AM"
                    }
                ],
                "is_international": 0,
                "is_from_city_international": false
            },
            {
                "trip_number": "KISHORGANJ EXPRESS (781)",
                "departure_date_time": "12 Nov, 10:58 am",
                "departure_full_date": "2024-11-12",
                "departure_date_time_jd": "Tue, 12 Nov 2024, 10:58 AM",
                "arrival_date_time": "12 Nov, 02:10 pm",
                "travel_time": "03h 12m",
                "origin_city_name": "biman_bandar",
                "destination_city_name": "kishorganj",
                "seat_types": [
                    {
                        "key": 3,
                        "type": "SNIGDHA",
                        "trip_id": 8363241,
                        "trip_route_id": 51042453,
                        "route_id": 22728,
                        "fare": "265.00",
                        "vat_percent": 15,
                        "vat_amount": 40,
                        "seat_counts": {
                            "online": 0,
                            "offline": 0,
                            "is_divided": true
                        }
                    },
                    {
                        "key": 7,
                        "type": "S_CHAIR",
                        "trip_id": 8363260,
                        "trip_route_id": 51042835,
                        "route_id": 22728,
                        "fare": "160.00",
                        "vat_percent": 0,
                        "vat_amount": 0,
                        "seat_counts": {
                            "online": 0,
                            "offline": 0,
                            "is_divided": true
                        }
                    },
                    {
                        "key": 2,
                        "type": "AC_S",
                        "trip_id": 8363261,
                        "trip_route_id": 51042868,
                        "route_id": 22728,
                        "fare": "320.00",
                        "vat_percent": 15,
                        "vat_amount": 48,
                        "seat_counts": {
                            "online": 0,
                            "offline": 0,
                            "is_divided": true
                        }
                    }
                ],
                "train_model": "781",
                "is_open_for_all": true,
                "is_eid_trip": 0,
                "boarding_points": [
                    {
                        "trip_point_id": 106854975,
                        "location_id": 2702,
                        "location_name": "Biman_Bandar Station",
                        "location_time": "10:58 AM"
                    }
                ],
                "is_international": 0,
                "is_from_city_international": false
            },
            {
                "trip_number": "EGAROSINDHUR GODHULI (749)",
                "departure_date_time": "12 Nov, 07:13 pm",
                "departure_full_date": "2024-11-12",
                "departure_date_time_jd": "Tue, 12 Nov 2024, 07:13 PM",
                "arrival_date_time": "12 Nov, 10:40 pm",
                "travel_time": "03h 27m",
                "origin_city_name": "biman_bandar",
                "destination_city_name": "kishorganj",
                "seat_types": [
                    {
                        "key": 5,
                        "type": "F_SEAT",
                        "trip_id": 8363190,
                        "trip_route_id": 51041186,
                        "route_id": 22728,
                        "fare": "215.00",
                        "vat_percent": 15,
                        "vat_amount": 33,
                        "seat_counts": {
                            "online": 2,
                            "offline": 1,
                            "is_divided": true
                        }
                    },
                    {
                        "key": 6,
                        "type": "F_CHAIR",
                        "trip_id": 8363243,
                        "trip_route_id": 51042500,
                        "route_id": 22728,
                        "fare": "215.00",
                        "vat_percent": 15,
                        "vat_amount": 33,
                        "seat_counts": {
                            "online": 0,
                            "offline": 0,
                            "is_divided": true
                        }
                    },
                    {
                        "key": 7,
                        "type": "S_CHAIR",
                        "trip_id": 8363245,
                        "trip_route_id": 51042546,
                        "route_id": 22728,
                        "fare": "160.00",
                        "vat_percent": 0,
                        "vat_amount": 0,
                        "seat_counts": {
                            "online": 1,
                            "offline": 0,
                            "is_divided": true
                        }
                    },
                    {
                        "key": 8,
                        "type": "SHOVAN",
                        "trip_id": 8363246,
                        "trip_route_id": 51042569,
                        "route_id": 22728,
                        "fare": "135.00",
                        "vat_percent": 0,
                        "vat_amount": 0,
                        "seat_counts": {
                            "online": 5,
                            "offline": 4,
                            "is_divided": true
                        }
                    }
                ],
                "train_model": "749",
                "is_open_for_all": true,
                "is_eid_trip": 0,
                "boarding_points": [
                    {
                        "trip_point_id": 106854075,
                        "location_id": 2702,
                        "location_name": "Biman_Bandar Station",
                        "location_time": "07:13 PM"
                    }
                ],
                "is_international": 0,
                "is_from_city_international": false
            }
        ],
        "selected_seat_class": "S_CHAIR"
    },
    "extra": {
        "hash": "46956DC04F11E6DCE43E06B3F32F866C"
    }
}