{
    "data": {
        "trains": [
            {
                "trip_number": "BARENDRA EXPRESS (732)",
                "departure_date_time": "12 Nov, 07:30 am",
                "departure_full_date": "2024-11-12",
                "departure_date_time_jd": "Tue, 12 Nov 2024, 07:30 AM",
                "arrival_date_time": "12 Nov, 11:10 am",
                "travel_time": "03h 40m",
                "origin_city_name": "birampur",
                "destination_city_name": "rajshahi",
                "seat_types": [
                    {
                        "key": 7,
                        "type": "S_CHAIR",
                        "trip_id": 8363092,
                        "trip_route_id": 51035837,
                        "route_id": 20330,
                        "fare": "205.00",
                        "vat_percent": 0,
                        "vat_amount": 0,
                        "seat_counts": {
                            "online": 4,
                            "offline": 3,
                            "is_divided": true
                        }
                    }
                ],
                "train_model": "732",
                "is_open_for_all": true,
                "is_eid_trip": 0,
                "boarding_points": [
                    {
                        "trip_point_id": 106851509,
                        "location_id": 2781,
                        "location_name": "Birampur Station",
                        "location_time": "07:30 AM"
                    }
                ],
                "is_international": 0,
                "is_from_city_international": false
            },
            {
                "trip_number": "BANGLABANDHA EXPRESS (804)",
                "departure_date_time": "12 Nov, 12:55 pm",
                "departure_full_date": "2024-11-12",
                "departure_date_time_jd": "Tue, 12 Nov 2024, 12:55 PM",
                "arrival_date_time": "12 Nov, 05:35 pm",
                "travel_time": "04h 40m",
                "origin_city_name": "birampur",
                "destination_city_name": "rajshahi",
                "seat_types": [
                    {
                        "key": 2,
                        "type": "AC_S",
                        "trip_id": 8363106,
                        "trip_route_id": 51036896,
                        "route_id": 21004,
                        "fare": "370.00",
                        "vat_percent": 15,
                        "vat_amount": 56,
                        "seat_counts": {
                            "online": 0,
                            "offline": 0,
                            "is_divided": true
                        }
                    },
                    {
                        "key": 7,
                        "type": "S_CHAIR",
                        "trip_id": 8363107,
                        "trip_route_id": 51036986,
                        "route_id": 21004,
                        "fare": "205.00",
                        "vat_percent": 0,
                        "vat_amount": 0,
                        "seat_counts": {
                            "online": 5,
                            "offline": 5,
                            "is_divided": true
                        }
                    }
                ],
                "train_model": "804",
                "is_open_for_all": true,
                "is_eid_trip": 0,
                "boarding_points": [
                    {
                        "trip_point_id": 106852037,
                        "location_id": 2781,
                        "location_name": "Birampur Station",
                        "location_time": "12:55 PM"
                    }
                ],
                "is_international": 0,
                "is_from_city_international": false
            },
            {
                "trip_number": "TITUMIR EXPRESS (734)",
                "departure_date_time": "12 Nov, 05:25 pm",
                "departure_full_date": "2024-11-12",
                "departure_date_time_jd": "Tue, 12 Nov 2024, 05:25 PM",
                "arrival_date_time": "12 Nov, 09:30 pm",
                "travel_time": "04h 05m",
                "origin_city_name": "birampur",
                "destination_city_name": "rajshahi",
                "seat_types": [
                    {
                        "key": 7,
                        "type": "S_CHAIR",
                        "trip_id": 8363146,
                        "trip_route_id": 51039738,
                        "route_id": 20330,
                        "fare": "205.00",
                        "vat_percent": 0,
                        "vat_amount": 0,
                        "seat_counts": {
                            "online": 10,
                            "offline": 9,
                            "is_divided": true
                        }
                    }
                ],
                "train_model": "734",
                "is_open_for_all": true,
                "is_eid_trip": 0,
                "boarding_points": [
                    {
                        "trip_point_id": 106853261,
                        "location_id": 2781,
                        "location_name": "Birampur Station",
                        "location_time": "05:25 PM"
                    }
                ],
                "is_international": 0,
                "is_from_city_international": false
            }
        ],
        "selected_seat_class": "S_CHAIR"
    },
    "extra": {
        "hash": "46956DC04F11E6DCE43E06B3F32F866C"
    }
}