{
    "data": {
        "trains": [
            {
                "trip_number": "CHILAHATI EXPRESS (806)",
                "departure_date_time": "12 Nov, 08:03 am",
                "departure_full_date": "2024-11-12",
                "departure_date_time_jd": "Tue, 12 Nov 2024, 08:03 AM",
                "arrival_date_time": "12 Nov, 08:32 am",
                "travel_time": "00h 29m",
                "origin_city_name": "birampur",
                "destination_city_name": "joypurhat",
                "seat_types": [
                    {
                        "key": 7,
                        "type": "S_CHAIR",
                        "trip_id": 8363308,
                        "trip_route_id": 51044256,
                        "route_id": 24810,
                        "fare": "50.00",
                        "vat_percent": 0,
                        "vat_amount": 0,
                        "seat_counts": {
                            "online": 5,
                            "offline": 5,
                            "is_divided": true
                        }
                    }
                ],
                "train_model": "806",
                "is_open_for_all": true,
                "is_eid_trip": 0,
                "boarding_points": [
                    {
                        "trip_point_id": 106856133,
                        "location_id": 2781,
                        "location_name": "Birampur Station",
                        "location_time": "08:03 AM"
                    }
                ],
                "is_international": 0,
                "is_from_city_international": false
            }
        ],
        "selected_seat_class": "S_CHAIR"
    },
    "extra": {
        "hash": "46956DC04F11E6DCE43E06B3F32F866C"
    }
}