{
    "data": {
        "trains": [
            {
                "trip_number": "BANGLABANDHA EXPRESS (803)",
                "departure_date_time": "12 Nov, 12:53 am",
                "departure_full_date": "2024-11-12",
                "departure_date_time_jd": "Tue, 12 Nov 2024, 12:53 AM",
                "arrival_date_time": "12 Nov, 03:39 am",
                "travel_time": "02h 46m",
                "origin_city_name": "birampur",
                "destination_city_name": "thakurgaon_road",
                "seat_types": [
                    {
                        "key": 1,
                        "type": "AC_B",
                        "trip_id": 8362788,
                        "trip_route_id": 51025738,
                        "route_id": 20904,
                        "fare": "425.00",
                        "vat_percent": 15,
                        "vat_amount": 64,
                        "seat_counts": {
                            "online": 0,
                            "offline": 0,
                            "is_divided": true
                        }
                    },
                    {
                        "key": 7,
                        "type": "S_CHAIR",
                        "trip_id": 8362823,
                        "trip_route_id": 51028220,
                        "route_id": 20904,
                        "fare": "150.00",
                        "vat_percent": 0,
                        "vat_amount": 0,
                        "seat_counts": {
                            "online": 3,
                            "offline": 2,
                            "is_divided": true
                        }
                    }
                ],
                "train_model": "803",
                "is_open_for_all": true,
                "is_eid_trip": 0,
                "boarding_points": [
                    {
                        "trip_point_id": 106845605,
                        "location_id": 2781,
                        "location_name": "Birampur Station",
                        "location_time": "12:53 AM"
                    }
                ],
                "is_international": 0,
                "is_from_city_international": false
            },
            {
                "trip_number": "DRUTOJAN EXPRESS (757)",
                "departure_date_time": "12 Nov, 02:46 am",
                "departure_full_date": "2024-11-12",
                "departure_date_time_jd": "Tue, 12 Nov 2024, 02:46 AM",
                "arrival_date_time": "12 Nov, 05:37 am",
                "travel_time": "02h 51m",
                "origin_city_name": "birampur",
                "destination_city_name": "thakurgaon_road",
                "seat_types": [
                    {
                        "key": 7,
                        "type": "S_CHAIR",
                        "trip_id": 8362814,
                        "trip_route_id": 51027686,
                        "route_id": 23397,
                        "fare": "150.00",
                        "vat_percent": 0,
                        "vat_amount": 0,
                        "seat_counts": {
                            "online": 0,
                            "offline": 0,
                            "is_divided": true
                        }
                    }
                ],
                "train_model": "757",
                "is_open_for_all": true,
                "is_eid_trip": 0,
                "boarding_points": [
                    {
                        "trip_point_id": 106846406,
                        "location_id": 2781,
                        "location_name": "Birampur Station",
                        "location_time": "02:46 AM"
                    }
                ],
                "is_international": 0,
                "is_from_city_international": false
            },
            {
                "trip_number": "EKOTA EXPRESS (705)",
                "departure_date_time": "12 Nov, 05:37 pm",
                "departure_full_date": "2024-11-12",
                "departure_date_time_jd": "Tue, 12 Nov 2024, 05:37 PM",
                "arrival_date_time": "12 Nov, 08:15 pm",
                "travel_time": "02h 38m",
                "origin_city_name": "birampur",
                "destination_city_name": "thakurgaon_road",
                "seat_types": [
                    {
                        "key": 7,
                        "type": "S_CHAIR",
                        "trip_id": 8363094,
                        "trip_route_id": 51036018,
                        "route_id": 26411,
                        "fare": "150.00",
                        "vat_percent": 0,
                        "vat_amount": 0,
                        "seat_counts": {
                            "online": 5,
                            "offline": 5,
                            "is_divided": true
                        }
                    }
                ],
                "train_model": "705",
                "is_open_for_all": true,
                "is_eid_trip": 0,
                "boarding_points": [
                    {
                        "trip_point_id": 106851584,
                        "location_id": 2781,
                        "location_name": "Birampur Station",
                        "location_time": "05:37 PM"
                    }
                ],
                "is_international": 0,
                "is_from_city_international": false
            }
        ],
        "selected_seat_class": "S_CHAIR"
    },
    "extra": {
        "hash": "46956DC04F11E6DCE43E06B3F32F866C"
    }
}