{
    "data": {
        "trains": [
            {
                "trip_number": "LALMONI EXPRESS (752)",
                "departure_date_time": "12 Nov, 12:54 pm",
                "departure_full_date": "2024-11-12",
                "departure_date_time_jd": "Tue, 12 Nov 2024, 12:54 PM",
                "arrival_date_time": "12 Nov, 01:35 pm",
                "travel_time": "00h 41m",
                "origin_city_name": "bogura",
                "destination_city_name": "santahar",
                "seat_types": [
                    {
                        "key": 7,
                        "type": "S_CHAIR",
                        "trip_id": 8363079,
                        "trip_route_id": 51035004,
                        "route_id": 24673,
                        "fare": "50.00",
                        "vat_percent": 0,
                        "vat_amount": 0,
                        "seat_counts": {
                            "online": 5,
                            "offline": 5,
                            "is_divided": true
                        }
                    }
                ],
                "train_model": "752",
                "is_open_for_all": true,
                "is_eid_trip": 0,
                "boarding_points": [
                    {
                        "trip_point_id": 106851140,
                        "location_id": 2726,
                        "location_name": "Bogura Station",
                        "location_time": "12:54 PM"
                    }
                ],
                "is_international": 0,
                "is_from_city_international": false
            },
            {
                "trip_number": "DOLONCHAPA EXPRESS (768)",
                "departure_date_time": "12 Nov, 02:45 pm",
                "departure_full_date": "2024-11-12",
                "departure_date_time_jd": "Tue, 12 Nov 2024, 02:45 PM",
                "arrival_date_time": "12 Nov, 04:10 pm",
                "travel_time": "01h 25m",
                "origin_city_name": "bogura",
                "destination_city_name": "santahar",
                "seat_types": [
                    {
                        "key": 7,
                        "type": "S_CHAIR",
                        "trip_id": 8363125,
                        "trip_route_id": 51038045,
                        "route_id": 24669,
                        "fare": "50.00",
                        "vat_percent": 0,
                        "vat_amount": 0,
                        "seat_counts": {
                            "online": 65,
                            "offline": 65,
                            "is_divided": true
                        }
                    },
                    {
                        "key": 8,
                        "type": "SHOVAN",
                        "trip_id": 8363296,
                        "trip_route_id": 51044052,
                        "route_id": 24669,
                        "fare": "45.00",
                        "vat_percent": 0,
                        "vat_amount": 0,
                        "seat_counts": {
                            "online": 95,
                            "offline": 95,
                            "is_divided": true
                        }
                    },
                    {
                        "key": 5,
                        "type": "F_SEAT",
                        "trip_id": 8363298,
                        "trip_route_id": 51044131,
                        "route_id": 24669,
                        "fare": "90.00",
                        "vat_percent": 15,
                        "vat_amount": 14,
                        "seat_counts": {
                            "online": 9,
                            "offline": 9,
                            "is_divided": true
                        }
                    }
                ],
                "train_model": "768",
                "is_open_for_all": true,
                "is_eid_trip": 0,
                "boarding_points": [
                    {
                        "trip_point_id": 106852540,
                        "location_id": 2726,
                        "location_name": "Bogura Station",
                        "location_time": "02:45 PM"
                    }
                ],
                "is_international": 0,
                "is_from_city_international": false
            },
            {
                "trip_number": "KOROTOA EXPRESS (714)",
                "departure_date_time": "12 Nov, 09:50 pm",
                "departure_full_date": "2024-11-12",
                "departure_date_time_jd": "Tue, 12 Nov 2024, 09:50 PM",
                "arrival_date_time": "12 Nov, 10:40 pm",
                "travel_time": "00h 50m",
                "origin_city_name": "bogura",
                "destination_city_name": "santahar",
                "seat_types": [
                    {
                        "key": 7,
                        "type": "S_CHAIR",
                        "trip_id": 8363147,
                        "trip_route_id": 51039822,
                        "route_id": 21281,
                        "fare": "50.00",
                        "vat_percent": 0,
                        "vat_amount": 0,
                        "seat_counts": {
                            "online": 135,
                            "offline": 135,
                            "is_divided": true
                        }
                    }
                ],
                "train_model": "714",
                "is_open_for_all": true,
                "is_eid_trip": 0,
                "boarding_points": [
                    {
                        "trip_point_id": 106853279,
                        "location_id": 2726,
                        "location_name": "Bogura Station",
                        "location_time": "09:50 PM"
                    }
                ],
                "is_international": 0,
                "is_from_city_international": false
            },
            {
                "trip_number": "RANGPUR EXPRESS (772)",
                "departure_date_time": "12 Nov, 11:22 pm",
                "departure_full_date": "2024-11-12",
                "departure_date_time_jd": "Tue, 12 Nov 2024, 11:22 PM",
                "arrival_date_time": "13 Nov, 12:07 am",
                "travel_time": "00h 45m",
                "origin_city_name": "bogura",
                "destination_city_name": "santahar",
                "seat_types": [
                    {
                        "key": 7,
                        "type": "S_CHAIR",
                        "trip_id": 8363056,
                        "trip_route_id": 51034156,
                        "route_id": 26556,
                        "fare": "50.00",
                        "vat_percent": 0,
                        "vat_amount": 0,
                        "seat_counts": {
                            "online": 5,
                            "offline": 5,
                            "is_divided": true
                        }
                    }
                ],
                "train_model": "772",
                "is_open_for_all": true,
                "is_eid_trip": 0,
                "boarding_points": [
                    {
                        "trip_point_id": 106850576,
                        "location_id": 2726,
                        "location_name": "Bogura Station",
                        "location_time": "11:22 PM"
                    }
                ],
                "is_international": 0,
                "is_from_city_international": false
            }
        ],
        "selected_seat_class": "S_CHAIR"
    },
    "extra": {
        "hash": "46956DC04F11E6DCE43E06B3F32F866C"
    }
}