{
    "data": {
        "trains": [
            {
                "trip_number": "LALMONI EXPRESS (752)",
                "departure_date_time": "12 Nov, 12:54 pm",
                "departure_full_date": "2024-11-12",
                "departure_date_time_jd": "Tue, 12 Nov 2024, 12:54 PM",
                "arrival_date_time": "12 Nov, 02:23 pm",
                "travel_time": "01h 29m",
                "origin_city_name": "bogura",
                "destination_city_name": "natore",
                "seat_types": [
                    {
                        "key": 7,
                        "type": "S_CHAIR",
                        "trip_id": 8363079,
                        "trip_route_id": 51035005,
                        "route_id": 24674,
                        "fare": "105.00",
                        "vat_percent": 0,
                        "vat_amount": 0,
                        "seat_counts": {
                            "online": 0,
                            "offline": 0,
                            "is_divided": true
                        }
                    }
                ],
                "train_model": "752",
                "is_open_for_all": true,
                "is_eid_trip": 0,
                "boarding_points": [
                    {
                        "trip_point_id": 106851140,
                        "location_id": 2726,
                        "location_name": "Bogura Station",
                        "location_time": "12:54 PM"
                    }
                ],
                "is_international": 0,
                "is_from_city_international": false
            }
        ],
        "selected_seat_class": "S_CHAIR"
    },
    "extra": {
        "hash": "46956DC04F11E6DCE43E06B3F32F866C"
    }
}