{
    "data": {
        "trains": [
            {
                "trip_number": "DOLONCHAPA EXPRESS (768)",
                "departure_date_time": "12 Nov, 01:39 pm",
                "departure_full_date": "2024-11-12",
                "departure_date_time_jd": "Tue, 12 Nov 2024, 01:39 PM",
                "arrival_date_time": "12 Nov, 04:10 pm",
                "travel_time": "02h 31m",
                "origin_city_name": "bonar_para",
                "destination_city_name": "santahar",
                "seat_types": [
                    {
                        "key": 7,
                        "type": "S_CHAIR",
                        "trip_id": 8363125,
                        "trip_route_id": 51038067,
                        "route_id": 23690,
                        "fare": "100.00",
                        "vat_percent": 0,
                        "vat_amount": 0,
                        "seat_counts": {
                            "online": 8,
                            "offline": 7,
                            "is_divided": true
                        }
                    },
                    {
                        "key": 8,
                        "type": "SHOVAN",
                        "trip_id": 8363296,
                        "trip_route_id": 51044080,
                        "route_id": 23690,
                        "fare": "85.00",
                        "vat_percent": 0,
                        "vat_amount": 0,
                        "seat_counts": {
                            "online": 3,
                            "offline": 2,
                            "is_divided": true
                        }
                    }
                ],
                "train_model": "768",
                "is_open_for_all": true,
                "is_eid_trip": 0,
                "boarding_points": [
                    {
                        "trip_point_id": 106852546,
                        "location_id": 2711,
                        "location_name": "Bonar_Para Station",
                        "location_time": "01:39 PM"
                    }
                ],
                "is_international": 0,
                "is_from_city_international": false
            },
            {
                "trip_number": "KOROTOA EXPRESS (714)",
                "departure_date_time": "12 Nov, 08:50 pm",
                "departure_full_date": "2024-11-12",
                "departure_date_time_jd": "Tue, 12 Nov 2024, 08:50 PM",
                "arrival_date_time": "12 Nov, 10:40 pm",
                "travel_time": "01h 50m",
                "origin_city_name": "bonar_para",
                "destination_city_name": "santahar",
                "seat_types": [
                    {
                        "key": 7,
                        "type": "S_CHAIR",
                        "trip_id": 8363147,
                        "trip_route_id": 51039884,
                        "route_id": 21277,
                        "fare": "100.00",
                        "vat_percent": 0,
                        "vat_amount": 0,
                        "seat_counts": {
                            "online": 18,
                            "offline": 17,
                            "is_divided": true
                        }
                    }
                ],
                "train_model": "714",
                "is_open_for_all": true,
                "is_eid_trip": 0,
                "boarding_points": [
                    {
                        "trip_point_id": 106853287,
                        "location_id": 2711,
                        "location_name": "Bonar_Para Station",
                        "location_time": "08:50 PM"
                    }
                ],
                "is_international": 0,
                "is_from_city_international": false
            }
        ],
        "selected_seat_class": "S_CHAIR"
    },
    "extra": {
        "hash": "46956DC04F11E6DCE43E06B3F32F866C"
    }
}