{
    "data": {
        "trains": [
            {
                "trip_number": "DHUMKETU EXPRESS (770)",
                "departure_date_time": "12 Nov, 01:03 am",
                "departure_full_date": "2024-11-12",
                "departure_date_time_jd": "Tue, 12 Nov 2024, 01:03 AM",
                "arrival_date_time": "12 Nov, 05:00 am",
                "travel_time": "03h 57m",
                "origin_city_name": "boral_bridge",
                "destination_city_name": "dhaka",
                "seat_types": [
                    {
                        "key": 7,
                        "type": "S_CHAIR",
                        "trip_id": 8362739,
                        "trip_route_id": 51023416,
                        "route_id": 19576,
                        "fare": "300.00",
                        "vat_percent": 0,
                        "vat_amount": 0,
                        "seat_counts": {
                            "online": 0,
                            "offline": 0,
                            "is_divided": true
                        }
                    },
                    {
                        "key": 3,
                        "type": "SNIGDHA",
                        "trip_id": 8362740,
                        "trip_route_id": 51023439,
                        "route_id": 19576,
                        "fare": "495.00",
                        "vat_percent": 15,
                        "vat_amount": 75,
                        "seat_counts": {
                            "online": 0,
                            "offline": 0,
                            "is_divided": true
                        }
                    },
                    {
                        "key": 1,
                        "type": "AC_B",
                        "trip_id": 8362741,
                        "trip_route_id": 51023460,
                        "route_id": 19576,
                        "fare": "890.00",
                        "vat_percent": 15,
                        "vat_amount": 134,
                        "seat_counts": {
                            "online": 0,
                            "offline": 0,
                            "is_divided": true
                        }
                    }
                ],
                "train_model": "770",
                "is_open_for_all": true,
                "is_eid_trip": 0,
                "boarding_points": [
                    {
                        "trip_point_id": 106844278,
                        "location_id": 2706,
                        "location_name": "Boral_Bridge Station",
                        "location_time": "01:03 AM"
                    }
                ],
                "is_international": 0,
                "is_from_city_international": false
            },
            {
                "trip_number": "SILKCITY EXPRESS (754)",
                "departure_date_time": "12 Nov, 09:17 am",
                "departure_full_date": "2024-11-12",
                "departure_date_time_jd": "Tue, 12 Nov 2024, 09:17 AM",
                "arrival_date_time": "12 Nov, 01:20 pm",
                "travel_time": "04h 03m",
                "origin_city_name": "boral_bridge",
                "destination_city_name": "dhaka",
                "seat_types": [
                    {
                        "key": 2,
                        "type": "AC_S",
                        "trip_id": 8363066,
                        "trip_route_id": 51034559,
                        "route_id": 19576,
                        "fare": "595.00",
                        "vat_percent": 15,
                        "vat_amount": 90,
                        "seat_counts": {
                            "online": 1,
                            "offline": 1,
                            "is_divided": true
                        }
                    },
                    {
                        "key": 3,
                        "type": "SNIGDHA",
                        "trip_id": 8363067,
                        "trip_route_id": 51034600,
                        "route_id": 19576,
                        "fare": "495.00",
                        "vat_percent": 15,
                        "vat_amount": 75,
                        "seat_counts": {
                            "online": 4,
                            "offline": 3,
                            "is_divided": true
                        }
                    },
                    {
                        "key": 7,
                        "type": "S_CHAIR",
                        "trip_id": 8363068,
                        "trip_route_id": 51034641,
                        "route_id": 19576,
                        "fare": "300.00",
                        "vat_percent": 0,
                        "vat_amount": 0,
                        "seat_counts": {
                            "online": 0,
                            "offline": 0,
                            "is_divided": true
                        }
                    }
                ],
                "train_model": "754",
                "is_open_for_all": true,
                "is_eid_trip": 0,
                "boarding_points": [
                    {
                        "trip_point_id": 106850813,
                        "location_id": 2706,
                        "location_name": "Boral_Bridge Station",
                        "location_time": "09:17 AM"
                    }
                ],
                "is_international": 0,
                "is_from_city_international": false
            },
            {
                "trip_number": "CHITRA EXPRESS (763)",
                "departure_date_time": "12 Nov, 02:09 pm",
                "departure_full_date": "2024-11-12",
                "departure_date_time_jd": "Tue, 12 Nov 2024, 02:09 PM",
                "arrival_date_time": "12 Nov, 06:05 pm",
                "travel_time": "03h 56m",
                "origin_city_name": "boral_bridge",
                "destination_city_name": "dhaka",
                "seat_types": [
                    {
                        "key": 3,
                        "type": "SNIGDHA",
                        "trip_id": 8363103,
                        "trip_route_id": 51036690,
                        "route_id": 20722,
                        "fare": "495.00",
                        "vat_percent": 15,
                        "vat_amount": 75,
                        "seat_counts": {
                            "online": 0,
                            "offline": 0,
                            "is_divided": true
                        }
                    },
                    {
                        "key": 2,
                        "type": "AC_S",
                        "trip_id": 8363121,
                        "trip_route_id": 51037806,
                        "route_id": 20722,
                        "fare": "595.00",
                        "vat_percent": 15,
                        "vat_amount": 90,
                        "seat_counts": {
                            "online": 0,
                            "offline": 0,
                            "is_divided": true
                        }
                    },
                    {
                        "key": 7,
                        "type": "S_CHAIR",
                        "trip_id": 8363124,
                        "trip_route_id": 51038016,
                        "route_id": 20722,
                        "fare": "300.00",
                        "vat_percent": 0,
                        "vat_amount": 0,
                        "seat_counts": {
                            "online": 0,
                            "offline": 0,
                            "is_divided": true
                        }
                    }
                ],
                "train_model": "763",
                "is_open_for_all": true,
                "is_eid_trip": 0,
                "boarding_points": [
                    {
                        "trip_point_id": 106851916,
                        "location_id": 2706,
                        "location_name": "Boral_Bridge Station",
                        "location_time": "02:09 PM"
                    }
                ],
                "is_international": 0,
                "is_from_city_international": false
            },
            {
                "trip_number": "LALMONI EXPRESS (752)",
                "departure_date_time": "12 Nov, 03:33 pm",
                "departure_full_date": "2024-11-12",
                "departure_date_time_jd": "Tue, 12 Nov 2024, 03:33 PM",
                "arrival_date_time": "12 Nov, 07:40 pm",
                "travel_time": "04h 07m",
                "origin_city_name": "boral_bridge",
                "destination_city_name": "dhaka",
                "seat_types": [
                    {
                        "key": 3,
                        "type": "SNIGDHA",
                        "trip_id": 8363078,
                        "trip_route_id": 51034996,
                        "route_id": 19678,
                        "fare": "495.00",
                        "vat_percent": 15,
                        "vat_amount": 75,
                        "seat_counts": {
                            "online": 0,
                            "offline": 0,
                            "is_divided": true
                        }
                    },
                    {
                        "key": 7,
                        "type": "S_CHAIR",
                        "trip_id": 8363079,
                        "trip_route_id": 51035041,
                        "route_id": 19678,
                        "fare": "300.00",
                        "vat_percent": 0,
                        "vat_amount": 0,
                        "seat_counts": {
                            "online": 0,
                            "offline": 0,
                            "is_divided": true
                        }
                    }
                ],
                "train_model": "752",
                "is_open_for_all": true,
                "is_eid_trip": 0,
                "boarding_points": [
                    {
                        "trip_point_id": 106851115,
                        "location_id": 2706,
                        "location_name": "Boral_Bridge Station",
                        "location_time": "03:33 PM"
                    }
                ],
                "is_international": 0,
                "is_from_city_international": false
            }
        ],
        "selected_seat_class": "S_CHAIR"
    },
    "extra": {
        "hash": "46956DC04F11E6DCE43E06B3F32F866C"
    }
}