{
    "data": {
        "trains": [
            {
                "trip_number": "UPAKUL EXPRESS (711)",
                "departure_date_time": "12 Nov, 09:14 am",
                "departure_full_date": "2024-11-12",
                "departure_date_time_jd": "Tue, 12 Nov 2024, 09:14 AM",
                "arrival_date_time": "12 Nov, 10:47 am",
                "travel_time": "01h 33m",
                "origin_city_name": "brahmanbaria",
                "destination_city_name": "biman_bandar",
                "seat_types": [
                    {
                        "key": 3,
                        "type": "SNIGDHA",
                        "trip_id": 8363158,
                        "trip_route_id": 51040365,
                        "route_id": 22255,
                        "fare": "250.00",
                        "vat_percent": 15,
                        "vat_amount": 38,
                        "seat_counts": {
                            "online": 0,
                            "offline": 0,
                            "is_divided": true
                        }
                    },
                    {
                        "key": 7,
                        "type": "S_CHAIR",
                        "trip_id": 8363196,
                        "trip_route_id": 51041336,
                        "route_id": 22255,
                        "fare": "150.00",
                        "vat_percent": 0,
                        "vat_amount": 0,
                        "seat_counts": {
                            "online": 0,
                            "offline": 0,
                            "is_divided": true
                        }
                    }
                ],
                "train_model": "711",
                "is_open_for_all": true,
                "is_eid_trip": 0,
                "boarding_points": [
                    {
                        "trip_point_id": 106853524,
                        "location_id": 2826,
                        "location_name": "Brahmanbaria Station",
                        "location_time": "09:14 AM"
                    }
                ],
                "is_international": 0,
                "is_from_city_international": false
            },
            {
                "trip_number": "JAYENTIKA EXPRESS (718)",
                "departure_date_time": "12 Nov, 05:13 pm",
                "departure_full_date": "2024-11-12",
                "departure_date_time_jd": "Tue, 12 Nov 2024, 05:13 PM",
                "arrival_date_time": "12 Nov, 06:47 pm",
                "travel_time": "01h 34m",
                "origin_city_name": "brahmanbaria",
                "destination_city_name": "biman_bandar",
                "seat_types": [
                    {
                        "key": 3,
                        "type": "SNIGDHA",
                        "trip_id": 8363159,
                        "trip_route_id": 51040450,
                        "route_id": 22376,
                        "fare": "250.00",
                        "vat_percent": 15,
                        "vat_amount": 38,
                        "seat_counts": {
                            "online": 0,
                            "offline": 0,
                            "is_divided": true
                        }
                    },
                    {
                        "key": 2,
                        "type": "AC_S",
                        "trip_id": 8363197,
                        "trip_route_id": 51041421,
                        "route_id": 22376,
                        "fare": "295.00",
                        "vat_percent": 15,
                        "vat_amount": 45,
                        "seat_counts": {
                            "online": 0,
                            "offline": 0,
                            "is_divided": true
                        }
                    },
                    {
                        "key": 7,
                        "type": "S_CHAIR",
                        "trip_id": 8363285,
                        "trip_route_id": 51043648,
                        "route_id": 22376,
                        "fare": "150.00",
                        "vat_percent": 0,
                        "vat_amount": 0,
                        "seat_counts": {
                            "online": 0,
                            "offline": 0,
                            "is_divided": true
                        }
                    }
                ],
                "train_model": "718",
                "is_open_for_all": true,
                "is_eid_trip": 0,
                "boarding_points": [
                    {
                        "trip_point_id": 106853552,
                        "location_id": 2826,
                        "location_name": "Brahmanbaria Station",
                        "location_time": "05:13 PM"
                    }
                ],
                "is_international": 0,
                "is_from_city_international": false
            }
        ],
        "selected_seat_class": "S_CHAIR"
    },
    "extra": {
        "hash": "46956DC04F11E6DCE43E06B3F32F866C"
    }
}