{
    "data": {
        "trains": [
            {
                "trip_number": "MEGHNA EXPRESS (730)",
                "departure_date_time": "12 Nov, 05:00 am",
                "departure_full_date": "2024-11-12",
                "departure_date_time_jd": "Tue, 12 Nov 2024, 05:00 AM",
                "arrival_date_time": "12 Nov, 05:49 am",
                "travel_time": "00h 49m",
                "origin_city_name": "chandpur",
                "destination_city_name": "chitoshi_road",
                "seat_types": [
                    {
                        "key": 5,
                        "type": "F_SEAT",
                        "trip_id": 8363273,
                        "trip_route_id": 51043177,
                        "route_id": 22646,
                        "fare": "90.00",
                        "vat_percent": 15,
                        "vat_amount": 14,
                        "seat_counts": {
                            "online": 0,
                            "offline": 0,
                            "is_divided": true
                        }
                    },
                    {
                        "key": 7,
                        "type": "S_CHAIR",
                        "trip_id": 8363274,
                        "trip_route_id": 51043214,
                        "route_id": 22646,
                        "fare": "50.00",
                        "vat_percent": 0,
                        "vat_amount": 0,
                        "seat_counts": {
                            "online": 0,
                            "offline": 0,
                            "is_divided": true
                        }
                    },
                    {
                        "key": 8,
                        "type": "SHOVAN",
                        "trip_id": 8363275,
                        "trip_route_id": 51043251,
                        "route_id": 22646,
                        "fare": "55.00",
                        "vat_percent": 0,
                        "vat_amount": 0,
                        "seat_counts": {
                            "online": 10,
                            "offline": 10,
                            "is_divided": true
                        }
                    },
                    {
                        "key": 6,
                        "type": "F_CHAIR",
                        "trip_id": 8363289,
                        "trip_route_id": 51043795,
                        "route_id": 22646,
                        "fare": "90.00",
                        "vat_percent": 15,
                        "vat_amount": 14,
                        "seat_counts": {
                            "online": 0,
                            "offline": 0,
                            "is_divided": true
                        }
                    }
                ],
                "train_model": "730",
                "is_open_for_all": true,
                "is_eid_trip": 0,
                "boarding_points": [
                    {
                        "trip_point_id": 106855486,
                        "location_id": 2869,
                        "location_name": "Chandpur Station",
                        "location_time": "05:00 AM"
                    }
                ],
                "is_international": 0,
                "is_from_city_international": false
            }
        ],
        "selected_seat_class": "S_CHAIR"
    },
    "extra": {
        "hash": "46956DC04F11E6DCE43E06B3F32F866C"
    }
}