{
    "data": {
        "trains": [
            {
                "trip_number": "MAHANAGAR GODHULI (703)",
                "departure_date_time": "12 Nov, 03:00 pm",
                "departure_full_date": "2024-11-12",
                "departure_date_time_jd": "Tue, 12 Nov 2024, 03:00 PM",
                "arrival_date_time": "12 Nov, 04:36 pm",
                "travel_time": "01h 36m",
                "origin_city_name": "chattogram",
                "destination_city_name": "gunabati",
                "seat_types": [
                    {
                        "key": 3,
                        "type": "SNIGDHA",
                        "trip_id": 8363154,
                        "trip_route_id": 51040257,
                        "route_id": 22019,
                        "fare": "205.00",
                        "vat_percent": 15,
                        "vat_amount": 31,
                        "seat_counts": {
                            "online": 3,
                            "offline": 2,
                            "is_divided": true
                        }
                    },
                    {
                        "key": 7,
                        "type": "S_CHAIR",
                        "trip_id": 8363180,
                        "trip_route_id": 51040935,
                        "route_id": 22019,
                        "fare": "125.00",
                        "vat_percent": 0,
                        "vat_amount": 0,
                        "seat_counts": {
                            "online": 4,
                            "offline": 3,
                            "is_divided": true
                        }
                    }
                ],
                "train_model": "703",
                "is_open_for_all": true,
                "is_eid_trip": 0,
                "boarding_points": [
                    {
                        "trip_point_id": 106853454,
                        "location_id": 2820,
                        "location_name": "Chattogram Station",
                        "location_time": "03:00 PM"
                    }
                ],
                "is_international": 0,
                "is_from_city_international": false
            }
        ],
        "selected_seat_class": "S_CHAIR"
    },
    "extra": {
        "hash": "46956DC04F11E6DCE43E06B3F32F866C"
    }
}