{
    "data": {
        "trains": [
            {
                "trip_number": "CHATTALA EXPRESS (801)",
                "departure_date_time": "12 Nov, 06:00 am",
                "departure_full_date": "2024-11-12",
                "departure_date_time_jd": "Tue, 12 Nov 2024, 06:00 AM",
                "arrival_date_time": "12 Nov, 10:16 am",
                "travel_time": "04h 16m",
                "origin_city_name": "chattogram",
                "destination_city_name": "bhairab_bazar",
                "seat_types": [
                    {
                        "key": 7,
                        "type": "S_CHAIR",
                        "trip_id": 8363277,
                        "trip_route_id": 51043298,
                        "route_id": 22873,
                        "fare": "310.00",
                        "vat_percent": 0,
                        "vat_amount": 0,
                        "seat_counts": {
                            "online": 7,
                            "offline": 6,
                            "is_divided": true
                        }
                    },
                    {
                        "key": 3,
                        "type": "SNIGDHA",
                        "trip_id": 8363368,
                        "trip_route_id": 51044945,
                        "route_id": 22873,
                        "fare": "510.00",
                        "vat_percent": 15,
                        "vat_amount": 77,
                        "seat_counts": {
                            "online": 14,
                            "offline": 14,
                            "is_divided": true
                        }
                    }
                ],
                "train_model": "801",
                "is_open_for_all": true,
                "is_eid_trip": 0,
                "boarding_points": [
                    {
                        "trip_point_id": 106855555,
                        "location_id": 2820,
                        "location_name": "Chattogram Station",
                        "location_time": "06:00 AM"
                    }
                ],
                "is_international": 0,
                "is_from_city_international": false
            },
            {
                "trip_number": "MOHANAGAR EXPRESS (721)",
                "departure_date_time": "12 Nov, 12:30 pm",
                "departure_full_date": "2024-11-12",
                "departure_date_time_jd": "Tue, 12 Nov 2024, 12:30 PM",
                "arrival_date_time": "12 Nov, 04:55 pm",
                "travel_time": "04h 25m",
                "origin_city_name": "chattogram",
                "destination_city_name": "bhairab_bazar",
                "seat_types": [
                    {
                        "key": 3,
                        "type": "SNIGDHA",
                        "trip_id": 8363163,
                        "trip_route_id": 51040562,
                        "route_id": 22480,
                        "fare": "510.00",
                        "vat_percent": 15,
                        "vat_amount": 77,
                        "seat_counts": {
                            "online": 2,
                            "offline": 2,
                            "is_divided": true
                        }
                    },
                    {
                        "key": 2,
                        "type": "AC_S",
                        "trip_id": 8363202,
                        "trip_route_id": 51041615,
                        "route_id": 22480,
                        "fare": "615.00",
                        "vat_percent": 15,
                        "vat_amount": 93,
                        "seat_counts": {
                            "online": 3,
                            "offline": 3,
                            "is_divided": true
                        }
                    },
                    {
                        "key": 7,
                        "type": "S_CHAIR",
                        "trip_id": 8363286,
                        "trip_route_id": 51043693,
                        "route_id": 22480,
                        "fare": "310.00",
                        "vat_percent": 0,
                        "vat_amount": 0,
                        "seat_counts": {
                            "online": 0,
                            "offline": 0,
                            "is_divided": true
                        }
                    }
                ],
                "train_model": "721",
                "is_open_for_all": true,
                "is_eid_trip": 0,
                "boarding_points": [
                    {
                        "trip_point_id": 106853632,
                        "location_id": 2820,
                        "location_name": "Chattogram Station",
                        "location_time": "12:30 PM"
                    }
                ],
                "is_international": 0,
                "is_from_city_international": false
            },
            {
                "trip_number": "MAHANAGAR GODHULI (703)",
                "departure_date_time": "12 Nov, 03:00 pm",
                "departure_full_date": "2024-11-12",
                "departure_date_time_jd": "Tue, 12 Nov 2024, 03:00 PM",
                "arrival_date_time": "12 Nov, 07:04 pm",
                "travel_time": "04h 04m",
                "origin_city_name": "chattogram",
                "destination_city_name": "bhairab_bazar",
                "seat_types": [
                    {
                        "key": 3,
                        "type": "SNIGDHA",
                        "trip_id": 8363154,
                        "trip_route_id": 51040259,
                        "route_id": 22024,
                        "fare": "510.00",
                        "vat_percent": 15,
                        "vat_amount": 77,
                        "seat_counts": {
                            "online": 0,
                            "offline": 0,
                            "is_divided": true
                        }
                    },
                    {
                        "key": 2,
                        "type": "AC_S",
                        "trip_id": 8363178,
                        "trip_route_id": 51040896,
                        "route_id": 22024,
                        "fare": "615.00",
                        "vat_percent": 15,
                        "vat_amount": 93,
                        "seat_counts": {
                            "online": 2,
                            "offline": 1,
                            "is_divided": true
                        }
                    },
                    {
                        "key": 5,
                        "type": "F_SEAT",
                        "trip_id": 8363179,
                        "trip_route_id": 51040917,
                        "route_id": 22024,
                        "fare": "410.00",
                        "vat_percent": 15,
                        "vat_amount": 62,
                        "seat_counts": {
                            "online": 0,
                            "offline": 0,
                            "is_divided": true
                        }
                    },
                    {
                        "key": 7,
                        "type": "S_CHAIR",
                        "trip_id": 8363180,
                        "trip_route_id": 51040937,
                        "route_id": 22024,
                        "fare": "310.00",
                        "vat_percent": 0,
                        "vat_amount": 0,
                        "seat_counts": {
                            "online": 11,
                            "offline": 11,
                            "is_divided": true
                        }
                    }
                ],
                "train_model": "703",
                "is_open_for_all": true,
                "is_eid_trip": 0,
                "boarding_points": [
                    {
                        "trip_point_id": 106853454,
                        "location_id": 2820,
                        "location_name": "Chattogram Station",
                        "location_time": "03:00 PM"
                    }
                ],
                "is_international": 0,
                "is_from_city_international": false
            },
            {
                "trip_number": "TURNA (741)",
                "departure_date_time": "12 Nov, 11:30 pm",
                "departure_full_date": "2024-11-12",
                "departure_date_time_jd": "Tue, 12 Nov 2024, 11:30 PM",
                "arrival_date_time": "13 Nov, 03:30 am",
                "travel_time": "04h 00m",
                "origin_city_name": "chattogram",
                "destination_city_name": "bhairab_bazar",
                "seat_types": [
                    {
                        "key": 3,
                        "type": "SNIGDHA",
                        "trip_id": 8363173,
                        "trip_route_id": 51040811,
                        "route_id": 22820,
                        "fare": "510.00",
                        "vat_percent": 15,
                        "vat_amount": 77,
                        "seat_counts": {
                            "online": 0,
                            "offline": 0,
                            "is_divided": true
                        }
                    },
                    {
                        "key": 1,
                        "type": "AC_B",
                        "trip_id": 8363226,
                        "trip_route_id": 51042163,
                        "route_id": 22820,
                        "fare": "920.00",
                        "vat_percent": 15,
                        "vat_amount": 138,
                        "seat_counts": {
                            "online": 0,
                            "offline": 0,
                            "is_divided": true
                        }
                    },
                    {
                        "key": 4,
                        "type": "F_BERTH",
                        "trip_id": 8363227,
                        "trip_route_id": 51042176,
                        "route_id": 22820,
                        "fare": "615.00",
                        "vat_percent": 15,
                        "vat_amount": 93,
                        "seat_counts": {
                            "online": 0,
                            "offline": 0,
                            "is_divided": true
                        }
                    },
                    {
                        "key": 7,
                        "type": "S_CHAIR",
                        "trip_id": 8363228,
                        "trip_route_id": 51042189,
                        "route_id": 22820,
                        "fare": "310.00",
                        "vat_percent": 0,
                        "vat_amount": 0,
                        "seat_counts": {
                            "online": 0,
                            "offline": 0,
                            "is_divided": true
                        }
                    }
                ],
                "train_model": "741",
                "is_open_for_all": true,
                "is_eid_trip": 0,
                "boarding_points": [
                    {
                        "trip_point_id": 106853809,
                        "location_id": 2820,
                        "location_name": "Chattogram Station",
                        "location_time": "11:30 PM"
                    }
                ],
                "is_international": 0,
                "is_from_city_international": false
            }
        ],
        "selected_seat_class": "S_CHAIR"
    },
    "extra": {
        "hash": "46956DC04F11E6DCE43E06B3F32F866C"
    }
}