{
    "data": {
        "trains": [
            {
                "trip_number": "MEGHNA EXPRESS (729)",
                "departure_date_time": "12 Nov, 06:00 pm",
                "departure_full_date": "2024-11-12",
                "departure_date_time_jd": "Tue, 12 Nov 2024, 06:00 PM",
                "arrival_date_time": "12 Nov, 09:14 pm",
                "travel_time": "03h 14m",
                "origin_city_name": "chattogram",
                "destination_city_name": "hajiganj",
                "seat_types": [
                    {
                        "key": 8,
                        "type": "SHOVAN",
                        "trip_id": 8363269,
                        "trip_route_id": 51043063,
                        "route_id": 22612,
                        "fare": "180.00",
                        "vat_percent": 0,
                        "vat_amount": 0,
                        "seat_counts": {
                            "online": 19,
                            "offline": 19,
                            "is_divided": true
                        }
                    },
                    {
                        "key": 7,
                        "type": "S_CHAIR",
                        "trip_id": 8363282,
                        "trip_route_id": 51043493,
                        "route_id": 22612,
                        "fare": "220.00",
                        "vat_percent": 0,
                        "vat_amount": 0,
                        "seat_counts": {
                            "online": 3,
                            "offline": 2,
                            "is_divided": true
                        }
                    },
                    {
                        "key": 6,
                        "type": "F_CHAIR",
                        "trip_id": 8363288,
                        "trip_route_id": 51043757,
                        "route_id": 22612,
                        "fare": "290.00",
                        "vat_percent": 15,
                        "vat_amount": 44,
                        "seat_counts": {
                            "online": 2,
                            "offline": 1,
                            "is_divided": true
                        }
                    }
                ],
                "train_model": "729",
                "is_open_for_all": true,
                "is_eid_trip": 0,
                "boarding_points": [
                    {
                        "trip_point_id": 106855421,
                        "location_id": 2820,
                        "location_name": "Chattogram Station",
                        "location_time": "06:00 PM"
                    }
                ],
                "is_international": 0,
                "is_from_city_international": false
            }
        ],
        "selected_seat_class": "S_CHAIR"
    },
    "extra": {
        "hash": "46956DC04F11E6DCE43E06B3F32F866C"
    }
}