{
    "data": {
        "trains": [
            {
                "trip_number": "CHATTALA EXPRESS (801)",
                "departure_date_time": "12 Nov, 06:00 am",
                "departure_full_date": "2024-11-12",
                "departure_date_time_jd": "Tue, 12 Nov 2024, 06:00 AM",
                "arrival_date_time": "12 Nov, 09:55 am",
                "travel_time": "03h 55m",
                "origin_city_name": "chattogram",
                "destination_city_name": "brahmanbaria",
                "seat_types": [
                    {
                        "key": 7,
                        "type": "S_CHAIR",
                        "trip_id": 8363277,
                        "trip_route_id": 51043293,
                        "route_id": 22872,
                        "fare": "260.00",
                        "vat_percent": 0,
                        "vat_amount": 0,
                        "seat_counts": {
                            "online": 8,
                            "offline": 7,
                            "is_divided": true
                        }
                    },
                    {
                        "key": 3,
                        "type": "SNIGDHA",
                        "trip_id": 8363368,
                        "trip_route_id": 51044942,
                        "route_id": 22872,
                        "fare": "430.00",
                        "vat_percent": 15,
                        "vat_amount": 65,
                        "seat_counts": {
                            "online": 13,
                            "offline": 13,
                            "is_divided": true
                        }
                    }
                ],
                "train_model": "801",
                "is_open_for_all": true,
                "is_eid_trip": 0,
                "boarding_points": [
                    {
                        "trip_point_id": 106855555,
                        "location_id": 2820,
                        "location_name": "Chattogram Station",
                        "location_time": "06:00 AM"
                    }
                ],
                "is_international": 0,
                "is_from_city_international": false
            },
            {
                "trip_number": "MOHANAGAR EXPRESS (721)",
                "departure_date_time": "12 Nov, 12:30 pm",
                "departure_full_date": "2024-11-12",
                "departure_date_time_jd": "Tue, 12 Nov 2024, 12:30 PM",
                "arrival_date_time": "12 Nov, 04:26 pm",
                "travel_time": "03h 56m",
                "origin_city_name": "chattogram",
                "destination_city_name": "brahmanbaria",
                "seat_types": [
                    {
                        "key": 3,
                        "type": "SNIGDHA",
                        "trip_id": 8363163,
                        "trip_route_id": 51040558,
                        "route_id": 22478,
                        "fare": "430.00",
                        "vat_percent": 15,
                        "vat_amount": 65,
                        "seat_counts": {
                            "online": 0,
                            "offline": 0,
                            "is_divided": true
                        }
                    },
                    {
                        "key": 2,
                        "type": "AC_S",
                        "trip_id": 8363202,
                        "trip_route_id": 51041611,
                        "route_id": 22478,
                        "fare": "515.00",
                        "vat_percent": 15,
                        "vat_amount": 78,
                        "seat_counts": {
                            "online": 3,
                            "offline": 2,
                            "is_divided": true
                        }
                    },
                    {
                        "key": 7,
                        "type": "S_CHAIR",
                        "trip_id": 8363286,
                        "trip_route_id": 51043689,
                        "route_id": 22478,
                        "fare": "260.00",
                        "vat_percent": 0,
                        "vat_amount": 0,
                        "seat_counts": {
                            "online": 22,
                            "offline": 22,
                            "is_divided": true
                        }
                    }
                ],
                "train_model": "721",
                "is_open_for_all": true,
                "is_eid_trip": 0,
                "boarding_points": [
                    {
                        "trip_point_id": 106853632,
                        "location_id": 2820,
                        "location_name": "Chattogram Station",
                        "location_time": "12:30 PM"
                    }
                ],
                "is_international": 0,
                "is_from_city_international": false
            },
            {
                "trip_number": "MAHANAGAR GODHULI (703)",
                "departure_date_time": "12 Nov, 03:00 pm",
                "departure_full_date": "2024-11-12",
                "departure_date_time_jd": "Tue, 12 Nov 2024, 03:00 PM",
                "arrival_date_time": "12 Nov, 06:41 pm",
                "travel_time": "03h 41m",
                "origin_city_name": "chattogram",
                "destination_city_name": "brahmanbaria",
                "seat_types": [
                    {
                        "key": 3,
                        "type": "SNIGDHA",
                        "trip_id": 8363154,
                        "trip_route_id": 51040255,
                        "route_id": 22023,
                        "fare": "430.00",
                        "vat_percent": 15,
                        "vat_amount": 65,
                        "seat_counts": {
                            "online": 1,
                            "offline": 0,
                            "is_divided": true
                        }
                    },
                    {
                        "key": 2,
                        "type": "AC_S",
                        "trip_id": 8363178,
                        "trip_route_id": 51040892,
                        "route_id": 22023,
                        "fare": "515.00",
                        "vat_percent": 15,
                        "vat_amount": 78,
                        "seat_counts": {
                            "online": 3,
                            "offline": 3,
                            "is_divided": true
                        }
                    },
                    {
                        "key": 5,
                        "type": "F_SEAT",
                        "trip_id": 8363179,
                        "trip_route_id": 51040913,
                        "route_id": 22023,
                        "fare": "345.00",
                        "vat_percent": 15,
                        "vat_amount": 52,
                        "seat_counts": {
                            "online": 0,
                            "offline": 0,
                            "is_divided": true
                        }
                    },
                    {
                        "key": 7,
                        "type": "S_CHAIR",
                        "trip_id": 8363180,
                        "trip_route_id": 51040933,
                        "route_id": 22023,
                        "fare": "260.00",
                        "vat_percent": 0,
                        "vat_amount": 0,
                        "seat_counts": {
                            "online": 14,
                            "offline": 13,
                            "is_divided": true
                        }
                    }
                ],
                "train_model": "703",
                "is_open_for_all": true,
                "is_eid_trip": 0,
                "boarding_points": [
                    {
                        "trip_point_id": 106853454,
                        "location_id": 2820,
                        "location_name": "Chattogram Station",
                        "location_time": "03:00 PM"
                    }
                ],
                "is_international": 0,
                "is_from_city_international": false
            },
            {
                "trip_number": "TURNA (741)",
                "departure_date_time": "12 Nov, 11:30 pm",
                "departure_full_date": "2024-11-12",
                "departure_date_time_jd": "Tue, 12 Nov 2024, 11:30 PM",
                "arrival_date_time": "13 Nov, 03:07 am",
                "travel_time": "03h 37m",
                "origin_city_name": "chattogram",
                "destination_city_name": "brahmanbaria",
                "seat_types": [
                    {
                        "key": 3,
                        "type": "SNIGDHA",
                        "trip_id": 8363173,
                        "trip_route_id": 51040808,
                        "route_id": 22819,
                        "fare": "430.00",
                        "vat_percent": 15,
                        "vat_amount": 65,
                        "seat_counts": {
                            "online": 0,
                            "offline": 0,
                            "is_divided": true
                        }
                    },
                    {
                        "key": 1,
                        "type": "AC_B",
                        "trip_id": 8363226,
                        "trip_route_id": 51042160,
                        "route_id": 22819,
                        "fare": "775.00",
                        "vat_percent": 15,
                        "vat_amount": 117,
                        "seat_counts": {
                            "online": 0,
                            "offline": 0,
                            "is_divided": true
                        }
                    },
                    {
                        "key": 4,
                        "type": "F_BERTH",
                        "trip_id": 8363227,
                        "trip_route_id": 51042173,
                        "route_id": 22819,
                        "fare": "515.00",
                        "vat_percent": 15,
                        "vat_amount": 78,
                        "seat_counts": {
                            "online": 0,
                            "offline": 0,
                            "is_divided": true
                        }
                    },
                    {
                        "key": 7,
                        "type": "S_CHAIR",
                        "trip_id": 8363228,
                        "trip_route_id": 51042186,
                        "route_id": 22819,
                        "fare": "260.00",
                        "vat_percent": 0,
                        "vat_amount": 0,
                        "seat_counts": {
                            "online": 0,
                            "offline": 0,
                            "is_divided": true
                        }
                    }
                ],
                "train_model": "741",
                "is_open_for_all": true,
                "is_eid_trip": 0,
                "boarding_points": [
                    {
                        "trip_point_id": 106853809,
                        "location_id": 2820,
                        "location_name": "Chattogram Station",
                        "location_time": "11:30 PM"
                    }
                ],
                "is_international": 0,
                "is_from_city_international": false
            }
        ],
        "selected_seat_class": "S_CHAIR"
    },
    "extra": {
        "hash": "46956DC04F11E6DCE43E06B3F32F866C"
    }
}