{
    "data": {
        "trains": [
            {
                "trip_number": "PAHARIKA EXPRESS (719)",
                "departure_date_time": "12 Nov, 07:50 am",
                "departure_full_date": "2024-11-12",
                "departure_date_time_jd": "Tue, 12 Nov 2024, 07:50 AM",
                "arrival_date_time": "12 Nov, 12:28 pm",
                "travel_time": "04h 38m",
                "origin_city_name": "chattogram",
                "destination_city_name": "nayapara",
                "seat_types": [
                    {
                        "key": 7,
                        "type": "S_CHAIR",
                        "trip_id": 8363199,
                        "trip_route_id": 51041475,
                        "route_id": 22388,
                        "fare": "290.00",
                        "vat_percent": 0,
                        "vat_amount": 0,
                        "seat_counts": {
                            "online": 0,
                            "offline": 0,
                            "is_divided": true
                        }
                    }
                ],
                "train_model": "719",
                "is_open_for_all": true,
                "is_eid_trip": 0,
                "boarding_points": [
                    {
                        "trip_point_id": 106854265,
                        "location_id": 2820,
                        "location_name": "Chattogram Station",
                        "location_time": "07:50 AM"
                    }
                ],
                "is_international": 0,
                "is_from_city_international": false
            }
        ],
        "selected_seat_class": "S_CHAIR"
    },
    "extra": {
        "hash": "46956DC04F11E6DCE43E06B3F32F866C"
    }
}