{
    "data": {
        "trains": [
            {
                "trip_number": "EID SPL 9 (09)",
                "departure_date_time": "12 Nov, 07:00 am",
                "departure_full_date": "2024-11-12",
                "departure_date_time_jd": "Tue, 12 Nov 2024, 07:00 AM",
                "arrival_date_time": "12 Nov, 07:10 am",
                "travel_time": "00h 10m",
                "origin_city_name": "chattogram",
                "destination_city_name": "sholoshohor",
                "seat_types": [
                    {
                        "key": 8,
                        "type": "SHOVAN",
                        "trip_id": 8356488,
                        "trip_route_id": 50817299,
                        "route_id": 26282,
                        "fare": "45.00",
                        "vat_percent": 0,
                        "vat_amount": 0,
                        "seat_counts": {
                            "online": 20,
                            "offline": 20,
                            "is_divided": true
                        }
                    },
                    {
                        "key": 7,
                        "type": "S_CHAIR",
                        "trip_id": 8356510,
                        "trip_route_id": 50817443,
                        "route_id": 26282,
                        "fare": "50.00",
                        "vat_percent": 0,
                        "vat_amount": 0,
                        "seat_counts": {
                            "online": 10,
                            "offline": 10,
                            "is_divided": true
                        }
                    }
                ],
                "train_model": "09",
                "is_open_for_all": true,
                "is_eid_trip": 0,
                "boarding_points": [
                    {
                        "trip_point_id": 106724273,
                        "location_id": 2820,
                        "location_name": "Chattogram Station",
                        "location_time": "07:00 AM"
                    }
                ],
                "is_international": 0,
                "is_from_city_international": false
            }
        ],
        "selected_seat_class": "S_CHAIR"
    },
    "extra": {
        "hash": "46956DC04F11E6DCE43E06B3F32F866C"
    }
}