{
    "data": {
        "trains": [
            {
                "trip_number": "DHUMKETU EXPRESS (770)",
                "departure_date_time": "12 Nov, 12:47 am",
                "departure_full_date": "2024-11-12",
                "departure_date_time_jd": "Tue, 12 Nov 2024, 12:47 AM",
                "arrival_date_time": "12 Nov, 05:00 am",
                "travel_time": "04h 13m",
                "origin_city_name": "chatmohar",
                "destination_city_name": "dhaka",
                "seat_types": [
                    {
                        "key": 7,
                        "type": "S_CHAIR",
                        "trip_id": 8362739,
                        "trip_route_id": 51023409,
                        "route_id": 19573,
                        "fare": "310.00",
                        "vat_percent": 0,
                        "vat_amount": 0,
                        "seat_counts": {
                            "online": 0,
                            "offline": 0,
                            "is_divided": true
                        }
                    },
                    {
                        "key": 3,
                        "type": "SNIGDHA",
                        "trip_id": 8362740,
                        "trip_route_id": 51023432,
                        "route_id": 19573,
                        "fare": "515.00",
                        "vat_percent": 15,
                        "vat_amount": 78,
                        "seat_counts": {
                            "online": 0,
                            "offline": 0,
                            "is_divided": true
                        }
                    },
                    {
                        "key": 1,
                        "type": "AC_B",
                        "trip_id": 8362741,
                        "trip_route_id": 51023453,
                        "route_id": 19573,
                        "fare": "930.00",
                        "vat_percent": 15,
                        "vat_amount": 140,
                        "seat_counts": {
                            "online": 0,
                            "offline": 0,
                            "is_divided": true
                        }
                    }
                ],
                "train_model": "770",
                "is_open_for_all": true,
                "is_eid_trip": 0,
                "boarding_points": [
                    {
                        "trip_point_id": 106844274,
                        "location_id": 2792,
                        "location_name": "Chatmohar Station",
                        "location_time": "12:47 AM"
                    }
                ],
                "is_international": 0,
                "is_from_city_international": false
            },
            {
                "trip_number": "SILKCITY EXPRESS (754)",
                "departure_date_time": "12 Nov, 09:01 am",
                "departure_full_date": "2024-11-12",
                "departure_date_time_jd": "Tue, 12 Nov 2024, 09:01 AM",
                "arrival_date_time": "12 Nov, 01:20 pm",
                "travel_time": "04h 19m",
                "origin_city_name": "chatmohar",
                "destination_city_name": "dhaka",
                "seat_types": [
                    {
                        "key": 2,
                        "type": "AC_S",
                        "trip_id": 8363066,
                        "trip_route_id": 51034548,
                        "route_id": 19573,
                        "fare": "620.00",
                        "vat_percent": 15,
                        "vat_amount": 93,
                        "seat_counts": {
                            "online": 0,
                            "offline": 0,
                            "is_divided": true
                        }
                    },
                    {
                        "key": 3,
                        "type": "SNIGDHA",
                        "trip_id": 8363067,
                        "trip_route_id": 51034589,
                        "route_id": 19573,
                        "fare": "515.00",
                        "vat_percent": 15,
                        "vat_amount": 78,
                        "seat_counts": {
                            "online": 0,
                            "offline": 0,
                            "is_divided": true
                        }
                    },
                    {
                        "key": 7,
                        "type": "S_CHAIR",
                        "trip_id": 8363068,
                        "trip_route_id": 51034630,
                        "route_id": 19573,
                        "fare": "310.00",
                        "vat_percent": 0,
                        "vat_amount": 0,
                        "seat_counts": {
                            "online": 0,
                            "offline": 0,
                            "is_divided": true
                        }
                    }
                ],
                "train_model": "754",
                "is_open_for_all": true,
                "is_eid_trip": 0,
                "boarding_points": [
                    {
                        "trip_point_id": 106850808,
                        "location_id": 2792,
                        "location_name": "Chatmohar Station",
                        "location_time": "09:01 AM"
                    }
                ],
                "is_international": 0,
                "is_from_city_international": false
            },
            {
                "trip_number": "CHITRA EXPRESS (763)",
                "departure_date_time": "12 Nov, 01:53 pm",
                "departure_full_date": "2024-11-12",
                "departure_date_time_jd": "Tue, 12 Nov 2024, 01:53 PM",
                "arrival_date_time": "12 Nov, 06:05 pm",
                "travel_time": "04h 12m",
                "origin_city_name": "chatmohar",
                "destination_city_name": "dhaka",
                "seat_types": [
                    {
                        "key": 3,
                        "type": "SNIGDHA",
                        "trip_id": 8363103,
                        "trip_route_id": 51036678,
                        "route_id": 20721,
                        "fare": "515.00",
                        "vat_percent": 15,
                        "vat_amount": 78,
                        "seat_counts": {
                            "online": 0,
                            "offline": 0,
                            "is_divided": true
                        }
                    },
                    {
                        "key": 2,
                        "type": "AC_S",
                        "trip_id": 8363121,
                        "trip_route_id": 51037795,
                        "route_id": 20721,
                        "fare": "620.00",
                        "vat_percent": 15,
                        "vat_amount": 93,
                        "seat_counts": {
                            "online": 0,
                            "offline": 0,
                            "is_divided": true
                        }
                    },
                    {
                        "key": 7,
                        "type": "S_CHAIR",
                        "trip_id": 8363124,
                        "trip_route_id": 51038001,
                        "route_id": 20721,
                        "fare": "310.00",
                        "vat_percent": 0,
                        "vat_amount": 0,
                        "seat_counts": {
                            "online": 0,
                            "offline": 0,
                            "is_divided": true
                        }
                    }
                ],
                "train_model": "763",
                "is_open_for_all": true,
                "is_eid_trip": 0,
                "boarding_points": [
                    {
                        "trip_point_id": 106851909,
                        "location_id": 2792,
                        "location_name": "Chatmohar Station",
                        "location_time": "01:53 PM"
                    }
                ],
                "is_international": 0,
                "is_from_city_international": false
            },
            {
                "trip_number": "DRUTOJAN EXPRESS (758)",
                "departure_date_time": "12 Nov, 02:50 pm",
                "departure_full_date": "2024-11-12",
                "departure_date_time_jd": "Tue, 12 Nov 2024, 02:50 PM",
                "arrival_date_time": "12 Nov, 06:55 pm",
                "travel_time": "04h 05m",
                "origin_city_name": "chatmohar",
                "destination_city_name": "dhaka",
                "seat_types": [
                    {
                        "key": 3,
                        "type": "SNIGDHA",
                        "trip_id": 8363123,
                        "trip_route_id": 51037918,
                        "route_id": 23449,
                        "fare": "515.00",
                        "vat_percent": 15,
                        "vat_amount": 78,
                        "seat_counts": {
                            "online": 0,
                            "offline": 0,
                            "is_divided": true
                        }
                    },
                    {
                        "key": 7,
                        "type": "S_CHAIR",
                        "trip_id": 8363133,
                        "trip_route_id": 51039023,
                        "route_id": 23449,
                        "fare": "310.00",
                        "vat_percent": 0,
                        "vat_amount": 0,
                        "seat_counts": {
                            "online": 0,
                            "offline": 0,
                            "is_divided": true
                        }
                    },
                    {
                        "key": 2,
                        "type": "AC_S",
                        "trip_id": 8363134,
                        "trip_route_id": 51039094,
                        "route_id": 23449,
                        "fare": "620.00",
                        "vat_percent": 15,
                        "vat_amount": 93,
                        "seat_counts": {
                            "online": 0,
                            "offline": 0,
                            "is_divided": true
                        }
                    }
                ],
                "train_model": "758",
                "is_open_for_all": true,
                "is_eid_trip": 0,
                "boarding_points": [
                    {
                        "trip_point_id": 106852467,
                        "location_id": 2792,
                        "location_name": "Chatmohar Station",
                        "location_time": "02:50 PM"
                    }
                ],
                "is_international": 0,
                "is_from_city_international": false
            }
        ],
        "selected_seat_class": "S_CHAIR"
    },
    "extra": {
        "hash": "46956DC04F11E6DCE43E06B3F32F866C"
    }
}