{
    "data": {
        "trains": [
            {
                "trip_number": "CHATTALA EXPRESS (801)",
                "departure_date_time": "12 Nov, 06:00 am",
                "departure_full_date": "2024-11-12",
                "departure_date_time_jd": "Tue, 12 Nov 2024, 06:00 AM",
                "arrival_date_time": "12 Nov, 09:35 am",
                "travel_time": "03h 35m",
                "origin_city_name": "chattogram",
                "destination_city_name": "akhaura",
                "seat_types": [
                    {
                        "key": 7,
                        "type": "S_CHAIR",
                        "trip_id": 8363277,
                        "trip_route_id": 51043297,
                        "route_id": 22871,
                        "fare": "240.00",
                        "vat_percent": 0,
                        "vat_amount": 0,
                        "seat_counts": {
                            "online": 4,
                            "offline": 3,
                            "is_divided": true
                        }
                    },
                    {
                        "key": 3,
                        "type": "SNIGDHA",
                        "trip_id": 8363368,
                        "trip_route_id": 51044944,
                        "route_id": 22871,
                        "fare": "400.00",
                        "vat_percent": 15,
                        "vat_amount": 60,
                        "seat_counts": {
                            "online": 5,
                            "offline": 4,
                            "is_divided": true
                        }
                    }
                ],
                "train_model": "801",
                "is_open_for_all": true,
                "is_eid_trip": 0,
                "boarding_points": [
                    {
                        "trip_point_id": 106855555,
                        "location_id": 2820,
                        "location_name": "Chattogram Station",
                        "location_time": "06:00 AM"
                    }
                ],
                "is_international": 0,
                "is_from_city_international": false
            },
            {
                "trip_number": "PAHARIKA EXPRESS (719)",
                "departure_date_time": "12 Nov, 07:50 am",
                "departure_full_date": "2024-11-12",
                "departure_date_time_jd": "Tue, 12 Nov 2024, 07:50 AM",
                "arrival_date_time": "12 Nov, 11:30 am",
                "travel_time": "03h 40m",
                "origin_city_name": "chattogram",
                "destination_city_name": "akhaura",
                "seat_types": [
                    {
                        "key": 3,
                        "type": "SNIGDHA",
                        "trip_id": 8363161,
                        "trip_route_id": 51040486,
                        "route_id": 22386,
                        "fare": "400.00",
                        "vat_percent": 15,
                        "vat_amount": 60,
                        "seat_counts": {
                            "online": 0,
                            "offline": 0,
                            "is_divided": true
                        }
                    },
                    {
                        "key": 2,
                        "type": "AC_S",
                        "trip_id": 8363198,
                        "trip_route_id": 51041450,
                        "route_id": 22386,
                        "fare": "480.00",
                        "vat_percent": 15,
                        "vat_amount": 72,
                        "seat_counts": {
                            "online": 0,
                            "offline": 0,
                            "is_divided": true
                        }
                    },
                    {
                        "key": 7,
                        "type": "S_CHAIR",
                        "trip_id": 8363199,
                        "trip_route_id": 51041474,
                        "route_id": 22386,
                        "fare": "240.00",
                        "vat_percent": 0,
                        "vat_amount": 0,
                        "seat_counts": {
                            "online": 2,
                            "offline": 2,
                            "is_divided": true
                        }
                    }
                ],
                "train_model": "719",
                "is_open_for_all": true,
                "is_eid_trip": 0,
                "boarding_points": [
                    {
                        "trip_point_id": 106853593,
                        "location_id": 2820,
                        "location_name": "Chattogram Station",
                        "location_time": "07:50 AM"
                    }
                ],
                "is_international": 0,
                "is_from_city_international": false
            },
            {
                "trip_number": "MOHANAGAR EXPRESS (721)",
                "departure_date_time": "12 Nov, 12:30 pm",
                "departure_full_date": "2024-11-12",
                "departure_date_time_jd": "Tue, 12 Nov 2024, 12:30 PM",
                "arrival_date_time": "12 Nov, 04:05 pm",
                "travel_time": "03h 35m",
                "origin_city_name": "chattogram",
                "destination_city_name": "akhaura",
                "seat_types": [
                    {
                        "key": 3,
                        "type": "SNIGDHA",
                        "trip_id": 8363163,
                        "trip_route_id": 51040561,
                        "route_id": 22477,
                        "fare": "400.00",
                        "vat_percent": 15,
                        "vat_amount": 60,
                        "seat_counts": {
                            "online": 1,
                            "offline": 0,
                            "is_divided": true
                        }
                    },
                    {
                        "key": 2,
                        "type": "AC_S",
                        "trip_id": 8363202,
                        "trip_route_id": 51041614,
                        "route_id": 22477,
                        "fare": "480.00",
                        "vat_percent": 15,
                        "vat_amount": 72,
                        "seat_counts": {
                            "online": 2,
                            "offline": 1,
                            "is_divided": true
                        }
                    },
                    {
                        "key": 7,
                        "type": "S_CHAIR",
                        "trip_id": 8363286,
                        "trip_route_id": 51043692,
                        "route_id": 22477,
                        "fare": "240.00",
                        "vat_percent": 0,
                        "vat_amount": 0,
                        "seat_counts": {
                            "online": 10,
                            "offline": 10,
                            "is_divided": true
                        }
                    }
                ],
                "train_model": "721",
                "is_open_for_all": true,
                "is_eid_trip": 0,
                "boarding_points": [
                    {
                        "trip_point_id": 106853632,
                        "location_id": 2820,
                        "location_name": "Chattogram Station",
                        "location_time": "12:30 PM"
                    }
                ],
                "is_international": 0,
                "is_from_city_international": false
            },
            {
                "trip_number": "MAHANAGAR GODHULI (703)",
                "departure_date_time": "12 Nov, 03:00 pm",
                "departure_full_date": "2024-11-12",
                "departure_date_time_jd": "Tue, 12 Nov 2024, 03:00 PM",
                "arrival_date_time": "12 Nov, 06:20 pm",
                "travel_time": "03h 20m",
                "origin_city_name": "chattogram",
                "destination_city_name": "akhaura",
                "seat_types": [
                    {
                        "key": 3,
                        "type": "SNIGDHA",
                        "trip_id": 8363154,
                        "trip_route_id": 51040258,
                        "route_id": 22022,
                        "fare": "400.00",
                        "vat_percent": 15,
                        "vat_amount": 60,
                        "seat_counts": {
                            "online": 0,
                            "offline": 0,
                            "is_divided": true
                        }
                    },
                    {
                        "key": 2,
                        "type": "AC_S",
                        "trip_id": 8363178,
                        "trip_route_id": 51040895,
                        "route_id": 22022,
                        "fare": "480.00",
                        "vat_percent": 15,
                        "vat_amount": 72,
                        "seat_counts": {
                            "online": 0,
                            "offline": 0,
                            "is_divided": true
                        }
                    },
                    {
                        "key": 5,
                        "type": "F_SEAT",
                        "trip_id": 8363179,
                        "trip_route_id": 51040916,
                        "route_id": 22022,
                        "fare": "320.00",
                        "vat_percent": 15,
                        "vat_amount": 48,
                        "seat_counts": {
                            "online": 0,
                            "offline": 0,
                            "is_divided": true
                        }
                    },
                    {
                        "key": 7,
                        "type": "S_CHAIR",
                        "trip_id": 8363180,
                        "trip_route_id": 51040936,
                        "route_id": 22022,
                        "fare": "240.00",
                        "vat_percent": 0,
                        "vat_amount": 0,
                        "seat_counts": {
                            "online": 1,
                            "offline": 1,
                            "is_divided": true
                        }
                    }
                ],
                "train_model": "703",
                "is_open_for_all": true,
                "is_eid_trip": 0,
                "boarding_points": [
                    {
                        "trip_point_id": 106853454,
                        "location_id": 2820,
                        "location_name": "Chattogram Station",
                        "location_time": "03:00 PM"
                    }
                ],
                "is_international": 0,
                "is_from_city_international": false
            },
            {
                "trip_number": "UDAYAN EXPRESS (723)",
                "departure_date_time": "12 Nov, 09:45 pm",
                "departure_full_date": "2024-11-12",
                "departure_date_time_jd": "Tue, 12 Nov 2024, 09:45 PM",
                "arrival_date_time": "13 Nov, 01:05 am",
                "travel_time": "03h 20m",
                "origin_city_name": "chattogram",
                "destination_city_name": "akhaura",
                "seat_types": [
                    {
                        "key": 3,
                        "type": "SNIGDHA",
                        "trip_id": 8363165,
                        "trip_route_id": 51040629,
                        "route_id": 22546,
                        "fare": "400.00",
                        "vat_percent": 15,
                        "vat_amount": 60,
                        "seat_counts": {
                            "online": 0,
                            "offline": 0,
                            "is_divided": true
                        }
                    },
                    {
                        "key": 7,
                        "type": "S_CHAIR",
                        "trip_id": 8363205,
                        "trip_route_id": 51041706,
                        "route_id": 22546,
                        "fare": "240.00",
                        "vat_percent": 0,
                        "vat_amount": 0,
                        "seat_counts": {
                            "online": 7,
                            "offline": 7,
                            "is_divided": true
                        }
                    },
                    {
                        "key": 1,
                        "type": "AC_B",
                        "trip_id": 8363206,
                        "trip_route_id": 51041737,
                        "route_id": 22546,
                        "fare": "720.00",
                        "vat_percent": 15,
                        "vat_amount": 108,
                        "seat_counts": {
                            "online": 0,
                            "offline": 0,
                            "is_divided": true
                        }
                    }
                ],
                "train_model": "723",
                "is_open_for_all": true,
                "is_eid_trip": 0,
                "boarding_points": [
                    {
                        "trip_point_id": 106853680,
                        "location_id": 2820,
                        "location_name": "Chattogram Station",
                        "location_time": "09:45 PM"
                    }
                ],
                "is_international": 0,
                "is_from_city_international": false
            },
            {
                "trip_number": "TURNA (741)",
                "departure_date_time": "12 Nov, 11:30 pm",
                "departure_full_date": "2024-11-12",
                "departure_date_time_jd": "Tue, 12 Nov 2024, 11:30 PM",
                "arrival_date_time": "13 Nov, 02:47 am",
                "travel_time": "03h 17m",
                "origin_city_name": "chattogram",
                "destination_city_name": "akhaura",
                "seat_types": [
                    {
                        "key": 3,
                        "type": "SNIGDHA",
                        "trip_id": 8363173,
                        "trip_route_id": 51040810,
                        "route_id": 22818,
                        "fare": "400.00",
                        "vat_percent": 15,
                        "vat_amount": 60,
                        "seat_counts": {
                            "online": 0,
                            "offline": 0,
                            "is_divided": true
                        }
                    },
                    {
                        "key": 1,
                        "type": "AC_B",
                        "trip_id": 8363226,
                        "trip_route_id": 51042162,
                        "route_id": 22818,
                        "fare": "720.00",
                        "vat_percent": 15,
                        "vat_amount": 108,
                        "seat_counts": {
                            "online": 0,
                            "offline": 0,
                            "is_divided": true
                        }
                    },
                    {
                        "key": 4,
                        "type": "F_BERTH",
                        "trip_id": 8363227,
                        "trip_route_id": 51042175,
                        "route_id": 22818,
                        "fare": "480.00",
                        "vat_percent": 15,
                        "vat_amount": 72,
                        "seat_counts": {
                            "online": 0,
                            "offline": 0,
                            "is_divided": true
                        }
                    },
                    {
                        "key": 7,
                        "type": "S_CHAIR",
                        "trip_id": 8363228,
                        "trip_route_id": 51042188,
                        "route_id": 22818,
                        "fare": "240.00",
                        "vat_percent": 0,
                        "vat_amount": 0,
                        "seat_counts": {
                            "online": 0,
                            "offline": 0,
                            "is_divided": true
                        }
                    }
                ],
                "train_model": "741",
                "is_open_for_all": true,
                "is_eid_trip": 0,
                "boarding_points": [
                    {
                        "trip_point_id": 106853809,
                        "location_id": 2820,
                        "location_name": "Chattogram Station",
                        "location_time": "11:30 PM"
                    }
                ],
                "is_international": 0,
                "is_from_city_international": false
            }
        ],
        "selected_seat_class": "S_CHAIR"
    },
    "extra": {
        "hash": "46956DC04F11E6DCE43E06B3F32F866C"
    }
}