{
    "data": {
        "trains": [
            {
                "trip_number": "PAHARIKA EXPRESS (719)",
                "departure_date_time": "12 Nov, 07:50 am",
                "departure_full_date": "2024-11-12",
                "departure_date_time_jd": "Tue, 12 Nov 2024, 07:50 AM",
                "arrival_date_time": "12 Nov, 01:30 pm",
                "travel_time": "05h 40m",
                "origin_city_name": "chattogram",
                "destination_city_name": "sreemangal",
                "seat_types": [
                    {
                        "key": 3,
                        "type": "SNIGDHA",
                        "trip_id": 8363161,
                        "trip_route_id": 51040481,
                        "route_id": 22390,
                        "fare": "575.00",
                        "vat_percent": 15,
                        "vat_amount": 87,
                        "seat_counts": {
                            "online": 0,
                            "offline": 0,
                            "is_divided": true
                        }
                    },
                    {
                        "key": 2,
                        "type": "AC_S",
                        "trip_id": 8363198,
                        "trip_route_id": 51041446,
                        "route_id": 22390,
                        "fare": "690.00",
                        "vat_percent": 15,
                        "vat_amount": 104,
                        "seat_counts": {
                            "online": 0,
                            "offline": 0,
                            "is_divided": true
                        }
                    },
                    {
                        "key": 7,
                        "type": "S_CHAIR",
                        "trip_id": 8363199,
                        "trip_route_id": 51041469,
                        "route_id": 22390,
                        "fare": "345.00",
                        "vat_percent": 0,
                        "vat_amount": 0,
                        "seat_counts": {
                            "online": 0,
                            "offline": 0,
                            "is_divided": true
                        }
                    }
                ],
                "train_model": "719",
                "is_open_for_all": true,
                "is_eid_trip": 0,
                "boarding_points": [
                    {
                        "trip_point_id": 106853593,
                        "location_id": 2820,
                        "location_name": "Chattogram Station",
                        "location_time": "07:50 AM"
                    }
                ],
                "is_international": 0,
                "is_from_city_international": false
            },
            {
                "trip_number": "UDAYAN EXPRESS (723)",
                "departure_date_time": "12 Nov, 09:45 pm",
                "departure_full_date": "2024-11-12",
                "departure_date_time_jd": "Tue, 12 Nov 2024, 09:45 PM",
                "arrival_date_time": "13 Nov, 03:10 am",
                "travel_time": "05h 25m",
                "origin_city_name": "chattogram",
                "destination_city_name": "sreemangal",
                "seat_types": [
                    {
                        "key": 3,
                        "type": "SNIGDHA",
                        "trip_id": 8363165,
                        "trip_route_id": 51040624,
                        "route_id": 22548,
                        "fare": "575.00",
                        "vat_percent": 15,
                        "vat_amount": 87,
                        "seat_counts": {
                            "online": 0,
                            "offline": 0,
                            "is_divided": true
                        }
                    },
                    {
                        "key": 7,
                        "type": "S_CHAIR",
                        "trip_id": 8363205,
                        "trip_route_id": 51041701,
                        "route_id": 22548,
                        "fare": "345.00",
                        "vat_percent": 0,
                        "vat_amount": 0,
                        "seat_counts": {
                            "online": 0,
                            "offline": 0,
                            "is_divided": true
                        }
                    },
                    {
                        "key": 1,
                        "type": "AC_B",
                        "trip_id": 8363206,
                        "trip_route_id": 51041732,
                        "route_id": 22548,
                        "fare": "1030.00",
                        "vat_percent": 15,
                        "vat_amount": 155,
                        "seat_counts": {
                            "online": 0,
                            "offline": 0,
                            "is_divided": true
                        }
                    }
                ],
                "train_model": "723",
                "is_open_for_all": true,
                "is_eid_trip": 0,
                "boarding_points": [
                    {
                        "trip_point_id": 106853680,
                        "location_id": 2820,
                        "location_name": "Chattogram Station",
                        "location_time": "09:45 PM"
                    }
                ],
                "is_international": 0,
                "is_from_city_international": false
            }
        ],
        "selected_seat_class": "S_CHAIR"
    },
    "extra": {
        "hash": "46956DC04F11E6DCE43E06B3F32F866C"
    }
}