{
    "data": {
        "trains": [
            {
                "trip_number": "BARENDRA EXPRESS (732)",
                "departure_date_time": "12 Nov, 05:00 am",
                "departure_full_date": "2024-11-12",
                "departure_date_time_jd": "Tue, 12 Nov 2024, 05:00 AM",
                "arrival_date_time": "12 Nov, 09:12 am",
                "travel_time": "04h 12m",
                "origin_city_name": "chilahati",
                "destination_city_name": "ahsanganj",
                "seat_types": [
                    {
                        "key": 7,
                        "type": "S_CHAIR",
                        "trip_id": 8363092,
                        "trip_route_id": 51035877,
                        "route_id": 20274,
                        "fare": "220.00",
                        "vat_percent": 0,
                        "vat_amount": 0,
                        "seat_counts": {
                            "online": 5,
                            "offline": 5,
                            "is_divided": true
                        }
                    }
                ],
                "train_model": "732",
                "is_open_for_all": true,
                "is_eid_trip": 0,
                "boarding_points": [
                    {
                        "trip_point_id": 106851506,
                        "location_id": 2741,
                        "location_name": "Chilahati Station",
                        "location_time": "05:00 AM"
                    }
                ],
                "is_international": 0,
                "is_from_city_international": false
            },
            {
                "trip_number": "RUPSHA EXPRESS (728)",
                "departure_date_time": "12 Nov, 08:30 am",
                "departure_full_date": "2024-11-12",
                "departure_date_time_jd": "Tue, 12 Nov 2024, 08:30 AM",
                "arrival_date_time": "12 Nov, 12:28 pm",
                "travel_time": "03h 58m",
                "origin_city_name": "chilahati",
                "destination_city_name": "ahsanganj",
                "seat_types": [
                    {
                        "key": 2,
                        "type": "AC_S",
                        "trip_id": 8363120,
                        "trip_route_id": 51037654,
                        "route_id": 21322,
                        "fare": "435.00",
                        "vat_percent": 15,
                        "vat_amount": 66,
                        "seat_counts": {
                            "online": 0,
                            "offline": 0,
                            "is_divided": true
                        }
                    },
                    {
                        "key": 3,
                        "type": "SNIGDHA",
                        "trip_id": 8363130,
                        "trip_route_id": 51038613,
                        "route_id": 21322,
                        "fare": "365.00",
                        "vat_percent": 15,
                        "vat_amount": 55,
                        "seat_counts": {
                            "online": 0,
                            "offline": 0,
                            "is_divided": true
                        }
                    },
                    {
                        "key": 7,
                        "type": "S_CHAIR",
                        "trip_id": 8363131,
                        "trip_route_id": 51038784,
                        "route_id": 21322,
                        "fare": "220.00",
                        "vat_percent": 0,
                        "vat_amount": 0,
                        "seat_counts": {
                            "online": 3,
                            "offline": 2,
                            "is_divided": true
                        }
                    }
                ],
                "train_model": "728",
                "is_open_for_all": true,
                "is_eid_trip": 0,
                "boarding_points": [
                    {
                        "trip_point_id": 106852356,
                        "location_id": 2741,
                        "location_name": "Chilahati Station",
                        "location_time": "08:30 AM"
                    }
                ],
                "is_international": 0,
                "is_from_city_international": false
            },
            {
                "trip_number": "TITUMIR EXPRESS (734)",
                "departure_date_time": "12 Nov, 03:00 pm",
                "departure_full_date": "2024-11-12",
                "departure_date_time_jd": "Tue, 12 Nov 2024, 03:00 PM",
                "arrival_date_time": "12 Nov, 07:22 pm",
                "travel_time": "04h 22m",
                "origin_city_name": "chilahati",
                "destination_city_name": "ahsanganj",
                "seat_types": [
                    {
                        "key": 7,
                        "type": "S_CHAIR",
                        "trip_id": 8363146,
                        "trip_route_id": 51039785,
                        "route_id": 20274,
                        "fare": "220.00",
                        "vat_percent": 0,
                        "vat_amount": 0,
                        "seat_counts": {
                            "online": 5,
                            "offline": 5,
                            "is_divided": true
                        }
                    }
                ],
                "train_model": "734",
                "is_open_for_all": true,
                "is_eid_trip": 0,
                "boarding_points": [
                    {
                        "trip_point_id": 106853267,
                        "location_id": 2741,
                        "location_name": "Chilahati Station",
                        "location_time": "03:00 PM"
                    }
                ],
                "is_international": 0,
                "is_from_city_international": false
            }
        ],
        "selected_seat_class": "S_CHAIR"
    },
    "extra": {
        "hash": "46956DC04F11E6DCE43E06B3F32F866C"
    }
}