{
    "data": {
        "trains": [
            {
                "trip_number": "RUPSHA EXPRESS (728)",
                "departure_date_time": "13 Jun, 12:31 pm",
                "departure_full_date": "2025-06-13",
                "departure_date_time_jd": "Fri, 13 Jun 2025, 12:31 PM",
                "arrival_date_time": "13 Jun, 03:45 pm",
                "travel_time": "03h 14m",
                "origin_city_name": "ahsanganj",
                "destination_city_name": "darshana_halt",
                "seat_types": [
                    {
                        "key": 2,
                        "type": "AC_S",
                        "trip_id": 8436485,
                        "trip_route_id": 53494845,
                        "route_id": 21354,
                        "fare": "425.00",
                        "vat_percent": 15,
                        "vat_amount": 64,
                        "origin_city_seq": 11,
                        "destination_city_seq": 19,
                        "seat_counts": {
                            "online": 0,
                            "offline": 0,
                            "is_divided": true
                        }
                    },
                    {
                        "key": 3,
                        "type": "SNIGDHA",
                        "trip_id": 8436582,
                        "trip_route_id": 53504953,
                        "route_id": 21354,
                        "fare": "355.00",
                        "vat_percent": 15,
                        "vat_amount": 54,
                        "origin_city_seq": 11,
                        "destination_city_seq": 19,
                        "seat_counts": {
                            "online": 0,
                            "offline": 0,
                            "is_divided": true
                        }
                    },
                    {
                        "key": 7,
                        "type": "S_CHAIR",
                        "trip_id": 8436595,
                        "trip_route_id": 53507184,
                        "route_id": 21354,
                        "fare": "215.00",
                        "vat_percent": 0,
                        "vat_amount": 0,
                        "origin_city_seq": 11,
                        "destination_city_seq": 19,
                        "seat_counts": {
                            "online": 0,
                            "offline": 0,
                            "is_divided": true
                        }
                    }
                ],
                "train_model": "728",
                "is_open_for_all": true,
                "is_eid_trip": 1,
                "parent_route": {
                    "origin_city_name": "chilahati",
                    "destination_city_name": "khulna",
                    "departure_date": "2025-06-13",
                    "departure_time": "08:30:00",
                    "arrival_date": "2025-06-13",
                    "arrival_time": "18:25:00"
                },
                "boarding_points": [
                    {
                        "trip_point_id": 108276733,
                        "location_id": 2707,
                        "location_name": "Ahsanganj Station",
                        "location_time": "12:31 PM",
                        "location_date": "13 Jun 2025"
                    }
                ],
                "is_international": 0,
                "is_from_city_international": false
            }
        ],
        "recommendations": [
            {
                "origin": "Natore",
                "destination": "Darshana_halt"
            },
            {
                "origin": "Ahsanganj",
                "destination": "Chuadanga"
            }
        ],
        "selected_seat_class": "S_CHAIR"
    },
    "extra": {
        "hash": "6542AE4B7B9AA27B549FF7A761C62961"
    }
}