{
    "data": {
        "trains": [
            {
                "trip_number": "BIJOY EXPRESS (786)",
                "departure_date_time": "13 Jun, 01:25 am",
                "departure_full_date": "2025-06-13",
                "departure_date_time_jd": "Fri, 13 Jun 2025, 01:25 AM",
                "arrival_date_time": "13 Jun, 05:00 am",
                "travel_time": "03h 35m",
                "origin_city_name": "akhaura",
                "destination_city_name": "chattogram",
                "seat_types": [
                    {
                        "key": 7,
                        "type": "S_CHAIR",
                        "trip_id": 8439695,
                        "trip_route_id": 53597554,
                        "route_id": 23118,
                        "fare": "240.00",
                        "vat_percent": 0,
                        "vat_amount": 0,
                        "origin_city_seq": 9,
                        "destination_city_seq": 14,
                        "seat_counts": {
                            "online": 0,
                            "offline": 0,
                            "is_divided": true
                        }
                    },
                    {
                        "key": 3,
                        "type": "SNIGDHA",
                        "trip_id": 8439707,
                        "trip_route_id": 53597948,
                        "route_id": 23118,
                        "fare": "400.00",
                        "vat_percent": 15,
                        "vat_amount": 60,
                        "origin_city_seq": 9,
                        "destination_city_seq": 14,
                        "seat_counts": {
                            "online": 0,
                            "offline": 0,
                            "is_divided": true
                        }
                    },
                    {
                        "key": 1,
                        "type": "AC_B",
                        "trip_id": 8439719,
                        "trip_route_id": 53598255,
                        "route_id": 23118,
                        "fare": "720.00",
                        "vat_percent": 15,
                        "vat_amount": 108,
                        "origin_city_seq": 9,
                        "destination_city_seq": 14,
                        "seat_counts": {
                            "online": 0,
                            "offline": 0,
                            "is_divided": true
                        }
                    }
                ],
                "train_model": "786",
                "is_open_for_all": true,
                "is_eid_trip": 1,
                "parent_route": {
                    "origin_city_name": "jamalpur_town",
                    "destination_city_name": "chattogram",
                    "departure_date": "2025-06-12",
                    "departure_time": "20:00:00",
                    "arrival_date": "2025-06-13",
                    "arrival_time": "05:00:00"
                },
                "boarding_points": [
                    {
                        "trip_point_id": 108337458,
                        "location_id": 2828,
                        "location_name": "Akhaura Station",
                        "location_time": "01:25 AM",
                        "location_date": "13 Jun 2025"
                    }
                ],
                "is_international": 0,
                "is_from_city_international": false
            },
            {
                "trip_number": "TURNA (742)",
                "departure_date_time": "13 Jun, 01:50 am",
                "departure_full_date": "2025-06-13",
                "departure_date_time_jd": "Fri, 13 Jun 2025, 01:50 AM",
                "arrival_date_time": "13 Jun, 05:15 am",
                "travel_time": "03h 25m",
                "origin_city_name": "akhaura",
                "destination_city_name": "chattogram",
                "seat_types": [
                    {
                        "key": 7,
                        "type": "S_CHAIR",
                        "trip_id": 8437977,
                        "trip_route_id": 53554279,
                        "route_id": 22838,
                        "fare": "240.00",
                        "vat_percent": 0,
                        "vat_amount": 0,
                        "origin_city_seq": 5,
                        "destination_city_seq": 9,
                        "seat_counts": {
                            "online": 0,
                            "offline": 0,
                            "is_divided": true
                        }
                    },
                    {
                        "key": 4,
                        "type": "F_BERTH",
                        "trip_id": 8437992,
                        "trip_route_id": 53554494,
                        "route_id": 22838,
                        "fare": "480.00",
                        "vat_percent": 15,
                        "vat_amount": 72,
                        "origin_city_seq": 5,
                        "destination_city_seq": 9,
                        "seat_counts": {
                            "online": 0,
                            "offline": 0,
                            "is_divided": true
                        }
                    },
                    {
                        "key": 1,
                        "type": "AC_B",
                        "trip_id": 8438007,
                        "trip_route_id": 53554704,
                        "route_id": 22838,
                        "fare": "720.00",
                        "vat_percent": 15,
                        "vat_amount": 108,
                        "origin_city_seq": 5,
                        "destination_city_seq": 9,
                        "seat_counts": {
                            "online": 0,
                            "offline": 0,
                            "is_divided": true
                        }
                    },
                    {
                        "key": 3,
                        "type": "SNIGDHA",
                        "trip_id": 8438022,
                        "trip_route_id": 53554924,
                        "route_id": 22838,
                        "fare": "400.00",
                        "vat_percent": 15,
                        "vat_amount": 60,
                        "origin_city_seq": 5,
                        "destination_city_seq": 9,
                        "seat_counts": {
                            "online": 0,
                            "offline": 0,
                            "is_divided": true
                        }
                    }
                ],
                "train_model": "742",
                "is_open_for_all": true,
                "is_eid_trip": 1,
                "parent_route": {
                    "origin_city_name": "dhaka",
                    "destination_city_name": "chattogram",
                    "departure_date": "2025-06-12",
                    "departure_time": "23:15:00",
                    "arrival_date": "2025-06-13",
                    "arrival_time": "05:15:00"
                },
                "boarding_points": [
                    {
                        "trip_point_id": 108308980,
                        "location_id": 2828,
                        "location_name": "Akhaura Station",
                        "location_time": "01:50 AM",
                        "location_date": "13 Jun 2025"
                    }
                ],
                "is_international": 0,
                "is_from_city_international": false
            },
            {
                "trip_number": "UDAYAN EXPRESS (724)",
                "departure_date_time": "13 Jun, 02:20 am",
                "departure_full_date": "2025-06-13",
                "departure_date_time_jd": "Fri, 13 Jun 2025, 02:20 AM",
                "arrival_date_time": "13 Jun, 05:35 am",
                "travel_time": "03h 15m",
                "origin_city_name": "akhaura",
                "destination_city_name": "chattogram",
                "seat_types": [
                    {
                        "key": 1,
                        "type": "AC_B",
                        "trip_id": 8440374,
                        "trip_route_id": 53622042,
                        "route_id": 22601,
                        "fare": "720.00",
                        "vat_percent": 15,
                        "vat_amount": 108,
                        "origin_city_seq": 8,
                        "destination_city_seq": 12,
                        "seat_counts": {
                            "online": 0,
                            "offline": 0,
                            "is_divided": true
                        }
                    },
                    {
                        "key": 7,
                        "type": "S_CHAIR",
                        "trip_id": 8440387,
                        "trip_route_id": 53622412,
                        "route_id": 22601,
                        "fare": "240.00",
                        "vat_percent": 0,
                        "vat_amount": 0,
                        "origin_city_seq": 8,
                        "destination_city_seq": 12,
                        "seat_counts": {
                            "online": 0,
                            "offline": 0,
                            "is_divided": true
                        }
                    },
                    {
                        "key": 3,
                        "type": "SNIGDHA",
                        "trip_id": 8440400,
                        "trip_route_id": 53622731,
                        "route_id": 22601,
                        "fare": "400.00",
                        "vat_percent": 15,
                        "vat_amount": 60,
                        "origin_city_seq": 8,
                        "destination_city_seq": 12,
                        "seat_counts": {
                            "online": 0,
                            "offline": 0,
                            "is_divided": true
                        }
                    }
                ],
                "train_model": "724",
                "is_open_for_all": true,
                "is_eid_trip": 1,
                "parent_route": {
                    "origin_city_name": "sylhet",
                    "destination_city_name": "chattogram",
                    "departure_date": "2025-06-12",
                    "departure_time": "22:00:00",
                    "arrival_date": "2025-06-13",
                    "arrival_time": "05:35:00"
                },
                "boarding_points": [
                    {
                        "trip_point_id": 108351920,
                        "location_id": 2828,
                        "location_name": "Akhaura Station",
                        "location_time": "02:20 AM",
                        "location_date": "13 Jun 2025"
                    }
                ],
                "is_international": 0,
                "is_from_city_international": false
            },
            {
                "trip_number": "MAHANAGAR PROVATI (704)",
                "departure_date_time": "13 Jun, 10:08 am",
                "departure_full_date": "2025-06-13",
                "departure_date_time_jd": "Fri, 13 Jun 2025, 10:08 AM",
                "arrival_date_time": "13 Jun, 01:35 pm",
                "travel_time": "03h 27m",
                "origin_city_name": "akhaura",
                "destination_city_name": "chattogram",
                "seat_types": [
                    {
                        "key": 7,
                        "type": "S_CHAIR",
                        "trip_id": 8437037,
                        "trip_route_id": 53525568,
                        "route_id": 22058,
                        "fare": "240.00",
                        "vat_percent": 0,
                        "vat_amount": 0,
                        "origin_city_seq": 6,
                        "destination_city_seq": 11,
                        "seat_counts": {
                            "online": 0,
                            "offline": 0,
                            "is_divided": true
                        }
                    },
                    {
                        "key": 5,
                        "type": "F_SEAT",
                        "trip_id": 8437052,
                        "trip_route_id": 53525943,
                        "route_id": 22058,
                        "fare": "320.00",
                        "vat_percent": 15,
                        "vat_amount": 48,
                        "origin_city_seq": 5,
                        "destination_city_seq": 10,
                        "seat_counts": {
                            "online": 0,
                            "offline": 0,
                            "is_divided": true
                        }
                    },
                    {
                        "key": 2,
                        "type": "AC_S",
                        "trip_id": 8437067,
                        "trip_route_id": 53526318,
                        "route_id": 22058,
                        "fare": "480.00",
                        "vat_percent": 15,
                        "vat_amount": 72,
                        "origin_city_seq": 5,
                        "destination_city_seq": 10,
                        "seat_counts": {
                            "online": 0,
                            "offline": 0,
                            "is_divided": true
                        }
                    },
                    {
                        "key": 3,
                        "type": "SNIGDHA",
                        "trip_id": 8437082,
                        "trip_route_id": 53526693,
                        "route_id": 22058,
                        "fare": "400.00",
                        "vat_percent": 15,
                        "vat_amount": 60,
                        "origin_city_seq": 5,
                        "destination_city_seq": 10,
                        "seat_counts": {
                            "online": 0,
                            "offline": 0,
                            "is_divided": true
                        }
                    }
                ],
                "train_model": "704",
                "is_open_for_all": true,
                "is_eid_trip": 1,
                "parent_route": {
                    "origin_city_name": "dhaka",
                    "destination_city_name": "chattogram",
                    "departure_date": "2025-06-13",
                    "departure_time": "07:45:00",
                    "arrival_date": "2025-06-13",
                    "arrival_time": "13:35:00"
                },
                "boarding_points": [
                    {
                        "trip_point_id": 108291055,
                        "location_id": 2828,
                        "location_name": "Akhaura Station",
                        "location_time": "10:08 AM",
                        "location_date": "13 Jun 2025"
                    }
                ],
                "is_international": 0,
                "is_from_city_international": false
            },
            {
                "trip_number": "PAHARIKA EXPRESS (720)",
                "departure_date_time": "13 Jun, 03:25 pm",
                "departure_full_date": "2025-06-13",
                "departure_date_time_jd": "Fri, 13 Jun 2025, 03:25 PM",
                "arrival_date_time": "13 Jun, 06:55 pm",
                "travel_time": "03h 30m",
                "origin_city_name": "akhaura",
                "destination_city_name": "chattogram",
                "seat_types": [
                    {
                        "key": 2,
                        "type": "AC_S",
                        "trip_id": 8437407,
                        "trip_route_id": 53539149,
                        "route_id": 22462,
                        "fare": "480.00",
                        "vat_percent": 15,
                        "vat_amount": 72,
                        "origin_city_seq": 10,
                        "destination_city_seq": 16,
                        "seat_counts": {
                            "online": 0,
                            "offline": 0,
                            "is_divided": true
                        }
                    },
                    {
                        "key": 7,
                        "type": "S_CHAIR",
                        "trip_id": 8437420,
                        "trip_route_id": 53539782,
                        "route_id": 22462,
                        "fare": "240.00",
                        "vat_percent": 0,
                        "vat_amount": 0,
                        "origin_city_seq": 10,
                        "destination_city_seq": 16,
                        "seat_counts": {
                            "online": 0,
                            "offline": 0,
                            "is_divided": true
                        }
                    },
                    {
                        "key": 3,
                        "type": "SNIGDHA",
                        "trip_id": 8437433,
                        "trip_route_id": 53540410,
                        "route_id": 22462,
                        "fare": "400.00",
                        "vat_percent": 15,
                        "vat_amount": 60,
                        "origin_city_seq": 10,
                        "destination_city_seq": 16,
                        "seat_counts": {
                            "online": 0,
                            "offline": 0,
                            "is_divided": true
                        }
                    }
                ],
                "train_model": "720",
                "is_open_for_all": true,
                "is_eid_trip": 1,
                "parent_route": {
                    "origin_city_name": "sylhet",
                    "destination_city_name": "chattogram",
                    "departure_date": "2025-06-13",
                    "departure_time": "10:30:00",
                    "arrival_date": "2025-06-13",
                    "arrival_time": "18:55:00"
                },
                "boarding_points": [
                    {
                        "trip_point_id": 108298879,
                        "location_id": 2828,
                        "location_name": "Akhaura Station",
                        "location_time": "03:25 PM",
                        "location_date": "13 Jun 2025"
                    }
                ],
                "is_international": 0,
                "is_from_city_international": false
            },
            {
                "trip_number": "MOHANAGAR EXPRESS (722)",
                "departure_date_time": "13 Jun, 11:58 pm",
                "departure_full_date": "2025-06-13",
                "departure_date_time_jd": "Fri, 13 Jun 2025, 11:58 PM",
                "arrival_date_time": "14 Jun, 03:30 am",
                "travel_time": "03h 32m",
                "origin_city_name": "akhaura",
                "destination_city_name": "chattogram",
                "seat_types": [
                    {
                        "key": 7,
                        "type": "S_CHAIR",
                        "trip_id": 8440336,
                        "trip_route_id": 53621090,
                        "route_id": 22533,
                        "fare": "240.00",
                        "vat_percent": 0,
                        "vat_amount": 0,
                        "origin_city_seq": 7,
                        "destination_city_seq": 14,
                        "seat_counts": {
                            "online": 0,
                            "offline": 0,
                            "is_divided": true
                        }
                    },
                    {
                        "key": 1,
                        "type": "AC_B",
                        "trip_id": 8440349,
                        "trip_route_id": 53621418,
                        "route_id": 22533,
                        "fare": "720.00",
                        "vat_percent": 15,
                        "vat_amount": 108,
                        "origin_city_seq": 7,
                        "destination_city_seq": 14,
                        "seat_counts": {
                            "online": 0,
                            "offline": 0,
                            "is_divided": true
                        }
                    },
                    {
                        "key": 3,
                        "type": "SNIGDHA",
                        "trip_id": 8440362,
                        "trip_route_id": 53621769,
                        "route_id": 22533,
                        "fare": "400.00",
                        "vat_percent": 15,
                        "vat_amount": 60,
                        "origin_city_seq": 7,
                        "destination_city_seq": 14,
                        "seat_counts": {
                            "online": 0,
                            "offline": 0,
                            "is_divided": true
                        }
                    }
                ],
                "train_model": "722",
                "is_open_for_all": true,
                "is_eid_trip": 1,
                "parent_route": {
                    "origin_city_name": "dhaka",
                    "destination_city_name": "chattogram",
                    "departure_date": "2025-06-13",
                    "departure_time": "21:20:00",
                    "arrival_date": "2025-06-14",
                    "arrival_time": "03:30:00"
                },
                "boarding_points": [
                    {
                        "trip_point_id": 108351121,
                        "location_id": 2828,
                        "location_name": "Akhaura Station",
                        "location_time": "11:58 PM",
                        "location_date": "13 Jun 2025"
                    }
                ],
                "is_international": 0,
                "is_from_city_international": false
            }
        ],
        "recommendations": [
            {
                "origin": "Quasba",
                "destination": "Chattogram"
            },
            {
                "origin": "Akhaura",
                "destination": "Kumira"
            }
        ],
        "selected_seat_class": "S_CHAIR"
    },
    "extra": {
        "hash": "6542AE4B7B9AA27B549FF7A761C62961"
    }
}