{
    "data": {
        "trains": [
            {
                "trip_number": "PAHARIKA EXPRESS (719)",
                "departure_date_time": "13 Jun, 11:35 am",
                "departure_full_date": "2025-06-13",
                "departure_date_time_jd": "Fri, 13 Jun 2025, 11:35 AM",
                "arrival_date_time": "13 Jun, 12:50 pm",
                "travel_time": "01h 15m",
                "origin_city_name": "akhaura",
                "destination_city_name": "shaistaganj",
                "seat_types": [
                    {
                        "key": 3,
                        "type": "SNIGDHA",
                        "trip_id": 8437369,
                        "trip_route_id": 53537793,
                        "route_id": 22409,
                        "fare": "115.00",
                        "vat_percent": 15,
                        "vat_amount": 18,
                        "origin_city_seq": 7,
                        "destination_city_seq": 10,
                        "seat_counts": {
                            "online": 0,
                            "offline": 0,
                            "is_divided": true
                        }
                    },
                    {
                        "key": 2,
                        "type": "AC_S",
                        "trip_id": 8437382,
                        "trip_route_id": 53538101,
                        "route_id": 22409,
                        "fare": "140.00",
                        "vat_percent": 15,
                        "vat_amount": 21,
                        "origin_city_seq": 7,
                        "destination_city_seq": 10,
                        "seat_counts": {
                            "online": 0,
                            "offline": 0,
                            "is_divided": true
                        }
                    },
                    {
                        "key": 7,
                        "type": "S_CHAIR",
                        "trip_id": 8437395,
                        "trip_route_id": 53538592,
                        "route_id": 22409,
                        "fare": "70.00",
                        "vat_percent": 0,
                        "vat_amount": 0,
                        "origin_city_seq": 7,
                        "destination_city_seq": 10,
                        "seat_counts": {
                            "online": 0,
                            "offline": 0,
                            "is_divided": true
                        }
                    }
                ],
                "train_model": "719",
                "is_open_for_all": true,
                "is_eid_trip": 1,
                "parent_route": {
                    "origin_city_name": "chattogram",
                    "destination_city_name": "sylhet",
                    "departure_date": "2025-06-13",
                    "departure_time": "07:50:00",
                    "arrival_date": "2025-06-13",
                    "arrival_time": "15:55:00"
                },
                "boarding_points": [
                    {
                        "trip_point_id": 108297902,
                        "location_id": 2828,
                        "location_name": "Akhaura Station",
                        "location_time": "11:35 AM",
                        "location_date": "13 Jun 2025"
                    }
                ],
                "is_international": 0,
                "is_from_city_international": false
            }
        ],
        "recommendations": [
            {
                "origin": "Harashpur",
                "destination": "Shaistaganj"
            },
            {
                "origin": "Akhaura",
                "destination": "Nayapara"
            }
        ],
        "selected_seat_class": "S_CHAIR"
    },
    "extra": {
        "hash": "6542AE4B7B9AA27B549FF7A761C62961"
    }
}