{
    "data": {
        "trains": [
            {
                "trip_number": "DRUTOJAN EXPRESS (757)",
                "departure_date_time": "13 Jun, 02:22 am",
                "departure_full_date": "2025-06-13",
                "departure_date_time_jd": "Fri, 13 Jun 2025, 02:22 AM",
                "arrival_date_time": "13 Jun, 03:50 am",
                "travel_time": "01h 28m",
                "origin_city_name": "akkelpur",
                "destination_city_name": "parbatipur",
                "seat_types": [
                    {
                        "key": 7,
                        "type": "S_CHAIR",
                        "trip_id": 8436633,
                        "trip_route_id": 53509969,
                        "route_id": 23394,
                        "fare": "95.00",
                        "vat_percent": 0,
                        "vat_amount": 0,
                        "origin_city_seq": 14,
                        "destination_city_seq": 19,
                        "seat_counts": {
                            "online": 0,
                            "offline": 0,
                            "is_divided": true
                        }
                    }
                ],
                "train_model": "757",
                "is_open_for_all": true,
                "is_eid_trip": 1,
                "parent_route": {
                    "origin_city_name": "dhaka",
                    "destination_city_name": "panchagarh",
                    "departure_date": "2025-06-12",
                    "departure_time": "20:45:00",
                    "arrival_date": "2025-06-13",
                    "arrival_time": "07:10:00"
                },
                "boarding_points": [
                    {
                        "trip_point_id": 108282711,
                        "location_id": 2758,
                        "location_name": "Akkelpur Station",
                        "location_time": "02:22 AM",
                        "location_date": "13 Jun 2025"
                    }
                ],
                "is_international": 0,
                "is_from_city_international": false
            },
            {
                "trip_number": "TITUMIR EXPRESS (733)",
                "departure_date_time": "13 Jun, 09:12 am",
                "departure_full_date": "2025-06-13",
                "departure_date_time_jd": "Fri, 13 Jun 2025, 09:12 AM",
                "arrival_date_time": "13 Jun, 11:10 am",
                "travel_time": "01h 58m",
                "origin_city_name": "akkelpur",
                "destination_city_name": "parbatipur",
                "seat_types": [
                    {
                        "key": 7,
                        "type": "S_CHAIR",
                        "trip_id": 8438757,
                        "trip_route_id": 53569898,
                        "route_id": 20216,
                        "fare": "95.00",
                        "vat_percent": 0,
                        "vat_amount": 0,
                        "origin_city_seq": 7,
                        "destination_city_seq": 14,
                        "seat_counts": {
                            "online": 5,
                            "offline": 5,
                            "is_divided": true
                        }
                    }
                ],
                "train_model": "733",
                "is_open_for_all": true,
                "is_eid_trip": 1,
                "parent_route": {
                    "origin_city_name": "rajshahi",
                    "destination_city_name": "chilahati",
                    "departure_date": "2025-06-13",
                    "departure_time": "06:20:00",
                    "arrival_date": "2025-06-13",
                    "arrival_time": "13:00:00"
                },
                "boarding_points": [
                    {
                        "trip_point_id": 108320332,
                        "location_id": 2758,
                        "location_name": "Akkelpur Station",
                        "location_time": "09:12 AM",
                        "location_date": "13 Jun 2025"
                    }
                ],
                "is_international": 0,
                "is_from_city_international": false
            },
            {
                "trip_number": "NILSAGAR EXPRESS (765)",
                "departure_date_time": "13 Jun, 12:40 pm",
                "departure_full_date": "2025-06-13",
                "departure_date_time_jd": "Fri, 13 Jun 2025, 12:40 PM",
                "arrival_date_time": "13 Jun, 02:00 pm",
                "travel_time": "01h 20m",
                "origin_city_name": "akkelpur",
                "destination_city_name": "parbatipur",
                "seat_types": [
                    {
                        "key": 2,
                        "type": "AC_S",
                        "trip_id": 8436237,
                        "trip_route_id": 53481225,
                        "route_id": 19792,
                        "fare": "185.00",
                        "vat_percent": 15,
                        "vat_amount": 28,
                        "origin_city_seq": 9,
                        "destination_city_seq": 13,
                        "seat_counts": {
                            "online": 0,
                            "offline": 0,
                            "is_divided": true
                        }
                    },
                    {
                        "key": 3,
                        "type": "SNIGDHA",
                        "trip_id": 8436250,
                        "trip_route_id": 53482104,
                        "route_id": 19792,
                        "fare": "155.00",
                        "vat_percent": 15,
                        "vat_amount": 24,
                        "origin_city_seq": 9,
                        "destination_city_seq": 13,
                        "seat_counts": {
                            "online": 0,
                            "offline": 0,
                            "is_divided": true
                        }
                    },
                    {
                        "key": 7,
                        "type": "S_CHAIR",
                        "trip_id": 8436263,
                        "trip_route_id": 53483065,
                        "route_id": 19792,
                        "fare": "95.00",
                        "vat_percent": 0,
                        "vat_amount": 0,
                        "origin_city_seq": 9,
                        "destination_city_seq": 13,
                        "seat_counts": {
                            "online": 3,
                            "offline": 2,
                            "is_divided": true
                        }
                    }
                ],
                "train_model": "765",
                "is_open_for_all": true,
                "is_eid_trip": 1,
                "parent_route": {
                    "origin_city_name": "dhaka",
                    "destination_city_name": "chilahati",
                    "departure_date": "2025-06-13",
                    "departure_time": "06:45:00",
                    "arrival_date": "2025-06-13",
                    "arrival_time": "16:00:00"
                },
                "boarding_points": [
                    {
                        "trip_point_id": 108270751,
                        "location_id": 2758,
                        "location_name": "Akkelpur Station",
                        "location_time": "12:40 PM",
                        "location_date": "13 Jun 2025"
                    }
                ],
                "is_international": 0,
                "is_from_city_international": false
            },
            {
                "trip_number": "RUPSHA EXPRESS (727)",
                "departure_date_time": "13 Jun, 01:52 pm",
                "departure_full_date": "2025-06-13",
                "departure_date_time_jd": "Fri, 13 Jun 2025, 01:52 PM",
                "arrival_date_time": "13 Jun, 03:10 pm",
                "travel_time": "01h 18m",
                "origin_city_name": "akkelpur",
                "destination_city_name": "parbatipur",
                "seat_types": [
                    {
                        "key": 2,
                        "type": "AC_S",
                        "trip_id": 8436368,
                        "trip_route_id": 53489388,
                        "route_id": 21320,
                        "fare": "185.00",
                        "vat_percent": 15,
                        "vat_amount": 28,
                        "origin_city_seq": 17,
                        "destination_city_seq": 21,
                        "seat_counts": {
                            "online": 0,
                            "offline": 0,
                            "is_divided": true
                        }
                    },
                    {
                        "key": 3,
                        "type": "SNIGDHA",
                        "trip_id": 8436556,
                        "trip_route_id": 53500796,
                        "route_id": 21320,
                        "fare": "155.00",
                        "vat_percent": 15,
                        "vat_amount": 24,
                        "origin_city_seq": 17,
                        "destination_city_seq": 21,
                        "seat_counts": {
                            "online": 0,
                            "offline": 0,
                            "is_divided": true
                        }
                    },
                    {
                        "key": 7,
                        "type": "S_CHAIR",
                        "trip_id": 8436569,
                        "trip_route_id": 53502777,
                        "route_id": 21320,
                        "fare": "95.00",
                        "vat_percent": 0,
                        "vat_amount": 0,
                        "origin_city_seq": 17,
                        "destination_city_seq": 21,
                        "seat_counts": {
                            "online": 3,
                            "offline": 2,
                            "is_divided": true
                        }
                    }
                ],
                "train_model": "727",
                "is_open_for_all": true,
                "is_eid_trip": 1,
                "parent_route": {
                    "origin_city_name": "khulna",
                    "destination_city_name": "chilahati",
                    "departure_date": "2025-06-13",
                    "departure_time": "07:15:00",
                    "arrival_date": "2025-06-13",
                    "arrival_time": "17:00:00"
                },
                "boarding_points": [
                    {
                        "trip_point_id": 108274658,
                        "location_id": 2758,
                        "location_name": "Akkelpur Station",
                        "location_time": "01:52 PM",
                        "location_date": "13 Jun 2025"
                    }
                ],
                "is_international": 0,
                "is_from_city_international": false
            },
            {
                "trip_number": "EKOTA EXPRESS (705)",
                "departure_date_time": "13 Jun, 04:27 pm",
                "departure_full_date": "2025-06-13",
                "departure_date_time_jd": "Fri, 13 Jun 2025, 04:27 PM",
                "arrival_date_time": "13 Jun, 06:15 pm",
                "travel_time": "01h 48m",
                "origin_city_name": "akkelpur",
                "destination_city_name": "parbatipur",
                "seat_types": [
                    {
                        "key": 7,
                        "type": "S_CHAIR",
                        "trip_id": 8436142,
                        "trip_route_id": 53475598,
                        "route_id": 26419,
                        "fare": "95.00",
                        "vat_percent": 0,
                        "vat_amount": 0,
                        "origin_city_seq": 14,
                        "destination_city_seq": 19,
                        "seat_counts": {
                            "online": 5,
                            "offline": 5,
                            "is_divided": true
                        }
                    }
                ],
                "train_model": "705",
                "is_open_for_all": true,
                "is_eid_trip": 1,
                "parent_route": {
                    "origin_city_name": "dhaka",
                    "destination_city_name": "panchagarh",
                    "departure_date": "2025-06-13",
                    "departure_time": "10:15:00",
                    "arrival_date": "2025-06-13",
                    "arrival_time": "21:00:00"
                },
                "boarding_points": [
                    {
                        "trip_point_id": 108267299,
                        "location_id": 2758,
                        "location_name": "Akkelpur Station",
                        "location_time": "04:27 PM",
                        "location_date": "13 Jun 2025"
                    }
                ],
                "is_international": 0,
                "is_from_city_international": false
            },
            {
                "trip_number": "BARENDRA EXPRESS (731)",
                "departure_date_time": "13 Jun, 05:52 pm",
                "departure_full_date": "2025-06-13",
                "departure_date_time_jd": "Fri, 13 Jun 2025, 05:52 PM",
                "arrival_date_time": "13 Jun, 07:25 pm",
                "travel_time": "01h 33m",
                "origin_city_name": "akkelpur",
                "destination_city_name": "parbatipur",
                "seat_types": [
                    {
                        "key": 7,
                        "type": "S_CHAIR",
                        "trip_id": 8440193,
                        "trip_route_id": 53612055,
                        "route_id": 20216,
                        "fare": "95.00",
                        "vat_percent": 0,
                        "vat_amount": 0,
                        "origin_city_seq": 7,
                        "destination_city_seq": 14,
                        "seat_counts": {
                            "online": 3,
                            "offline": 2,
                            "is_divided": true
                        }
                    }
                ],
                "train_model": "731",
                "is_open_for_all": true,
                "is_eid_trip": 1,
                "parent_route": {
                    "origin_city_name": "rajshahi",
                    "destination_city_name": "chilahati",
                    "departure_date": "2025-06-13",
                    "departure_time": "15:00:00",
                    "arrival_date": "2025-06-13",
                    "arrival_time": "21:30:00"
                },
                "boarding_points": [
                    {
                        "trip_point_id": 108346538,
                        "location_id": 2758,
                        "location_name": "Akkelpur Station",
                        "location_time": "05:52 PM",
                        "location_date": "13 Jun 2025"
                    }
                ],
                "is_international": 0,
                "is_from_city_international": false
            }
        ],
        "recommendations": [],
        "selected_seat_class": "S_CHAIR"
    },
    "extra": {
        "hash": "6542AE4B7B9AA27B549FF7A761C62961"
    }
}