{
    "data": {
        "trains": [
            {
                "trip_number": "JAYENTIKA EXPRESS (717)",
                "departure_date_time": "13 Jun, 12:57 pm",
                "departure_full_date": "2025-06-13",
                "departure_date_time_jd": "Fri, 13 Jun 2025, 12:57 PM",
                "arrival_date_time": "13 Jun, 07:00 pm",
                "travel_time": "06h 03m",
                "origin_city_name": "ashuganj",
                "destination_city_name": "sylhet",
                "seat_types": [
                    {
                        "key": 2,
                        "type": "AC_S",
                        "trip_id": 8439528,
                        "trip_route_id": 53593211,
                        "route_id": 22314,
                        "fare": "490.00",
                        "vat_percent": 15,
                        "vat_amount": 74,
                        "origin_city_seq": 3,
                        "destination_city_seq": 16,
                        "seat_counts": {
                            "online": 0,
                            "offline": 0,
                            "is_divided": true
                        }
                    },
                    {
                        "key": 7,
                        "type": "S_CHAIR",
                        "trip_id": 8439540,
                        "trip_route_id": 53593631,
                        "route_id": 22314,
                        "fare": "245.00",
                        "vat_percent": 0,
                        "vat_amount": 0,
                        "origin_city_seq": 3,
                        "destination_city_seq": 16,
                        "seat_counts": {
                            "online": 0,
                            "offline": 0,
                            "is_divided": true
                        }
                    },
                    {
                        "key": 3,
                        "type": "SNIGDHA",
                        "trip_id": 8439552,
                        "trip_route_id": 53594051,
                        "route_id": 22314,
                        "fare": "410.00",
                        "vat_percent": 15,
                        "vat_amount": 62,
                        "origin_city_seq": 3,
                        "destination_city_seq": 16,
                        "seat_counts": {
                            "online": 0,
                            "offline": 0,
                            "is_divided": true
                        }
                    }
                ],
                "train_model": "717",
                "is_open_for_all": true,
                "is_eid_trip": 1,
                "parent_route": {
                    "origin_city_name": "dhaka",
                    "destination_city_name": "sylhet",
                    "departure_date": "2025-06-13",
                    "departure_time": "11:15:00",
                    "arrival_date": "2025-06-13",
                    "arrival_time": "19:00:00"
                },
                "boarding_points": [
                    {
                        "trip_point_id": 108334111,
                        "location_id": 2841,
                        "location_name": "Ashuganj Station",
                        "location_time": "12:57 PM",
                        "location_date": "13 Jun 2025"
                    }
                ],
                "is_international": 0,
                "is_from_city_international": false
            }
        ],
        "recommendations": [
            {
                "origin": "Brahmanbaria",
                "destination": "Sylhet"
            },
            {
                "origin": "Ashuganj",
                "destination": "Maijgaon"
            }
        ],
        "selected_seat_class": "S_CHAIR"
    },
    "extra": {
        "hash": "6542AE4B7B9AA27B549FF7A761C62961"
    }
}