{
    "data": {
        "trains": [
            {
                "trip_number": "UPAKUL EXPRESS (711)",
                "departure_date_time": "13 Jun, 09:32 am",
                "departure_full_date": "2025-06-13",
                "departure_date_time_jd": "Fri, 13 Jun 2025, 09:32 AM",
                "arrival_date_time": "13 Jun, 10:47 am",
                "travel_time": "01h 15m",
                "origin_city_name": "ashuganj",
                "destination_city_name": "biman_bandar",
                "seat_types": [
                    {
                        "key": 3,
                        "type": "SNIGDHA",
                        "trip_id": 8437303,
                        "trip_route_id": 53534140,
                        "route_id": 22257,
                        "fare": "220.00",
                        "vat_percent": 15,
                        "vat_amount": 33,
                        "origin_city_seq": 12,
                        "destination_city_seq": 14,
                        "seat_counts": {
                            "online": 0,
                            "offline": 0,
                            "is_divided": true
                        }
                    },
                    {
                        "key": 7,
                        "type": "S_CHAIR",
                        "trip_id": 8437316,
                        "trip_route_id": 53535063,
                        "route_id": 22257,
                        "fare": "130.00",
                        "vat_percent": 0,
                        "vat_amount": 0,
                        "origin_city_seq": 12,
                        "destination_city_seq": 14,
                        "seat_counts": {
                            "online": 0,
                            "offline": 0,
                            "is_divided": true
                        }
                    }
                ],
                "train_model": "711",
                "is_open_for_all": true,
                "is_eid_trip": 1,
                "parent_route": {
                    "origin_city_name": "noakhali",
                    "destination_city_name": "dhaka",
                    "departure_date": "2025-06-13",
                    "departure_time": "06:00:00",
                    "arrival_date": "2025-06-13",
                    "arrival_time": "11:20:00"
                },
                "boarding_points": [
                    {
                        "trip_point_id": 108296064,
                        "location_id": 2841,
                        "location_name": "Ashuganj Station",
                        "location_time": "09:32 AM",
                        "location_date": "13 Jun 2025"
                    }
                ],
                "is_international": 0,
                "is_from_city_international": false
            },
            {
                "trip_number": "JAYENTIKA EXPRESS (718)",
                "departure_date_time": "13 Jun, 05:30 pm",
                "departure_full_date": "2025-06-13",
                "departure_date_time_jd": "Fri, 13 Jun 2025, 05:30 PM",
                "arrival_date_time": "13 Jun, 06:40 pm",
                "travel_time": "01h 10m",
                "origin_city_name": "ashuganj",
                "destination_city_name": "biman_bandar",
                "seat_types": [
                    {
                        "key": 7,
                        "type": "S_CHAIR",
                        "trip_id": 8437329,
                        "trip_route_id": 53535932,
                        "route_id": 22378,
                        "fare": "130.00",
                        "vat_percent": 0,
                        "vat_amount": 0,
                        "origin_city_seq": 14,
                        "destination_city_seq": 15,
                        "seat_counts": {
                            "online": 0,
                            "offline": 0,
                            "is_divided": true
                        }
                    },
                    {
                        "key": 2,
                        "type": "AC_S",
                        "trip_id": 8437342,
                        "trip_route_id": 53536634,
                        "route_id": 22378,
                        "fare": "260.00",
                        "vat_percent": 15,
                        "vat_amount": 39,
                        "origin_city_seq": 14,
                        "destination_city_seq": 15,
                        "seat_counts": {
                            "online": 0,
                            "offline": 0,
                            "is_divided": true
                        }
                    },
                    {
                        "key": 3,
                        "type": "SNIGDHA",
                        "trip_id": 8437355,
                        "trip_route_id": 53537295,
                        "route_id": 22378,
                        "fare": "220.00",
                        "vat_percent": 15,
                        "vat_amount": 33,
                        "origin_city_seq": 14,
                        "destination_city_seq": 15,
                        "seat_counts": {
                            "online": 0,
                            "offline": 0,
                            "is_divided": true
                        }
                    }
                ],
                "train_model": "718",
                "is_open_for_all": true,
                "is_eid_trip": 1,
                "parent_route": {
                    "origin_city_name": "sylhet",
                    "destination_city_name": "dhaka",
                    "departure_date": "2025-06-13",
                    "departure_time": "12:00:00",
                    "arrival_date": "2025-06-13",
                    "arrival_time": "19:15:00"
                },
                "boarding_points": [
                    {
                        "trip_point_id": 108296792,
                        "location_id": 2841,
                        "location_name": "Ashuganj Station",
                        "location_time": "05:30 PM",
                        "location_date": "13 Jun 2025"
                    }
                ],
                "is_international": 0,
                "is_from_city_international": false
            }
        ],
        "recommendations": [
            {
                "origin": "Narsingdi",
                "destination": "Biman_bandar"
            },
            {
                "origin": "Ashuganj",
                "destination": "Narsingdi"
            }
        ],
        "selected_seat_class": "S_CHAIR"
    },
    "extra": {
        "hash": "6542AE4B7B9AA27B549FF7A761C62961"
    }
}