{
    "data": {
        "trains": [
            {
                "trip_number": "PARABAT EXPRESS (709)",
                "departure_date_time": "13 Jun, 08:52 am",
                "departure_full_date": "2025-06-13",
                "departure_date_time_jd": "Fri, 13 Jun 2025, 08:52 AM",
                "arrival_date_time": "13 Jun, 01:00 pm",
                "travel_time": "04h 08m",
                "origin_city_name": "azampur",
                "destination_city_name": "sylhet",
                "seat_types": [
                    {
                        "key": 3,
                        "type": "SNIGDHA",
                        "trip_id": 8437200,
                        "trip_route_id": 53530023,
                        "route_id": 22145,
                        "fare": "340.00",
                        "vat_percent": 15,
                        "vat_amount": 51,
                        "origin_city_seq": 5,
                        "destination_city_seq": 12,
                        "seat_counts": {
                            "online": 0,
                            "offline": 0,
                            "is_divided": true
                        }
                    },
                    {
                        "key": 7,
                        "type": "S_CHAIR",
                        "trip_id": 8437213,
                        "trip_route_id": 53530514,
                        "route_id": 22145,
                        "fare": "205.00",
                        "vat_percent": 0,
                        "vat_amount": 0,
                        "origin_city_seq": 5,
                        "destination_city_seq": 12,
                        "seat_counts": {
                            "online": 0,
                            "offline": 0,
                            "is_divided": true
                        }
                    },
                    {
                        "key": 5,
                        "type": "F_SEAT",
                        "trip_id": 8437226,
                        "trip_route_id": 53530979,
                        "route_id": 22145,
                        "fare": "275.00",
                        "vat_percent": 15,
                        "vat_amount": 42,
                        "origin_city_seq": 5,
                        "destination_city_seq": 12,
                        "seat_counts": {
                            "online": 0,
                            "offline": 0,
                            "is_divided": true
                        }
                    },
                    {
                        "key": 2,
                        "type": "AC_S",
                        "trip_id": 8437239,
                        "trip_route_id": 53531434,
                        "route_id": 22145,
                        "fare": "410.00",
                        "vat_percent": 15,
                        "vat_amount": 62,
                        "origin_city_seq": 5,
                        "destination_city_seq": 12,
                        "seat_counts": {
                            "online": 0,
                            "offline": 0,
                            "is_divided": true
                        }
                    }
                ],
                "train_model": "709",
                "is_open_for_all": true,
                "is_eid_trip": 1,
                "parent_route": {
                    "origin_city_name": "dhaka",
                    "destination_city_name": "sylhet",
                    "departure_date": "2025-06-13",
                    "departure_time": "06:30:00",
                    "arrival_date": "2025-06-13",
                    "arrival_time": "13:00:00"
                },
                "boarding_points": [
                    {
                        "trip_point_id": 108293869,
                        "location_id": 2839,
                        "location_name": "Azampur Station",
                        "location_time": "08:52 AM",
                        "location_date": "13 Jun 2025"
                    }
                ],
                "is_international": 0,
                "is_from_city_international": false
            },
            {
                "trip_number": "JAYENTIKA EXPRESS (717)",
                "departure_date_time": "13 Jun, 01:39 pm",
                "departure_full_date": "2025-06-13",
                "departure_date_time_jd": "Fri, 13 Jun 2025, 01:39 PM",
                "arrival_date_time": "13 Jun, 07:00 pm",
                "travel_time": "05h 21m",
                "origin_city_name": "azampur",
                "destination_city_name": "sylhet",
                "seat_types": [
                    {
                        "key": 2,
                        "type": "AC_S",
                        "trip_id": 8439528,
                        "trip_route_id": 53593219,
                        "route_id": 22316,
                        "fare": "410.00",
                        "vat_percent": 15,
                        "vat_amount": 62,
                        "origin_city_seq": 5,
                        "destination_city_seq": 16,
                        "seat_counts": {
                            "online": 0,
                            "offline": 0,
                            "is_divided": true
                        }
                    },
                    {
                        "key": 7,
                        "type": "S_CHAIR",
                        "trip_id": 8439540,
                        "trip_route_id": 53593639,
                        "route_id": 22316,
                        "fare": "205.00",
                        "vat_percent": 0,
                        "vat_amount": 0,
                        "origin_city_seq": 5,
                        "destination_city_seq": 16,
                        "seat_counts": {
                            "online": 0,
                            "offline": 0,
                            "is_divided": true
                        }
                    },
                    {
                        "key": 3,
                        "type": "SNIGDHA",
                        "trip_id": 8439552,
                        "trip_route_id": 53594059,
                        "route_id": 22316,
                        "fare": "340.00",
                        "vat_percent": 15,
                        "vat_amount": 51,
                        "origin_city_seq": 5,
                        "destination_city_seq": 16,
                        "seat_counts": {
                            "online": 0,
                            "offline": 0,
                            "is_divided": true
                        }
                    }
                ],
                "train_model": "717",
                "is_open_for_all": true,
                "is_eid_trip": 1,
                "parent_route": {
                    "origin_city_name": "dhaka",
                    "destination_city_name": "sylhet",
                    "departure_date": "2025-06-13",
                    "departure_time": "11:15:00",
                    "arrival_date": "2025-06-13",
                    "arrival_time": "19:00:00"
                },
                "boarding_points": [
                    {
                        "trip_point_id": 108334116,
                        "location_id": 2839,
                        "location_name": "Azampur Station",
                        "location_time": "01:39 PM",
                        "location_date": "13 Jun 2025"
                    }
                ],
                "is_international": 0,
                "is_from_city_international": false
            }
        ],
        "recommendations": [
            {
                "origin": "Mukundapur",
                "destination": "Sylhet"
            },
            {
                "origin": "Azampur",
                "destination": "Maijgaon"
            }
        ],
        "selected_seat_class": "S_CHAIR"
    },
    "extra": {
        "hash": "6542AE4B7B9AA27B549FF7A761C62961"
    }
}