{
    "data": {
        "trains": [
            {
                "trip_number": "JAYENTIKA EXPRESS (718)",
                "departure_date_time": "13 Jun, 04:48 pm",
                "departure_full_date": "2025-06-13",
                "departure_date_time_jd": "Fri, 13 Jun 2025, 04:48 PM",
                "arrival_date_time": "13 Jun, 06:40 pm",
                "travel_time": "01h 52m",
                "origin_city_name": "azampur",
                "destination_city_name": "biman_bandar",
                "seat_types": [
                    {
                        "key": 7,
                        "type": "S_CHAIR",
                        "trip_id": 8437329,
                        "trip_route_id": 53535947,
                        "route_id": 22374,
                        "fare": "175.00",
                        "vat_percent": 0,
                        "vat_amount": 0,
                        "origin_city_seq": 12,
                        "destination_city_seq": 15,
                        "seat_counts": {
                            "online": 0,
                            "offline": 0,
                            "is_divided": true
                        }
                    },
                    {
                        "key": 2,
                        "type": "AC_S",
                        "trip_id": 8437342,
                        "trip_route_id": 53536648,
                        "route_id": 22374,
                        "fare": "345.00",
                        "vat_percent": 15,
                        "vat_amount": 52,
                        "origin_city_seq": 12,
                        "destination_city_seq": 15,
                        "seat_counts": {
                            "online": 0,
                            "offline": 0,
                            "is_divided": true
                        }
                    },
                    {
                        "key": 3,
                        "type": "SNIGDHA",
                        "trip_id": 8437355,
                        "trip_route_id": 53537309,
                        "route_id": 22374,
                        "fare": "285.00",
                        "vat_percent": 15,
                        "vat_amount": 43,
                        "origin_city_seq": 12,
                        "destination_city_seq": 15,
                        "seat_counts": {
                            "online": 0,
                            "offline": 0,
                            "is_divided": true
                        }
                    }
                ],
                "train_model": "718",
                "is_open_for_all": true,
                "is_eid_trip": 1,
                "parent_route": {
                    "origin_city_name": "sylhet",
                    "destination_city_name": "dhaka",
                    "departure_date": "2025-06-13",
                    "departure_time": "12:00:00",
                    "arrival_date": "2025-06-13",
                    "arrival_time": "19:15:00"
                },
                "boarding_points": [
                    {
                        "trip_point_id": 108296797,
                        "location_id": 2839,
                        "location_name": "Azampur Station",
                        "location_time": "04:48 PM",
                        "location_date": "13 Jun 2025"
                    }
                ],
                "is_international": 0,
                "is_from_city_international": false
            },
            {
                "trip_number": "PARABAT EXPRESS (710)",
                "departure_date_time": "13 Jun, 08:07 pm",
                "departure_full_date": "2025-06-13",
                "departure_date_time_jd": "Fri, 13 Jun 2025, 08:07 PM",
                "arrival_date_time": "13 Jun, 10:12 pm",
                "travel_time": "02h 05m",
                "origin_city_name": "azampur",
                "destination_city_name": "biman_bandar",
                "seat_types": [
                    {
                        "key": 3,
                        "type": "SNIGDHA",
                        "trip_id": 8437252,
                        "trip_route_id": 53531930,
                        "route_id": 22184,
                        "fare": "285.00",
                        "vat_percent": 15,
                        "vat_amount": 43,
                        "origin_city_seq": 8,
                        "destination_city_seq": 11,
                        "seat_counts": {
                            "online": 0,
                            "offline": 0,
                            "is_divided": true
                        }
                    },
                    {
                        "key": 7,
                        "type": "S_CHAIR",
                        "trip_id": 8437265,
                        "trip_route_id": 53532477,
                        "route_id": 22184,
                        "fare": "175.00",
                        "vat_percent": 0,
                        "vat_amount": 0,
                        "origin_city_seq": 8,
                        "destination_city_seq": 11,
                        "seat_counts": {
                            "online": 0,
                            "offline": 0,
                            "is_divided": true
                        }
                    },
                    {
                        "key": 5,
                        "type": "F_SEAT",
                        "trip_id": 8437278,
                        "trip_route_id": 53532973,
                        "route_id": 22184,
                        "fare": "230.00",
                        "vat_percent": 15,
                        "vat_amount": 35,
                        "origin_city_seq": 8,
                        "destination_city_seq": 11,
                        "seat_counts": {
                            "online": 0,
                            "offline": 0,
                            "is_divided": true
                        }
                    },
                    {
                        "key": 2,
                        "type": "AC_S",
                        "trip_id": 8437291,
                        "trip_route_id": 53533450,
                        "route_id": 22184,
                        "fare": "345.00",
                        "vat_percent": 15,
                        "vat_amount": 52,
                        "origin_city_seq": 8,
                        "destination_city_seq": 11,
                        "seat_counts": {
                            "online": 0,
                            "offline": 0,
                            "is_divided": true
                        }
                    }
                ],
                "train_model": "710",
                "is_open_for_all": true,
                "is_eid_trip": 1,
                "parent_route": {
                    "origin_city_name": "sylhet",
                    "destination_city_name": "dhaka",
                    "departure_date": "2025-06-13",
                    "departure_time": "16:00:00",
                    "arrival_date": "2025-06-13",
                    "arrival_time": "22:40:00"
                },
                "boarding_points": [
                    {
                        "trip_point_id": 108294951,
                        "location_id": 2839,
                        "location_name": "Azampur Station",
                        "location_time": "08:07 PM",
                        "location_date": "13 Jun 2025"
                    }
                ],
                "is_international": 0,
                "is_from_city_international": false
            }
        ],
        "recommendations": [
            {
                "origin": "Brahmanbaria",
                "destination": "Biman_bandar"
            },
            {
                "origin": "Azampur",
                "destination": "Ashuganj"
            }
        ],
        "selected_seat_class": "S_CHAIR"
    },
    "extra": {
        "hash": "6542AE4B7B9AA27B549FF7A761C62961"
    }
}