{
    "data": {
        "trains": [
            {
                "trip_number": "KURIGRAM EXPRESS (798)",
                "departure_date_time": "13 Jun, 08:54 am",
                "departure_full_date": "2025-06-13",
                "departure_date_time_jd": "Fri, 13 Jun 2025, 08:54 AM",
                "arrival_date_time": "13 Jun, 05:05 pm",
                "travel_time": "08h 11m",
                "origin_city_name": "badarganj",
                "destination_city_name": "dhaka",
                "seat_types": [
                    {
                        "key": 2,
                        "type": "AC_S",
                        "trip_id": 8436012,
                        "trip_route_id": 53465278,
                        "route_id": 19736,
                        "fare": "1205.00",
                        "vat_percent": 15,
                        "vat_amount": 181,
                        "origin_city_seq": 4,
                        "destination_city_seq": 10,
                        "seat_counts": {
                            "online": 0,
                            "offline": 0,
                            "is_divided": true
                        }
                    },
                    {
                        "key": 3,
                        "type": "SNIGDHA",
                        "trip_id": 8436036,
                        "trip_route_id": 53466019,
                        "route_id": 19736,
                        "fare": "1005.00",
                        "vat_percent": 15,
                        "vat_amount": 151,
                        "origin_city_seq": 4,
                        "destination_city_seq": 10,
                        "seat_counts": {
                            "online": 0,
                            "offline": 0,
                            "is_divided": true
                        }
                    },
                    {
                        "key": 7,
                        "type": "S_CHAIR",
                        "trip_id": 8436048,
                        "trip_route_id": 53466379,
                        "route_id": 19736,
                        "fare": "605.00",
                        "vat_percent": 0,
                        "vat_amount": 0,
                        "origin_city_seq": 4,
                        "destination_city_seq": 10,
                        "seat_counts": {
                            "online": 0,
                            "offline": 0,
                            "is_divided": true
                        }
                    }
                ],
                "train_model": "798",
                "is_open_for_all": true,
                "is_eid_trip": 1,
                "parent_route": {
                    "origin_city_name": "kurigram",
                    "destination_city_name": "dhaka",
                    "departure_date": "2025-06-13",
                    "departure_time": "07:10:00",
                    "arrival_date": "2025-06-13",
                    "arrival_time": "17:05:00"
                },
                "boarding_points": [
                    {
                        "trip_point_id": 108262954,
                        "location_id": 2732,
                        "location_name": "Badarganj Station",
                        "location_time": "08:54 AM",
                        "location_date": "13 Jun 2025"
                    }
                ],
                "is_international": 0,
                "is_from_city_international": false
            }
        ],
        "recommendations": [
            {
                "origin": "Parbatipur",
                "destination": "Dhaka"
            },
            {
                "origin": "Badarganj",
                "destination": "Natore"
            }
        ],
        "selected_seat_class": "S_CHAIR"
    },
    "extra": {
        "hash": "6542AE4B7B9AA27B549FF7A761C62961"
    }
}