{
    "data": {
        "trains": [
            {
                "trip_number": "DOLONCHAPA EXPRESS (768)",
                "departure_date_time": "13 Jun, 12:07 pm",
                "departure_full_date": "2025-06-13",
                "departure_date_time_jd": "Fri, 13 Jun 2025, 12:07 PM",
                "arrival_date_time": "13 Jun, 02:49 pm",
                "travel_time": "02h 42m",
                "origin_city_name": "bamondanga",
                "destination_city_name": "bogura",
                "seat_types": [
                    {
                        "key": 7,
                        "type": "S_CHAIR",
                        "trip_id": 8436543,
                        "trip_route_id": 53499201,
                        "route_id": 26547,
                        "fare": "105.00",
                        "vat_percent": 0,
                        "vat_amount": 0,
                        "origin_city_seq": 16,
                        "destination_city_seq": 22,
                        "seat_counts": {
                            "online": 2,
                            "offline": 1,
                            "is_divided": true
                        }
                    },
                    {
                        "key": 8,
                        "type": "SHOVAN",
                        "trip_id": 8438832,
                        "trip_route_id": 53575459,
                        "route_id": 26547,
                        "fare": "85.00",
                        "vat_percent": 0,
                        "vat_amount": 0,
                        "origin_city_seq": 16,
                        "destination_city_seq": 22,
                        "seat_counts": {
                            "online": 3,
                            "offline": 2,
                            "is_divided": true
                        }
                    }
                ],
                "train_model": "768",
                "is_open_for_all": true,
                "is_eid_trip": 1,
                "parent_route": {
                    "origin_city_name": "panchagarh",
                    "destination_city_name": "santahar",
                    "departure_date": "2025-06-13",
                    "departure_time": "06:00:00",
                    "arrival_date": "2025-06-13",
                    "arrival_time": "16:15:00"
                },
                "boarding_points": [
                    {
                        "trip_point_id": 108279073,
                        "location_id": 2717,
                        "location_name": "Bamondanga Station",
                        "location_time": "12:07 PM",
                        "location_date": "13 Jun 2025"
                    }
                ],
                "is_international": 0,
                "is_from_city_international": false
            },
            {
                "trip_number": "KOROTOA EXPRESS (714)",
                "departure_date_time": "13 Jun, 07:50 pm",
                "departure_full_date": "2025-06-13",
                "departure_date_time_jd": "Fri, 13 Jun 2025, 07:50 PM",
                "arrival_date_time": "13 Jun, 09:45 pm",
                "travel_time": "01h 55m",
                "origin_city_name": "bamondanga",
                "destination_city_name": "bogura",
                "seat_types": [
                    {
                        "key": 7,
                        "type": "S_CHAIR",
                        "trip_id": 8438744,
                        "trip_route_id": 53568483,
                        "route_id": 21269,
                        "fare": "105.00",
                        "vat_percent": 0,
                        "vat_amount": 0,
                        "origin_city_seq": 13,
                        "destination_city_seq": 18,
                        "seat_counts": {
                            "online": 10,
                            "offline": 10,
                            "is_divided": true
                        }
                    }
                ],
                "train_model": "714",
                "is_open_for_all": true,
                "is_eid_trip": 1,
                "parent_route": {
                    "origin_city_name": "burimari",
                    "destination_city_name": "santahar",
                    "departure_date": "2025-06-13",
                    "departure_time": "16:20:00",
                    "arrival_date": "2025-06-13",
                    "arrival_time": "22:40:00"
                },
                "boarding_points": [
                    {
                        "trip_point_id": 108319889,
                        "location_id": 2717,
                        "location_name": "Bamondanga Station",
                        "location_time": "07:50 PM",
                        "location_date": "13 Jun 2025"
                    }
                ],
                "is_international": 0,
                "is_from_city_international": false
            }
        ],
        "recommendations": [],
        "selected_seat_class": "S_CHAIR"
    },
    "extra": {
        "hash": "6542AE4B7B9AA27B549FF7A761C62961"
    }
}