{
    "data": {
        "trains": [
            {
                "trip_number": "HAWR EXPRESS (777)",
                "departure_date_time": "13 Jun, 03:13 am",
                "departure_full_date": "2025-06-13",
                "departure_date_time_jd": "Fri, 13 Jun 2025, 03:13 AM",
                "arrival_date_time": "13 Jun, 04:10 am",
                "travel_time": "00h 57m",
                "origin_city_name": "barhatta",
                "destination_city_name": "mohanganj",
                "seat_types": [
                    {
                        "key": 8,
                        "type": "SHOVAN",
                        "trip_id": 8439296,
                        "trip_route_id": 53587754,
                        "route_id": 23167,
                        "fare": "45.00",
                        "vat_percent": 0,
                        "vat_amount": 0,
                        "origin_city_seq": 10,
                        "destination_city_seq": 11,
                        "seat_counts": {
                            "online": 20,
                            "offline": 20,
                            "is_divided": true
                        }
                    },
                    {
                        "key": 7,
                        "type": "S_CHAIR",
                        "trip_id": 8439309,
                        "trip_route_id": 53588178,
                        "route_id": 23167,
                        "fare": "50.00",
                        "vat_percent": 0,
                        "vat_amount": 0,
                        "origin_city_seq": 10,
                        "destination_city_seq": 11,
                        "seat_counts": {
                            "online": 5,
                            "offline": 5,
                            "is_divided": true
                        }
                    }
                ],
                "train_model": "777",
                "is_open_for_all": true,
                "is_eid_trip": 1,
                "parent_route": {
                    "origin_city_name": "dhaka",
                    "destination_city_name": "mohanganj",
                    "departure_date": "2025-06-12",
                    "departure_time": "22:15:00",
                    "arrival_date": "2025-06-13",
                    "arrival_time": "04:10:00"
                },
                "boarding_points": [
                    {
                        "trip_point_id": 108330647,
                        "location_id": 2870,
                        "location_name": "Barhatta Station",
                        "location_time": "03:13 AM",
                        "location_date": "13 Jun 2025"
                    }
                ],
                "is_international": 0,
                "is_from_city_international": false
            },
            {
                "trip_number": "MOHONGANJ EXPRESS (789)",
                "departure_date_time": "13 Jun, 06:04 pm",
                "departure_full_date": "2025-06-13",
                "departure_date_time_jd": "Fri, 13 Jun 2025, 06:04 PM",
                "arrival_date_time": "13 Jun, 06:40 pm",
                "travel_time": "00h 36m",
                "origin_city_name": "barhatta",
                "destination_city_name": "mohanganj",
                "seat_types": [
                    {
                        "key": 3,
                        "type": "SNIGDHA",
                        "trip_id": 8438380,
                        "trip_route_id": 53562809,
                        "route_id": 23065,
                        "fare": "100.00",
                        "vat_percent": 15,
                        "vat_amount": 15,
                        "origin_city_seq": 9,
                        "destination_city_seq": 10,
                        "seat_counts": {
                            "online": 0,
                            "offline": 0,
                            "is_divided": true
                        }
                    },
                    {
                        "key": 2,
                        "type": "AC_S",
                        "trip_id": 8438393,
                        "trip_route_id": 53563095,
                        "route_id": 23065,
                        "fare": "110.00",
                        "vat_percent": 15,
                        "vat_amount": 17,
                        "origin_city_seq": 9,
                        "destination_city_seq": 10,
                        "seat_counts": {
                            "online": 0,
                            "offline": 0,
                            "is_divided": true
                        }
                    },
                    {
                        "key": 7,
                        "type": "S_CHAIR",
                        "trip_id": 8438406,
                        "trip_route_id": 53563372,
                        "route_id": 23065,
                        "fare": "50.00",
                        "vat_percent": 0,
                        "vat_amount": 0,
                        "origin_city_seq": 9,
                        "destination_city_seq": 10,
                        "seat_counts": {
                            "online": 15,
                            "offline": 15,
                            "is_divided": true
                        }
                    }
                ],
                "train_model": "789",
                "is_open_for_all": true,
                "is_eid_trip": 1,
                "parent_route": {
                    "origin_city_name": "dhaka",
                    "destination_city_name": "mohanganj",
                    "departure_date": "2025-06-13",
                    "departure_time": "13:15:00",
                    "arrival_date": "2025-06-13",
                    "arrival_time": "18:40:00"
                },
                "boarding_points": [
                    {
                        "trip_point_id": 108315092,
                        "location_id": 2870,
                        "location_name": "Barhatta Station",
                        "location_time": "06:04 PM",
                        "location_date": "13 Jun 2025"
                    }
                ],
                "is_international": 0,
                "is_from_city_international": false
            }
        ],
        "recommendations": [],
        "selected_seat_class": "S_CHAIR"
    },
    "extra": {
        "hash": "6542AE4B7B9AA27B549FF7A761C62961"
    }
}