{
    "data": {
        "trains": [
            {
                "trip_number": "BIJOY EXPRESS (786)",
                "departure_date_time": "13 Jun, 12:35 am",
                "departure_full_date": "2025-06-13",
                "departure_date_time_jd": "Fri, 13 Jun 2025, 12:35 AM",
                "arrival_date_time": "13 Jun, 05:00 am",
                "travel_time": "04h 25m",
                "origin_city_name": "bhairab_bazar",
                "destination_city_name": "chattogram",
                "seat_types": [
                    {
                        "key": 7,
                        "type": "S_CHAIR",
                        "trip_id": 8439695,
                        "trip_route_id": 53597555,
                        "route_id": 23117,
                        "fare": "310.00",
                        "vat_percent": 0,
                        "vat_amount": 0,
                        "origin_city_seq": 8,
                        "destination_city_seq": 14,
                        "seat_counts": {
                            "online": 0,
                            "offline": 0,
                            "is_divided": true
                        }
                    },
                    {
                        "key": 3,
                        "type": "SNIGDHA",
                        "trip_id": 8439707,
                        "trip_route_id": 53597949,
                        "route_id": 23117,
                        "fare": "510.00",
                        "vat_percent": 15,
                        "vat_amount": 77,
                        "origin_city_seq": 8,
                        "destination_city_seq": 14,
                        "seat_counts": {
                            "online": 0,
                            "offline": 0,
                            "is_divided": true
                        }
                    },
                    {
                        "key": 1,
                        "type": "AC_B",
                        "trip_id": 8439719,
                        "trip_route_id": 53598256,
                        "route_id": 23117,
                        "fare": "920.00",
                        "vat_percent": 15,
                        "vat_amount": 138,
                        "origin_city_seq": 8,
                        "destination_city_seq": 14,
                        "seat_counts": {
                            "online": 0,
                            "offline": 0,
                            "is_divided": true
                        }
                    }
                ],
                "train_model": "786",
                "is_open_for_all": true,
                "is_eid_trip": 1,
                "parent_route": {
                    "origin_city_name": "jamalpur_town",
                    "destination_city_name": "chattogram",
                    "departure_date": "2025-06-12",
                    "departure_time": "20:00:00",
                    "arrival_date": "2025-06-13",
                    "arrival_time": "05:00:00"
                },
                "boarding_points": [
                    {
                        "trip_point_id": 108337459,
                        "location_id": 2829,
                        "location_name": "Bhairab_Bazar Station",
                        "location_time": "12:35 AM",
                        "location_date": "13 Jun 2025"
                    }
                ],
                "is_international": 0,
                "is_from_city_international": false
            },
            {
                "trip_number": "TURNA (742)",
                "departure_date_time": "13 Jun, 12:52 am",
                "departure_full_date": "2025-06-13",
                "departure_date_time_jd": "Fri, 13 Jun 2025, 12:52 AM",
                "arrival_date_time": "13 Jun, 05:15 am",
                "travel_time": "04h 23m",
                "origin_city_name": "bhairab_bazar",
                "destination_city_name": "chattogram",
                "seat_types": [
                    {
                        "key": 7,
                        "type": "S_CHAIR",
                        "trip_id": 8437977,
                        "trip_route_id": 53554280,
                        "route_id": 22836,
                        "fare": "310.00",
                        "vat_percent": 0,
                        "vat_amount": 0,
                        "origin_city_seq": 3,
                        "destination_city_seq": 9,
                        "seat_counts": {
                            "online": 0,
                            "offline": 0,
                            "is_divided": true
                        }
                    },
                    {
                        "key": 4,
                        "type": "F_BERTH",
                        "trip_id": 8437992,
                        "trip_route_id": 53554495,
                        "route_id": 22836,
                        "fare": "615.00",
                        "vat_percent": 15,
                        "vat_amount": 93,
                        "origin_city_seq": 3,
                        "destination_city_seq": 9,
                        "seat_counts": {
                            "online": 0,
                            "offline": 0,
                            "is_divided": true
                        }
                    },
                    {
                        "key": 1,
                        "type": "AC_B",
                        "trip_id": 8438007,
                        "trip_route_id": 53554705,
                        "route_id": 22836,
                        "fare": "920.00",
                        "vat_percent": 15,
                        "vat_amount": 138,
                        "origin_city_seq": 3,
                        "destination_city_seq": 9,
                        "seat_counts": {
                            "online": 0,
                            "offline": 0,
                            "is_divided": true
                        }
                    },
                    {
                        "key": 3,
                        "type": "SNIGDHA",
                        "trip_id": 8438022,
                        "trip_route_id": 53554925,
                        "route_id": 22836,
                        "fare": "510.00",
                        "vat_percent": 15,
                        "vat_amount": 77,
                        "origin_city_seq": 3,
                        "destination_city_seq": 9,
                        "seat_counts": {
                            "online": 0,
                            "offline": 0,
                            "is_divided": true
                        }
                    }
                ],
                "train_model": "742",
                "is_open_for_all": true,
                "is_eid_trip": 1,
                "parent_route": {
                    "origin_city_name": "dhaka",
                    "destination_city_name": "chattogram",
                    "departure_date": "2025-06-12",
                    "departure_time": "23:15:00",
                    "arrival_date": "2025-06-13",
                    "arrival_time": "05:15:00"
                },
                "boarding_points": [
                    {
                        "trip_point_id": 108308981,
                        "location_id": 2829,
                        "location_name": "Bhairab_Bazar Station",
                        "location_time": "12:52 AM",
                        "location_date": "13 Jun 2025"
                    }
                ],
                "is_international": 0,
                "is_from_city_international": false
            },
            {
                "trip_number": "MAHANAGAR PROVATI (704)",
                "departure_date_time": "13 Jun, 09:19 am",
                "departure_full_date": "2025-06-13",
                "departure_date_time_jd": "Fri, 13 Jun 2025, 09:19 AM",
                "arrival_date_time": "13 Jun, 01:35 pm",
                "travel_time": "04h 16m",
                "origin_city_name": "bhairab_bazar",
                "destination_city_name": "chattogram",
                "seat_types": [
                    {
                        "key": 5,
                        "type": "F_SEAT",
                        "trip_id": 8437052,
                        "trip_route_id": 53525945,
                        "route_id": 22053,
                        "fare": "410.00",
                        "vat_percent": 15,
                        "vat_amount": 62,
                        "origin_city_seq": 3,
                        "destination_city_seq": 10,
                        "seat_counts": {
                            "online": 0,
                            "offline": 0,
                            "is_divided": true
                        }
                    },
                    {
                        "key": 2,
                        "type": "AC_S",
                        "trip_id": 8437067,
                        "trip_route_id": 53526320,
                        "route_id": 22053,
                        "fare": "615.00",
                        "vat_percent": 15,
                        "vat_amount": 93,
                        "origin_city_seq": 3,
                        "destination_city_seq": 10,
                        "seat_counts": {
                            "online": 0,
                            "offline": 0,
                            "is_divided": true
                        }
                    },
                    {
                        "key": 3,
                        "type": "SNIGDHA",
                        "trip_id": 8437082,
                        "trip_route_id": 53526695,
                        "route_id": 22053,
                        "fare": "510.00",
                        "vat_percent": 15,
                        "vat_amount": 77,
                        "origin_city_seq": 3,
                        "destination_city_seq": 10,
                        "seat_counts": {
                            "online": 0,
                            "offline": 0,
                            "is_divided": true
                        }
                    }
                ],
                "train_model": "704",
                "is_open_for_all": true,
                "is_eid_trip": 1,
                "parent_route": {
                    "origin_city_name": "dhaka",
                    "destination_city_name": "chattogram",
                    "departure_date": "2025-06-13",
                    "departure_time": "07:45:00",
                    "arrival_date": "2025-06-13",
                    "arrival_time": "13:35:00"
                },
                "boarding_points": [
                    {
                        "trip_point_id": 108291326,
                        "location_id": 2829,
                        "location_name": "Bhairab_Bazar Station",
                        "location_time": "09:19 AM",
                        "location_date": "13 Jun 2025"
                    }
                ],
                "is_international": 0,
                "is_from_city_international": false
            },
            {
                "trip_number": "MAHANAGAR PROVATI (704)",
                "departure_date_time": "13 Jun, 09:22 am",
                "departure_full_date": "2025-06-13",
                "departure_date_time_jd": "Fri, 13 Jun 2025, 09:22 AM",
                "arrival_date_time": "13 Jun, 01:35 pm",
                "travel_time": "04h 13m",
                "origin_city_name": "bhairab_bazar",
                "destination_city_name": "chattogram",
                "seat_types": [
                    {
                        "key": 7,
                        "type": "S_CHAIR",
                        "trip_id": 8437037,
                        "trip_route_id": 53525570,
                        "route_id": 22053,
                        "fare": "310.00",
                        "vat_percent": 0,
                        "vat_amount": 0,
                        "origin_city_seq": 4,
                        "destination_city_seq": 11,
                        "seat_counts": {
                            "online": 0,
                            "offline": 0,
                            "is_divided": true
                        }
                    }
                ],
                "train_model": "704",
                "is_open_for_all": true,
                "is_eid_trip": 1,
                "parent_route": {
                    "origin_city_name": "dhaka",
                    "destination_city_name": "chattogram",
                    "departure_date": "2025-06-13",
                    "departure_time": "07:45:00",
                    "arrival_date": "2025-06-13",
                    "arrival_time": "13:35:00"
                },
                "boarding_points": [
                    {
                        "trip_point_id": 108291056,
                        "location_id": 2829,
                        "location_name": "Bhairab_Bazar Station",
                        "location_time": "09:22 AM",
                        "location_date": "13 Jun 2025"
                    }
                ],
                "is_international": 0,
                "is_from_city_international": false
            },
            {
                "trip_number": "MOHANAGAR EXPRESS (722)",
                "departure_date_time": "13 Jun, 11:03 pm",
                "departure_full_date": "2025-06-13",
                "departure_date_time_jd": "Fri, 13 Jun 2025, 11:03 PM",
                "arrival_date_time": "14 Jun, 03:30 am",
                "travel_time": "04h 27m",
                "origin_city_name": "bhairab_bazar",
                "destination_city_name": "chattogram",
                "seat_types": [
                    {
                        "key": 7,
                        "type": "S_CHAIR",
                        "trip_id": 8440336,
                        "trip_route_id": 53621091,
                        "route_id": 22530,
                        "fare": "310.00",
                        "vat_percent": 0,
                        "vat_amount": 0,
                        "origin_city_seq": 4,
                        "destination_city_seq": 14,
                        "seat_counts": {
                            "online": 0,
                            "offline": 0,
                            "is_divided": true
                        }
                    },
                    {
                        "key": 1,
                        "type": "AC_B",
                        "trip_id": 8440349,
                        "trip_route_id": 53621419,
                        "route_id": 22530,
                        "fare": "920.00",
                        "vat_percent": 15,
                        "vat_amount": 138,
                        "origin_city_seq": 4,
                        "destination_city_seq": 14,
                        "seat_counts": {
                            "online": 0,
                            "offline": 0,
                            "is_divided": true
                        }
                    },
                    {
                        "key": 3,
                        "type": "SNIGDHA",
                        "trip_id": 8440362,
                        "trip_route_id": 53621770,
                        "route_id": 22530,
                        "fare": "510.00",
                        "vat_percent": 15,
                        "vat_amount": 77,
                        "origin_city_seq": 4,
                        "destination_city_seq": 14,
                        "seat_counts": {
                            "online": 0,
                            "offline": 0,
                            "is_divided": true
                        }
                    }
                ],
                "train_model": "722",
                "is_open_for_all": true,
                "is_eid_trip": 1,
                "parent_route": {
                    "origin_city_name": "dhaka",
                    "destination_city_name": "chattogram",
                    "departure_date": "2025-06-13",
                    "departure_time": "21:20:00",
                    "arrival_date": "2025-06-14",
                    "arrival_time": "03:30:00"
                },
                "boarding_points": [
                    {
                        "trip_point_id": 108351122,
                        "location_id": 2829,
                        "location_name": "Bhairab_Bazar Station",
                        "location_time": "11:03 PM",
                        "location_date": "13 Jun 2025"
                    }
                ],
                "is_international": 0,
                "is_from_city_international": false
            }
        ],
        "recommendations": [
            {
                "origin": "Ashuganj",
                "destination": "Chattogram"
            },
            {
                "origin": "Bhairab_bazar",
                "destination": "Kumira"
            }
        ],
        "selected_seat_class": "S_CHAIR"
    },
    "extra": {
        "hash": "189E1F407E91F11D8DCCA48ECB26D94C"
    }
}