{
    "data": {
        "trains": [
            {
                "trip_number": "UPABAN EXPRESS (740)",
                "departure_date_time": "13 Jun, 04:06 am",
                "departure_full_date": "2025-06-13",
                "departure_date_time_jd": "Fri, 13 Jun 2025, 04:06 AM",
                "arrival_date_time": "13 Jun, 05:12 am",
                "travel_time": "01h 06m",
                "origin_city_name": "bhairab_bazar",
                "destination_city_name": "biman_bandar",
                "seat_types": [
                    {
                        "key": 7,
                        "type": "S_CHAIR",
                        "trip_id": 8437877,
                        "trip_route_id": 53552684,
                        "route_id": 22812,
                        "fare": "105.00",
                        "vat_percent": 0,
                        "vat_amount": 0,
                        "origin_city_seq": 9,
                        "destination_city_seq": 11,
                        "seat_counts": {
                            "online": 0,
                            "offline": 0,
                            "is_divided": true
                        }
                    },
                    {
                        "key": 1,
                        "type": "AC_B",
                        "trip_id": 8437890,
                        "trip_route_id": 53552974,
                        "route_id": 22812,
                        "fare": "305.00",
                        "vat_percent": 15,
                        "vat_amount": 46,
                        "origin_city_seq": 9,
                        "destination_city_seq": 10,
                        "seat_counts": {
                            "online": 0,
                            "offline": 0,
                            "is_divided": true
                        }
                    },
                    {
                        "key": 3,
                        "type": "SNIGDHA",
                        "trip_id": 8437903,
                        "trip_route_id": 53553256,
                        "route_id": 22812,
                        "fare": "170.00",
                        "vat_percent": 15,
                        "vat_amount": 26,
                        "origin_city_seq": 9,
                        "destination_city_seq": 10,
                        "seat_counts": {
                            "online": 0,
                            "offline": 0,
                            "is_divided": true
                        }
                    }
                ],
                "train_model": "740",
                "is_open_for_all": true,
                "is_eid_trip": 1,
                "parent_route": {
                    "origin_city_name": "sylhet",
                    "destination_city_name": "dhaka",
                    "departure_date": "2025-06-12",
                    "departure_time": "23:30:00",
                    "arrival_date": "2025-06-13",
                    "arrival_time": "05:40:00"
                },
                "boarding_points": [
                    {
                        "trip_point_id": 108307444,
                        "location_id": 2829,
                        "location_name": "Bhairab_Bazar Station",
                        "location_time": "04:06 AM",
                        "location_date": "13 Jun 2025"
                    }
                ],
                "is_international": 0,
                "is_from_city_international": false
            },
            {
                "trip_number": "EGAROSINDHUR PROVATI (738)",
                "departure_date_time": "13 Jun, 08:20 am",
                "departure_full_date": "2025-06-13",
                "departure_date_time_jd": "Fri, 13 Jun 2025, 08:20 AM",
                "arrival_date_time": "13 Jun, 09:53 am",
                "travel_time": "01h 33m",
                "origin_city_name": "bhairab_bazar",
                "destination_city_name": "biman_bandar",
                "seat_types": [
                    {
                        "key": 8,
                        "type": "SHOVAN",
                        "trip_id": 8437779,
                        "trip_route_id": 53550369,
                        "route_id": 22755,
                        "fare": "85.00",
                        "vat_percent": 0,
                        "vat_amount": 0,
                        "origin_city_seq": 7,
                        "destination_city_seq": 10,
                        "seat_counts": {
                            "online": 0,
                            "offline": 0,
                            "is_divided": true
                        }
                    },
                    {
                        "key": 7,
                        "type": "S_CHAIR",
                        "trip_id": 8437794,
                        "trip_route_id": 53550743,
                        "route_id": 22755,
                        "fare": "105.00",
                        "vat_percent": 0,
                        "vat_amount": 0,
                        "origin_city_seq": 7,
                        "destination_city_seq": 10,
                        "seat_counts": {
                            "online": 0,
                            "offline": 0,
                            "is_divided": true
                        }
                    },
                    {
                        "key": 6,
                        "type": "F_CHAIR",
                        "trip_id": 8437809,
                        "trip_route_id": 53551103,
                        "route_id": 22755,
                        "fare": "135.00",
                        "vat_percent": 15,
                        "vat_amount": 21,
                        "origin_city_seq": 7,
                        "destination_city_seq": 10,
                        "seat_counts": {
                            "online": 0,
                            "offline": 0,
                            "is_divided": true
                        }
                    },
                    {
                        "key": 5,
                        "type": "F_SEAT",
                        "trip_id": 8437824,
                        "trip_route_id": 53551463,
                        "route_id": 22755,
                        "fare": "135.00",
                        "vat_percent": 15,
                        "vat_amount": 21,
                        "origin_city_seq": 7,
                        "destination_city_seq": 10,
                        "seat_counts": {
                            "online": 0,
                            "offline": 0,
                            "is_divided": true
                        }
                    }
                ],
                "train_model": "738",
                "is_open_for_all": true,
                "is_eid_trip": 1,
                "parent_route": {
                    "origin_city_name": "kishorganj",
                    "destination_city_name": "dhaka",
                    "departure_date": "2025-06-13",
                    "departure_time": "06:30:00",
                    "arrival_date": "2025-06-13",
                    "arrival_time": "10:35:00"
                },
                "boarding_points": [
                    {
                        "trip_point_id": 108305670,
                        "location_id": 2829,
                        "location_name": "Bhairab_Bazar Station",
                        "location_time": "08:20 AM",
                        "location_date": "13 Jun 2025"
                    }
                ],
                "is_international": 0,
                "is_from_city_international": false
            },
            {
                "trip_number": "EGAROSINDHUR GODHULI (750)",
                "departure_date_time": "13 Jun, 03:00 pm",
                "departure_full_date": "2025-06-13",
                "departure_date_time_jd": "Fri, 13 Jun 2025, 03:00 PM",
                "arrival_date_time": "13 Jun, 04:12 pm",
                "travel_time": "01h 12m",
                "origin_city_name": "bhairab_bazar",
                "destination_city_name": "biman_bandar",
                "seat_types": [
                    {
                        "key": 5,
                        "type": "F_SEAT",
                        "trip_id": 8438276,
                        "trip_route_id": 53561482,
                        "route_id": 22755,
                        "fare": "135.00",
                        "vat_percent": 15,
                        "vat_amount": 21,
                        "origin_city_seq": 7,
                        "destination_city_seq": 10,
                        "seat_counts": {
                            "online": 0,
                            "offline": 0,
                            "is_divided": true
                        }
                    },
                    {
                        "key": 6,
                        "type": "F_CHAIR",
                        "trip_id": 8438289,
                        "trip_route_id": 53561781,
                        "route_id": 22755,
                        "fare": "135.00",
                        "vat_percent": 15,
                        "vat_amount": 21,
                        "origin_city_seq": 7,
                        "destination_city_seq": 10,
                        "seat_counts": {
                            "online": 0,
                            "offline": 0,
                            "is_divided": true
                        }
                    },
                    {
                        "key": 7,
                        "type": "S_CHAIR",
                        "trip_id": 8438302,
                        "trip_route_id": 53562080,
                        "route_id": 22755,
                        "fare": "105.00",
                        "vat_percent": 0,
                        "vat_amount": 0,
                        "origin_city_seq": 7,
                        "destination_city_seq": 10,
                        "seat_counts": {
                            "online": 0,
                            "offline": 0,
                            "is_divided": true
                        }
                    },
                    {
                        "key": 8,
                        "type": "SHOVAN",
                        "trip_id": 8438315,
                        "trip_route_id": 53562396,
                        "route_id": 22755,
                        "fare": "85.00",
                        "vat_percent": 0,
                        "vat_amount": 0,
                        "origin_city_seq": 7,
                        "destination_city_seq": 10,
                        "seat_counts": {
                            "online": 0,
                            "offline": 0,
                            "is_divided": true
                        }
                    }
                ],
                "train_model": "750",
                "is_open_for_all": true,
                "is_eid_trip": 1,
                "parent_route": {
                    "origin_city_name": "kishorganj",
                    "destination_city_name": "dhaka",
                    "departure_date": "2025-06-13",
                    "departure_time": "12:50:00",
                    "arrival_date": "2025-06-13",
                    "arrival_time": "16:45:00"
                },
                "boarding_points": [
                    {
                        "trip_point_id": 108314038,
                        "location_id": 2829,
                        "location_name": "Bhairab_Bazar Station",
                        "location_time": "03:00 PM",
                        "location_date": "13 Jun 2025"
                    }
                ],
                "is_international": 0,
                "is_from_city_international": false
            },
            {
                "trip_number": "KISHORGANJ EXPRESS (782)",
                "departure_date_time": "13 Jun, 05:48 pm",
                "departure_full_date": "2025-06-13",
                "departure_date_time_jd": "Fri, 13 Jun 2025, 05:48 PM",
                "arrival_date_time": "13 Jun, 07:20 pm",
                "travel_time": "01h 32m",
                "origin_city_name": "bhairab_bazar",
                "destination_city_name": "biman_bandar",
                "seat_types": [
                    {
                        "key": 3,
                        "type": "SNIGDHA",
                        "trip_id": 8439600,
                        "trip_route_id": 53595454,
                        "route_id": 22755,
                        "fare": "170.00",
                        "vat_percent": 15,
                        "vat_amount": 26,
                        "origin_city_seq": 7,
                        "destination_city_seq": 10,
                        "seat_counts": {
                            "online": 0,
                            "offline": 0,
                            "is_divided": true
                        }
                    },
                    {
                        "key": 2,
                        "type": "AC_S",
                        "trip_id": 8439612,
                        "trip_route_id": 53595737,
                        "route_id": 22755,
                        "fare": "205.00",
                        "vat_percent": 15,
                        "vat_amount": 31,
                        "origin_city_seq": 7,
                        "destination_city_seq": 10,
                        "seat_counts": {
                            "online": 0,
                            "offline": 0,
                            "is_divided": true
                        }
                    },
                    {
                        "key": 7,
                        "type": "S_CHAIR",
                        "trip_id": 8439624,
                        "trip_route_id": 53596054,
                        "route_id": 22755,
                        "fare": "105.00",
                        "vat_percent": 0,
                        "vat_amount": 0,
                        "origin_city_seq": 7,
                        "destination_city_seq": 10,
                        "seat_counts": {
                            "online": 0,
                            "offline": 0,
                            "is_divided": true
                        }
                    }
                ],
                "train_model": "782",
                "is_open_for_all": true,
                "is_eid_trip": 1,
                "parent_route": {
                    "origin_city_name": "kishorganj",
                    "destination_city_name": "dhaka",
                    "departure_date": "2025-06-13",
                    "departure_time": "16:00:00",
                    "arrival_date": "2025-06-13",
                    "arrival_time": "20:00:00"
                },
                "boarding_points": [
                    {
                        "trip_point_id": 108335787,
                        "location_id": 2829,
                        "location_name": "Bhairab_Bazar Station",
                        "location_time": "05:48 PM",
                        "location_date": "13 Jun 2025"
                    }
                ],
                "is_international": 0,
                "is_from_city_international": false
            },
            {
                "trip_number": "PARABAT EXPRESS (710)",
                "departure_date_time": "13 Jun, 08:58 pm",
                "departure_full_date": "2025-06-13",
                "departure_date_time_jd": "Fri, 13 Jun 2025, 08:58 PM",
                "arrival_date_time": "13 Jun, 10:12 pm",
                "travel_time": "01h 14m",
                "origin_city_name": "bhairab_bazar",
                "destination_city_name": "biman_bandar",
                "seat_types": [
                    {
                        "key": 3,
                        "type": "SNIGDHA",
                        "trip_id": 8437252,
                        "trip_route_id": 53531928,
                        "route_id": 22188,
                        "fare": "170.00",
                        "vat_percent": 15,
                        "vat_amount": 26,
                        "origin_city_seq": 10,
                        "destination_city_seq": 11,
                        "seat_counts": {
                            "online": 0,
                            "offline": 0,
                            "is_divided": true
                        }
                    },
                    {
                        "key": 7,
                        "type": "S_CHAIR",
                        "trip_id": 8437265,
                        "trip_route_id": 53532475,
                        "route_id": 22188,
                        "fare": "105.00",
                        "vat_percent": 0,
                        "vat_amount": 0,
                        "origin_city_seq": 10,
                        "destination_city_seq": 11,
                        "seat_counts": {
                            "online": 0,
                            "offline": 0,
                            "is_divided": true
                        }
                    },
                    {
                        "key": 5,
                        "type": "F_SEAT",
                        "trip_id": 8437278,
                        "trip_route_id": 53532971,
                        "route_id": 22188,
                        "fare": "135.00",
                        "vat_percent": 15,
                        "vat_amount": 21,
                        "origin_city_seq": 10,
                        "destination_city_seq": 11,
                        "seat_counts": {
                            "online": 0,
                            "offline": 0,
                            "is_divided": true
                        }
                    },
                    {
                        "key": 2,
                        "type": "AC_S",
                        "trip_id": 8437291,
                        "trip_route_id": 53533448,
                        "route_id": 22188,
                        "fare": "205.00",
                        "vat_percent": 15,
                        "vat_amount": 31,
                        "origin_city_seq": 10,
                        "destination_city_seq": 11,
                        "seat_counts": {
                            "online": 0,
                            "offline": 0,
                            "is_divided": true
                        }
                    }
                ],
                "train_model": "710",
                "is_open_for_all": true,
                "is_eid_trip": 1,
                "parent_route": {
                    "origin_city_name": "sylhet",
                    "destination_city_name": "dhaka",
                    "departure_date": "2025-06-13",
                    "departure_time": "16:00:00",
                    "arrival_date": "2025-06-13",
                    "arrival_time": "22:40:00"
                },
                "boarding_points": [
                    {
                        "trip_point_id": 108294950,
                        "location_id": 2829,
                        "location_name": "Bhairab_Bazar Station",
                        "location_time": "08:58 PM",
                        "location_date": "13 Jun 2025"
                    }
                ],
                "is_international": 0,
                "is_from_city_international": false
            }
        ],
        "recommendations": [
            {
                "origin": "Methikanda",
                "destination": "Biman_bandar"
            },
            {
                "origin": "Bhairab_bazar",
                "destination": "Narsingdi"
            }
        ],
        "selected_seat_class": "S_CHAIR"
    },
    "extra": {
        "hash": "6542AE4B7B9AA27B549FF7A761C62961"
    }
}