{
    "data": {
        "trains": [
            {
                "trip_number": "SUNDARBAN EXPRESS (725)",
                "departure_date_time": "13 Jun, 03:47 am",
                "departure_full_date": "2025-06-13",
                "departure_date_time_jd": "Fri, 13 Jun 2025, 03:47 AM",
                "arrival_date_time": "13 Jun, 05:10 am",
                "travel_time": "01h 23m",
                "origin_city_name": "bhanga",
                "destination_city_name": "dhaka",
                "seat_types": [
                    {
                        "key": 7,
                        "type": "S_CHAIR",
                        "trip_id": 8436607,
                        "trip_route_id": 53508287,
                        "route_id": 25204,
                        "fare": "265.00",
                        "vat_percent": 0,
                        "vat_amount": 0,
                        "origin_city_seq": 14,
                        "destination_city_seq": 15,
                        "seat_counts": {
                            "online": 0,
                            "offline": 0,
                            "is_divided": true
                        }
                    },
                    {
                        "key": 3,
                        "type": "SNIGDHA",
                        "trip_id": 8436619,
                        "trip_route_id": 53508850,
                        "route_id": 25204,
                        "fare": "445.00",
                        "vat_percent": 15,
                        "vat_amount": 67,
                        "origin_city_seq": 14,
                        "destination_city_seq": 15,
                        "seat_counts": {
                            "online": 2,
                            "offline": 1,
                            "is_divided": true
                        }
                    }
                ],
                "train_model": "725",
                "is_open_for_all": true,
                "is_eid_trip": 1,
                "parent_route": {
                    "origin_city_name": "khulna",
                    "destination_city_name": "dhaka",
                    "departure_date": "2025-06-12",
                    "departure_time": "21:45:00",
                    "arrival_date": "2025-06-13",
                    "arrival_time": "05:10:00"
                },
                "boarding_points": [
                    {
                        "trip_point_id": 108281839,
                        "location_id": 2752,
                        "location_name": "Bhanga Station",
                        "location_time": "03:47 AM",
                        "location_date": "13 Jun 2025"
                    }
                ],
                "is_international": 0,
                "is_from_city_international": false
            },
            {
                "trip_number": "MADHUMATI EXPRESS (756)",
                "departure_date_time": "13 Jun, 12:26 pm",
                "departure_full_date": "2025-06-13",
                "departure_date_time_jd": "Fri, 13 Jun 2025, 12:26 PM",
                "arrival_date_time": "13 Jun, 02:00 pm",
                "travel_time": "01h 34m",
                "origin_city_name": "bhanga",
                "destination_city_name": "dhaka",
                "seat_types": [
                    {
                        "key": 7,
                        "type": "S_CHAIR",
                        "trip_id": 8436846,
                        "trip_route_id": 53522378,
                        "route_id": 25876,
                        "fare": "265.00",
                        "vat_percent": 0,
                        "vat_amount": 0,
                        "origin_city_seq": 18,
                        "destination_city_seq": 22,
                        "seat_counts": {
                            "online": 12,
                            "offline": 11,
                            "is_divided": true
                        }
                    }
                ],
                "train_model": "756",
                "is_open_for_all": true,
                "is_eid_trip": 1,
                "parent_route": {
                    "origin_city_name": "rajshahi",
                    "destination_city_name": "dhaka",
                    "departure_date": "2025-06-13",
                    "departure_time": "06:40:00",
                    "arrival_date": "2025-06-13",
                    "arrival_time": "14:00:00"
                },
                "boarding_points": [
                    {
                        "trip_point_id": 108289049,
                        "location_id": 2752,
                        "location_name": "Bhanga Station",
                        "location_time": "12:26 PM",
                        "location_date": "13 Jun 2025"
                    }
                ],
                "is_international": 0,
                "is_from_city_international": false
            },
            {
                "trip_number": "BENAPOLE EXPRESS (795)",
                "departure_date_time": "13 Jun, 06:58 pm",
                "departure_full_date": "2025-06-13",
                "departure_date_time_jd": "Fri, 13 Jun 2025, 06:58 PM",
                "arrival_date_time": "13 Jun, 08:30 pm",
                "travel_time": "01h 32m",
                "origin_city_name": "bhanga",
                "destination_city_name": "dhaka",
                "seat_types": [
                    {
                        "key": 7,
                        "type": "S_CHAIR",
                        "trip_id": 8436779,
                        "trip_route_id": 53519131,
                        "route_id": 25387,
                        "fare": "265.00",
                        "vat_percent": 0,
                        "vat_amount": 0,
                        "origin_city_seq": 13,
                        "destination_city_seq": 14,
                        "seat_counts": {
                            "online": 0,
                            "offline": 0,
                            "is_divided": true
                        }
                    },
                    {
                        "key": 3,
                        "type": "SNIGDHA",
                        "trip_id": 8438876,
                        "trip_route_id": 53576629,
                        "route_id": 25387,
                        "fare": "445.00",
                        "vat_percent": 15,
                        "vat_amount": 67,
                        "origin_city_seq": 13,
                        "destination_city_seq": 14,
                        "seat_counts": {
                            "online": 0,
                            "offline": 0,
                            "is_divided": true
                        }
                    }
                ],
                "train_model": "795",
                "is_open_for_all": true,
                "is_eid_trip": 1,
                "parent_route": {
                    "origin_city_name": "benapole",
                    "destination_city_name": "dhaka",
                    "departure_date": "2025-06-13",
                    "departure_time": "12:25:00",
                    "arrival_date": "2025-06-13",
                    "arrival_time": "20:30:00"
                },
                "boarding_points": [
                    {
                        "trip_point_id": 108287291,
                        "location_id": 2752,
                        "location_name": "Bhanga Station",
                        "location_time": "06:58 PM",
                        "location_date": "13 Jun 2025"
                    }
                ],
                "is_international": 0,
                "is_from_city_international": false
            }
        ],
        "recommendations": [],
        "selected_seat_class": "S_CHAIR"
    },
    "extra": {
        "hash": "6542AE4B7B9AA27B549FF7A761C62961"
    }
}