{
    "data": {
        "trains": [
            {
                "trip_number": "UPABAN EXPRESS (740)",
                "departure_date_time": "13 Jun, 01:22 am",
                "departure_full_date": "2025-06-13",
                "departure_date_time_jd": "Fri, 13 Jun 2025, 01:22 AM",
                "arrival_date_time": "13 Jun, 05:12 am",
                "travel_time": "03h 50m",
                "origin_city_name": "bhanugach",
                "destination_city_name": "biman_bandar",
                "seat_types": [
                    {
                        "key": 7,
                        "type": "S_CHAIR",
                        "trip_id": 8437877,
                        "trip_route_id": 53552686,
                        "route_id": 22806,
                        "fare": "285.00",
                        "vat_percent": 0,
                        "vat_amount": 0,
                        "origin_city_seq": 6,
                        "destination_city_seq": 11,
                        "seat_counts": {
                            "online": 0,
                            "offline": 0,
                            "is_divided": true
                        }
                    },
                    {
                        "key": 1,
                        "type": "AC_B",
                        "trip_id": 8437890,
                        "trip_route_id": 53552976,
                        "route_id": 22806,
                        "fare": "850.00",
                        "vat_percent": 15,
                        "vat_amount": 128,
                        "origin_city_seq": 6,
                        "destination_city_seq": 10,
                        "seat_counts": {
                            "online": 0,
                            "offline": 0,
                            "is_divided": true
                        }
                    },
                    {
                        "key": 3,
                        "type": "SNIGDHA",
                        "trip_id": 8437903,
                        "trip_route_id": 53553258,
                        "route_id": 22806,
                        "fare": "475.00",
                        "vat_percent": 15,
                        "vat_amount": 72,
                        "origin_city_seq": 6,
                        "destination_city_seq": 10,
                        "seat_counts": {
                            "online": 0,
                            "offline": 0,
                            "is_divided": true
                        }
                    }
                ],
                "train_model": "740",
                "is_open_for_all": true,
                "is_eid_trip": 1,
                "parent_route": {
                    "origin_city_name": "sylhet",
                    "destination_city_name": "dhaka",
                    "departure_date": "2025-06-12",
                    "departure_time": "23:30:00",
                    "arrival_date": "2025-06-13",
                    "arrival_time": "05:40:00"
                },
                "boarding_points": [
                    {
                        "trip_point_id": 108307445,
                        "location_id": 2837,
                        "location_name": "Bhanugach Station",
                        "location_time": "01:22 AM",
                        "location_date": "13 Jun 2025"
                    }
                ],
                "is_international": 0,
                "is_from_city_international": false
            },
            {
                "trip_number": "JAYENTIKA EXPRESS (718)",
                "departure_date_time": "13 Jun, 02:21 pm",
                "departure_full_date": "2025-06-13",
                "departure_date_time_jd": "Fri, 13 Jun 2025, 02:21 PM",
                "arrival_date_time": "13 Jun, 06:40 pm",
                "travel_time": "04h 19m",
                "origin_city_name": "bhanugach",
                "destination_city_name": "biman_bandar",
                "seat_types": [
                    {
                        "key": 7,
                        "type": "S_CHAIR",
                        "trip_id": 8437329,
                        "trip_route_id": 53535952,
                        "route_id": 22353,
                        "fare": "285.00",
                        "vat_percent": 0,
                        "vat_amount": 0,
                        "origin_city_seq": 4,
                        "destination_city_seq": 15,
                        "seat_counts": {
                            "online": 0,
                            "offline": 0,
                            "is_divided": true
                        }
                    },
                    {
                        "key": 2,
                        "type": "AC_S",
                        "trip_id": 8437342,
                        "trip_route_id": 53536653,
                        "route_id": 22353,
                        "fare": "570.00",
                        "vat_percent": 15,
                        "vat_amount": 86,
                        "origin_city_seq": 4,
                        "destination_city_seq": 15,
                        "seat_counts": {
                            "online": 0,
                            "offline": 0,
                            "is_divided": true
                        }
                    },
                    {
                        "key": 3,
                        "type": "SNIGDHA",
                        "trip_id": 8437355,
                        "trip_route_id": 53537314,
                        "route_id": 22353,
                        "fare": "475.00",
                        "vat_percent": 15,
                        "vat_amount": 72,
                        "origin_city_seq": 4,
                        "destination_city_seq": 15,
                        "seat_counts": {
                            "online": 0,
                            "offline": 0,
                            "is_divided": true
                        }
                    }
                ],
                "train_model": "718",
                "is_open_for_all": true,
                "is_eid_trip": 1,
                "parent_route": {
                    "origin_city_name": "sylhet",
                    "destination_city_name": "dhaka",
                    "departure_date": "2025-06-13",
                    "departure_time": "12:00:00",
                    "arrival_date": "2025-06-13",
                    "arrival_time": "19:15:00"
                },
                "boarding_points": [
                    {
                        "trip_point_id": 108296798,
                        "location_id": 2837,
                        "location_name": "Bhanugach Station",
                        "location_time": "02:21 PM",
                        "location_date": "13 Jun 2025"
                    }
                ],
                "is_international": 0,
                "is_from_city_international": false
            },
            {
                "trip_number": "PARABAT EXPRESS (710)",
                "departure_date_time": "13 Jun, 05:41 pm",
                "departure_full_date": "2025-06-13",
                "departure_date_time_jd": "Fri, 13 Jun 2025, 05:41 PM",
                "arrival_date_time": "13 Jun, 10:12 pm",
                "travel_time": "04h 31m",
                "origin_city_name": "bhanugach",
                "destination_city_name": "biman_bandar",
                "seat_types": [
                    {
                        "key": 3,
                        "type": "SNIGDHA",
                        "trip_id": 8437252,
                        "trip_route_id": 53531934,
                        "route_id": 22174,
                        "fare": "475.00",
                        "vat_percent": 15,
                        "vat_amount": 72,
                        "origin_city_seq": 4,
                        "destination_city_seq": 11,
                        "seat_counts": {
                            "online": 0,
                            "offline": 0,
                            "is_divided": true
                        }
                    },
                    {
                        "key": 7,
                        "type": "S_CHAIR",
                        "trip_id": 8437265,
                        "trip_route_id": 53532481,
                        "route_id": 22174,
                        "fare": "285.00",
                        "vat_percent": 0,
                        "vat_amount": 0,
                        "origin_city_seq": 4,
                        "destination_city_seq": 11,
                        "seat_counts": {
                            "online": 0,
                            "offline": 0,
                            "is_divided": true
                        }
                    },
                    {
                        "key": 5,
                        "type": "F_SEAT",
                        "trip_id": 8437278,
                        "trip_route_id": 53532977,
                        "route_id": 22174,
                        "fare": "380.00",
                        "vat_percent": 15,
                        "vat_amount": 57,
                        "origin_city_seq": 4,
                        "destination_city_seq": 11,
                        "seat_counts": {
                            "online": 0,
                            "offline": 0,
                            "is_divided": true
                        }
                    },
                    {
                        "key": 2,
                        "type": "AC_S",
                        "trip_id": 8437291,
                        "trip_route_id": 53533454,
                        "route_id": 22174,
                        "fare": "570.00",
                        "vat_percent": 15,
                        "vat_amount": 86,
                        "origin_city_seq": 4,
                        "destination_city_seq": 11,
                        "seat_counts": {
                            "online": 0,
                            "offline": 0,
                            "is_divided": true
                        }
                    }
                ],
                "train_model": "710",
                "is_open_for_all": true,
                "is_eid_trip": 1,
                "parent_route": {
                    "origin_city_name": "sylhet",
                    "destination_city_name": "dhaka",
                    "departure_date": "2025-06-13",
                    "departure_time": "16:00:00",
                    "arrival_date": "2025-06-13",
                    "arrival_time": "22:40:00"
                },
                "boarding_points": [
                    {
                        "trip_point_id": 108294953,
                        "location_id": 2837,
                        "location_name": "Bhanugach Station",
                        "location_time": "05:41 PM",
                        "location_date": "13 Jun 2025"
                    }
                ],
                "is_international": 0,
                "is_from_city_international": false
            }
        ],
        "recommendations": [
            {
                "origin": "Sreemangal",
                "destination": "Biman_bandar"
            },
            {
                "origin": "Bhanugach",
                "destination": "Ashuganj"
            }
        ],
        "selected_seat_class": "S_CHAIR"
    },
    "extra": {
        "hash": "6542AE4B7B9AA27B549FF7A761C62961"
    }
}