{
    "data": {
        "trains": [
            {
                "trip_number": "MADHUMATI EXPRESS (756)",
                "departure_date_time": "13 Jun, 08:27 am",
                "departure_full_date": "2025-06-13",
                "departure_date_time_jd": "Fri, 13 Jun 2025, 08:27 AM",
                "arrival_date_time": "13 Jun, 11:47 am",
                "travel_time": "03h 20m",
                "origin_city_name": "bheramara",
                "destination_city_name": "faridpur",
                "seat_types": [
                    {
                        "key": 7,
                        "type": "S_CHAIR",
                        "trip_id": 8436846,
                        "trip_route_id": 53522376,
                        "route_id": 25855,
                        "fare": "150.00",
                        "vat_percent": 0,
                        "vat_amount": 0,
                        "origin_city_seq": 4,
                        "destination_city_seq": 15,
                        "seat_counts": {
                            "online": 1,
                            "offline": 0,
                            "is_divided": true
                        }
                    }
                ],
                "train_model": "756",
                "is_open_for_all": true,
                "is_eid_trip": 1,
                "parent_route": {
                    "origin_city_name": "rajshahi",
                    "destination_city_name": "dhaka",
                    "departure_date": "2025-06-13",
                    "departure_time": "06:40:00",
                    "arrival_date": "2025-06-13",
                    "arrival_time": "14:00:00"
                },
                "boarding_points": [
                    {
                        "trip_point_id": 108289048,
                        "location_id": 2779,
                        "location_name": "Bheramara Station",
                        "location_time": "08:27 AM",
                        "location_date": "13 Jun 2025"
                    }
                ],
                "is_international": 0,
                "is_from_city_international": false
            }
        ],
        "recommendations": [],
        "selected_seat_class": "S_CHAIR"
    },
    "extra": {
        "hash": "6542AE4B7B9AA27B549FF7A761C62961"
    }
}