{
    "data": {
        "trains": [
            {
                "trip_number": "TUNGIPARA EXPRESS (783)",
                "departure_date_time": "13 Jun, 11:20 am",
                "departure_full_date": "2025-06-13",
                "departure_date_time_jd": "Fri, 13 Jun 2025, 11:20 AM",
                "arrival_date_time": "13 Jun, 01:15 pm",
                "travel_time": "01h 55m",
                "origin_city_name": "bheramara",
                "destination_city_name": "rajshahi",
                "seat_types": [
                    {
                        "key": 8,
                        "type": "SHOVAN",
                        "trip_id": 8436647,
                        "trip_route_id": 53511131,
                        "route_id": 21822,
                        "fare": "120.00",
                        "vat_percent": 0,
                        "vat_amount": 0,
                        "origin_city_seq": 17,
                        "destination_city_seq": 19,
                        "seat_counts": {
                            "online": 12,
                            "offline": 12,
                            "is_divided": true
                        }
                    },
                    {
                        "key": 7,
                        "type": "S_CHAIR",
                        "trip_id": 8439780,
                        "trip_route_id": 53599051,
                        "route_id": 21822,
                        "fare": "140.00",
                        "vat_percent": 0,
                        "vat_amount": 0,
                        "origin_city_seq": 17,
                        "destination_city_seq": 19,
                        "seat_counts": {
                            "online": 0,
                            "offline": 0,
                            "is_divided": true
                        }
                    }
                ],
                "train_model": "783",
                "is_open_for_all": true,
                "is_eid_trip": 1,
                "parent_route": {
                    "origin_city_name": "gobra",
                    "destination_city_name": "rajshahi",
                    "departure_date": "2025-06-13",
                    "departure_time": "06:30:00",
                    "arrival_date": "2025-06-13",
                    "arrival_time": "13:15:00"
                },
                "boarding_points": [
                    {
                        "trip_point_id": 108283250,
                        "location_id": 2779,
                        "location_name": "Bheramara Station",
                        "location_time": "11:20 AM",
                        "location_date": "13 Jun 2025"
                    }
                ],
                "is_international": 0,
                "is_from_city_international": false
            },
            {
                "trip_number": "SAGARDARI EXPRESS (761)",
                "departure_date_time": "13 Jun, 07:47 pm",
                "departure_full_date": "2025-06-13",
                "departure_date_time_jd": "Fri, 13 Jun 2025, 07:47 PM",
                "arrival_date_time": "13 Jun, 10:00 pm",
                "travel_time": "02h 13m",
                "origin_city_name": "bheramara",
                "destination_city_name": "rajshahi",
                "seat_types": [
                    {
                        "key": 7,
                        "type": "S_CHAIR",
                        "trip_id": 8436716,
                        "trip_route_id": 53516016,
                        "route_id": 21451,
                        "fare": "140.00",
                        "vat_percent": 0,
                        "vat_amount": 0,
                        "origin_city_seq": 12,
                        "destination_city_seq": 17,
                        "seat_counts": {
                            "online": 23,
                            "offline": 23,
                            "is_divided": true
                        }
                    }
                ],
                "train_model": "761",
                "is_open_for_all": true,
                "is_eid_trip": 1,
                "parent_route": {
                    "origin_city_name": "khulna",
                    "destination_city_name": "rajshahi",
                    "departure_date": "2025-06-13",
                    "departure_time": "16:00:00",
                    "arrival_date": "2025-06-13",
                    "arrival_time": "22:00:00"
                },
                "boarding_points": [
                    {
                        "trip_point_id": 108285779,
                        "location_id": 2779,
                        "location_name": "Bheramara Station",
                        "location_time": "07:47 PM",
                        "location_date": "13 Jun 2025"
                    }
                ],
                "is_international": 0,
                "is_from_city_international": false
            },
            {
                "trip_number": "MADHUMATI EXPRESS (755)",
                "departure_date_time": "13 Jun, 08:35 pm",
                "departure_full_date": "2025-06-13",
                "departure_date_time_jd": "Fri, 13 Jun 2025, 08:35 PM",
                "arrival_date_time": "13 Jun, 10:30 pm",
                "travel_time": "01h 55m",
                "origin_city_name": "bheramara",
                "destination_city_name": "rajshahi",
                "seat_types": [
                    {
                        "key": 7,
                        "type": "S_CHAIR",
                        "trip_id": 8439894,
                        "trip_route_id": 53602233,
                        "route_id": 25825,
                        "fare": "140.00",
                        "vat_percent": 0,
                        "vat_amount": 0,
                        "origin_city_seq": 19,
                        "destination_city_seq": 22,
                        "seat_counts": {
                            "online": 63,
                            "offline": 62,
                            "is_divided": true
                        }
                    },
                    {
                        "key": 2,
                        "type": "AC_S",
                        "trip_id": 8439907,
                        "trip_route_id": 53602608,
                        "route_id": 25825,
                        "fare": "280.00",
                        "vat_percent": 15,
                        "vat_amount": 42,
                        "origin_city_seq": 19,
                        "destination_city_seq": 22,
                        "seat_counts": {
                            "online": 2,
                            "offline": 2,
                            "is_divided": true
                        }
                    }
                ],
                "train_model": "755",
                "is_open_for_all": true,
                "is_eid_trip": 1,
                "parent_route": {
                    "origin_city_name": "dhaka",
                    "destination_city_name": "rajshahi",
                    "departure_date": "2025-06-13",
                    "departure_time": "15:00:00",
                    "arrival_date": "2025-06-13",
                    "arrival_time": "22:30:00"
                },
                "boarding_points": [
                    {
                        "trip_point_id": 108340458,
                        "location_id": 2779,
                        "location_name": "Bheramara Station",
                        "location_time": "08:35 PM",
                        "location_date": "13 Jun 2025"
                    }
                ],
                "is_international": 0,
                "is_from_city_international": false
            }
        ],
        "recommendations": [],
        "selected_seat_class": "S_CHAIR"
    },
    "extra": {
        "hash": "6542AE4B7B9AA27B549FF7A761C62961"
    }
}