{
    "data": {
        "trains": [
            {
                "trip_number": "TUNGIPARA EXPRESS (784)",
                "departure_date_time": "13 Jun, 05:03 pm",
                "departure_full_date": "2025-06-13",
                "departure_date_time_jd": "Fri, 13 Jun 2025, 05:03 PM",
                "arrival_date_time": "13 Jun, 07:10 pm",
                "travel_time": "02h 07m",
                "origin_city_name": "bheramara",
                "destination_city_name": "kalukhali",
                "seat_types": [
                    {
                        "key": 8,
                        "type": "SHOVAN",
                        "trip_id": 8439063,
                        "trip_route_id": 53583131,
                        "route_id": 21958,
                        "fare": "75.00",
                        "vat_percent": 0,
                        "vat_amount": 0,
                        "origin_city_seq": 3,
                        "destination_city_seq": 9,
                        "seat_counts": {
                            "online": 0,
                            "offline": 0,
                            "is_divided": true
                        }
                    },
                    {
                        "key": 7,
                        "type": "S_CHAIR",
                        "trip_id": 8439076,
                        "trip_route_id": 53584159,
                        "route_id": 21958,
                        "fare": "90.00",
                        "vat_percent": 0,
                        "vat_amount": 0,
                        "origin_city_seq": 3,
                        "destination_city_seq": 9,
                        "seat_counts": {
                            "online": 0,
                            "offline": 0,
                            "is_divided": true
                        }
                    }
                ],
                "train_model": "784",
                "is_open_for_all": true,
                "is_eid_trip": 1,
                "parent_route": {
                    "origin_city_name": "rajshahi",
                    "destination_city_name": "gobra",
                    "departure_date": "2025-06-13",
                    "departure_time": "15:30:00",
                    "arrival_date": "2025-06-13",
                    "arrival_time": "22:10:00"
                },
                "boarding_points": [
                    {
                        "trip_point_id": 108327626,
                        "location_id": 2779,
                        "location_name": "Bheramara Station",
                        "location_time": "05:03 PM",
                        "location_date": "13 Jun 2025"
                    }
                ],
                "is_international": 0,
                "is_from_city_international": false
            }
        ],
        "recommendations": [
            {
                "origin": "Poradaha",
                "destination": "Kalukhali"
            },
            {
                "origin": "Bheramara",
                "destination": "Pangsha"
            }
        ],
        "selected_seat_class": "S_CHAIR"
    },
    "extra": {
        "hash": "6542AE4B7B9AA27B549FF7A761C62961"
    }
}