{
    "data": {
        "trains": [
            {
                "trip_number": "EGAROSINDHUR PROVATI (737)",
                "departure_date_time": "13 Jun, 07:15 am",
                "departure_full_date": "2025-06-13",
                "departure_date_time_jd": "Fri, 13 Jun 2025, 07:15 AM",
                "arrival_date_time": "13 Jun, 08:22 am",
                "travel_time": "01h 07m",
                "origin_city_name": "dhaka",
                "destination_city_name": "narsingdi",
                "seat_types": [
                    {
                        "key": 8,
                        "type": "SHOVAN",
                        "trip_id": 8437725,
                        "trip_route_id": 53549069,
                        "route_id": 22715,
                        "fare": "60.00",
                        "vat_percent": 0,
                        "vat_amount": 0,
                        "origin_city_seq": 1,
                        "destination_city_seq": 3,
                        "seat_counts": {
                            "online": 1,
                            "offline": 1,
                            "is_divided": true
                        }
                    }
                ],
                "train_model": "737",
                "is_open_for_all": true,
                "is_eid_trip": 1,
                "parent_route": {
                    "origin_city_name": "dhaka",
                    "destination_city_name": "kishorganj",
                    "departure_date": "2025-06-13",
                    "departure_time": "07:15:00",
                    "arrival_date": "2025-06-13",
                    "arrival_time": "11:10:00"
                },
                "boarding_points": [
                    {
                        "trip_point_id": 108304686,
                        "location_id": 2719,
                        "location_name": "Kamalapur Station",
                        "location_time": "07:15 AM",
                        "location_date": "13 Jun 2025"
                    }
                ],
                "is_international": 0,
                "is_from_city_international": false
            },
            {
                "trip_number": "KISHORGANJ EXPRESS (781)",
                "departure_date_time": "13 Jun, 10:57 am",
                "departure_full_date": "2025-06-13",
                "departure_date_time_jd": "Fri, 13 Jun 2025, 10:57 AM",
                "arrival_date_time": "13 Jun, 11:36 am",
                "travel_time": "00h 39m",
                "origin_city_name": "biman_bandar",
                "destination_city_name": "narsingdi",
                "seat_types": [
                    {
                        "key": 7,
                        "type": "S_CHAIR",
                        "trip_id": 8439576,
                        "trip_route_id": 53594806,
                        "route_id": 23328,
                        "fare": "70.00",
                        "vat_percent": 0,
                        "vat_amount": 0,
                        "origin_city_seq": 2,
                        "destination_city_seq": 3,
                        "seat_counts": {
                            "online": 5,
                            "offline": 5,
                            "is_divided": true
                        }
                    }
                ],
                "train_model": "781",
                "is_open_for_all": true,
                "is_eid_trip": 1,
                "parent_route": {
                    "origin_city_name": "dhaka",
                    "destination_city_name": "kishorganj",
                    "departure_date": "2025-06-13",
                    "departure_time": "10:30:00",
                    "arrival_date": "2025-06-13",
                    "arrival_time": "14:10:00"
                },
                "boarding_points": [
                    {
                        "trip_point_id": 108335327,
                        "location_id": 2702,
                        "location_name": "Biman_Bandar Station",
                        "location_time": "10:57 AM",
                        "location_date": "13 Jun 2025"
                    }
                ],
                "is_international": 0,
                "is_from_city_international": false
            },
            {
                "trip_number": "EGAROSINDHUR GODHULI (749)",
                "departure_date_time": "13 Jun, 06:45 pm",
                "departure_full_date": "2025-06-13",
                "departure_date_time_jd": "Fri, 13 Jun 2025, 06:45 PM",
                "arrival_date_time": "13 Jun, 07:53 pm",
                "travel_time": "01h 08m",
                "origin_city_name": "dhaka",
                "destination_city_name": "narsingdi",
                "seat_types": [
                    {
                        "key": 8,
                        "type": "SHOVAN",
                        "trip_id": 8438218,
                        "trip_route_id": 53560172,
                        "route_id": 22715,
                        "fare": "60.00",
                        "vat_percent": 0,
                        "vat_amount": 0,
                        "origin_city_seq": 1,
                        "destination_city_seq": 3,
                        "seat_counts": {
                            "online": 2,
                            "offline": 1,
                            "is_divided": true
                        }
                    }
                ],
                "train_model": "749",
                "is_open_for_all": true,
                "is_eid_trip": 1,
                "parent_route": {
                    "origin_city_name": "dhaka",
                    "destination_city_name": "kishorganj",
                    "departure_date": "2025-06-13",
                    "departure_time": "18:45:00",
                    "arrival_date": "2025-06-13",
                    "arrival_time": "22:40:00"
                },
                "boarding_points": [
                    {
                        "trip_point_id": 108313005,
                        "location_id": 2719,
                        "location_name": "Kamalapur Station",
                        "location_time": "06:45 PM",
                        "location_date": "13 Jun 2025"
                    }
                ],
                "is_international": 0,
                "is_from_city_international": false
            }
        ],
        "recommendations": [],
        "selected_seat_class": "S_CHAIR"
    },
    "extra": {
        "hash": "6542AE4B7B9AA27B549FF7A761C62961"
    }
}