{
    "data": {
        "trains": [
            {
                "trip_number": "JAMUNA EXPRESS (745)",
                "departure_date_time": "13 Jun, 04:45 pm",
                "departure_full_date": "2025-06-13",
                "departure_date_time_jd": "Fri, 13 Jun 2025, 04:45 PM",
                "arrival_date_time": "13 Jun, 05:38 pm",
                "travel_time": "00h 53m",
                "origin_city_name": "dhaka",
                "destination_city_name": "joydebpur",
                "seat_types": [
                    {
                        "key": 8,
                        "type": "SHOVAN",
                        "trip_id": 8438098,
                        "trip_route_id": 53557168,
                        "route_id": 23215,
                        "fare": "45.00",
                        "vat_percent": 0,
                        "vat_amount": 0,
                        "origin_city_seq": 1,
                        "destination_city_seq": 3,
                        "seat_counts": {
                            "online": 5,
                            "offline": 5,
                            "is_divided": true
                        }
                    }
                ],
                "train_model": "745",
                "is_open_for_all": true,
                "is_eid_trip": 1,
                "parent_route": {
                    "origin_city_name": "dhaka",
                    "destination_city_name": "tarakandi",
                    "departure_date": "2025-06-13",
                    "departure_time": "16:45:00",
                    "arrival_date": "2025-06-13",
                    "arrival_time": "23:30:00"
                },
                "boarding_points": [
                    {
                        "trip_point_id": 108311090,
                        "location_id": 2719,
                        "location_name": "Kamalapur Station",
                        "location_time": "04:45 PM",
                        "location_date": "13 Jun 2025"
                    }
                ],
                "is_international": 0,
                "is_from_city_international": false
            }
        ],
        "recommendations": [],
        "selected_seat_class": "S_CHAIR"
    },
    "extra": {
        "hash": "6542AE4B7B9AA27B549FF7A761C62961"
    }
}