{
    "data": {
        "trains": [
            {
                "trip_number": "DHUMKETU EXPRESS (769)",
                "departure_date_time": "13 Jun, 06:28 am",
                "departure_full_date": "2025-06-13",
                "departure_date_time_jd": "Fri, 13 Jun 2025, 06:28 AM",
                "arrival_date_time": "13 Jun, 08:27 am",
                "travel_time": "01h 59m",
                "origin_city_name": "biman_bandar",
                "destination_city_name": "sh m monsur ali",
                "seat_types": [
                    {
                        "key": 7,
                        "type": "S_CHAIR",
                        "trip_id": 8435697,
                        "trip_route_id": 53453793,
                        "route_id": 19512,
                        "fare": "295.00",
                        "vat_percent": 0,
                        "vat_amount": 0,
                        "origin_city_seq": 2,
                        "destination_city_seq": 7,
                        "seat_counts": {
                            "online": 3,
                            "offline": 2,
                            "is_divided": true
                        }
                    }
                ],
                "train_model": "769",
                "is_open_for_all": true,
                "is_eid_trip": 1,
                "parent_route": {
                    "origin_city_name": "dhaka",
                    "destination_city_name": "rajshahi",
                    "departure_date": "2025-06-13",
                    "departure_time": "06:00:00",
                    "arrival_date": "2025-06-13",
                    "arrival_time": "11:40:00"
                },
                "boarding_points": [
                    {
                        "trip_point_id": 108255474,
                        "location_id": 2702,
                        "location_name": "Biman_Bandar Station",
                        "location_time": "06:28 AM",
                        "location_date": "13 Jun 2025"
                    }
                ],
                "is_international": 0,
                "is_from_city_international": false
            },
            {
                "trip_number": "DHUMKETU EXPRESS (769)",
                "departure_date_time": "13 Jun, 06:00 am",
                "departure_full_date": "2025-06-13",
                "departure_date_time_jd": "Fri, 13 Jun 2025, 06:00 AM",
                "arrival_date_time": "13 Jun, 08:27 am",
                "travel_time": "02h 27m",
                "origin_city_name": "dhaka",
                "destination_city_name": "sh m monsur ali",
                "seat_types": [
                    {
                        "key": 3,
                        "type": "SNIGDHA",
                        "trip_id": 8435710,
                        "trip_route_id": 53454422,
                        "route_id": 19504,
                        "fare": "495.00",
                        "vat_percent": 15,
                        "vat_amount": 75,
                        "origin_city_seq": 1,
                        "destination_city_seq": 7,
                        "seat_counts": {
                            "online": 5,
                            "offline": 5,
                            "is_divided": true
                        }
                    },
                    {
                        "key": 2,
                        "type": "AC_S",
                        "trip_id": 8435723,
                        "trip_route_id": 53455061,
                        "route_id": 19504,
                        "fare": "590.00",
                        "vat_percent": 15,
                        "vat_amount": 89,
                        "origin_city_seq": 1,
                        "destination_city_seq": 7,
                        "seat_counts": {
                            "online": 2,
                            "offline": 2,
                            "is_divided": true
                        }
                    }
                ],
                "train_model": "769",
                "is_open_for_all": true,
                "is_eid_trip": 1,
                "parent_route": {
                    "origin_city_name": "dhaka",
                    "destination_city_name": "rajshahi",
                    "departure_date": "2025-06-13",
                    "departure_time": "06:00:00",
                    "arrival_date": "2025-06-13",
                    "arrival_time": "11:40:00"
                },
                "boarding_points": [
                    {
                        "trip_point_id": 108255808,
                        "location_id": 2719,
                        "location_name": "Kamalapur Station",
                        "location_time": "06:00 AM",
                        "location_date": "13 Jun 2025"
                    }
                ],
                "is_international": 0,
                "is_from_city_international": false
            },
            {
                "trip_number": "SILKCITY EXPRESS (753)",
                "departure_date_time": "13 Jun, 02:30 pm",
                "departure_full_date": "2025-06-13",
                "departure_date_time_jd": "Fri, 13 Jun 2025, 02:30 PM",
                "arrival_date_time": "13 Jun, 05:06 pm",
                "travel_time": "02h 36m",
                "origin_city_name": "dhaka",
                "destination_city_name": "sh m monsur ali",
                "seat_types": [
                    {
                        "key": 2,
                        "type": "AC_S",
                        "trip_id": 8440115,
                        "trip_route_id": 53608239,
                        "route_id": 19504,
                        "fare": "590.00",
                        "vat_percent": 15,
                        "vat_amount": 89,
                        "origin_city_seq": 1,
                        "destination_city_seq": 7,
                        "seat_counts": {
                            "online": 2,
                            "offline": 2,
                            "is_divided": true
                        }
                    },
                    {
                        "key": 3,
                        "type": "SNIGDHA",
                        "trip_id": 8440128,
                        "trip_route_id": 53608837,
                        "route_id": 19504,
                        "fare": "495.00",
                        "vat_percent": 15,
                        "vat_amount": 75,
                        "origin_city_seq": 1,
                        "destination_city_seq": 7,
                        "seat_counts": {
                            "online": 6,
                            "offline": 5,
                            "is_divided": true
                        }
                    }
                ],
                "train_model": "753",
                "is_open_for_all": true,
                "is_eid_trip": 1,
                "parent_route": {
                    "origin_city_name": "dhaka",
                    "destination_city_name": "rajshahi",
                    "departure_date": "2025-06-13",
                    "departure_time": "14:30:00",
                    "arrival_date": "2025-06-13",
                    "arrival_time": "20:20:00"
                },
                "boarding_points": [
                    {
                        "trip_point_id": 108344558,
                        "location_id": 2719,
                        "location_name": "Kamalapur Station",
                        "location_time": "02:30 PM",
                        "location_date": "13 Jun 2025"
                    }
                ],
                "is_international": 0,
                "is_from_city_international": false
            },
            {
                "trip_number": "SILKCITY EXPRESS (753)",
                "departure_date_time": "13 Jun, 02:58 pm",
                "departure_full_date": "2025-06-13",
                "departure_date_time_jd": "Fri, 13 Jun 2025, 02:58 PM",
                "arrival_date_time": "13 Jun, 05:06 pm",
                "travel_time": "02h 08m",
                "origin_city_name": "biman_bandar",
                "destination_city_name": "sh m monsur ali",
                "seat_types": [
                    {
                        "key": 7,
                        "type": "S_CHAIR",
                        "trip_id": 8440141,
                        "trip_route_id": 53609518,
                        "route_id": 19512,
                        "fare": "295.00",
                        "vat_percent": 0,
                        "vat_amount": 0,
                        "origin_city_seq": 2,
                        "destination_city_seq": 7,
                        "seat_counts": {
                            "online": 3,
                            "offline": 2,
                            "is_divided": true
                        }
                    }
                ],
                "train_model": "753",
                "is_open_for_all": true,
                "is_eid_trip": 1,
                "parent_route": {
                    "origin_city_name": "dhaka",
                    "destination_city_name": "rajshahi",
                    "departure_date": "2025-06-13",
                    "departure_time": "14:30:00",
                    "arrival_date": "2025-06-13",
                    "arrival_time": "20:20:00"
                },
                "boarding_points": [
                    {
                        "trip_point_id": 108345239,
                        "location_id": 2702,
                        "location_name": "Biman_Bandar Station",
                        "location_time": "02:58 PM",
                        "location_date": "13 Jun 2025"
                    }
                ],
                "is_international": 0,
                "is_from_city_international": false
            },
            {
                "trip_number": "SIRAJGANJ EXPRESS (776)",
                "departure_date_time": "13 Jun, 04:43 pm",
                "departure_full_date": "2025-06-13",
                "departure_date_time_jd": "Fri, 13 Jun 2025, 04:43 PM",
                "arrival_date_time": "13 Jun, 06:55 pm",
                "travel_time": "02h 12m",
                "origin_city_name": "biman_bandar",
                "destination_city_name": "sh m monsur ali",
                "seat_types": [
                    {
                        "key": 8,
                        "type": "SHOVAN",
                        "trip_id": 8436113,
                        "trip_route_id": 53473139,
                        "route_id": 19868,
                        "fare": "250.00",
                        "vat_percent": 0,
                        "vat_amount": 0,
                        "origin_city_seq": 2,
                        "destination_city_seq": 7,
                        "seat_counts": {
                            "online": 5,
                            "offline": 5,
                            "is_divided": true
                        }
                    }
                ],
                "train_model": "776",
                "is_open_for_all": true,
                "is_eid_trip": 1,
                "parent_route": {
                    "origin_city_name": "dhaka",
                    "destination_city_name": "sirajganj_bazar",
                    "departure_date": "2025-06-13",
                    "departure_time": "16:15:00",
                    "arrival_date": "2025-06-13",
                    "arrival_time": "20:10:00"
                },
                "boarding_points": [
                    {
                        "trip_point_id": 108266069,
                        "location_id": 2702,
                        "location_name": "Biman_Bandar Station",
                        "location_time": "04:43 PM",
                        "location_date": "13 Jun 2025"
                    }
                ],
                "is_international": 0,
                "is_from_city_international": false
            },
            {
                "trip_number": "SIRAJGANJ EXPRESS (776)",
                "departure_date_time": "13 Jun, 04:15 pm",
                "departure_full_date": "2025-06-13",
                "departure_date_time_jd": "Fri, 13 Jun 2025, 04:15 PM",
                "arrival_date_time": "13 Jun, 06:55 pm",
                "travel_time": "02h 40m",
                "origin_city_name": "dhaka",
                "destination_city_name": "sh m monsur ali",
                "seat_types": [
                    {
                        "key": 7,
                        "type": "S_CHAIR",
                        "trip_id": 8436806,
                        "trip_route_id": 53520867,
                        "route_id": 19863,
                        "fare": "295.00",
                        "vat_percent": 0,
                        "vat_amount": 0,
                        "origin_city_seq": 1,
                        "destination_city_seq": 7,
                        "seat_counts": {
                            "online": 9,
                            "offline": 8,
                            "is_divided": true
                        }
                    },
                    {
                        "key": 5,
                        "type": "F_SEAT",
                        "trip_id": 8439806,
                        "trip_route_id": 53599998,
                        "route_id": 19863,
                        "fare": "395.00",
                        "vat_percent": 15,
                        "vat_amount": 60,
                        "origin_city_seq": 1,
                        "destination_city_seq": 7,
                        "seat_counts": {
                            "online": 4,
                            "offline": 4,
                            "is_divided": true
                        }
                    }
                ],
                "train_model": "776",
                "is_open_for_all": true,
                "is_eid_trip": 1,
                "parent_route": {
                    "origin_city_name": "dhaka",
                    "destination_city_name": "sirajganj_bazar",
                    "departure_date": "2025-06-13",
                    "departure_time": "16:15:00",
                    "arrival_date": "2025-06-13",
                    "arrival_time": "20:10:00"
                },
                "boarding_points": [
                    {
                        "trip_point_id": 108288087,
                        "location_id": 2719,
                        "location_name": "Kamalapur Station",
                        "location_time": "04:15 PM",
                        "location_date": "13 Jun 2025"
                    }
                ],
                "is_international": 0,
                "is_from_city_international": false
            },
            {
                "trip_number": "PADMA EXPRESS (759)",
                "departure_date_time": "13 Jun, 10:45 pm",
                "departure_full_date": "2025-06-13",
                "departure_date_time_jd": "Fri, 13 Jun 2025, 10:45 PM",
                "arrival_date_time": "14 Jun, 01:11 am",
                "travel_time": "02h 26m",
                "origin_city_name": "dhaka",
                "destination_city_name": "sh m monsur ali",
                "seat_types": [
                    {
                        "key": 1,
                        "type": "AC_B",
                        "trip_id": 8435775,
                        "trip_route_id": 53456535,
                        "route_id": 19504,
                        "fare": "885.00",
                        "vat_percent": 15,
                        "vat_amount": 133,
                        "origin_city_seq": 1,
                        "destination_city_seq": 7,
                        "seat_counts": {
                            "online": 0,
                            "offline": 0,
                            "is_divided": true
                        }
                    },
                    {
                        "key": 3,
                        "type": "SNIGDHA",
                        "trip_id": 8435787,
                        "trip_route_id": 53457099,
                        "route_id": 19504,
                        "fare": "495.00",
                        "vat_percent": 15,
                        "vat_amount": 75,
                        "origin_city_seq": 1,
                        "destination_city_seq": 7,
                        "seat_counts": {
                            "online": 3,
                            "offline": 2,
                            "is_divided": true
                        }
                    },
                    {
                        "key": 7,
                        "type": "S_CHAIR",
                        "trip_id": 8435799,
                        "trip_route_id": 53457671,
                        "route_id": 19504,
                        "fare": "295.00",
                        "vat_percent": 0,
                        "vat_amount": 0,
                        "origin_city_seq": 1,
                        "destination_city_seq": 7,
                        "seat_counts": {
                            "online": 2,
                            "offline": 2,
                            "is_divided": true
                        }
                    }
                ],
                "train_model": "759",
                "is_open_for_all": true,
                "is_eid_trip": 1,
                "parent_route": {
                    "origin_city_name": "dhaka",
                    "destination_city_name": "rajshahi",
                    "departure_date": "2025-06-13",
                    "departure_time": "22:45:00",
                    "arrival_date": "2025-06-14",
                    "arrival_time": "04:00:00"
                },
                "boarding_points": [
                    {
                        "trip_point_id": 108257084,
                        "location_id": 2719,
                        "location_name": "Kamalapur Station",
                        "location_time": "10:45 PM",
                        "location_date": "13 Jun 2025"
                    }
                ],
                "is_international": 0,
                "is_from_city_international": false
            }
        ],
        "recommendations": [],
        "selected_seat_class": "S_CHAIR"
    },
    "extra": {
        "hash": "6542AE4B7B9AA27B549FF7A761C62961"
    }
}