{
    "data": {
        "trains": [
            {
                "trip_number": "KURIGRAM EXPRESS (797)",
                "departure_date_time": "13 Jun, 08:28 pm",
                "departure_full_date": "2025-06-13",
                "departure_date_time_jd": "Fri, 13 Jun 2025, 08:28 PM",
                "arrival_date_time": "14 Jun, 05:10 am",
                "travel_time": "08h 42m",
                "origin_city_name": "biman_bandar",
                "destination_city_name": "kurigram",
                "seat_types": [
                    {
                        "key": 1,
                        "type": "AC_B",
                        "trip_id": 8435988,
                        "trip_route_id": 53464552,
                        "route_id": 19695,
                        "fare": "2050.00",
                        "vat_percent": 15,
                        "vat_amount": 308,
                        "origin_city_seq": 2,
                        "destination_city_seq": 11,
                        "seat_counts": {
                            "online": 2,
                            "offline": 2,
                            "is_divided": true
                        }
                    },
                    {
                        "key": 3,
                        "type": "SNIGDHA",
                        "trip_id": 8436000,
                        "trip_route_id": 53464924,
                        "route_id": 19695,
                        "fare": "1140.00",
                        "vat_percent": 15,
                        "vat_amount": 171,
                        "origin_city_seq": 2,
                        "destination_city_seq": 11,
                        "seat_counts": {
                            "online": 3,
                            "offline": 2,
                            "is_divided": true
                        }
                    },
                    {
                        "key": 7,
                        "type": "S_CHAIR",
                        "trip_id": 8436024,
                        "trip_route_id": 53465653,
                        "route_id": 19695,
                        "fare": "685.00",
                        "vat_percent": 0,
                        "vat_amount": 0,
                        "origin_city_seq": 2,
                        "destination_city_seq": 11,
                        "seat_counts": {
                            "online": 7,
                            "offline": 6,
                            "is_divided": true
                        }
                    }
                ],
                "train_model": "797",
                "is_open_for_all": true,
                "is_eid_trip": 1,
                "parent_route": {
                    "origin_city_name": "dhaka",
                    "destination_city_name": "kurigram",
                    "departure_date": "2025-06-13",
                    "departure_time": "20:00:00",
                    "arrival_date": "2025-06-14",
                    "arrival_time": "05:10:00"
                },
                "boarding_points": [
                    {
                        "trip_point_id": 108262491,
                        "location_id": 2702,
                        "location_name": "Biman_Bandar Station",
                        "location_time": "08:28 PM",
                        "location_date": "13 Jun 2025"
                    }
                ],
                "is_international": 0,
                "is_from_city_international": false
            }
        ],
        "recommendations": [],
        "selected_seat_class": "S_CHAIR"
    },
    "extra": {
        "hash": "6542AE4B7B9AA27B549FF7A761C62961"
    }
}