{
    "data": {
        "trains": [
            {
                "trip_number": "BURIMARI EXPRESS (809)",
                "departure_date_time": "13 Jun, 08:30 am",
                "departure_full_date": "2025-06-13",
                "departure_date_time_jd": "Fri, 13 Jun 2025, 08:30 AM",
                "arrival_date_time": "13 Jun, 06:10 pm",
                "travel_time": "09h 40m",
                "origin_city_name": "dhaka",
                "destination_city_name": "lalmonirhat",
                "seat_types": [
                    {
                        "key": 2,
                        "type": "AC_S",
                        "trip_id": 8439830,
                        "trip_route_id": 53600207,
                        "route_id": 26146,
                        "fare": "1355.00",
                        "vat_percent": 15,
                        "vat_amount": 204,
                        "origin_city_seq": 1,
                        "destination_city_seq": 11,
                        "seat_counts": {
                            "online": 3,
                            "offline": 2,
                            "is_divided": true
                        }
                    },
                    {
                        "key": 3,
                        "type": "SNIGDHA",
                        "trip_id": 8440010,
                        "trip_route_id": 53605266,
                        "route_id": 26146,
                        "fare": "1130.00",
                        "vat_percent": 15,
                        "vat_amount": 170,
                        "origin_city_seq": 1,
                        "destination_city_seq": 11,
                        "seat_counts": {
                            "online": 4,
                            "offline": 3,
                            "is_divided": true
                        }
                    }
                ],
                "train_model": "809",
                "is_open_for_all": true,
                "is_eid_trip": 1,
                "parent_route": {
                    "origin_city_name": "dhaka",
                    "destination_city_name": "lalmonirhat",
                    "departure_date": "2025-06-13",
                    "departure_time": "08:30:00",
                    "arrival_date": "2025-06-13",
                    "arrival_time": "18:10:00"
                },
                "boarding_points": [
                    {
                        "trip_point_id": 108339193,
                        "location_id": 2719,
                        "location_name": "Kamalapur Station",
                        "location_time": "08:30 AM",
                        "location_date": "13 Jun 2025"
                    }
                ],
                "is_international": 0,
                "is_from_city_international": false
            },
            {
                "trip_number": "BURIMARI EXPRESS (809)",
                "departure_date_time": "13 Jun, 08:58 am",
                "departure_full_date": "2025-06-13",
                "departure_date_time_jd": "Fri, 13 Jun 2025, 08:58 AM",
                "arrival_date_time": "13 Jun, 06:10 pm",
                "travel_time": "09h 12m",
                "origin_city_name": "biman_bandar",
                "destination_city_name": "lalmonirhat",
                "seat_types": [
                    {
                        "key": 7,
                        "type": "S_CHAIR",
                        "trip_id": 8439843,
                        "trip_route_id": 53600829,
                        "route_id": 26162,
                        "fare": "680.00",
                        "vat_percent": 0,
                        "vat_amount": 0,
                        "origin_city_seq": 2,
                        "destination_city_seq": 11,
                        "seat_counts": {
                            "online": 5,
                            "offline": 5,
                            "is_divided": true
                        }
                    }
                ],
                "train_model": "809",
                "is_open_for_all": true,
                "is_eid_trip": 1,
                "parent_route": {
                    "origin_city_name": "dhaka",
                    "destination_city_name": "burimari",
                    "departure_date": "2025-06-13",
                    "departure_time": "08:30:00",
                    "arrival_date": "2025-06-13",
                    "arrival_time": "21:45:00"
                },
                "boarding_points": [
                    {
                        "trip_point_id": 108339481,
                        "location_id": 2702,
                        "location_name": "Biman_Bandar Station",
                        "location_time": "08:58 AM",
                        "location_date": "13 Jun 2025"
                    }
                ],
                "is_international": 0,
                "is_from_city_international": false
            }
        ],
        "recommendations": [],
        "selected_seat_class": "S_CHAIR"
    },
    "extra": {
        "hash": "6542AE4B7B9AA27B549FF7A761C62961"
    }
}