{
    "data": {
        "trains": [
            {
                "trip_number": "JAMALPUR EXPRESS (799)",
                "departure_date_time": "13 Jun, 10:00 am",
                "departure_full_date": "2025-06-13",
                "departure_date_time_jd": "Fri, 13 Jun 2025, 10:00 AM",
                "arrival_date_time": "13 Jun, 01:25 pm",
                "travel_time": "03h 25m",
                "origin_city_name": "dhaka",
                "destination_city_name": "narundi",
                "seat_types": [
                    {
                        "key": 7,
                        "type": "S_CHAIR",
                        "trip_id": 8440414,
                        "trip_route_id": 53623173,
                        "route_id": 24106,
                        "fare": "190.00",
                        "vat_percent": 0,
                        "vat_amount": 0,
                        "origin_city_seq": 1,
                        "destination_city_seq": 7,
                        "seat_counts": {
                            "online": 0,
                            "offline": 0,
                            "is_divided": true
                        }
                    }
                ],
                "train_model": "799",
                "is_open_for_all": true,
                "is_eid_trip": 1,
                "parent_route": {
                    "origin_city_name": "dhaka",
                    "destination_city_name": "bhuapur",
                    "departure_date": "2025-06-13",
                    "departure_time": "10:00:00",
                    "arrival_date": "2025-06-13",
                    "arrival_time": "16:45:00"
                },
                "boarding_points": [
                    {
                        "trip_point_id": 108352704,
                        "location_id": 2719,
                        "location_name": "Kamalapur Station",
                        "location_time": "10:00 AM",
                        "location_date": "13 Jun 2025"
                    }
                ],
                "is_international": 0,
                "is_from_city_international": false
            },
            {
                "trip_number": "AGHNIBINA EXPRESS (735)",
                "departure_date_time": "13 Jun, 11:30 am",
                "departure_full_date": "2025-06-13",
                "departure_date_time_jd": "Fri, 13 Jun 2025, 11:30 AM",
                "arrival_date_time": "13 Jun, 03:16 pm",
                "travel_time": "03h 46m",
                "origin_city_name": "dhaka",
                "destination_city_name": "narundi",
                "seat_types": [
                    {
                        "key": 8,
                        "type": "SHOVAN",
                        "trip_id": 8437607,
                        "trip_route_id": 53546587,
                        "route_id": 23514,
                        "fare": "160.00",
                        "vat_percent": 0,
                        "vat_amount": 0,
                        "origin_city_seq": 1,
                        "destination_city_seq": 5,
                        "seat_counts": {
                            "online": 5,
                            "offline": 5,
                            "is_divided": true
                        }
                    }
                ],
                "train_model": "735",
                "is_open_for_all": true,
                "is_eid_trip": 1,
                "parent_route": {
                    "origin_city_name": "dhaka",
                    "destination_city_name": "tarakandi",
                    "departure_date": "2025-06-13",
                    "departure_time": "11:30:00",
                    "arrival_date": "2025-06-13",
                    "arrival_time": "17:00:00"
                },
                "boarding_points": [
                    {
                        "trip_point_id": 108303082,
                        "location_id": 2719,
                        "location_name": "Kamalapur Station",
                        "location_time": "11:30 AM",
                        "location_date": "13 Jun 2025"
                    }
                ],
                "is_international": 0,
                "is_from_city_international": false
            },
            {
                "trip_number": "JAMUNA EXPRESS (745)",
                "departure_date_time": "13 Jun, 04:45 pm",
                "departure_full_date": "2025-06-13",
                "departure_date_time_jd": "Fri, 13 Jun 2025, 04:45 PM",
                "arrival_date_time": "13 Jun, 09:41 pm",
                "travel_time": "04h 56m",
                "origin_city_name": "dhaka",
                "destination_city_name": "narundi",
                "seat_types": [
                    {
                        "key": 8,
                        "type": "SHOVAN",
                        "trip_id": 8438098,
                        "trip_route_id": 53557176,
                        "route_id": 25108,
                        "fare": "160.00",
                        "vat_percent": 0,
                        "vat_amount": 0,
                        "origin_city_seq": 1,
                        "destination_city_seq": 10,
                        "seat_counts": {
                            "online": 5,
                            "offline": 5,
                            "is_divided": true
                        }
                    }
                ],
                "train_model": "745",
                "is_open_for_all": true,
                "is_eid_trip": 1,
                "parent_route": {
                    "origin_city_name": "dhaka",
                    "destination_city_name": "tarakandi",
                    "departure_date": "2025-06-13",
                    "departure_time": "16:45:00",
                    "arrival_date": "2025-06-13",
                    "arrival_time": "23:30:00"
                },
                "boarding_points": [
                    {
                        "trip_point_id": 108311090,
                        "location_id": 2719,
                        "location_name": "Kamalapur Station",
                        "location_time": "04:45 PM",
                        "location_date": "13 Jun 2025"
                    }
                ],
                "is_international": 0,
                "is_from_city_international": false
            }
        ],
        "recommendations": [],
        "selected_seat_class": "S_CHAIR"
    },
    "extra": {
        "hash": "6542AE4B7B9AA27B549FF7A761C62961"
    }
}