{
    "data": {
        "trains": [
            {
                "trip_number": "CHITRA EXPRESS (764)",
                "departure_date_time": "13 Jun, 07:30 pm",
                "departure_full_date": "2025-06-13",
                "departure_date_time_jd": "Fri, 13 Jun 2025, 07:30 PM",
                "arrival_date_time": "14 Jun, 01:24 am",
                "travel_time": "05h 54m",
                "origin_city_name": "dhaka",
                "destination_city_name": "chuadanga",
                "seat_types": [
                    {
                        "key": 3,
                        "type": "SNIGDHA",
                        "trip_id": 8440232,
                        "trip_route_id": 53615031,
                        "route_id": 20616,
                        "fare": "855.00",
                        "vat_percent": 15,
                        "vat_amount": 129,
                        "origin_city_seq": 1,
                        "destination_city_seq": 17,
                        "seat_counts": {
                            "online": 18,
                            "offline": 17,
                            "is_divided": true
                        }
                    },
                    {
                        "key": 1,
                        "type": "AC_B",
                        "trip_id": 8440271,
                        "trip_route_id": 53617790,
                        "route_id": 20616,
                        "fare": "1540.00",
                        "vat_percent": 15,
                        "vat_amount": 231,
                        "origin_city_seq": 1,
                        "destination_city_seq": 17,
                        "seat_counts": {
                            "online": 2,
                            "offline": 2,
                            "is_divided": true
                        }
                    },
                    {
                        "key": 7,
                        "type": "S_CHAIR",
                        "trip_id": 8440284,
                        "trip_route_id": 53618855,
                        "route_id": 20616,
                        "fare": "515.00",
                        "vat_percent": 0,
                        "vat_amount": 0,
                        "origin_city_seq": 1,
                        "destination_city_seq": 17,
                        "seat_counts": {
                            "online": 22,
                            "offline": 21,
                            "is_divided": true
                        }
                    }
                ],
                "train_model": "764",
                "is_open_for_all": true,
                "is_eid_trip": 1,
                "parent_route": {
                    "origin_city_name": "dhaka",
                    "destination_city_name": "khulna",
                    "departure_date": "2025-06-13",
                    "departure_time": "19:30:00",
                    "arrival_date": "2025-06-14",
                    "arrival_time": "04:40:00"
                },
                "boarding_points": [
                    {
                        "trip_point_id": 108347859,
                        "location_id": 2719,
                        "location_name": "Kamalapur Station",
                        "location_time": "07:30 PM",
                        "location_date": "13 Jun 2025"
                    }
                ],
                "is_international": 0,
                "is_from_city_international": false
            }
        ],
        "recommendations": [],
        "selected_seat_class": "S_CHAIR"
    },
    "extra": {
        "hash": "6542AE4B7B9AA27B549FF7A761C62961"
    }
}