{
    "data": {
        "trains": [
            {
                "trip_number": "UPAKUL EXPRESS (712)",
                "departure_date_time": "13 Jun, 03:38 pm",
                "departure_full_date": "2025-06-13",
                "departure_date_time_jd": "Fri, 13 Jun 2025, 03:38 PM",
                "arrival_date_time": "13 Jun, 08:40 pm",
                "travel_time": "05h 02m",
                "origin_city_name": "biman_bandar",
                "destination_city_name": "noakhali",
                "seat_types": [
                    {
                        "key": 7,
                        "type": "S_CHAIR",
                        "trip_id": 8439504,
                        "trip_route_id": 53592497,
                        "route_id": 22282,
                        "fare": "315.00",
                        "vat_percent": 0,
                        "vat_amount": 0,
                        "origin_city_seq": 2,
                        "destination_city_seq": 16,
                        "seat_counts": {
                            "online": 20,
                            "offline": 20,
                            "is_divided": true
                        }
                    },
                    {
                        "key": 3,
                        "type": "SNIGDHA",
                        "trip_id": 8439516,
                        "trip_route_id": 53592828,
                        "route_id": 22282,
                        "fare": "520.00",
                        "vat_percent": 15,
                        "vat_amount": 78,
                        "origin_city_seq": 2,
                        "destination_city_seq": 16,
                        "seat_counts": {
                            "online": 5,
                            "offline": 5,
                            "is_divided": true
                        }
                    }
                ],
                "train_model": "712",
                "is_open_for_all": true,
                "is_eid_trip": 1,
                "parent_route": {
                    "origin_city_name": "dhaka",
                    "destination_city_name": "noakhali",
                    "departure_date": "2025-06-13",
                    "departure_time": "15:10:00",
                    "arrival_date": "2025-06-13",
                    "arrival_time": "20:40:00"
                },
                "boarding_points": [
                    {
                        "trip_point_id": 108333531,
                        "location_id": 2702,
                        "location_name": "Biman_Bandar Station",
                        "location_time": "03:38 PM",
                        "location_date": "13 Jun 2025"
                    }
                ],
                "is_international": 0,
                "is_from_city_international": false
            }
        ],
        "recommendations": [],
        "selected_seat_class": "S_CHAIR"
    },
    "extra": {
        "hash": "6542AE4B7B9AA27B549FF7A761C62961"
    }
}