{
    "data": {
        "trains": [
            {
                "trip_number": "MAHANAGAR PROVATI (704)",
                "departure_date_time": "13 Jun, 08:12 am",
                "departure_full_date": "2025-06-13",
                "departure_date_time_jd": "Fri, 13 Jun 2025, 08:12 AM",
                "arrival_date_time": "13 Jun, 10:51 am",
                "travel_time": "02h 39m",
                "origin_city_name": "biman_bandar",
                "destination_city_name": "cumilla",
                "seat_types": [
                    {
                        "key": 7,
                        "type": "S_CHAIR",
                        "trip_id": 8437037,
                        "trip_route_id": 53525564,
                        "route_id": 22049,
                        "fare": "225.00",
                        "vat_percent": 0,
                        "vat_amount": 0,
                        "origin_city_seq": 2,
                        "destination_city_seq": 7,
                        "seat_counts": {
                            "online": 7,
                            "offline": 6,
                            "is_divided": true
                        }
                    }
                ],
                "train_model": "704",
                "is_open_for_all": true,
                "is_eid_trip": 1,
                "parent_route": {
                    "origin_city_name": "dhaka",
                    "destination_city_name": "chattogram",
                    "departure_date": "2025-06-13",
                    "departure_time": "07:45:00",
                    "arrival_date": "2025-06-13",
                    "arrival_time": "13:35:00"
                },
                "boarding_points": [
                    {
                        "trip_point_id": 108291053,
                        "location_id": 2702,
                        "location_name": "Biman_Bandar Station",
                        "location_time": "08:12 AM",
                        "location_date": "13 Jun 2025"
                    }
                ],
                "is_international": 0,
                "is_from_city_international": false
            },
            {
                "trip_number": "MAHANAGAR PROVATI (704)",
                "departure_date_time": "13 Jun, 07:45 am",
                "departure_full_date": "2025-06-13",
                "departure_date_time_jd": "Fri, 13 Jun 2025, 07:45 AM",
                "arrival_date_time": "13 Jun, 10:51 am",
                "travel_time": "03h 06m",
                "origin_city_name": "dhaka",
                "destination_city_name": "cumilla",
                "seat_types": [
                    {
                        "key": 5,
                        "type": "F_SEAT",
                        "trip_id": 8437052,
                        "trip_route_id": 53525924,
                        "route_id": 22043,
                        "fare": "300.00",
                        "vat_percent": 15,
                        "vat_amount": 45,
                        "origin_city_seq": 1,
                        "destination_city_seq": 6,
                        "seat_counts": {
                            "online": 0,
                            "offline": 0,
                            "is_divided": true
                        }
                    },
                    {
                        "key": 2,
                        "type": "AC_S",
                        "trip_id": 8437067,
                        "trip_route_id": 53526299,
                        "route_id": 22043,
                        "fare": "450.00",
                        "vat_percent": 15,
                        "vat_amount": 68,
                        "origin_city_seq": 1,
                        "destination_city_seq": 6,
                        "seat_counts": {
                            "online": 0,
                            "offline": 0,
                            "is_divided": true
                        }
                    },
                    {
                        "key": 3,
                        "type": "SNIGDHA",
                        "trip_id": 8437082,
                        "trip_route_id": 53526674,
                        "route_id": 22043,
                        "fare": "375.00",
                        "vat_percent": 15,
                        "vat_amount": 57,
                        "origin_city_seq": 1,
                        "destination_city_seq": 6,
                        "seat_counts": {
                            "online": 0,
                            "offline": 0,
                            "is_divided": true
                        }
                    }
                ],
                "train_model": "704",
                "is_open_for_all": true,
                "is_eid_trip": 1,
                "parent_route": {
                    "origin_city_name": "dhaka",
                    "destination_city_name": "chattogram",
                    "departure_date": "2025-06-13",
                    "departure_time": "07:45:00",
                    "arrival_date": "2025-06-13",
                    "arrival_time": "13:35:00"
                },
                "boarding_points": [
                    {
                        "trip_point_id": 108291318,
                        "location_id": 2719,
                        "location_name": "Kamalapur Station",
                        "location_time": "07:45 AM",
                        "location_date": "13 Jun 2025"
                    }
                ],
                "is_international": 0,
                "is_from_city_international": false
            },
            {
                "trip_number": "UPAKUL EXPRESS (712)",
                "departure_date_time": "13 Jun, 03:38 pm",
                "departure_full_date": "2025-06-13",
                "departure_date_time_jd": "Fri, 13 Jun 2025, 03:38 PM",
                "arrival_date_time": "13 Jun, 06:38 pm",
                "travel_time": "03h 00m",
                "origin_city_name": "biman_bandar",
                "destination_city_name": "cumilla",
                "seat_types": [
                    {
                        "key": 7,
                        "type": "S_CHAIR",
                        "trip_id": 8439504,
                        "trip_route_id": 53592494,
                        "route_id": 22280,
                        "fare": "225.00",
                        "vat_percent": 0,
                        "vat_amount": 0,
                        "origin_city_seq": 2,
                        "destination_city_seq": 9,
                        "seat_counts": {
                            "online": 3,
                            "offline": 3,
                            "is_divided": true
                        }
                    }
                ],
                "train_model": "712",
                "is_open_for_all": true,
                "is_eid_trip": 1,
                "parent_route": {
                    "origin_city_name": "dhaka",
                    "destination_city_name": "noakhali",
                    "departure_date": "2025-06-13",
                    "departure_time": "15:10:00",
                    "arrival_date": "2025-06-13",
                    "arrival_time": "20:40:00"
                },
                "boarding_points": [
                    {
                        "trip_point_id": 108333531,
                        "location_id": 2702,
                        "location_name": "Biman_Bandar Station",
                        "location_time": "03:38 PM",
                        "location_date": "13 Jun 2025"
                    }
                ],
                "is_international": 0,
                "is_from_city_international": false
            },
            {
                "trip_number": "UPAKUL EXPRESS (712)",
                "departure_date_time": "13 Jun, 03:10 pm",
                "departure_full_date": "2025-06-13",
                "departure_date_time_jd": "Fri, 13 Jun 2025, 03:10 PM",
                "arrival_date_time": "13 Jun, 06:38 pm",
                "travel_time": "03h 28m",
                "origin_city_name": "dhaka",
                "destination_city_name": "cumilla",
                "seat_types": [
                    {
                        "key": 3,
                        "type": "SNIGDHA",
                        "trip_id": 8439516,
                        "trip_route_id": 53592810,
                        "route_id": 22269,
                        "fare": "375.00",
                        "vat_percent": 15,
                        "vat_amount": 57,
                        "origin_city_seq": 1,
                        "destination_city_seq": 9,
                        "seat_counts": {
                            "online": 1,
                            "offline": 1,
                            "is_divided": true
                        }
                    }
                ],
                "train_model": "712",
                "is_open_for_all": true,
                "is_eid_trip": 1,
                "parent_route": {
                    "origin_city_name": "dhaka",
                    "destination_city_name": "noakhali",
                    "departure_date": "2025-06-13",
                    "departure_time": "15:10:00",
                    "arrival_date": "2025-06-13",
                    "arrival_time": "20:40:00"
                },
                "boarding_points": [
                    {
                        "trip_point_id": 108333789,
                        "location_id": 2719,
                        "location_name": "Kamalapur Station",
                        "location_time": "03:10 PM",
                        "location_date": "13 Jun 2025"
                    }
                ],
                "is_international": 0,
                "is_from_city_international": false
            },
            {
                "trip_number": "MOHANAGAR EXPRESS (722)",
                "departure_date_time": "13 Jun, 09:48 pm",
                "departure_full_date": "2025-06-13",
                "departure_date_time_jd": "Fri, 13 Jun 2025, 09:48 PM",
                "arrival_date_time": "14 Jun, 12:46 am",
                "travel_time": "02h 58m",
                "origin_city_name": "biman_bandar",
                "destination_city_name": "cumilla",
                "seat_types": [
                    {
                        "key": 7,
                        "type": "S_CHAIR",
                        "trip_id": 8440336,
                        "trip_route_id": 53621085,
                        "route_id": 22526,
                        "fare": "225.00",
                        "vat_percent": 0,
                        "vat_amount": 0,
                        "origin_city_seq": 2,
                        "destination_city_seq": 9,
                        "seat_counts": {
                            "online": 3,
                            "offline": 2,
                            "is_divided": true
                        }
                    }
                ],
                "train_model": "722",
                "is_open_for_all": true,
                "is_eid_trip": 1,
                "parent_route": {
                    "origin_city_name": "dhaka",
                    "destination_city_name": "chattogram",
                    "departure_date": "2025-06-13",
                    "departure_time": "21:20:00",
                    "arrival_date": "2025-06-14",
                    "arrival_time": "03:30:00"
                },
                "boarding_points": [
                    {
                        "trip_point_id": 108351120,
                        "location_id": 2702,
                        "location_name": "Biman_Bandar Station",
                        "location_time": "09:48 PM",
                        "location_date": "13 Jun 2025"
                    }
                ],
                "is_international": 0,
                "is_from_city_international": false
            },
            {
                "trip_number": "MOHANAGAR EXPRESS (722)",
                "departure_date_time": "13 Jun, 09:20 pm",
                "departure_full_date": "2025-06-13",
                "departure_date_time_jd": "Fri, 13 Jun 2025, 09:20 PM",
                "arrival_date_time": "14 Jun, 12:46 am",
                "travel_time": "03h 26m",
                "origin_city_name": "dhaka",
                "destination_city_name": "cumilla",
                "seat_types": [
                    {
                        "key": 1,
                        "type": "AC_B",
                        "trip_id": 8440349,
                        "trip_route_id": 53621398,
                        "route_id": 22518,
                        "fare": "675.00",
                        "vat_percent": 15,
                        "vat_amount": 102,
                        "origin_city_seq": 1,
                        "destination_city_seq": 9,
                        "seat_counts": {
                            "online": 0,
                            "offline": 0,
                            "is_divided": true
                        }
                    },
                    {
                        "key": 3,
                        "type": "SNIGDHA",
                        "trip_id": 8440362,
                        "trip_route_id": 53621747,
                        "route_id": 22518,
                        "fare": "375.00",
                        "vat_percent": 15,
                        "vat_amount": 57,
                        "origin_city_seq": 1,
                        "destination_city_seq": 9,
                        "seat_counts": {
                            "online": 3,
                            "offline": 3,
                            "is_divided": true
                        }
                    }
                ],
                "train_model": "722",
                "is_open_for_all": true,
                "is_eid_trip": 1,
                "parent_route": {
                    "origin_city_name": "dhaka",
                    "destination_city_name": "chattogram",
                    "departure_date": "2025-06-13",
                    "departure_time": "21:20:00",
                    "arrival_date": "2025-06-14",
                    "arrival_time": "03:30:00"
                },
                "boarding_points": [
                    {
                        "trip_point_id": 108351394,
                        "location_id": 2719,
                        "location_name": "Kamalapur Station",
                        "location_time": "09:20 PM",
                        "location_date": "13 Jun 2025"
                    }
                ],
                "is_international": 0,
                "is_from_city_international": false
            }
        ],
        "recommendations": [],
        "selected_seat_class": "S_CHAIR"
    },
    "extra": {
        "hash": "6542AE4B7B9AA27B549FF7A761C62961"
    }
}