{
    "data": {
        "trains": [
            {
                "trip_number": "EKOTA EXPRESS (706)",
                "departure_date_time": "13 Jun, 12:45 am",
                "departure_full_date": "2025-06-13",
                "departure_date_time_jd": "Fri, 13 Jun 2025, 12:45 AM",
                "arrival_date_time": "13 Jun, 07:20 am",
                "travel_time": "06h 35m",
                "origin_city_name": "birampur",
                "destination_city_name": "dhaka",
                "seat_types": [
                    {
                        "key": 3,
                        "type": "SNIGDHA",
                        "trip_id": 8436171,
                        "trip_route_id": 53477723,
                        "route_id": 19435,
                        "fare": "915.00",
                        "vat_percent": 15,
                        "vat_amount": 138,
                        "origin_city_seq": 11,
                        "destination_city_seq": 25,
                        "seat_counts": {
                            "online": 0,
                            "offline": 0,
                            "is_divided": true
                        }
                    },
                    {
                        "key": 7,
                        "type": "S_CHAIR",
                        "trip_id": 8436186,
                        "trip_route_id": 53478636,
                        "route_id": 19435,
                        "fare": "550.00",
                        "vat_percent": 0,
                        "vat_amount": 0,
                        "origin_city_seq": 11,
                        "destination_city_seq": 25,
                        "seat_counts": {
                            "online": 0,
                            "offline": 0,
                            "is_divided": true
                        }
                    },
                    {
                        "key": 1,
                        "type": "AC_B",
                        "trip_id": 8436354,
                        "trip_route_id": 53487760,
                        "route_id": 19435,
                        "fare": "1650.00",
                        "vat_percent": 15,
                        "vat_amount": 248,
                        "origin_city_seq": 11,
                        "destination_city_seq": 25,
                        "seat_counts": {
                            "online": 0,
                            "offline": 0,
                            "is_divided": true
                        }
                    }
                ],
                "train_model": "706",
                "is_open_for_all": true,
                "is_eid_trip": 1,
                "parent_route": {
                    "origin_city_name": "panchagarh",
                    "destination_city_name": "dhaka",
                    "departure_date": "2025-06-12",
                    "departure_time": "21:10:00",
                    "arrival_date": "2025-06-13",
                    "arrival_time": "07:20:00"
                },
                "boarding_points": [
                    {
                        "trip_point_id": 108268567,
                        "location_id": 2781,
                        "location_name": "Birampur Station",
                        "location_time": "12:45 AM",
                        "location_date": "13 Jun 2025"
                    }
                ],
                "is_international": 0,
                "is_from_city_international": false
            },
            {
                "trip_number": "CHILAHATI EXPRESS (806)",
                "departure_date_time": "13 Jun, 08:03 am",
                "departure_full_date": "2025-06-13",
                "departure_date_time_jd": "Fri, 13 Jun 2025, 08:03 AM",
                "arrival_date_time": "13 Jun, 02:55 pm",
                "travel_time": "06h 52m",
                "origin_city_name": "birampur",
                "destination_city_name": "dhaka",
                "seat_types": [
                    {
                        "key": 2,
                        "type": "AC_S",
                        "trip_id": 8438903,
                        "trip_route_id": 53577517,
                        "route_id": 24815,
                        "fare": "1100.00",
                        "vat_percent": 15,
                        "vat_amount": 165,
                        "origin_city_seq": 7,
                        "destination_city_seq": 13,
                        "seat_counts": {
                            "online": 0,
                            "offline": 0,
                            "is_divided": true
                        }
                    },
                    {
                        "key": 7,
                        "type": "S_CHAIR",
                        "trip_id": 8438916,
                        "trip_route_id": 53578111,
                        "route_id": 24815,
                        "fare": "550.00",
                        "vat_percent": 0,
                        "vat_amount": 0,
                        "origin_city_seq": 7,
                        "destination_city_seq": 13,
                        "seat_counts": {
                            "online": 0,
                            "offline": 0,
                            "is_divided": true
                        }
                    },
                    {
                        "key": 3,
                        "type": "SNIGDHA",
                        "trip_id": 8438929,
                        "trip_route_id": 53578588,
                        "route_id": 24815,
                        "fare": "915.00",
                        "vat_percent": 15,
                        "vat_amount": 138,
                        "origin_city_seq": 7,
                        "destination_city_seq": 13,
                        "seat_counts": {
                            "online": 0,
                            "offline": 0,
                            "is_divided": true
                        }
                    }
                ],
                "train_model": "806",
                "is_open_for_all": true,
                "is_eid_trip": 1,
                "parent_route": {
                    "origin_city_name": "chilahati",
                    "destination_city_name": "dhaka",
                    "departure_date": "2025-06-13",
                    "departure_time": "06:00:00",
                    "arrival_date": "2025-06-13",
                    "arrival_time": "14:55:00"
                },
                "boarding_points": [
                    {
                        "trip_point_id": 108324369,
                        "location_id": 2781,
                        "location_name": "Birampur Station",
                        "location_time": "08:03 AM",
                        "location_date": "13 Jun 2025"
                    }
                ],
                "is_international": 0,
                "is_from_city_international": false
            },
            {
                "trip_number": "DRUTOJAN EXPRESS (758)",
                "departure_date_time": "13 Jun, 11:20 am",
                "departure_full_date": "2025-06-13",
                "departure_date_time_jd": "Fri, 13 Jun 2025, 11:20 AM",
                "arrival_date_time": "13 Jun, 06:55 pm",
                "travel_time": "07h 35m",
                "origin_city_name": "birampur",
                "destination_city_name": "dhaka",
                "seat_types": [
                    {
                        "key": 3,
                        "type": "SNIGDHA",
                        "trip_id": 8436515,
                        "trip_route_id": 53497301,
                        "route_id": 19435,
                        "fare": "915.00",
                        "vat_percent": 15,
                        "vat_amount": 138,
                        "origin_city_seq": 11,
                        "destination_city_seq": 25,
                        "seat_counts": {
                            "online": 0,
                            "offline": 0,
                            "is_divided": true
                        }
                    },
                    {
                        "key": 7,
                        "type": "S_CHAIR",
                        "trip_id": 8436661,
                        "trip_route_id": 53512406,
                        "route_id": 19435,
                        "fare": "550.00",
                        "vat_percent": 0,
                        "vat_amount": 0,
                        "origin_city_seq": 11,
                        "destination_city_seq": 25,
                        "seat_counts": {
                            "online": 0,
                            "offline": 0,
                            "is_divided": true
                        }
                    },
                    {
                        "key": 2,
                        "type": "AC_S",
                        "trip_id": 8436676,
                        "trip_route_id": 53513451,
                        "route_id": 19435,
                        "fare": "1100.00",
                        "vat_percent": 15,
                        "vat_amount": 165,
                        "origin_city_seq": 11,
                        "destination_city_seq": 25,
                        "seat_counts": {
                            "online": 0,
                            "offline": 0,
                            "is_divided": true
                        }
                    }
                ],
                "train_model": "758",
                "is_open_for_all": true,
                "is_eid_trip": 1,
                "parent_route": {
                    "origin_city_name": "panchagarh",
                    "destination_city_name": "dhaka",
                    "departure_date": "2025-06-13",
                    "departure_time": "07:20:00",
                    "arrival_date": "2025-06-13",
                    "arrival_time": "18:55:00"
                },
                "boarding_points": [
                    {
                        "trip_point_id": 108278036,
                        "location_id": 2781,
                        "location_name": "Birampur Station",
                        "location_time": "11:20 AM",
                        "location_date": "13 Jun 2025"
                    }
                ],
                "is_international": 0,
                "is_from_city_international": false
            },
            {
                "trip_number": "NILSAGAR EXPRESS (766)",
                "departure_date_time": "13 Jun, 10:14 pm",
                "departure_full_date": "2025-06-13",
                "departure_date_time_jd": "Fri, 13 Jun 2025, 10:14 PM",
                "arrival_date_time": "14 Jun, 05:25 am",
                "travel_time": "07h 11m",
                "origin_city_name": "birampur",
                "destination_city_name": "dhaka",
                "seat_types": [
                    {
                        "key": 7,
                        "type": "S_CHAIR",
                        "trip_id": 8436201,
                        "trip_route_id": 53479383,
                        "route_id": 19845,
                        "fare": "550.00",
                        "vat_percent": 0,
                        "vat_amount": 0,
                        "origin_city_seq": 7,
                        "destination_city_seq": 16,
                        "seat_counts": {
                            "online": 0,
                            "offline": 0,
                            "is_divided": true
                        }
                    },
                    {
                        "key": 3,
                        "type": "SNIGDHA",
                        "trip_id": 8436213,
                        "trip_route_id": 53479923,
                        "route_id": 19845,
                        "fare": "915.00",
                        "vat_percent": 15,
                        "vat_amount": 138,
                        "origin_city_seq": 7,
                        "destination_city_seq": 16,
                        "seat_counts": {
                            "online": 0,
                            "offline": 0,
                            "is_divided": true
                        }
                    },
                    {
                        "key": 1,
                        "type": "AC_B",
                        "trip_id": 8436225,
                        "trip_route_id": 53480463,
                        "route_id": 19845,
                        "fare": "1650.00",
                        "vat_percent": 15,
                        "vat_amount": 248,
                        "origin_city_seq": 7,
                        "destination_city_seq": 16,
                        "seat_counts": {
                            "online": 0,
                            "offline": 0,
                            "is_divided": true
                        }
                    }
                ],
                "train_model": "766",
                "is_open_for_all": true,
                "is_eid_trip": 1,
                "parent_route": {
                    "origin_city_name": "chilahati",
                    "destination_city_name": "dhaka",
                    "departure_date": "2025-06-13",
                    "departure_time": "20:00:00",
                    "arrival_date": "2025-06-14",
                    "arrival_time": "05:25:00"
                },
                "boarding_points": [
                    {
                        "trip_point_id": 108269646,
                        "location_id": 2781,
                        "location_name": "Birampur Station",
                        "location_time": "10:14 PM",
                        "location_date": "13 Jun 2025"
                    }
                ],
                "is_international": 0,
                "is_from_city_international": false
            }
        ],
        "recommendations": [
            {
                "origin": "Panchbibi",
                "destination": "Dhaka"
            },
            {
                "origin": "Birampur",
                "destination": "Joydebpur"
            }
        ],
        "selected_seat_class": "S_CHAIR"
    },
    "extra": {
        "hash": "6542AE4B7B9AA27B549FF7A761C62961"
    }
}