{
    "data": {
        "trains": [
            {
                "trip_number": "KOROTOA EXPRESS (713)",
                "departure_date_time": "13 Jun, 10:19 am",
                "departure_full_date": "2025-06-13",
                "departure_date_time_jd": "Fri, 13 Jun 2025, 10:19 AM",
                "arrival_date_time": "13 Jun, 04:00 pm",
                "travel_time": "05h 41m",
                "origin_city_name": "bogura",
                "destination_city_name": "burimari",
                "seat_types": [
                    {
                        "key": 7,
                        "type": "S_CHAIR",
                        "trip_id": 8436858,
                        "trip_route_id": 53523364,
                        "route_id": 21135,
                        "fare": "255.00",
                        "vat_percent": 0,
                        "vat_amount": 0,
                        "origin_city_seq": 2,
                        "destination_city_seq": 19,
                        "seat_counts": {
                            "online": 5,
                            "offline": 5,
                            "is_divided": true
                        }
                    }
                ],
                "train_model": "713",
                "is_open_for_all": true,
                "is_eid_trip": 1,
                "parent_route": {
                    "origin_city_name": "santahar",
                    "destination_city_name": "burimari",
                    "departure_date": "2025-06-13",
                    "departure_time": "09:25:00",
                    "arrival_date": "2025-06-13",
                    "arrival_time": "16:00:00"
                },
                "boarding_points": [
                    {
                        "trip_point_id": 108289467,
                        "location_id": 2726,
                        "location_name": "Bogura Station",
                        "location_time": "10:19 AM",
                        "location_date": "13 Jun 2025"
                    }
                ],
                "is_international": 0,
                "is_from_city_international": false
            },
            {
                "trip_number": "BURIMARI EXPRESS (809)",
                "departure_date_time": "13 Jun, 03:05 pm",
                "departure_full_date": "2025-06-13",
                "departure_date_time_jd": "Fri, 13 Jun 2025, 03:05 PM",
                "arrival_date_time": "13 Jun, 09:45 pm",
                "travel_time": "06h 40m",
                "origin_city_name": "bogura",
                "destination_city_name": "burimari",
                "seat_types": [
                    {
                        "key": 7,
                        "type": "S_CHAIR",
                        "trip_id": 8439843,
                        "trip_route_id": 53600797,
                        "route_id": 26443,
                        "fare": "255.00",
                        "vat_percent": 0,
                        "vat_amount": 0,
                        "origin_city_seq": 6,
                        "destination_city_seq": 16,
                        "seat_counts": {
                            "online": 3,
                            "offline": 2,
                            "is_divided": true
                        }
                    }
                ],
                "train_model": "809",
                "is_open_for_all": true,
                "is_eid_trip": 1,
                "parent_route": {
                    "origin_city_name": "dhaka",
                    "destination_city_name": "burimari",
                    "departure_date": "2025-06-13",
                    "departure_time": "08:30:00",
                    "arrival_date": "2025-06-13",
                    "arrival_time": "21:45:00"
                },
                "boarding_points": [
                    {
                        "trip_point_id": 108339476,
                        "location_id": 2726,
                        "location_name": "Bogura Station",
                        "location_time": "03:05 PM",
                        "location_date": "13 Jun 2025"
                    }
                ],
                "is_international": 0,
                "is_from_city_international": false
            }
        ],
        "recommendations": [],
        "selected_seat_class": "S_CHAIR"
    },
    "extra": {
        "hash": "6542AE4B7B9AA27B549FF7A761C62961"
    }
}