{
    "data": {
        "trains": [
            {
                "trip_number": "PROBAL EXPRESS (822)",
                "departure_date_time": "13 Jun, 11:33 am",
                "departure_full_date": "2025-06-13",
                "departure_date_time_jd": "Fri, 13 Jun 2025, 11:33 AM",
                "arrival_date_time": "13 Jun, 02:10 pm",
                "travel_time": "02h 37m",
                "origin_city_name": "chakaria",
                "destination_city_name": "chattogram",
                "seat_types": [
                    {
                        "key": 8,
                        "type": "SHOVAN",
                        "trip_id": 8438589,
                        "trip_route_id": 53566660,
                        "route_id": 27038,
                        "fare": "120.00",
                        "vat_percent": 0,
                        "vat_amount": 0,
                        "origin_city_seq": 5,
                        "destination_city_seq": 13,
                        "seat_counts": {
                            "online": 0,
                            "offline": 0,
                            "is_divided": true
                        }
                    },
                    {
                        "key": 7,
                        "type": "S_CHAIR",
                        "trip_id": 8438602,
                        "trip_route_id": 53566800,
                        "route_id": 27038,
                        "fare": "145.00",
                        "vat_percent": 0,
                        "vat_amount": 0,
                        "origin_city_seq": 5,
                        "destination_city_seq": 13,
                        "seat_counts": {
                            "online": 0,
                            "offline": 0,
                            "is_divided": true
                        }
                    }
                ],
                "train_model": "822",
                "is_open_for_all": true,
                "is_eid_trip": 1,
                "parent_route": {
                    "origin_city_name": "cox's bazar",
                    "destination_city_name": "chattogram",
                    "departure_date": "2025-06-13",
                    "departure_time": "10:20:00",
                    "arrival_date": "2025-06-13",
                    "arrival_time": "14:10:00"
                },
                "boarding_points": [
                    {
                        "trip_point_id": 108318492,
                        "location_id": 2926,
                        "location_name": "Chakaria Station",
                        "location_time": "11:33 AM",
                        "location_date": "13 Jun 2025"
                    }
                ],
                "is_international": 0,
                "is_from_city_international": false
            },
            {
                "trip_number": "SHAIKAT EXPRESS (824)",
                "departure_date_time": "13 Jun, 09:14 pm",
                "departure_full_date": "2025-06-13",
                "departure_date_time_jd": "Fri, 13 Jun 2025, 09:14 PM",
                "arrival_date_time": "13 Jun, 11:50 pm",
                "travel_time": "02h 36m",
                "origin_city_name": "chakaria",
                "destination_city_name": "chattogram",
                "seat_types": [
                    {
                        "key": 8,
                        "type": "SHOVAN",
                        "trip_id": 8438693,
                        "trip_route_id": 53567474,
                        "route_id": 26355,
                        "fare": "120.00",
                        "vat_percent": 0,
                        "vat_amount": 0,
                        "origin_city_seq": 4,
                        "destination_city_seq": 11,
                        "seat_counts": {
                            "online": 2,
                            "offline": 2,
                            "is_divided": true
                        }
                    },
                    {
                        "key": 7,
                        "type": "S_CHAIR",
                        "trip_id": 8438706,
                        "trip_route_id": 53567574,
                        "route_id": 26355,
                        "fare": "145.00",
                        "vat_percent": 0,
                        "vat_amount": 0,
                        "origin_city_seq": 4,
                        "destination_city_seq": 11,
                        "seat_counts": {
                            "online": 1,
                            "offline": 0,
                            "is_divided": true
                        }
                    }
                ],
                "train_model": "824",
                "is_open_for_all": true,
                "is_eid_trip": 1,
                "parent_route": {
                    "origin_city_name": "cox's bazar",
                    "destination_city_name": "chattogram",
                    "departure_date": "2025-06-13",
                    "departure_time": "20:00:00",
                    "arrival_date": "2025-06-13",
                    "arrival_time": "23:50:00"
                },
                "boarding_points": [
                    {
                        "trip_point_id": 108319413,
                        "location_id": 2926,
                        "location_name": "Chakaria Station",
                        "location_time": "09:14 PM",
                        "location_date": "13 Jun 2025"
                    }
                ],
                "is_international": 0,
                "is_from_city_international": false
            }
        ],
        "recommendations": [],
        "selected_seat_class": "S_CHAIR"
    },
    "extra": {
        "hash": "6542AE4B7B9AA27B549FF7A761C62961"
    }
}