{
    "data": {
        "trains": [
            {
                "trip_number": "SHAIKAT EXPRESS (821)",
                "departure_date_time": "13 Jun, 08:37 am",
                "departure_full_date": "2025-06-13",
                "departure_date_time_jd": "Fri, 13 Jun 2025, 08:37 AM",
                "arrival_date_time": "13 Jun, 09:50 am",
                "travel_time": "01h 13m",
                "origin_city_name": "chakaria",
                "destination_city_name": "coxs bazar",
                "seat_types": [
                    {
                        "key": 8,
                        "type": "SHOVAN",
                        "trip_id": 8438537,
                        "trip_route_id": 53566219,
                        "route_id": 26322,
                        "fare": "65.00",
                        "vat_percent": 0,
                        "vat_amount": 0,
                        "origin_city_seq": 8,
                        "destination_city_seq": 11,
                        "seat_counts": {
                            "online": 15,
                            "offline": 15,
                            "is_divided": true
                        }
                    },
                    {
                        "key": 7,
                        "type": "S_CHAIR",
                        "trip_id": 8438550,
                        "trip_route_id": 53566384,
                        "route_id": 26322,
                        "fare": "80.00",
                        "vat_percent": 0,
                        "vat_amount": 0,
                        "origin_city_seq": 8,
                        "destination_city_seq": 11,
                        "seat_counts": {
                            "online": 3,
                            "offline": 3,
                            "is_divided": true
                        }
                    }
                ],
                "train_model": "821",
                "is_open_for_all": true,
                "is_eid_trip": 1,
                "parent_route": {
                    "origin_city_name": "chattogram",
                    "destination_city_name": "cox's bazar",
                    "departure_date": "2025-06-13",
                    "departure_time": "06:15:00",
                    "arrival_date": "2025-06-13",
                    "arrival_time": "09:50:00"
                },
                "boarding_points": [
                    {
                        "trip_point_id": 108318001,
                        "location_id": 2926,
                        "location_name": "Chakaria Station",
                        "location_time": "08:37 AM",
                        "location_date": "13 Jun 2025"
                    }
                ],
                "is_international": 0,
                "is_from_city_international": false
            },
            {
                "trip_number": "PROBAL EXPRESS (823)",
                "departure_date_time": "13 Jun, 05:34 pm",
                "departure_full_date": "2025-06-13",
                "departure_date_time_jd": "Fri, 13 Jun 2025, 05:34 PM",
                "arrival_date_time": "13 Jun, 07:00 pm",
                "travel_time": "01h 26m",
                "origin_city_name": "chakaria",
                "destination_city_name": "coxs bazar",
                "seat_types": [
                    {
                        "key": 8,
                        "type": "SHOVAN",
                        "trip_id": 8438641,
                        "trip_route_id": 53567072,
                        "route_id": 27119,
                        "fare": "65.00",
                        "vat_percent": 0,
                        "vat_amount": 0,
                        "origin_city_seq": 9,
                        "destination_city_seq": 13,
                        "seat_counts": {
                            "online": 10,
                            "offline": 10,
                            "is_divided": true
                        }
                    },
                    {
                        "key": 7,
                        "type": "S_CHAIR",
                        "trip_id": 8438654,
                        "trip_route_id": 53567255,
                        "route_id": 27119,
                        "fare": "80.00",
                        "vat_percent": 0,
                        "vat_amount": 0,
                        "origin_city_seq": 9,
                        "destination_city_seq": 13,
                        "seat_counts": {
                            "online": 5,
                            "offline": 5,
                            "is_divided": true
                        }
                    }
                ],
                "train_model": "823",
                "is_open_for_all": true,
                "is_eid_trip": 1,
                "parent_route": {
                    "origin_city_name": "chattogram",
                    "destination_city_name": "cox's bazar",
                    "departure_date": "2025-06-13",
                    "departure_time": "15:10:00",
                    "arrival_date": "2025-06-13",
                    "arrival_time": "19:00:00"
                },
                "boarding_points": [
                    {
                        "trip_point_id": 108318955,
                        "location_id": 2926,
                        "location_name": "Chakaria Station",
                        "location_time": "05:34 PM",
                        "location_date": "13 Jun 2025"
                    }
                ],
                "is_international": 0,
                "is_from_city_international": false
            }
        ],
        "recommendations": [],
        "selected_seat_class": "S_CHAIR"
    },
    "extra": {
        "hash": "6542AE4B7B9AA27B549FF7A761C62961"
    }
}