{
    "data": {
        "trains": [
            {
                "trip_number": "CHANDPUR EID SPL 2 (02)",
                "departure_date_time": "13 Jun, 03:30 am",
                "departure_full_date": "2025-06-13",
                "departure_date_time_jd": "Fri, 13 Jun 2025, 03:30 AM",
                "arrival_date_time": "13 Jun, 03:55 am",
                "travel_time": "00h 25m",
                "origin_city_name": "chandpur",
                "destination_city_name": "modhu_road",
                "seat_types": [
                    {
                        "key": 8,
                        "type": "SHOVAN",
                        "trip_id": 8442433,
                        "trip_route_id": 53690310,
                        "route_id": 22643,
                        "fare": "45.00",
                        "vat_percent": 0,
                        "vat_amount": 0,
                        "origin_city_seq": 1,
                        "destination_city_seq": 4,
                        "seat_counts": {
                            "online": 0,
                            "offline": 0,
                            "is_divided": true
                        }
                    }
                ],
                "train_model": "02",
                "is_open_for_all": true,
                "is_eid_trip": 1,
                "parent_route": {
                    "origin_city_name": "chandpur",
                    "destination_city_name": "chattogram",
                    "departure_date": "2025-06-13",
                    "departure_time": "03:30:00",
                    "arrival_date": "2025-06-13",
                    "arrival_time": "08:10:00"
                },
                "boarding_points": [
                    {
                        "trip_point_id": 108392590,
                        "location_id": 2869,
                        "location_name": "Chandpur Station",
                        "location_time": "03:30 AM",
                        "location_date": "13 Jun 2025"
                    }
                ],
                "is_international": 0,
                "is_from_city_international": false
            },
            {
                "trip_number": "MEGHNA EXPRESS (730)",
                "departure_date_time": "13 Jun, 05:00 am",
                "departure_full_date": "2025-06-13",
                "departure_date_time_jd": "Fri, 13 Jun 2025, 05:00 AM",
                "arrival_date_time": "13 Jun, 05:22 am",
                "travel_time": "00h 22m",
                "origin_city_name": "chandpur",
                "destination_city_name": "modhu_road",
                "seat_types": [
                    {
                        "key": 6,
                        "type": "F_CHAIR",
                        "trip_id": 8437547,
                        "trip_route_id": 53544398,
                        "route_id": 22643,
                        "fare": "90.00",
                        "vat_percent": 15,
                        "vat_amount": 14,
                        "origin_city_seq": 1,
                        "destination_city_seq": 4,
                        "seat_counts": {
                            "online": 0,
                            "offline": 0,
                            "is_divided": true
                        }
                    },
                    {
                        "key": 8,
                        "type": "SHOVAN",
                        "trip_id": 8437562,
                        "trip_route_id": 53545005,
                        "route_id": 22643,
                        "fare": "45.00",
                        "vat_percent": 0,
                        "vat_amount": 0,
                        "origin_city_seq": 1,
                        "destination_city_seq": 4,
                        "seat_counts": {
                            "online": 10,
                            "offline": 10,
                            "is_divided": true
                        }
                    },
                    {
                        "key": 7,
                        "type": "S_CHAIR",
                        "trip_id": 8437577,
                        "trip_route_id": 53545583,
                        "route_id": 22643,
                        "fare": "50.00",
                        "vat_percent": 0,
                        "vat_amount": 0,
                        "origin_city_seq": 1,
                        "destination_city_seq": 4,
                        "seat_counts": {
                            "online": 0,
                            "offline": 0,
                            "is_divided": true
                        }
                    },
                    {
                        "key": 5,
                        "type": "F_SEAT",
                        "trip_id": 8437592,
                        "trip_route_id": 53546138,
                        "route_id": 22643,
                        "fare": "90.00",
                        "vat_percent": 15,
                        "vat_amount": 14,
                        "origin_city_seq": 1,
                        "destination_city_seq": 4,
                        "seat_counts": {
                            "online": 0,
                            "offline": 0,
                            "is_divided": true
                        }
                    }
                ],
                "train_model": "730",
                "is_open_for_all": true,
                "is_eid_trip": 1,
                "parent_route": {
                    "origin_city_name": "chandpur",
                    "destination_city_name": "chattogram",
                    "departure_date": "2025-06-13",
                    "departure_time": "05:00:00",
                    "arrival_date": "2025-06-13",
                    "arrival_time": "09:00:00"
                },
                "boarding_points": [
                    {
                        "trip_point_id": 108301909,
                        "location_id": 2869,
                        "location_name": "Chandpur Station",
                        "location_time": "05:00 AM",
                        "location_date": "13 Jun 2025"
                    }
                ],
                "is_international": 0,
                "is_from_city_international": false
            }
        ],
        "recommendations": [],
        "selected_seat_class": "S_CHAIR"
    },
    "extra": {
        "hash": "6542AE4B7B9AA27B549FF7A761C62961"
    }
}