{
    "data": {
        "trains": [
            {
                "trip_number": "DHUMKETU EXPRESS (770)",
                "departure_date_time": "13 Jun, 12:48 am",
                "departure_full_date": "2025-06-13",
                "departure_date_time_jd": "Fri, 13 Jun 2025, 12:48 AM",
                "arrival_date_time": "13 Jun, 01:05 am",
                "travel_time": "00h 17m",
                "origin_city_name": "chatmohar",
                "destination_city_name": "boral_bridge",
                "seat_types": [
                    {
                        "key": 7,
                        "type": "S_CHAIR",
                        "trip_id": 8435735,
                        "trip_route_id": 53455466,
                        "route_id": 19570,
                        "fare": "50.00",
                        "vat_percent": 0,
                        "vat_amount": 0,
                        "origin_city_seq": 6,
                        "destination_city_seq": 7,
                        "seat_counts": {
                            "online": 0,
                            "offline": 0,
                            "is_divided": true
                        }
                    },
                    {
                        "key": 3,
                        "type": "SNIGDHA",
                        "trip_id": 8435748,
                        "trip_route_id": 53455765,
                        "route_id": 19570,
                        "fare": "100.00",
                        "vat_percent": 15,
                        "vat_amount": 15,
                        "origin_city_seq": 6,
                        "destination_city_seq": 7,
                        "seat_counts": {
                            "online": 0,
                            "offline": 0,
                            "is_divided": true
                        }
                    },
                    {
                        "key": 1,
                        "type": "AC_B",
                        "trip_id": 8435761,
                        "trip_route_id": 53456041,
                        "route_id": 19570,
                        "fare": "130.00",
                        "vat_percent": 15,
                        "vat_amount": 20,
                        "origin_city_seq": 6,
                        "destination_city_seq": 7,
                        "seat_counts": {
                            "online": 0,
                            "offline": 0,
                            "is_divided": true
                        }
                    }
                ],
                "train_model": "770",
                "is_open_for_all": true,
                "is_eid_trip": 1,
                "parent_route": {
                    "origin_city_name": "rajshahi",
                    "destination_city_name": "dhaka",
                    "departure_date": "2025-06-12",
                    "departure_time": "23:20:00",
                    "arrival_date": "2025-06-13",
                    "arrival_time": "04:40:00"
                },
                "boarding_points": [
                    {
                        "trip_point_id": 108256396,
                        "location_id": 2792,
                        "location_name": "Chatmohar Station",
                        "location_time": "12:48 AM",
                        "location_date": "13 Jun 2025"
                    }
                ],
                "is_international": 0,
                "is_from_city_international": false
            },
            {
                "trip_number": "SILKCITY EXPRESS (754)",
                "departure_date_time": "13 Jun, 09:01 am",
                "departure_full_date": "2025-06-13",
                "departure_date_time_jd": "Fri, 13 Jun 2025, 09:01 AM",
                "arrival_date_time": "13 Jun, 09:14 am",
                "travel_time": "00h 13m",
                "origin_city_name": "chatmohar",
                "destination_city_name": "boral_bridge",
                "seat_types": [
                    {
                        "key": 2,
                        "type": "AC_S",
                        "trip_id": 8440154,
                        "trip_route_id": 53610090,
                        "route_id": 19570,
                        "fare": "110.00",
                        "vat_percent": 15,
                        "vat_amount": 17,
                        "origin_city_seq": 6,
                        "destination_city_seq": 7,
                        "seat_counts": {
                            "online": 0,
                            "offline": 0,
                            "is_divided": true
                        }
                    },
                    {
                        "key": 3,
                        "type": "SNIGDHA",
                        "trip_id": 8440167,
                        "trip_route_id": 53610623,
                        "route_id": 19570,
                        "fare": "100.00",
                        "vat_percent": 15,
                        "vat_amount": 15,
                        "origin_city_seq": 6,
                        "destination_city_seq": 7,
                        "seat_counts": {
                            "online": 0,
                            "offline": 0,
                            "is_divided": true
                        }
                    },
                    {
                        "key": 7,
                        "type": "S_CHAIR",
                        "trip_id": 8440180,
                        "trip_route_id": 53611156,
                        "route_id": 19570,
                        "fare": "50.00",
                        "vat_percent": 0,
                        "vat_amount": 0,
                        "origin_city_seq": 6,
                        "destination_city_seq": 7,
                        "seat_counts": {
                            "online": 3,
                            "offline": 2,
                            "is_divided": true
                        }
                    }
                ],
                "train_model": "754",
                "is_open_for_all": true,
                "is_eid_trip": 1,
                "parent_route": {
                    "origin_city_name": "rajshahi",
                    "destination_city_name": "dhaka",
                    "departure_date": "2025-06-13",
                    "departure_time": "07:40:00",
                    "arrival_date": "2025-06-13",
                    "arrival_time": "13:10:00"
                },
                "boarding_points": [
                    {
                        "trip_point_id": 108345557,
                        "location_id": 2792,
                        "location_name": "Chatmohar Station",
                        "location_time": "09:01 AM",
                        "location_date": "13 Jun 2025"
                    }
                ],
                "is_international": 0,
                "is_from_city_international": false
            },
            {
                "trip_number": "PADMA EXPRESS (760)",
                "departure_date_time": "13 Jun, 05:25 pm",
                "departure_full_date": "2025-06-13",
                "departure_date_time_jd": "Fri, 13 Jun 2025, 05:25 PM",
                "arrival_date_time": "13 Jun, 05:38 pm",
                "travel_time": "00h 13m",
                "origin_city_name": "chatmohar",
                "destination_city_name": "boral_bridge",
                "seat_types": [
                    {
                        "key": 3,
                        "type": "SNIGDHA",
                        "trip_id": 8435811,
                        "trip_route_id": 53458186,
                        "route_id": 19570,
                        "fare": "100.00",
                        "vat_percent": 15,
                        "vat_amount": 15,
                        "origin_city_seq": 6,
                        "destination_city_seq": 7,
                        "seat_counts": {
                            "online": 0,
                            "offline": 0,
                            "is_divided": true
                        }
                    },
                    {
                        "key": 7,
                        "type": "S_CHAIR",
                        "trip_id": 8435823,
                        "trip_route_id": 53458654,
                        "route_id": 19570,
                        "fare": "50.00",
                        "vat_percent": 0,
                        "vat_amount": 0,
                        "origin_city_seq": 6,
                        "destination_city_seq": 7,
                        "seat_counts": {
                            "online": 0,
                            "offline": 0,
                            "is_divided": true
                        }
                    },
                    {
                        "key": 2,
                        "type": "AC_S",
                        "trip_id": 8436754,
                        "trip_route_id": 53518401,
                        "route_id": 19570,
                        "fare": "110.00",
                        "vat_percent": 15,
                        "vat_amount": 17,
                        "origin_city_seq": 6,
                        "destination_city_seq": 7,
                        "seat_counts": {
                            "online": 0,
                            "offline": 0,
                            "is_divided": true
                        }
                    }
                ],
                "train_model": "760",
                "is_open_for_all": true,
                "is_eid_trip": 1,
                "parent_route": {
                    "origin_city_name": "rajshahi",
                    "destination_city_name": "dhaka",
                    "departure_date": "2025-06-13",
                    "departure_time": "16:00:00",
                    "arrival_date": "2025-06-13",
                    "arrival_time": "21:15:00"
                },
                "boarding_points": [
                    {
                        "trip_point_id": 108257919,
                        "location_id": 2792,
                        "location_name": "Chatmohar Station",
                        "location_time": "05:25 PM",
                        "location_date": "13 Jun 2025"
                    }
                ],
                "is_international": 0,
                "is_from_city_international": false
            }
        ],
        "recommendations": [],
        "selected_seat_class": "S_CHAIR"
    },
    "extra": {
        "hash": "6542AE4B7B9AA27B549FF7A761C62961"
    }
}