{
    "data": {
        "trains": [
            {
                "trip_number": "DHALARCHAR EXPRESS (779)",
                "departure_date_time": "13 Nov, 09:31 am",
                "departure_full_date": "2024-11-13",
                "departure_date_time_jd": "Wed, 13 Nov 2024, 09:31 AM",
                "arrival_date_time": "13 Nov, 09:42 am",
                "travel_time": "00h 11m",
                "origin_city_name": "abdulpur",
                "destination_city_name": "arani",
                "seat_types": [
                    {
                        "key": 7,
                        "type": "S_CHAIR",
                        "trip_id": 8363422,
                        "trip_route_id": 51047885,
                        "route_id": 20785,
                        "fare": "50.00",
                        "vat_percent": 0,
                        "vat_amount": 0,
                        "seat_counts": {
                            "online": 0,
                            "offline": 0,
                            "is_divided": true
                        }
                    },
                    {
                        "key": 8,
                        "type": "SHOVAN",
                        "trip_id": 8363455,
                        "trip_route_id": 51050430,
                        "route_id": 20785,
                        "fare": "45.00",
                        "vat_percent": 0,
                        "vat_amount": 0,
                        "seat_counts": {
                            "online": 0,
                            "offline": 0,
                            "is_divided": true
                        }
                    }
                ],
                "train_model": "779",
                "is_open_for_all": true,
                "is_eid_trip": 0,
                "boarding_points": [
                    {
                        "trip_point_id": 106858297,
                        "location_id": 2708,
                        "location_name": "Abdulpur Station",
                        "location_time": "09:31 AM"
                    }
                ],
                "is_international": 0,
                "is_from_city_international": false
            }
        ],
        "selected_seat_class": "S_CHAIR"
    },
    "extra": {
        "hash": "46956DC04F11E6DCE43E06B3F32F866C"
    }
}