{
    "data": {
        "trains": [
            {
                "trip_number": "BARENDRA EXPRESS (731)",
                "departure_date_time": "13 Nov, 04:04 pm",
                "departure_full_date": "2024-11-13",
                "departure_date_time_jd": "Wed, 13 Nov 2024, 04:04 PM",
                "arrival_date_time": "13 Nov, 04:20 pm",
                "travel_time": "00h 16m",
                "origin_city_name": "abdulpur",
                "destination_city_name": "natore",
                "seat_types": [
                    {
                        "key": 7,
                        "type": "S_CHAIR",
                        "trip_id": 8363407,
                        "trip_route_id": 51046841,
                        "route_id": 20159,
                        "fare": "50.00",
                        "vat_percent": 0,
                        "vat_amount": 0,
                        "seat_counts": {
                            "online": 5,
                            "offline": 5,
                            "is_divided": true
                        }
                    }
                ],
                "train_model": "731",
                "is_open_for_all": true,
                "is_eid_trip": 0,
                "boarding_points": [
                    {
                        "trip_point_id": 106857758,
                        "location_id": 2708,
                        "location_name": "Abdulpur Station",
                        "location_time": "04:04 PM"
                    }
                ],
                "is_international": 0,
                "is_from_city_international": false
            },
            {
                "trip_number": "BANGLABANDHA EXPRESS (803)",
                "departure_date_time": "13 Nov, 10:04 pm",
                "departure_full_date": "2024-11-13",
                "departure_date_time_jd": "Wed, 13 Nov 2024, 10:04 PM",
                "arrival_date_time": "13 Nov, 10:21 pm",
                "travel_time": "00h 17m",
                "origin_city_name": "abdulpur",
                "destination_city_name": "natore",
                "seat_types": [
                    {
                        "key": 1,
                        "type": "AC_B",
                        "trip_id": 8363419,
                        "trip_route_id": 51047676,
                        "route_id": 20859,
                        "fare": "130.00",
                        "vat_percent": 15,
                        "vat_amount": 20,
                        "seat_counts": {
                            "online": 0,
                            "offline": 0,
                            "is_divided": true
                        }
                    },
                    {
                        "key": 7,
                        "type": "S_CHAIR",
                        "trip_id": 8363454,
                        "trip_route_id": 51050402,
                        "route_id": 20859,
                        "fare": "50.00",
                        "vat_percent": 0,
                        "vat_amount": 0,
                        "seat_counts": {
                            "online": 10,
                            "offline": 10,
                            "is_divided": true
                        }
                    }
                ],
                "train_model": "803",
                "is_open_for_all": true,
                "is_eid_trip": 0,
                "boarding_points": [
                    {
                        "trip_point_id": 106858202,
                        "location_id": 2708,
                        "location_name": "Abdulpur Station",
                        "location_time": "10:04 PM"
                    }
                ],
                "is_international": 0,
                "is_from_city_international": false
            }
        ],
        "selected_seat_class": "S_CHAIR"
    },
    "extra": {
        "hash": "46956DC04F11E6DCE43E06B3F32F866C"
    }
}