{
    "data": {
        "trains": [
            {
                "trip_number": "DHUMKETU EXPRESS (770)",
                "departure_date_time": "13 Nov, 12:07 am",
                "departure_full_date": "2024-11-13",
                "departure_date_time_jd": "Wed, 13 Nov 2024, 12:07 AM",
                "arrival_date_time": "13 Nov, 01:00 am",
                "travel_time": "00h 53m",
                "origin_city_name": "abdulpur",
                "destination_city_name": "boral_bridge",
                "seat_types": [
                    {
                        "key": 7,
                        "type": "S_CHAIR",
                        "trip_id": 8363060,
                        "trip_route_id": 51034342,
                        "route_id": 19562,
                        "fare": "110.00",
                        "vat_percent": 0,
                        "vat_amount": 0,
                        "seat_counts": {
                            "online": 0,
                            "offline": 0,
                            "is_divided": true
                        }
                    },
                    {
                        "key": 3,
                        "type": "SNIGDHA",
                        "trip_id": 8363061,
                        "trip_route_id": 51034365,
                        "route_id": 19562,
                        "fare": "180.00",
                        "vat_percent": 15,
                        "vat_amount": 27,
                        "seat_counts": {
                            "online": 0,
                            "offline": 0,
                            "is_divided": true
                        }
                    },
                    {
                        "key": 1,
                        "type": "AC_B",
                        "trip_id": 8363062,
                        "trip_route_id": 51034386,
                        "route_id": 19562,
                        "fare": "320.00",
                        "vat_percent": 15,
                        "vat_amount": 48,
                        "seat_counts": {
                            "online": 0,
                            "offline": 0,
                            "is_divided": true
                        }
                    }
                ],
                "train_model": "770",
                "is_open_for_all": true,
                "is_eid_trip": 0,
                "boarding_points": [
                    {
                        "trip_point_id": 106850685,
                        "location_id": 2708,
                        "location_name": "Abdulpur Station",
                        "location_time": "12:07 AM"
                    }
                ],
                "is_international": 0,
                "is_from_city_international": false
            },
            {
                "trip_number": "SILKCITY EXPRESS (754)",
                "departure_date_time": "13 Nov, 08:22 am",
                "departure_full_date": "2024-11-13",
                "departure_date_time_jd": "Wed, 13 Nov 2024, 08:22 AM",
                "arrival_date_time": "13 Nov, 09:14 am",
                "travel_time": "00h 52m",
                "origin_city_name": "abdulpur",
                "destination_city_name": "boral_bridge",
                "seat_types": [
                    {
                        "key": 2,
                        "type": "AC_S",
                        "trip_id": 8363388,
                        "trip_route_id": 51045760,
                        "route_id": 19562,
                        "fare": "215.00",
                        "vat_percent": 15,
                        "vat_amount": 33,
                        "seat_counts": {
                            "online": 0,
                            "offline": 0,
                            "is_divided": true
                        }
                    },
                    {
                        "key": 3,
                        "type": "SNIGDHA",
                        "trip_id": 8363389,
                        "trip_route_id": 51045801,
                        "route_id": 19562,
                        "fare": "180.00",
                        "vat_percent": 15,
                        "vat_amount": 27,
                        "seat_counts": {
                            "online": 0,
                            "offline": 0,
                            "is_divided": true
                        }
                    },
                    {
                        "key": 7,
                        "type": "S_CHAIR",
                        "trip_id": 8363390,
                        "trip_route_id": 51045842,
                        "route_id": 19562,
                        "fare": "110.00",
                        "vat_percent": 0,
                        "vat_amount": 0,
                        "seat_counts": {
                            "online": 5,
                            "offline": 5,
                            "is_divided": true
                        }
                    }
                ],
                "train_model": "754",
                "is_open_for_all": true,
                "is_eid_trip": 0,
                "boarding_points": [
                    {
                        "trip_point_id": 106857194,
                        "location_id": 2708,
                        "location_name": "Abdulpur Station",
                        "location_time": "08:22 AM"
                    }
                ],
                "is_international": 0,
                "is_from_city_international": false
            },
            {
                "trip_number": "PADMA EXPRESS (760)",
                "departure_date_time": "13 Nov, 04:48 pm",
                "departure_full_date": "2024-11-13",
                "departure_date_time_jd": "Wed, 13 Nov 2024, 04:48 PM",
                "arrival_date_time": "13 Nov, 05:39 pm",
                "travel_time": "00h 51m",
                "origin_city_name": "abdulpur",
                "destination_city_name": "boral_bridge",
                "seat_types": [
                    {
                        "key": 3,
                        "type": "SNIGDHA",
                        "trip_id": 8363383,
                        "trip_route_id": 51045535,
                        "route_id": 19562,
                        "fare": "180.00",
                        "vat_percent": 15,
                        "vat_amount": 27,
                        "seat_counts": {
                            "online": 0,
                            "offline": 0,
                            "is_divided": true
                        }
                    },
                    {
                        "key": 7,
                        "type": "S_CHAIR",
                        "trip_id": 8363384,
                        "trip_route_id": 51045574,
                        "route_id": 19562,
                        "fare": "110.00",
                        "vat_percent": 0,
                        "vat_amount": 0,
                        "seat_counts": {
                            "online": 0,
                            "offline": 0,
                            "is_divided": true
                        }
                    },
                    {
                        "key": 2,
                        "type": "AC_S",
                        "trip_id": 8363453,
                        "trip_route_id": 51050308,
                        "route_id": 19562,
                        "fare": "215.00",
                        "vat_percent": 15,
                        "vat_amount": 33,
                        "seat_counts": {
                            "online": 0,
                            "offline": 0,
                            "is_divided": true
                        }
                    }
                ],
                "train_model": "760",
                "is_open_for_all": true,
                "is_eid_trip": 0,
                "boarding_points": [
                    {
                        "trip_point_id": 106857071,
                        "location_id": 2708,
                        "location_name": "Abdulpur Station",
                        "location_time": "04:48 PM"
                    }
                ],
                "is_international": 0,
                "is_from_city_international": false
            }
        ],
        "selected_seat_class": "S_CHAIR"
    },
    "extra": {
        "hash": "46956DC04F11E6DCE43E06B3F32F866C"
    }
}