{
    "data": {
        "trains": [
            {
                "trip_number": "DRUTOJAN EXPRESS (758)",
                "departure_date_time": "13 Nov, 01:11 pm",
                "departure_full_date": "2024-11-13",
                "departure_date_time_jd": "Wed, 13 Nov 2024, 01:11 PM",
                "arrival_date_time": "13 Nov, 06:55 pm",
                "travel_time": "05h 44m",
                "origin_city_name": "ahsanganj",
                "destination_city_name": "dhaka",
                "seat_types": [
                    {
                        "key": 3,
                        "type": "SNIGDHA",
                        "trip_id": 8363436,
                        "trip_route_id": 51048729,
                        "route_id": 23494,
                        "fare": "665.00",
                        "vat_percent": 15,
                        "vat_amount": 100,
                        "seat_counts": {
                            "online": 2,
                            "offline": 2,
                            "is_divided": true
                        }
                    },
                    {
                        "key": 7,
                        "type": "S_CHAIR",
                        "trip_id": 8363447,
                        "trip_route_id": 51049922,
                        "route_id": 23494,
                        "fare": "400.00",
                        "vat_percent": 0,
                        "vat_amount": 0,
                        "seat_counts": {
                            "online": 4,
                            "offline": 3,
                            "is_divided": true
                        }
                    },
                    {
                        "key": 2,
                        "type": "AC_S",
                        "trip_id": 8363448,
                        "trip_route_id": 51049985,
                        "route_id": 23494,
                        "fare": "800.00",
                        "vat_percent": 15,
                        "vat_amount": 120,
                        "seat_counts": {
                            "online": 2,
                            "offline": 2,
                            "is_divided": true
                        }
                    }
                ],
                "train_model": "758",
                "is_open_for_all": true,
                "is_eid_trip": 0,
                "boarding_points": [
                    {
                        "trip_point_id": 106858674,
                        "location_id": 2707,
                        "location_name": "Ahsanganj Station",
                        "location_time": "01:11 PM"
                    }
                ],
                "is_international": 0,
                "is_from_city_international": false
            },
            {
                "trip_number": "NILSAGAR EXPRESS (766)",
                "departure_date_time": "13 Nov, 11:49 pm",
                "departure_full_date": "2024-11-13",
                "departure_date_time_jd": "Wed, 13 Nov 2024, 11:49 PM",
                "arrival_date_time": "14 Nov, 05:30 am",
                "travel_time": "05h 41m",
                "origin_city_name": "ahsanganj",
                "destination_city_name": "dhaka",
                "seat_types": [
                    {
                        "key": 7,
                        "type": "S_CHAIR",
                        "trip_id": 8363414,
                        "trip_route_id": 51047342,
                        "route_id": 19852,
                        "fare": "400.00",
                        "vat_percent": 0,
                        "vat_amount": 0,
                        "seat_counts": {
                            "online": 4,
                            "offline": 4,
                            "is_divided": true
                        }
                    },
                    {
                        "key": 3,
                        "type": "SNIGDHA",
                        "trip_id": 8363415,
                        "trip_route_id": 51047387,
                        "route_id": 19852,
                        "fare": "665.00",
                        "vat_percent": 15,
                        "vat_amount": 100,
                        "seat_counts": {
                            "online": 5,
                            "offline": 4,
                            "is_divided": true
                        }
                    },
                    {
                        "key": 1,
                        "type": "AC_B",
                        "trip_id": 8363416,
                        "trip_route_id": 51047432,
                        "route_id": 19852,
                        "fare": "1200.00",
                        "vat_percent": 15,
                        "vat_amount": 180,
                        "seat_counts": {
                            "online": 0,
                            "offline": 0,
                            "is_divided": true
                        }
                    }
                ],
                "train_model": "766",
                "is_open_for_all": true,
                "is_eid_trip": 0,
                "boarding_points": [
                    {
                        "trip_point_id": 106858033,
                        "location_id": 2707,
                        "location_name": "Ahsanganj Station",
                        "location_time": "11:49 PM"
                    }
                ],
                "is_international": 0,
                "is_from_city_international": false
            }
        ],
        "selected_seat_class": "S_CHAIR"
    },
    "extra": {
        "hash": "46956DC04F11E6DCE43E06B3F32F866C"
    }
}