{
    "data": {
        "trains": [
            {
                "trip_number": "RUPSHA EXPRESS (728)",
                "departure_date_time": "13 Nov, 12:31 pm",
                "departure_full_date": "2024-11-13",
                "departure_date_time_jd": "Wed, 13 Nov 2024, 12:31 PM",
                "arrival_date_time": "13 Nov, 03:51 pm",
                "travel_time": "03h 20m",
                "origin_city_name": "ahsanganj",
                "destination_city_name": "darshana_halt",
                "seat_types": [
                    {
                        "key": 2,
                        "type": "AC_S",
                        "trip_id": 8363433,
                        "trip_route_id": 51048537,
                        "route_id": 21354,
                        "fare": "425.00",
                        "vat_percent": 15,
                        "vat_amount": 64,
                        "seat_counts": {
                            "online": 0,
                            "offline": 0,
                            "is_divided": true
                        }
                    },
                    {
                        "key": 3,
                        "type": "SNIGDHA",
                        "trip_id": 8363443,
                        "trip_route_id": 51049496,
                        "route_id": 21354,
                        "fare": "355.00",
                        "vat_percent": 15,
                        "vat_amount": 54,
                        "seat_counts": {
                            "online": 0,
                            "offline": 0,
                            "is_divided": true
                        }
                    },
                    {
                        "key": 7,
                        "type": "S_CHAIR",
                        "trip_id": 8363444,
                        "trip_route_id": 51049666,
                        "route_id": 21354,
                        "fare": "215.00",
                        "vat_percent": 0,
                        "vat_amount": 0,
                        "seat_counts": {
                            "online": 0,
                            "offline": 0,
                            "is_divided": true
                        }
                    }
                ],
                "train_model": "728",
                "is_open_for_all": true,
                "is_eid_trip": 0,
                "boarding_points": [
                    {
                        "trip_point_id": 106858546,
                        "location_id": 2707,
                        "location_name": "Ahsanganj Station",
                        "location_time": "12:31 PM"
                    }
                ],
                "is_international": 0,
                "is_from_city_international": false
            }
        ],
        "selected_seat_class": "S_CHAIR"
    },
    "extra": {
        "hash": "46956DC04F11E6DCE43E06B3F32F866C"
    }
}