{
    "data": {
        "trains": [
            {
                "trip_number": "CHATTALA EXPRESS (801)",
                "departure_date_time": "13 Nov, 09:37 am",
                "departure_full_date": "2024-11-13",
                "departure_date_time_jd": "Wed, 13 Nov 2024, 09:37 AM",
                "arrival_date_time": "13 Nov, 11:43 am",
                "travel_time": "02h 06m",
                "origin_city_name": "akhaura",
                "destination_city_name": "biman_bandar",
                "seat_types": [
                    {
                        "key": 7,
                        "type": "S_CHAIR",
                        "trip_id": 8363583,
                        "trip_route_id": 51053732,
                        "route_id": 22901,
                        "fare": "170.00",
                        "vat_percent": 0,
                        "vat_amount": 0,
                        "seat_counts": {
                            "online": 0,
                            "offline": 0,
                            "is_divided": true
                        }
                    }
                ],
                "train_model": "801",
                "is_open_for_all": true,
                "is_eid_trip": 0,
                "boarding_points": [
                    {
                        "trip_point_id": 106861653,
                        "location_id": 2828,
                        "location_name": "Akhaura Station",
                        "location_time": "09:37 AM"
                    }
                ],
                "is_international": 0,
                "is_from_city_international": false
            }
        ],
        "selected_seat_class": "S_CHAIR"
    },
    "extra": {
        "hash": "46956DC04F11E6DCE43E06B3F32F866C"
    }
}