{
    "data": {
        "trains": [
            {
                "trip_number": "BARENDRA EXPRESS (732)",
                "departure_date_time": "13 Nov, 08:26 am",
                "departure_full_date": "2024-11-13",
                "departure_date_time_jd": "Wed, 13 Nov 2024, 08:26 AM",
                "arrival_date_time": "13 Nov, 09:36 am",
                "travel_time": "01h 10m",
                "origin_city_name": "akkelpur",
                "destination_city_name": "natore",
                "seat_types": [
                    {
                        "key": 7,
                        "type": "S_CHAIR",
                        "trip_id": 8363408,
                        "trip_route_id": 51046912,
                        "route_id": 20344,
                        "fare": "75.00",
                        "vat_percent": 0,
                        "vat_amount": 0,
                        "seat_counts": {
                            "online": 4,
                            "offline": 3,
                            "is_divided": true
                        }
                    }
                ],
                "train_model": "732",
                "is_open_for_all": true,
                "is_eid_trip": 0,
                "boarding_points": [
                    {
                        "trip_point_id": 106857783,
                        "location_id": 2758,
                        "location_name": "Akkelpur Station",
                        "location_time": "08:26 AM"
                    }
                ],
                "is_international": 0,
                "is_from_city_international": false
            },
            {
                "trip_number": "BANGLABANDHA EXPRESS (804)",
                "departure_date_time": "13 Nov, 02:11 pm",
                "departure_full_date": "2024-11-13",
                "departure_date_time_jd": "Wed, 13 Nov 2024, 02:11 PM",
                "arrival_date_time": "13 Nov, 03:38 pm",
                "travel_time": "01h 27m",
                "origin_city_name": "akkelpur",
                "destination_city_name": "natore",
                "seat_types": [
                    {
                        "key": 2,
                        "type": "AC_S",
                        "trip_id": 8363420,
                        "trip_route_id": 51047732,
                        "route_id": 21011,
                        "fare": "150.00",
                        "vat_percent": 15,
                        "vat_amount": 23,
                        "seat_counts": {
                            "online": 0,
                            "offline": 0,
                            "is_divided": true
                        }
                    },
                    {
                        "key": 7,
                        "type": "S_CHAIR",
                        "trip_id": 8363421,
                        "trip_route_id": 51047822,
                        "route_id": 21011,
                        "fare": "75.00",
                        "vat_percent": 0,
                        "vat_amount": 0,
                        "seat_counts": {
                            "online": 5,
                            "offline": 5,
                            "is_divided": true
                        }
                    }
                ],
                "train_model": "804",
                "is_open_for_all": true,
                "is_eid_trip": 0,
                "boarding_points": [
                    {
                        "trip_point_id": 106858243,
                        "location_id": 2758,
                        "location_name": "Akkelpur Station",
                        "location_time": "02:11 PM"
                    }
                ],
                "is_international": 0,
                "is_from_city_international": false
            }
        ],
        "selected_seat_class": "S_CHAIR"
    },
    "extra": {
        "hash": "46956DC04F11E6DCE43E06B3F32F866C"
    }
}