{
    "data": {
        "trains": [
            {
                "trip_number": "EKOTA EXPRESS (705)",
                "departure_date_time": "13 Nov, 04:22 pm",
                "departure_full_date": "2024-11-13",
                "departure_date_time_jd": "Wed, 13 Nov 2024, 04:22 PM",
                "arrival_date_time": "13 Nov, 08:15 pm",
                "travel_time": "03h 53m",
                "origin_city_name": "akkelpur",
                "destination_city_name": "thakurgaon_road",
                "seat_types": [
                    {
                        "key": 7,
                        "type": "S_CHAIR",
                        "trip_id": 8363410,
                        "trip_route_id": 51047073,
                        "route_id": 26420,
                        "fare": "205.00",
                        "vat_percent": 0,
                        "vat_amount": 0,
                        "seat_counts": {
                            "online": 3,
                            "offline": 2,
                            "is_divided": true
                        }
                    }
                ],
                "train_model": "705",
                "is_open_for_all": true,
                "is_eid_trip": 0,
                "boarding_points": [
                    {
                        "trip_point_id": 106857861,
                        "location_id": 2758,
                        "location_name": "Akkelpur Station",
                        "location_time": "04:22 PM"
                    }
                ],
                "is_international": 0,
                "is_from_city_international": false
            },
            {
                "trip_number": "BANGLABANDHA EXPRESS (803)",
                "departure_date_time": "13 Nov, 11:52 pm",
                "departure_full_date": "2024-11-13",
                "departure_date_time_jd": "Wed, 13 Nov 2024, 11:52 PM",
                "arrival_date_time": "14 Nov, 03:39 am",
                "travel_time": "03h 47m",
                "origin_city_name": "akkelpur",
                "destination_city_name": "thakurgaon_road",
                "seat_types": [
                    {
                        "key": 1,
                        "type": "AC_B",
                        "trip_id": 8363419,
                        "trip_route_id": 51047660,
                        "route_id": 20892,
                        "fare": "560.00",
                        "vat_percent": 15,
                        "vat_amount": 84,
                        "seat_counts": {
                            "online": 0,
                            "offline": 0,
                            "is_divided": true
                        }
                    },
                    {
                        "key": 7,
                        "type": "S_CHAIR",
                        "trip_id": 8363454,
                        "trip_route_id": 51050386,
                        "route_id": 20892,
                        "fare": "205.00",
                        "vat_percent": 0,
                        "vat_amount": 0,
                        "seat_counts": {
                            "online": 3,
                            "offline": 2,
                            "is_divided": true
                        }
                    }
                ],
                "train_model": "803",
                "is_open_for_all": true,
                "is_eid_trip": 0,
                "boarding_points": [
                    {
                        "trip_point_id": 106858198,
                        "location_id": 2758,
                        "location_name": "Akkelpur Station",
                        "location_time": "11:52 PM"
                    }
                ],
                "is_international": 0,
                "is_from_city_international": false
            }
        ],
        "selected_seat_class": "S_CHAIR"
    },
    "extra": {
        "hash": "46956DC04F11E6DCE43E06B3F32F866C"
    }
}