{
    "data": {
        "trains": [
            {
                "trip_number": "RUPSHA EXPRESS (728)",
                "departure_date_time": "13 Nov, 11:40 am",
                "departure_full_date": "2024-11-13",
                "departure_date_time_jd": "Wed, 13 Nov 2024, 11:40 AM",
                "arrival_date_time": "13 Nov, 05:07 pm",
                "travel_time": "05h 27m",
                "origin_city_name": "akkelpur",
                "destination_city_name": "jashore",
                "seat_types": [
                    {
                        "key": 2,
                        "type": "AC_S",
                        "trip_id": 8363433,
                        "trip_route_id": 51048515,
                        "route_id": 20105,
                        "fare": "680.00",
                        "vat_percent": 15,
                        "vat_amount": 102,
                        "seat_counts": {
                            "online": 0,
                            "offline": 0,
                            "is_divided": true
                        }
                    },
                    {
                        "key": 3,
                        "type": "SNIGDHA",
                        "trip_id": 8363443,
                        "trip_route_id": 51049474,
                        "route_id": 20105,
                        "fare": "565.00",
                        "vat_percent": 15,
                        "vat_amount": 85,
                        "seat_counts": {
                            "online": 0,
                            "offline": 0,
                            "is_divided": true
                        }
                    },
                    {
                        "key": 7,
                        "type": "S_CHAIR",
                        "trip_id": 8363444,
                        "trip_route_id": 51049644,
                        "route_id": 20105,
                        "fare": "340.00",
                        "vat_percent": 0,
                        "vat_amount": 0,
                        "seat_counts": {
                            "online": 3,
                            "offline": 2,
                            "is_divided": true
                        }
                    }
                ],
                "train_model": "728",
                "is_open_for_all": true,
                "is_eid_trip": 0,
                "boarding_points": [
                    {
                        "trip_point_id": 106858550,
                        "location_id": 2758,
                        "location_name": "Akkelpur Station",
                        "location_time": "11:40 AM"
                    }
                ],
                "is_international": 0,
                "is_from_city_international": false
            },
            {
                "trip_number": "SIMANTA EXPRESS (748)",
                "departure_date_time": "13 Nov, 09:48 pm",
                "departure_full_date": "2024-11-13",
                "departure_date_time_jd": "Wed, 13 Nov 2024, 09:48 PM",
                "arrival_date_time": "14 Nov, 02:55 am",
                "travel_time": "05h 07m",
                "origin_city_name": "akkelpur",
                "destination_city_name": "jashore",
                "seat_types": [
                    {
                        "key": 7,
                        "type": "S_CHAIR",
                        "trip_id": 8363405,
                        "trip_route_id": 51046716,
                        "route_id": 20105,
                        "fare": "340.00",
                        "vat_percent": 0,
                        "vat_amount": 0,
                        "seat_counts": {
                            "online": 5,
                            "offline": 4,
                            "is_divided": true
                        }
                    },
                    {
                        "key": 1,
                        "type": "AC_B",
                        "trip_id": 8363431,
                        "trip_route_id": 51048246,
                        "route_id": 20105,
                        "fare": "1015.00",
                        "vat_percent": 15,
                        "vat_amount": 153,
                        "seat_counts": {
                            "online": 0,
                            "offline": 0,
                            "is_divided": true
                        }
                    },
                    {
                        "key": 3,
                        "type": "SNIGDHA",
                        "trip_id": 8363432,
                        "trip_route_id": 51048362,
                        "route_id": 20105,
                        "fare": "565.00",
                        "vat_percent": 15,
                        "vat_amount": 85,
                        "seat_counts": {
                            "online": 0,
                            "offline": 0,
                            "is_divided": true
                        }
                    }
                ],
                "train_model": "748",
                "is_open_for_all": true,
                "is_eid_trip": 0,
                "boarding_points": [
                    {
                        "trip_point_id": 106857697,
                        "location_id": 2758,
                        "location_name": "Akkelpur Station",
                        "location_time": "09:48 PM"
                    }
                ],
                "is_international": 0,
                "is_from_city_international": false
            }
        ],
        "selected_seat_class": "S_CHAIR"
    },
    "extra": {
        "hash": "46956DC04F11E6DCE43E06B3F32F866C"
    }
}