{
    "data": {
        "trains": [
            {
                "trip_number": "CHITRA EXPRESS (764)",
                "departure_date_time": "13 Nov, 01:37 am",
                "departure_full_date": "2024-11-13",
                "departure_date_time_jd": "Wed, 13 Nov 2024, 01:37 AM",
                "arrival_date_time": "13 Nov, 03:03 am",
                "travel_time": "01h 26m",
                "origin_city_name": "alamdanga",
                "destination_city_name": "mubarakganj",
                "seat_types": [
                    {
                        "key": 3,
                        "type": "SNIGDHA",
                        "trip_id": 8363104,
                        "trip_route_id": 51036757,
                        "route_id": 26498,
                        "fare": "140.00",
                        "vat_percent": 15,
                        "vat_amount": 21,
                        "seat_counts": {
                            "online": 2,
                            "offline": 1,
                            "is_divided": true
                        }
                    },
                    {
                        "key": 7,
                        "type": "S_CHAIR",
                        "trip_id": 8363127,
                        "trip_route_id": 51038206,
                        "route_id": 26498,
                        "fare": "85.00",
                        "vat_percent": 0,
                        "vat_amount": 0,
                        "seat_counts": {
                            "online": 3,
                            "offline": 2,
                            "is_divided": true
                        }
                    }
                ],
                "train_model": "764",
                "is_open_for_all": true,
                "is_eid_trip": 0,
                "boarding_points": [
                    {
                        "trip_point_id": 106851950,
                        "location_id": 2788,
                        "location_name": "Alamdanga Station",
                        "location_time": "01:37 AM"
                    }
                ],
                "is_international": 0,
                "is_from_city_international": false
            },
            {
                "trip_number": "SAGARDARI EXPRESS (762)",
                "departure_date_time": "13 Nov, 08:31 am",
                "departure_full_date": "2024-11-13",
                "departure_date_time_jd": "Wed, 13 Nov 2024, 08:31 AM",
                "arrival_date_time": "13 Nov, 10:05 am",
                "travel_time": "01h 34m",
                "origin_city_name": "alamdanga",
                "destination_city_name": "mubarakganj",
                "seat_types": [
                    {
                        "key": 7,
                        "type": "S_CHAIR",
                        "trip_id": 8363452,
                        "trip_route_id": 51050250,
                        "route_id": 21501,
                        "fare": "85.00",
                        "vat_percent": 0,
                        "vat_amount": 0,
                        "seat_counts": {
                            "online": 0,
                            "offline": 0,
                            "is_divided": true
                        }
                    }
                ],
                "train_model": "762",
                "is_open_for_all": true,
                "is_eid_trip": 0,
                "boarding_points": [
                    {
                        "trip_point_id": 106859298,
                        "location_id": 2788,
                        "location_name": "Alamdanga Station",
                        "location_time": "08:31 AM"
                    }
                ],
                "is_international": 0,
                "is_from_city_international": false
            },
            {
                "trip_number": "KAPOTAKSHA EXPRESS (716)",
                "departure_date_time": "13 Nov, 04:54 pm",
                "departure_full_date": "2024-11-13",
                "departure_date_time_jd": "Wed, 13 Nov 2024, 04:54 PM",
                "arrival_date_time": "13 Nov, 06:31 pm",
                "travel_time": "01h 37m",
                "origin_city_name": "alamdanga",
                "destination_city_name": "mubarakganj",
                "seat_types": [
                    {
                        "key": 7,
                        "type": "S_CHAIR",
                        "trip_id": 8363451,
                        "trip_route_id": 51050183,
                        "route_id": 21501,
                        "fare": "85.00",
                        "vat_percent": 0,
                        "vat_amount": 0,
                        "seat_counts": {
                            "online": 0,
                            "offline": 0,
                            "is_divided": true
                        }
                    }
                ],
                "train_model": "716",
                "is_open_for_all": true,
                "is_eid_trip": 0,
                "boarding_points": [
                    {
                        "trip_point_id": 106859268,
                        "location_id": 2788,
                        "location_name": "Alamdanga Station",
                        "location_time": "04:54 PM"
                    }
                ],
                "is_international": 0,
                "is_from_city_international": false
            }
        ],
        "selected_seat_class": "S_CHAIR"
    },
    "extra": {
        "hash": "46956DC04F11E6DCE43E06B3F32F866C"
    }
}