{
    "data": {
        "trains": [
            {
                "trip_number": "KAPOTAKSHA EXPRESS (715)",
                "departure_date_time": "13 Nov, 09:46 am",
                "departure_full_date": "2024-11-13",
                "departure_date_time_jd": "Wed, 13 Nov 2024, 09:46 AM",
                "arrival_date_time": "13 Nov, 10:50 am",
                "travel_time": "01h 04m",
                "origin_city_name": "alamdanga",
                "destination_city_name": "ishwardi",
                "seat_types": [
                    {
                        "key": 7,
                        "type": "S_CHAIR",
                        "trip_id": 8363449,
                        "trip_route_id": 51050048,
                        "route_id": 21439,
                        "fare": "110.00",
                        "vat_percent": 0,
                        "vat_amount": 0,
                        "seat_counts": {
                            "online": 0,
                            "offline": 0,
                            "is_divided": true
                        }
                    }
                ],
                "train_model": "715",
                "is_open_for_all": true,
                "is_eid_trip": 0,
                "boarding_points": [
                    {
                        "trip_point_id": 106859206,
                        "location_id": 2788,
                        "location_name": "Alamdanga Station",
                        "location_time": "09:46 AM"
                    }
                ],
                "is_international": 0,
                "is_from_city_international": false
            },
            {
                "trip_number": "CHITRA EXPRESS (763)",
                "departure_date_time": "13 Nov, 12:12 pm",
                "departure_full_date": "2024-11-13",
                "departure_date_time_jd": "Wed, 13 Nov 2024, 12:12 PM",
                "arrival_date_time": "13 Nov, 01:15 pm",
                "travel_time": "01h 03m",
                "origin_city_name": "alamdanga",
                "destination_city_name": "ishwardi",
                "seat_types": [
                    {
                        "key": 7,
                        "type": "S_CHAIR",
                        "trip_id": 8363437,
                        "trip_route_id": 51048809,
                        "route_id": 25090,
                        "fare": "110.00",
                        "vat_percent": 0,
                        "vat_amount": 0,
                        "seat_counts": {
                            "online": 3,
                            "offline": 3,
                            "is_divided": true
                        }
                    }
                ],
                "train_model": "763",
                "is_open_for_all": true,
                "is_eid_trip": 0,
                "boarding_points": [
                    {
                        "trip_point_id": 106858710,
                        "location_id": 2788,
                        "location_name": "Alamdanga Station",
                        "location_time": "12:12 PM"
                    }
                ],
                "is_international": 0,
                "is_from_city_international": false
            },
            {
                "trip_number": "SAGARDARI EXPRESS (761)",
                "departure_date_time": "13 Nov, 07:06 pm",
                "departure_full_date": "2024-11-13",
                "departure_date_time_jd": "Wed, 13 Nov 2024, 07:06 PM",
                "arrival_date_time": "13 Nov, 08:15 pm",
                "travel_time": "01h 09m",
                "origin_city_name": "alamdanga",
                "destination_city_name": "ishwardi",
                "seat_types": [
                    {
                        "key": 7,
                        "type": "S_CHAIR",
                        "trip_id": 8363450,
                        "trip_route_id": 51050114,
                        "route_id": 21439,
                        "fare": "110.00",
                        "vat_percent": 0,
                        "vat_amount": 0,
                        "seat_counts": {
                            "online": 3,
                            "offline": 2,
                            "is_divided": true
                        }
                    }
                ],
                "train_model": "761",
                "is_open_for_all": true,
                "is_eid_trip": 0,
                "boarding_points": [
                    {
                        "trip_point_id": 106859236,
                        "location_id": 2788,
                        "location_name": "Alamdanga Station",
                        "location_time": "07:06 PM"
                    }
                ],
                "is_international": 0,
                "is_from_city_international": false
            }
        ],
        "selected_seat_class": "S_CHAIR"
    },
    "extra": {
        "hash": "46956DC04F11E6DCE43E06B3F32F866C"
    }
}