{
    "data": {
        "trains": [
            {
                "trip_number": "SIMANTA EXPRESS (747)",
                "departure_date_time": "13 Nov, 12:17 am",
                "departure_full_date": "2024-11-13",
                "departure_date_time_jd": "Wed, 13 Nov 2024, 12:17 AM",
                "arrival_date_time": "13 Nov, 06:45 am",
                "travel_time": "06h 28m",
                "origin_city_name": "alamdanga",
                "destination_city_name": "chilahati",
                "seat_types": [
                    {
                        "key": 3,
                        "type": "SNIGDHA",
                        "trip_id": 8363087,
                        "trip_route_id": 51035456,
                        "route_id": 21308,
                        "fare": "655.00",
                        "vat_percent": 15,
                        "vat_amount": 99,
                        "seat_counts": {
                            "online": 0,
                            "offline": 0,
                            "is_divided": true
                        }
                    },
                    {
                        "key": 7,
                        "type": "S_CHAIR",
                        "trip_id": 8363088,
                        "trip_route_id": 51035581,
                        "route_id": 21308,
                        "fare": "395.00",
                        "vat_percent": 0,
                        "vat_amount": 0,
                        "seat_counts": {
                            "online": 3,
                            "offline": 2,
                            "is_divided": true
                        }
                    }
                ],
                "train_model": "747",
                "is_open_for_all": true,
                "is_eid_trip": 0,
                "boarding_points": [
                    {
                        "trip_point_id": 106851371,
                        "location_id": 2788,
                        "location_name": "Alamdanga Station",
                        "location_time": "12:17 AM"
                    }
                ],
                "is_international": 0,
                "is_from_city_international": false
            },
            {
                "trip_number": "RUPSHA EXPRESS (727)",
                "departure_date_time": "13 Nov, 10:24 am",
                "departure_full_date": "2024-11-13",
                "departure_date_time_jd": "Wed, 13 Nov 2024, 10:24 AM",
                "arrival_date_time": "13 Nov, 05:05 pm",
                "travel_time": "06h 41m",
                "origin_city_name": "alamdanga",
                "destination_city_name": "chilahati",
                "seat_types": [
                    {
                        "key": 2,
                        "type": "AC_S",
                        "trip_id": 8363424,
                        "trip_route_id": 51048101,
                        "route_id": 21308,
                        "fare": "785.00",
                        "vat_percent": 15,
                        "vat_amount": 118,
                        "seat_counts": {
                            "online": 0,
                            "offline": 0,
                            "is_divided": true
                        }
                    },
                    {
                        "key": 3,
                        "type": "SNIGDHA",
                        "trip_id": 8363441,
                        "trip_route_id": 51049160,
                        "route_id": 21308,
                        "fare": "655.00",
                        "vat_percent": 15,
                        "vat_amount": 99,
                        "seat_counts": {
                            "online": 0,
                            "offline": 0,
                            "is_divided": true
                        }
                    },
                    {
                        "key": 7,
                        "type": "S_CHAIR",
                        "trip_id": 8363442,
                        "trip_route_id": 51049313,
                        "route_id": 21308,
                        "fare": "395.00",
                        "vat_percent": 0,
                        "vat_amount": 0,
                        "seat_counts": {
                            "online": 2,
                            "offline": 2,
                            "is_divided": true
                        }
                    }
                ],
                "train_model": "727",
                "is_open_for_all": true,
                "is_eid_trip": 0,
                "boarding_points": [
                    {
                        "trip_point_id": 106858380,
                        "location_id": 2788,
                        "location_name": "Alamdanga Station",
                        "location_time": "10:24 AM"
                    }
                ],
                "is_international": 0,
                "is_from_city_international": false
            }
        ],
        "selected_seat_class": "S_CHAIR"
    },
    "extra": {
        "hash": "46956DC04F11E6DCE43E06B3F32F866C"
    }
}