{
    "data": {
        "trains": [
            {
                "trip_number": "JAYENTIKA EXPRESS (717)",
                "departure_date_time": "13 Nov, 12:56 pm",
                "departure_full_date": "2024-11-13",
                "departure_date_time_jd": "Wed, 13 Nov 2024, 12:56 PM",
                "arrival_date_time": "13 Nov, 07:00 pm",
                "travel_time": "06h 04m",
                "origin_city_name": "ashuganj",
                "destination_city_name": "sylhet",
                "seat_types": [
                    {
                        "key": 3,
                        "type": "SNIGDHA",
                        "trip_id": 8363471,
                        "trip_route_id": 51051007,
                        "route_id": 22314,
                        "fare": "410.00",
                        "vat_percent": 15,
                        "vat_amount": 62,
                        "seat_counts": {
                            "online": 0,
                            "offline": 0,
                            "is_divided": true
                        }
                    },
                    {
                        "key": 7,
                        "type": "S_CHAIR",
                        "trip_id": 8363511,
                        "trip_route_id": 51052046,
                        "route_id": 22314,
                        "fare": "245.00",
                        "vat_percent": 0,
                        "vat_amount": 0,
                        "seat_counts": {
                            "online": 0,
                            "offline": 0,
                            "is_divided": true
                        }
                    },
                    {
                        "key": 2,
                        "type": "AC_S",
                        "trip_id": 8363512,
                        "trip_route_id": 51052081,
                        "route_id": 22314,
                        "fare": "490.00",
                        "vat_percent": 15,
                        "vat_amount": 74,
                        "seat_counts": {
                            "online": 0,
                            "offline": 0,
                            "is_divided": true
                        }
                    }
                ],
                "train_model": "717",
                "is_open_for_all": true,
                "is_eid_trip": 0,
                "boarding_points": [
                    {
                        "trip_point_id": 106859716,
                        "location_id": 2841,
                        "location_name": "Ashuganj Station",
                        "location_time": "12:56 PM"
                    }
                ],
                "is_international": 0,
                "is_from_city_international": false
            }
        ],
        "selected_seat_class": "S_CHAIR"
    },
    "extra": {
        "hash": "46956DC04F11E6DCE43E06B3F32F866C"
    }
}