{
    "data": {
        "trains": [
            {
                "trip_number": "KALNI EXPRESS (774)",
                "departure_date_time": "13 Nov, 10:22 am",
                "departure_full_date": "2024-11-13",
                "departure_date_time_jd": "Wed, 13 Nov 2024, 10:22 AM",
                "arrival_date_time": "13 Nov, 01:00 pm",
                "travel_time": "02h 38m",
                "origin_city_name": "azampur",
                "destination_city_name": "dhaka",
                "seat_types": [
                    {
                        "key": 3,
                        "type": "SNIGDHA",
                        "trip_id": 8363501,
                        "trip_route_id": 51051708,
                        "route_id": 22934,
                        "fare": "285.00",
                        "vat_percent": 15,
                        "vat_amount": 43,
                        "seat_counts": {
                            "online": 0,
                            "offline": 0,
                            "is_divided": true
                        }
                    },
                    {
                        "key": 2,
                        "type": "AC_S",
                        "trip_id": 8363565,
                        "trip_route_id": 51053188,
                        "route_id": 22934,
                        "fare": "345.00",
                        "vat_percent": 15,
                        "vat_amount": 52,
                        "seat_counts": {
                            "online": 0,
                            "offline": 0,
                            "is_divided": true
                        }
                    },
                    {
                        "key": 7,
                        "type": "S_CHAIR",
                        "trip_id": 8363566,
                        "trip_route_id": 51053218,
                        "route_id": 22934,
                        "fare": "175.00",
                        "vat_percent": 0,
                        "vat_amount": 0,
                        "seat_counts": {
                            "online": 0,
                            "offline": 0,
                            "is_divided": true
                        }
                    }
                ],
                "train_model": "774",
                "is_open_for_all": true,
                "is_eid_trip": 0,
                "boarding_points": [
                    {
                        "trip_point_id": 106860221,
                        "location_id": 2839,
                        "location_name": "Azampur Station",
                        "location_time": "10:22 AM"
                    }
                ],
                "is_international": 0,
                "is_from_city_international": false
            },
            {
                "trip_number": "JAYENTIKA EXPRESS (718)",
                "departure_date_time": "13 Nov, 04:48 pm",
                "departure_full_date": "2024-11-13",
                "departure_date_time_jd": "Wed, 13 Nov 2024, 04:48 PM",
                "arrival_date_time": "13 Nov, 07:25 pm",
                "travel_time": "02h 37m",
                "origin_city_name": "azampur",
                "destination_city_name": "dhaka",
                "seat_types": [
                    {
                        "key": 3,
                        "type": "SNIGDHA",
                        "trip_id": 8363472,
                        "trip_route_id": 51051056,
                        "route_id": 22375,
                        "fare": "285.00",
                        "vat_percent": 15,
                        "vat_amount": 43,
                        "seat_counts": {
                            "online": 0,
                            "offline": 0,
                            "is_divided": true
                        }
                    },
                    {
                        "key": 2,
                        "type": "AC_S",
                        "trip_id": 8363513,
                        "trip_route_id": 51052130,
                        "route_id": 22375,
                        "fare": "345.00",
                        "vat_percent": 15,
                        "vat_amount": 52,
                        "seat_counts": {
                            "online": 0,
                            "offline": 0,
                            "is_divided": true
                        }
                    },
                    {
                        "key": 7,
                        "type": "S_CHAIR",
                        "trip_id": 8363591,
                        "trip_route_id": 51054060,
                        "route_id": 22375,
                        "fare": "175.00",
                        "vat_percent": 0,
                        "vat_amount": 0,
                        "seat_counts": {
                            "online": 0,
                            "offline": 0,
                            "is_divided": true
                        }
                    }
                ],
                "train_model": "718",
                "is_open_for_all": true,
                "is_eid_trip": 0,
                "boarding_points": [
                    {
                        "trip_point_id": 106859750,
                        "location_id": 2839,
                        "location_name": "Azampur Station",
                        "location_time": "04:48 PM"
                    }
                ],
                "is_international": 0,
                "is_from_city_international": false
            },
            {
                "trip_number": "PARABAT EXPRESS (710)",
                "departure_date_time": "13 Nov, 07:34 pm",
                "departure_full_date": "2024-11-13",
                "departure_date_time_jd": "Wed, 13 Nov 2024, 07:34 PM",
                "arrival_date_time": "13 Nov, 10:15 pm",
                "travel_time": "02h 41m",
                "origin_city_name": "azampur",
                "destination_city_name": "dhaka",
                "seat_types": [
                    {
                        "key": 3,
                        "type": "SNIGDHA",
                        "trip_id": 8363469,
                        "trip_route_id": 51050950,
                        "route_id": 22185,
                        "fare": "285.00",
                        "vat_percent": 15,
                        "vat_amount": 43,
                        "seat_counts": {
                            "online": 0,
                            "offline": 0,
                            "is_divided": true
                        }
                    },
                    {
                        "key": 7,
                        "type": "S_CHAIR",
                        "trip_id": 8363507,
                        "trip_route_id": 51051907,
                        "route_id": 22185,
                        "fare": "175.00",
                        "vat_percent": 0,
                        "vat_amount": 0,
                        "seat_counts": {
                            "online": 0,
                            "offline": 0,
                            "is_divided": true
                        }
                    },
                    {
                        "key": 5,
                        "type": "F_SEAT",
                        "trip_id": 8363508,
                        "trip_route_id": 51051950,
                        "route_id": 22185,
                        "fare": "230.00",
                        "vat_percent": 15,
                        "vat_amount": 35,
                        "seat_counts": {
                            "online": 0,
                            "offline": 0,
                            "is_divided": true
                        }
                    },
                    {
                        "key": 2,
                        "type": "AC_S",
                        "trip_id": 8363509,
                        "trip_route_id": 51051986,
                        "route_id": 22185,
                        "fare": "345.00",
                        "vat_percent": 15,
                        "vat_amount": 52,
                        "seat_counts": {
                            "online": 0,
                            "offline": 0,
                            "is_divided": true
                        }
                    }
                ],
                "train_model": "710",
                "is_open_for_all": true,
                "is_eid_trip": 0,
                "boarding_points": [
                    {
                        "trip_point_id": 106859679,
                        "location_id": 2839,
                        "location_name": "Azampur Station",
                        "location_time": "07:34 PM"
                    }
                ],
                "is_international": 0,
                "is_from_city_international": false
            }
        ],
        "selected_seat_class": "S_CHAIR"
    },
    "extra": {
        "hash": "46956DC04F11E6DCE43E06B3F32F866C"
    }
}