{
    "data": {
        "trains": [
            {
                "trip_number": "DOLONCHAPA EXPRESS (768)",
                "departure_date_time": "13 Nov, 06:00 am",
                "departure_full_date": "2024-11-13",
                "departure_date_time_jd": "Wed, 13 Nov 2024, 06:00 AM",
                "arrival_date_time": "13 Nov, 08:52 am",
                "travel_time": "02h 52m",
                "origin_city_name": "b sirajul islam",
                "destination_city_name": "chirirbandar",
                "seat_types": [
                    {
                        "key": 7,
                        "type": "S_CHAIR",
                        "trip_id": 8363438,
                        "trip_route_id": 51048872,
                        "route_id": 23610,
                        "fare": "140.00",
                        "vat_percent": 0,
                        "vat_amount": 0,
                        "seat_counts": {
                            "online": 3,
                            "offline": 2,
                            "is_divided": true
                        }
                    },
                    {
                        "key": 8,
                        "type": "SHOVAN",
                        "trip_id": 8363604,
                        "trip_route_id": 51054609,
                        "route_id": 23610,
                        "fare": "120.00",
                        "vat_percent": 0,
                        "vat_amount": 0,
                        "seat_counts": {
                            "online": 10,
                            "offline": 10,
                            "is_divided": true
                        }
                    }
                ],
                "train_model": "768",
                "is_open_for_all": true,
                "is_eid_trip": 0,
                "boarding_points": [
                    {
                        "trip_point_id": 106858749,
                        "location_id": 2730,
                        "location_name": "B Sirajul Islam Station",
                        "location_time": "06:00 AM"
                    }
                ],
                "is_international": 0,
                "is_from_city_international": false
            },
            {
                "trip_number": "DRUTOJAN EXPRESS (758)",
                "departure_date_time": "13 Nov, 07:20 am",
                "departure_full_date": "2024-11-13",
                "departure_date_time_jd": "Wed, 13 Nov 2024, 07:20 AM",
                "arrival_date_time": "13 Nov, 10:02 am",
                "travel_time": "02h 42m",
                "origin_city_name": "b sirajul islam",
                "destination_city_name": "chirirbandar",
                "seat_types": [
                    {
                        "key": 3,
                        "type": "SNIGDHA",
                        "trip_id": 8363436,
                        "trip_route_id": 51048737,
                        "route_id": 19399,
                        "fare": "235.00",
                        "vat_percent": 15,
                        "vat_amount": 36,
                        "seat_counts": {
                            "online": 1,
                            "offline": 1,
                            "is_divided": true
                        }
                    },
                    {
                        "key": 7,
                        "type": "S_CHAIR",
                        "trip_id": 8363447,
                        "trip_route_id": 51049931,
                        "route_id": 19399,
                        "fare": "140.00",
                        "vat_percent": 0,
                        "vat_amount": 0,
                        "seat_counts": {
                            "online": 13,
                            "offline": 12,
                            "is_divided": true
                        }
                    },
                    {
                        "key": 2,
                        "type": "AC_S",
                        "trip_id": 8363448,
                        "trip_route_id": 51049993,
                        "route_id": 19399,
                        "fare": "280.00",
                        "vat_percent": 15,
                        "vat_amount": 42,
                        "seat_counts": {
                            "online": 0,
                            "offline": 0,
                            "is_divided": true
                        }
                    }
                ],
                "train_model": "758",
                "is_open_for_all": true,
                "is_eid_trip": 0,
                "boarding_points": [
                    {
                        "trip_point_id": 106858676,
                        "location_id": 2730,
                        "location_name": "B Sirajul Islam Station",
                        "location_time": "07:20 AM"
                    }
                ],
                "is_international": 0,
                "is_from_city_international": false
            },
            {
                "trip_number": "BANGLABANDHA EXPRESS (804)",
                "departure_date_time": "13 Nov, 09:00 am",
                "departure_full_date": "2024-11-13",
                "departure_date_time_jd": "Wed, 13 Nov 2024, 09:00 AM",
                "arrival_date_time": "13 Nov, 11:33 am",
                "travel_time": "02h 33m",
                "origin_city_name": "b sirajul islam",
                "destination_city_name": "chirirbandar",
                "seat_types": [
                    {
                        "key": 2,
                        "type": "AC_S",
                        "trip_id": 8363420,
                        "trip_route_id": 51047756,
                        "route_id": 20943,
                        "fare": "270.00",
                        "vat_percent": 15,
                        "vat_amount": 41,
                        "seat_counts": {
                            "online": 0,
                            "offline": 0,
                            "is_divided": true
                        }
                    },
                    {
                        "key": 7,
                        "type": "S_CHAIR",
                        "trip_id": 8363421,
                        "trip_route_id": 51047847,
                        "route_id": 20943,
                        "fare": "140.00",
                        "vat_percent": 0,
                        "vat_amount": 0,
                        "seat_counts": {
                            "online": 5,
                            "offline": 5,
                            "is_divided": true
                        }
                    }
                ],
                "train_model": "804",
                "is_open_for_all": true,
                "is_eid_trip": 0,
                "boarding_points": [
                    {
                        "trip_point_id": 106858252,
                        "location_id": 2730,
                        "location_name": "B Sirajul Islam Station",
                        "location_time": "09:00 AM"
                    }
                ],
                "is_international": 0,
                "is_from_city_international": false
            },
            {
                "trip_number": "KANCHON INTERCITY COMMUTER (42)",
                "departure_date_time": "13 Nov, 03:30 pm",
                "departure_full_date": "2024-11-13",
                "departure_date_time_jd": "Wed, 13 Nov 2024, 03:30 PM",
                "arrival_date_time": "13 Nov, 06:33 pm",
                "travel_time": "03h 03m",
                "origin_city_name": "b sirajul islam",
                "destination_city_name": "chirirbandar",
                "seat_types": [
                    {
                        "key": 8,
                        "type": "SHOVAN",
                        "trip_id": 8363689,
                        "trip_route_id": 51055673,
                        "route_id": 26751,
                        "fare": "120.00",
                        "vat_percent": 0,
                        "vat_amount": 0,
                        "seat_counts": {
                            "online": 8,
                            "offline": 7,
                            "is_divided": true
                        }
                    }
                ],
                "train_model": "42",
                "is_open_for_all": true,
                "is_eid_trip": 0,
                "boarding_points": [
                    {
                        "trip_point_id": 106863010,
                        "location_id": 2730,
                        "location_name": "B Sirajul Islam Station",
                        "location_time": "03:30 PM"
                    }
                ],
                "is_international": 0,
                "is_from_city_international": false
            },
            {
                "trip_number": "EKOTA EXPRESS (706)",
                "departure_date_time": "13 Nov, 09:10 pm",
                "departure_full_date": "2024-11-13",
                "departure_date_time_jd": "Wed, 13 Nov 2024, 09:10 PM",
                "arrival_date_time": "13 Nov, 11:30 pm",
                "travel_time": "02h 20m",
                "origin_city_name": "b sirajul islam",
                "destination_city_name": "chirirbandar",
                "seat_types": [
                    {
                        "key": 3,
                        "type": "SNIGDHA",
                        "trip_id": 8363412,
                        "trip_route_id": 51047218,
                        "route_id": 19399,
                        "fare": "235.00",
                        "vat_percent": 15,
                        "vat_amount": 36,
                        "seat_counts": {
                            "online": 1,
                            "offline": 1,
                            "is_divided": true
                        }
                    },
                    {
                        "key": 7,
                        "type": "S_CHAIR",
                        "trip_id": 8363413,
                        "trip_route_id": 51047284,
                        "route_id": 19399,
                        "fare": "140.00",
                        "vat_percent": 0,
                        "vat_amount": 0,
                        "seat_counts": {
                            "online": 13,
                            "offline": 12,
                            "is_divided": true
                        }
                    },
                    {
                        "key": 1,
                        "type": "AC_B",
                        "trip_id": 8363423,
                        "trip_route_id": 51047963,
                        "route_id": 19399,
                        "fare": "415.00",
                        "vat_percent": 15,
                        "vat_amount": 63,
                        "seat_counts": {
                            "online": 0,
                            "offline": 0,
                            "is_divided": true
                        }
                    }
                ],
                "train_model": "706",
                "is_open_for_all": true,
                "is_eid_trip": 0,
                "boarding_points": [
                    {
                        "trip_point_id": 106857957,
                        "location_id": 2730,
                        "location_name": "B Sirajul Islam Station",
                        "location_time": "09:10 PM"
                    }
                ],
                "is_international": 0,
                "is_from_city_international": false
            }
        ],
        "selected_seat_class": "S_CHAIR"
    },
    "extra": {
        "hash": "46956DC04F11E6DCE43E06B3F32F866C"
    }
}