{
    "data": {
        "trains": [
            {
                "trip_number": "DOLONCHAPA EXPRESS (768)",
                "departure_date_time": "13 Nov, 06:00 am",
                "departure_full_date": "2024-11-13",
                "departure_date_time_jd": "Wed, 13 Nov 2024, 06:00 AM",
                "arrival_date_time": "13 Nov, 04:10 pm",
                "travel_time": "10h 10m",
                "origin_city_name": "b sirajul islam",
                "destination_city_name": "santahar",
                "seat_types": [
                    {
                        "key": 7,
                        "type": "S_CHAIR",
                        "trip_id": 8363438,
                        "trip_route_id": 51048875,
                        "route_id": 23603,
                        "fare": "405.00",
                        "vat_percent": 0,
                        "vat_amount": 0,
                        "seat_counts": {
                            "online": 0,
                            "offline": 0,
                            "is_divided": true
                        }
                    },
                    {
                        "key": 8,
                        "type": "SHOVAN",
                        "trip_id": 8363604,
                        "trip_route_id": 51054612,
                        "route_id": 23603,
                        "fare": "340.00",
                        "vat_percent": 0,
                        "vat_amount": 0,
                        "seat_counts": {
                            "online": 0,
                            "offline": 0,
                            "is_divided": true
                        }
                    },
                    {
                        "key": 5,
                        "type": "F_SEAT",
                        "trip_id": 8363606,
                        "trip_route_id": 51054661,
                        "route_id": 23603,
                        "fare": "540.00",
                        "vat_percent": 15,
                        "vat_amount": 81,
                        "seat_counts": {
                            "online": 0,
                            "offline": 0,
                            "is_divided": true
                        }
                    }
                ],
                "train_model": "768",
                "is_open_for_all": true,
                "is_eid_trip": 0,
                "boarding_points": [
                    {
                        "trip_point_id": 106858749,
                        "location_id": 2730,
                        "location_name": "B Sirajul Islam Station",
                        "location_time": "06:00 AM"
                    }
                ],
                "is_international": 0,
                "is_from_city_international": false
            },
            {
                "trip_number": "DRUTOJAN EXPRESS (758)",
                "departure_date_time": "13 Nov, 07:20 am",
                "departure_full_date": "2024-11-13",
                "departure_date_time_jd": "Wed, 13 Nov 2024, 07:20 AM",
                "arrival_date_time": "13 Nov, 12:30 pm",
                "travel_time": "05h 10m",
                "origin_city_name": "b sirajul islam",
                "destination_city_name": "santahar",
                "seat_types": [
                    {
                        "key": 3,
                        "type": "SNIGDHA",
                        "trip_id": 8363436,
                        "trip_route_id": 51048741,
                        "route_id": 19406,
                        "fare": "450.00",
                        "vat_percent": 15,
                        "vat_amount": 68,
                        "seat_counts": {
                            "online": 3,
                            "offline": 3,
                            "is_divided": true
                        }
                    },
                    {
                        "key": 7,
                        "type": "S_CHAIR",
                        "trip_id": 8363447,
                        "trip_route_id": 51049935,
                        "route_id": 19406,
                        "fare": "270.00",
                        "vat_percent": 0,
                        "vat_amount": 0,
                        "seat_counts": {
                            "online": 20,
                            "offline": 20,
                            "is_divided": true
                        }
                    },
                    {
                        "key": 2,
                        "type": "AC_S",
                        "trip_id": 8363448,
                        "trip_route_id": 51049997,
                        "route_id": 19406,
                        "fare": "540.00",
                        "vat_percent": 15,
                        "vat_amount": 81,
                        "seat_counts": {
                            "online": 2,
                            "offline": 2,
                            "is_divided": true
                        }
                    }
                ],
                "train_model": "758",
                "is_open_for_all": true,
                "is_eid_trip": 0,
                "boarding_points": [
                    {
                        "trip_point_id": 106858676,
                        "location_id": 2730,
                        "location_name": "B Sirajul Islam Station",
                        "location_time": "07:20 AM"
                    }
                ],
                "is_international": 0,
                "is_from_city_international": false
            },
            {
                "trip_number": "BANGLABANDHA EXPRESS (804)",
                "departure_date_time": "13 Nov, 09:00 am",
                "departure_full_date": "2024-11-13",
                "departure_date_time_jd": "Wed, 13 Nov 2024, 09:00 AM",
                "arrival_date_time": "13 Nov, 02:30 pm",
                "travel_time": "05h 30m",
                "origin_city_name": "b sirajul islam",
                "destination_city_name": "santahar",
                "seat_types": [
                    {
                        "key": 2,
                        "type": "AC_S",
                        "trip_id": 8363420,
                        "trip_route_id": 51047760,
                        "route_id": 20950,
                        "fare": "540.00",
                        "vat_percent": 15,
                        "vat_amount": 81,
                        "seat_counts": {
                            "online": 2,
                            "offline": 2,
                            "is_divided": true
                        }
                    },
                    {
                        "key": 7,
                        "type": "S_CHAIR",
                        "trip_id": 8363421,
                        "trip_route_id": 51047851,
                        "route_id": 20950,
                        "fare": "270.00",
                        "vat_percent": 0,
                        "vat_amount": 0,
                        "seat_counts": {
                            "online": 10,
                            "offline": 10,
                            "is_divided": true
                        }
                    }
                ],
                "train_model": "804",
                "is_open_for_all": true,
                "is_eid_trip": 0,
                "boarding_points": [
                    {
                        "trip_point_id": 106858252,
                        "location_id": 2730,
                        "location_name": "B Sirajul Islam Station",
                        "location_time": "09:00 AM"
                    }
                ],
                "is_international": 0,
                "is_from_city_international": false
            },
            {
                "trip_number": "PANCHAGARH EXPRESS (794)",
                "departure_date_time": "13 Nov, 12:20 pm",
                "departure_full_date": "2024-11-13",
                "departure_date_time_jd": "Wed, 13 Nov 2024, 12:20 PM",
                "arrival_date_time": "13 Nov, 04:50 pm",
                "travel_time": "04h 30m",
                "origin_city_name": "b sirajul islam",
                "destination_city_name": "santahar",
                "seat_types": [
                    {
                        "key": 2,
                        "type": "AC_S",
                        "trip_id": 8363393,
                        "trip_route_id": 51045941,
                        "route_id": 19406,
                        "fare": "540.00",
                        "vat_percent": 15,
                        "vat_amount": 81,
                        "seat_counts": {
                            "online": 0,
                            "offline": 0,
                            "is_divided": true
                        }
                    },
                    {
                        "key": 7,
                        "type": "S_CHAIR",
                        "trip_id": 8363394,
                        "trip_route_id": 51045977,
                        "route_id": 19406,
                        "fare": "270.00",
                        "vat_percent": 0,
                        "vat_amount": 0,
                        "seat_counts": {
                            "online": 20,
                            "offline": 20,
                            "is_divided": true
                        }
                    },
                    {
                        "key": 3,
                        "type": "SNIGDHA",
                        "trip_id": 8363395,
                        "trip_route_id": 51046001,
                        "route_id": 19406,
                        "fare": "450.00",
                        "vat_percent": 15,
                        "vat_amount": 68,
                        "seat_counts": {
                            "online": 2,
                            "offline": 1,
                            "is_divided": true
                        }
                    }
                ],
                "train_model": "794",
                "is_open_for_all": true,
                "is_eid_trip": 0,
                "boarding_points": [
                    {
                        "trip_point_id": 106857300,
                        "location_id": 2730,
                        "location_name": "B Sirajul Islam Station",
                        "location_time": "12:20 PM"
                    }
                ],
                "is_international": 0,
                "is_from_city_international": false
            },
            {
                "trip_number": "EKOTA EXPRESS (706)",
                "departure_date_time": "13 Nov, 09:10 pm",
                "departure_full_date": "2024-11-13",
                "departure_date_time_jd": "Wed, 13 Nov 2024, 09:10 PM",
                "arrival_date_time": "14 Nov, 02:15 am",
                "travel_time": "05h 05m",
                "origin_city_name": "b sirajul islam",
                "destination_city_name": "santahar",
                "seat_types": [
                    {
                        "key": 3,
                        "type": "SNIGDHA",
                        "trip_id": 8363412,
                        "trip_route_id": 51047223,
                        "route_id": 19406,
                        "fare": "450.00",
                        "vat_percent": 15,
                        "vat_amount": 68,
                        "seat_counts": {
                            "online": 3,
                            "offline": 2,
                            "is_divided": true
                        }
                    },
                    {
                        "key": 7,
                        "type": "S_CHAIR",
                        "trip_id": 8363413,
                        "trip_route_id": 51047289,
                        "route_id": 19406,
                        "fare": "270.00",
                        "vat_percent": 0,
                        "vat_amount": 0,
                        "seat_counts": {
                            "online": 3,
                            "offline": 2,
                            "is_divided": true
                        }
                    },
                    {
                        "key": 1,
                        "type": "AC_B",
                        "trip_id": 8363423,
                        "trip_route_id": 51047968,
                        "route_id": 19406,
                        "fare": "805.00",
                        "vat_percent": 15,
                        "vat_amount": 121,
                        "seat_counts": {
                            "online": 0,
                            "offline": 0,
                            "is_divided": true
                        }
                    }
                ],
                "train_model": "706",
                "is_open_for_all": true,
                "is_eid_trip": 0,
                "boarding_points": [
                    {
                        "trip_point_id": 106857957,
                        "location_id": 2730,
                        "location_name": "B Sirajul Islam Station",
                        "location_time": "09:10 PM"
                    }
                ],
                "is_international": 0,
                "is_from_city_international": false
            }
        ],
        "selected_seat_class": "S_CHAIR"
    },
    "extra": {
        "hash": "46956DC04F11E6DCE43E06B3F32F866C"
    }
}