{
    "data": {
        "trains": [
            {
                "trip_number": "KANCHON INTERCITY COMMUTER (42)",
                "departure_date_time": "13 Nov, 03:30 pm",
                "departure_full_date": "2024-11-13",
                "departure_date_time_jd": "Wed, 13 Nov 2024, 03:30 PM",
                "arrival_date_time": "13 Nov, 04:12 pm",
                "travel_time": "00h 42m",
                "origin_city_name": "b sirajul islam",
                "destination_city_name": "akhanagar",
                "seat_types": [
                    {
                        "key": 8,
                        "type": "SHOVAN",
                        "trip_id": 8363689,
                        "trip_route_id": 51055686,
                        "route_id": 26740,
                        "fare": "45.00",
                        "vat_percent": 0,
                        "vat_amount": 0,
                        "seat_counts": {
                            "online": 1,
                            "offline": 1,
                            "is_divided": true
                        }
                    }
                ],
                "train_model": "42",
                "is_open_for_all": true,
                "is_eid_trip": 0,
                "boarding_points": [
                    {
                        "trip_point_id": 106863010,
                        "location_id": 2730,
                        "location_name": "B Sirajul Islam Station",
                        "location_time": "03:30 PM"
                    }
                ],
                "is_international": 0,
                "is_from_city_international": false
            }
        ],
        "selected_seat_class": "S_CHAIR"
    },
    "extra": {
        "hash": "46956DC04F11E6DCE43E06B3F32F866C"
    }
}