{
    "data": {
        "trains": [
            {
                "trip_number": "BANGLABANDHA EXPRESS (804)",
                "departure_date_time": "13 Nov, 09:00 am",
                "departure_full_date": "2024-11-13",
                "departure_date_time_jd": "Wed, 13 Nov 2024, 09:00 AM",
                "arrival_date_time": "13 Nov, 03:14 pm",
                "travel_time": "06h 14m",
                "origin_city_name": "b sirajul islam",
                "destination_city_name": "madhnagar",
                "seat_types": [
                    {
                        "key": 2,
                        "type": "AC_S",
                        "trip_id": 8363420,
                        "trip_route_id": 51047771,
                        "route_id": 20952,
                        "fare": "535.00",
                        "vat_percent": 15,
                        "vat_amount": 81,
                        "seat_counts": {
                            "online": 0,
                            "offline": 0,
                            "is_divided": true
                        }
                    },
                    {
                        "key": 7,
                        "type": "S_CHAIR",
                        "trip_id": 8363421,
                        "trip_route_id": 51047862,
                        "route_id": 20952,
                        "fare": "305.00",
                        "vat_percent": 0,
                        "vat_amount": 0,
                        "seat_counts": {
                            "online": 5,
                            "offline": 5,
                            "is_divided": true
                        }
                    }
                ],
                "train_model": "804",
                "is_open_for_all": true,
                "is_eid_trip": 0,
                "boarding_points": [
                    {
                        "trip_point_id": 106858252,
                        "location_id": 2730,
                        "location_name": "B Sirajul Islam Station",
                        "location_time": "09:00 AM"
                    }
                ],
                "is_international": 0,
                "is_from_city_international": false
            }
        ],
        "selected_seat_class": "S_CHAIR"
    },
    "extra": {
        "hash": "46956DC04F11E6DCE43E06B3F32F866C"
    }
}