{
    "data": {
        "trains": [
            {
                "trip_number": "HAWR EXPRESS (777)",
                "departure_date_time": "13 Nov, 02:53 am",
                "departure_full_date": "2024-11-13",
                "departure_date_time_jd": "Wed, 13 Nov 2024, 02:53 AM",
                "arrival_date_time": "13 Nov, 04:00 am",
                "travel_time": "01h 07m",
                "origin_city_name": "barhatta",
                "destination_city_name": "mohanganj",
                "seat_types": [
                    {
                        "key": 7,
                        "type": "S_CHAIR",
                        "trip_id": 8363271,
                        "trip_route_id": 51043128,
                        "route_id": 23167,
                        "fare": "50.00",
                        "vat_percent": 0,
                        "vat_amount": 0,
                        "seat_counts": {
                            "online": 5,
                            "offline": 5,
                            "is_divided": true
                        }
                    },
                    {
                        "key": 8,
                        "type": "SHOVAN",
                        "trip_id": 8363272,
                        "trip_route_id": 51043167,
                        "route_id": 23167,
                        "fare": "45.00",
                        "vat_percent": 0,
                        "vat_amount": 0,
                        "seat_counts": {
                            "online": 33,
                            "offline": 32,
                            "is_divided": true
                        }
                    }
                ],
                "train_model": "777",
                "is_open_for_all": true,
                "is_eid_trip": 0,
                "boarding_points": [
                    {
                        "trip_point_id": 106855456,
                        "location_id": 2870,
                        "location_name": "Barhatta Station",
                        "location_time": "02:53 AM"
                    }
                ],
                "is_international": 0,
                "is_from_city_international": false
            },
            {
                "trip_number": "MOHONGANJ EXPRESS (789)",
                "departure_date_time": "13 Nov, 05:27 pm",
                "departure_full_date": "2024-11-13",
                "departure_date_time_jd": "Wed, 13 Nov 2024, 05:27 PM",
                "arrival_date_time": "13 Nov, 06:20 pm",
                "travel_time": "00h 53m",
                "origin_city_name": "barhatta",
                "destination_city_name": "mohanganj",
                "seat_types": [
                    {
                        "key": 7,
                        "type": "S_CHAIR",
                        "trip_id": 8363563,
                        "trip_route_id": 51053150,
                        "route_id": 23065,
                        "fare": "50.00",
                        "vat_percent": 0,
                        "vat_amount": 0,
                        "seat_counts": {
                            "online": 15,
                            "offline": 15,
                            "is_divided": true
                        }
                    }
                ],
                "train_model": "789",
                "is_open_for_all": true,
                "is_eid_trip": 0,
                "boarding_points": [
                    {
                        "trip_point_id": 106861278,
                        "location_id": 2870,
                        "location_name": "Barhatta Station",
                        "location_time": "05:27 PM"
                    }
                ],
                "is_international": 0,
                "is_from_city_international": false
            }
        ],
        "selected_seat_class": "S_CHAIR"
    },
    "extra": {
        "hash": "46956DC04F11E6DCE43E06B3F32F866C"
    }
}