{
    "data": {
        "trains": [
            {
                "trip_number": "HAWR EXPRESS (778)",
                "departure_date_time": "13 Nov, 08:16 am",
                "departure_full_date": "2024-11-13",
                "departure_date_time_jd": "Wed, 13 Nov 2024, 08:16 AM",
                "arrival_date_time": "13 Nov, 01:40 pm",
                "travel_time": "05h 24m",
                "origin_city_name": "barhatta",
                "destination_city_name": "dhaka",
                "seat_types": [
                    {
                        "key": 7,
                        "type": "S_CHAIR",
                        "trip_id": 8363584,
                        "trip_route_id": 51053781,
                        "route_id": 23184,
                        "fare": "250.00",
                        "vat_percent": 0,
                        "vat_amount": 0,
                        "seat_counts": {
                            "online": 0,
                            "offline": 0,
                            "is_divided": true
                        }
                    },
                    {
                        "key": 8,
                        "type": "SHOVAN",
                        "trip_id": 8363585,
                        "trip_route_id": 51053826,
                        "route_id": 23184,
                        "fare": "205.00",
                        "vat_percent": 0,
                        "vat_amount": 0,
                        "seat_counts": {
                            "online": 0,
                            "offline": 0,
                            "is_divided": true
                        }
                    },
                    {
                        "key": 5,
                        "type": "F_SEAT",
                        "trip_id": 8363596,
                        "trip_route_id": 51054265,
                        "route_id": 23184,
                        "fare": "330.00",
                        "vat_percent": 15,
                        "vat_amount": 50,
                        "seat_counts": {
                            "online": 0,
                            "offline": 0,
                            "is_divided": true
                        }
                    }
                ],
                "train_model": "778",
                "is_open_for_all": true,
                "is_eid_trip": 0,
                "boarding_points": [
                    {
                        "trip_point_id": 106861683,
                        "location_id": 2870,
                        "location_name": "Barhatta Station",
                        "location_time": "08:16 AM"
                    }
                ],
                "is_international": 0,
                "is_from_city_international": false
            },
            {
                "trip_number": "MOHONGANJ EXPRESS (790)",
                "departure_date_time": "13 Nov, 11:19 pm",
                "departure_full_date": "2024-11-13",
                "departure_date_time_jd": "Wed, 13 Nov 2024, 11:19 PM",
                "arrival_date_time": "14 Nov, 04:15 am",
                "travel_time": "04h 56m",
                "origin_city_name": "barhatta",
                "destination_city_name": "dhaka",
                "seat_types": [
                    {
                        "key": 7,
                        "type": "S_CHAIR",
                        "trip_id": 8363587,
                        "trip_route_id": 51053890,
                        "route_id": 23074,
                        "fare": "250.00",
                        "vat_percent": 0,
                        "vat_amount": 0,
                        "seat_counts": {
                            "online": 21,
                            "offline": 20,
                            "is_divided": true
                        }
                    }
                ],
                "train_model": "790",
                "is_open_for_all": true,
                "is_eid_trip": 0,
                "boarding_points": [
                    {
                        "trip_point_id": 106861749,
                        "location_id": 2870,
                        "location_name": "Barhatta Station",
                        "location_time": "11:19 PM"
                    }
                ],
                "is_international": 0,
                "is_from_city_international": false
            }
        ],
        "selected_seat_class": "S_CHAIR"
    },
    "extra": {
        "hash": "46956DC04F11E6DCE43E06B3F32F866C"
    }
}