{
    "data": {
        "trains": [
            {
                "trip_number": "HAWR EXPRESS (778)",
                "departure_date_time": "13 Nov, 08:16 am",
                "departure_full_date": "2024-11-13",
                "departure_date_time_jd": "Wed, 13 Nov 2024, 08:16 AM",
                "arrival_date_time": "13 Nov, 10:05 am",
                "travel_time": "01h 49m",
                "origin_city_name": "barhatta",
                "destination_city_name": "mymensingh",
                "seat_types": [
                    {
                        "key": 7,
                        "type": "S_CHAIR",
                        "trip_id": 8363584,
                        "trip_route_id": 51053782,
                        "route_id": 23180,
                        "fare": "105.00",
                        "vat_percent": 0,
                        "vat_amount": 0,
                        "seat_counts": {
                            "online": 0,
                            "offline": 0,
                            "is_divided": true
                        }
                    },
                    {
                        "key": 8,
                        "type": "SHOVAN",
                        "trip_id": 8363585,
                        "trip_route_id": 51053827,
                        "route_id": 23180,
                        "fare": "85.00",
                        "vat_percent": 0,
                        "vat_amount": 0,
                        "seat_counts": {
                            "online": 0,
                            "offline": 0,
                            "is_divided": true
                        }
                    }
                ],
                "train_model": "778",
                "is_open_for_all": true,
                "is_eid_trip": 0,
                "boarding_points": [
                    {
                        "trip_point_id": 106861683,
                        "location_id": 2870,
                        "location_name": "Barhatta Station",
                        "location_time": "08:16 AM"
                    }
                ],
                "is_international": 0,
                "is_from_city_international": false
            }
        ],
        "selected_seat_class": "S_CHAIR"
    },
    "extra": {
        "hash": "46956DC04F11E6DCE43E06B3F32F866C"
    }
}