{
    "data": {
        "trains": [
            {
                "trip_number": "LALMONI EXPRESS (751)",
                "departure_date_time": "13 Nov, 12:05 am",
                "departure_full_date": "2024-11-13",
                "departure_date_time_jd": "Wed, 13 Nov 2024, 12:05 AM",
                "arrival_date_time": "13 Nov, 07:30 am",
                "travel_time": "07h 25m",
                "origin_city_name": "bbsetu_e",
                "destination_city_name": "lalmonirhat",
                "seat_types": [
                    {
                        "key": 1,
                        "type": "AC_B",
                        "trip_id": 8363074,
                        "trip_route_id": 51034836,
                        "route_id": 19637,
                        "fare": "1480.00",
                        "vat_percent": 15,
                        "vat_amount": 222,
                        "seat_counts": {
                            "online": 0,
                            "offline": 0,
                            "is_divided": true
                        }
                    },
                    {
                        "key": 3,
                        "type": "SNIGDHA",
                        "trip_id": 8363075,
                        "trip_route_id": 51034871,
                        "route_id": 19637,
                        "fare": "825.00",
                        "vat_percent": 15,
                        "vat_amount": 124,
                        "seat_counts": {
                            "online": 0,
                            "offline": 0,
                            "is_divided": true
                        }
                    },
                    {
                        "key": 7,
                        "type": "S_CHAIR",
                        "trip_id": 8363076,
                        "trip_route_id": 51034920,
                        "route_id": 19637,
                        "fare": "495.00",
                        "vat_percent": 0,
                        "vat_amount": 0,
                        "seat_counts": {
                            "online": 3,
                            "offline": 2,
                            "is_divided": true
                        }
                    }
                ],
                "train_model": "751",
                "is_open_for_all": true,
                "is_eid_trip": 0,
                "boarding_points": [
                    {
                        "trip_point_id": 106850971,
                        "location_id": 2704,
                        "location_name": "BBSetu_E Station",
                        "location_time": "12:05 AM"
                    }
                ],
                "is_international": 0,
                "is_from_city_international": false
            }
        ],
        "selected_seat_class": "S_CHAIR"
    },
    "extra": {
        "hash": "46956DC04F11E6DCE43E06B3F32F866C"
    }
}