{
    "data": {
        "trains": [
            {
                "trip_number": "EKOTA EXPRESS (705)",
                "departure_date_time": "13 Nov, 12:34 pm",
                "departure_full_date": "2024-11-13",
                "departure_date_time_jd": "Wed, 13 Nov 2024, 12:34 PM",
                "arrival_date_time": "13 Nov, 07:00 pm",
                "travel_time": "06h 26m",
                "origin_city_name": "bbsetu_e",
                "destination_city_name": "dinajpur",
                "seat_types": [
                    {
                        "key": 3,
                        "type": "SNIGDHA",
                        "trip_id": 8363409,
                        "trip_route_id": 51046985,
                        "route_id": 19343,
                        "fare": "730.00",
                        "vat_percent": 15,
                        "vat_amount": 110,
                        "seat_counts": {
                            "online": 0,
                            "offline": 0,
                            "is_divided": true
                        }
                    },
                    {
                        "key": 2,
                        "type": "AC_S",
                        "trip_id": 8363411,
                        "trip_route_id": 51047170,
                        "route_id": 19343,
                        "fare": "875.00",
                        "vat_percent": 15,
                        "vat_amount": 132,
                        "seat_counts": {
                            "online": 0,
                            "offline": 0,
                            "is_divided": true
                        }
                    }
                ],
                "train_model": "705",
                "is_open_for_all": true,
                "is_eid_trip": 0,
                "boarding_points": [
                    {
                        "trip_point_id": 106857820,
                        "location_id": 2704,
                        "location_name": "BBSetu_E Station",
                        "location_time": "12:34 PM"
                    }
                ],
                "is_international": 0,
                "is_from_city_international": false
            },
            {
                "trip_number": "EKOTA EXPRESS (705)",
                "departure_date_time": "13 Nov, 12:38 pm",
                "departure_full_date": "2024-11-13",
                "departure_date_time_jd": "Wed, 13 Nov 2024, 12:38 PM",
                "arrival_date_time": "13 Nov, 07:00 pm",
                "travel_time": "06h 22m",
                "origin_city_name": "bbsetu_e",
                "destination_city_name": "dinajpur",
                "seat_types": [
                    {
                        "key": 7,
                        "type": "S_CHAIR",
                        "trip_id": 8363410,
                        "trip_route_id": 51047083,
                        "route_id": 19343,
                        "fare": "440.00",
                        "vat_percent": 0,
                        "vat_amount": 0,
                        "seat_counts": {
                            "online": 3,
                            "offline": 2,
                            "is_divided": true
                        }
                    }
                ],
                "train_model": "705",
                "is_open_for_all": true,
                "is_eid_trip": 0,
                "boarding_points": [
                    {
                        "trip_point_id": 106857866,
                        "location_id": 2704,
                        "location_name": "BBSetu_E Station",
                        "location_time": "12:34 PM"
                    }
                ],
                "is_international": 0,
                "is_from_city_international": false
            },
            {
                "trip_number": "DRUTOJAN EXPRESS (757)",
                "departure_date_time": "13 Nov, 10:35 pm",
                "departure_full_date": "2024-11-13",
                "departure_date_time_jd": "Wed, 13 Nov 2024, 10:35 PM",
                "arrival_date_time": "14 Nov, 04:20 am",
                "travel_time": "05h 45m",
                "origin_city_name": "bbsetu_e",
                "destination_city_name": "dinajpur",
                "seat_types": [
                    {
                        "key": 3,
                        "type": "SNIGDHA",
                        "trip_id": 8363435,
                        "trip_route_id": 51048679,
                        "route_id": 19343,
                        "fare": "730.00",
                        "vat_percent": 15,
                        "vat_amount": 110,
                        "seat_counts": {
                            "online": 0,
                            "offline": 0,
                            "is_divided": true
                        }
                    },
                    {
                        "key": 7,
                        "type": "S_CHAIR",
                        "trip_id": 8363445,
                        "trip_route_id": 51049766,
                        "route_id": 19343,
                        "fare": "440.00",
                        "vat_percent": 0,
                        "vat_amount": 0,
                        "seat_counts": {
                            "online": 0,
                            "offline": 0,
                            "is_divided": true
                        }
                    }
                ],
                "train_model": "757",
                "is_open_for_all": true,
                "is_eid_trip": 0,
                "boarding_points": [
                    {
                        "trip_point_id": 106858632,
                        "location_id": 2704,
                        "location_name": "BBSetu_E Station",
                        "location_time": "10:35 PM"
                    }
                ],
                "is_international": 0,
                "is_from_city_international": false
            }
        ],
        "selected_seat_class": "S_CHAIR"
    },
    "extra": {
        "hash": "46956DC04F11E6DCE43E06B3F32F866C"
    }
}