{
    "data": {
        "trains": [
            {
                "trip_number": "MADHUMATI EXPRESS (755)",
                "departure_date_time": "13 Nov, 04:37 pm",
                "departure_full_date": "2024-11-13",
                "departure_date_time_jd": "Wed, 13 Nov 2024, 04:37 PM",
                "arrival_date_time": "13 Nov, 09:10 pm",
                "travel_time": "04h 33m",
                "origin_city_name": "bhanga",
                "destination_city_name": "ishwardi",
                "seat_types": [
                    {
                        "key": 7,
                        "type": "S_CHAIR",
                        "trip_id": 8363644,
                        "trip_route_id": 51055089,
                        "route_id": 25785,
                        "fare": "250.00",
                        "vat_percent": 0,
                        "vat_amount": 0,
                        "seat_counts": {
                            "online": 0,
                            "offline": 0,
                            "is_divided": true
                        }
                    }
                ],
                "train_model": "755",
                "is_open_for_all": true,
                "is_eid_trip": 0,
                "boarding_points": [
                    {
                        "trip_point_id": 106862478,
                        "location_id": 2752,
                        "location_name": "Bhanga Station",
                        "location_time": "04:37 PM"
                    }
                ],
                "is_international": 0,
                "is_from_city_international": false
            }
        ],
        "selected_seat_class": "S_CHAIR"
    },
    "extra": {
        "hash": "46956DC04F11E6DCE43E06B3F32F866C"
    }
}