{
    "data": {
        "trains": [
            {
                "trip_number": "UPABAN EXPRESS (740)",
                "departure_date_time": "13 Nov, 01:22 am",
                "departure_full_date": "2024-11-13",
                "departure_date_time_jd": "Wed, 13 Nov 2024, 01:22 AM",
                "arrival_date_time": "13 Nov, 05:12 am",
                "travel_time": "03h 50m",
                "origin_city_name": "bhanugach",
                "destination_city_name": "biman_bandar",
                "seat_types": [
                    {
                        "key": 3,
                        "type": "SNIGDHA",
                        "trip_id": 8363176,
                        "trip_route_id": 51040883,
                        "route_id": 22806,
                        "fare": "475.00",
                        "vat_percent": 15,
                        "vat_amount": 72,
                        "seat_counts": {
                            "online": 0,
                            "offline": 0,
                            "is_divided": true
                        }
                    },
                    {
                        "key": 1,
                        "type": "AC_B",
                        "trip_id": 8363224,
                        "trip_route_id": 51042130,
                        "route_id": 22806,
                        "fare": "850.00",
                        "vat_percent": 15,
                        "vat_amount": 128,
                        "seat_counts": {
                            "online": 0,
                            "offline": 0,
                            "is_divided": true
                        }
                    },
                    {
                        "key": 7,
                        "type": "S_CHAIR",
                        "trip_id": 8363225,
                        "trip_route_id": 51042152,
                        "route_id": 22806,
                        "fare": "285.00",
                        "vat_percent": 0,
                        "vat_amount": 0,
                        "seat_counts": {
                            "online": 0,
                            "offline": 0,
                            "is_divided": true
                        }
                    }
                ],
                "train_model": "740",
                "is_open_for_all": true,
                "is_eid_trip": 0,
                "boarding_points": [
                    {
                        "trip_point_id": 106853866,
                        "location_id": 2837,
                        "location_name": "Bhanugach Station",
                        "location_time": "01:22 AM"
                    }
                ],
                "is_international": 0,
                "is_from_city_international": false
            },
            {
                "trip_number": "JAYENTIKA EXPRESS (718)",
                "departure_date_time": "13 Nov, 02:21 pm",
                "departure_full_date": "2024-11-13",
                "departure_date_time_jd": "Wed, 13 Nov 2024, 02:21 PM",
                "arrival_date_time": "13 Nov, 06:47 pm",
                "travel_time": "04h 26m",
                "origin_city_name": "bhanugach",
                "destination_city_name": "biman_bandar",
                "seat_types": [
                    {
                        "key": 3,
                        "type": "SNIGDHA",
                        "trip_id": 8363472,
                        "trip_route_id": 51051062,
                        "route_id": 22353,
                        "fare": "475.00",
                        "vat_percent": 15,
                        "vat_amount": 72,
                        "seat_counts": {
                            "online": 0,
                            "offline": 0,
                            "is_divided": true
                        }
                    },
                    {
                        "key": 2,
                        "type": "AC_S",
                        "trip_id": 8363513,
                        "trip_route_id": 51052136,
                        "route_id": 22353,
                        "fare": "570.00",
                        "vat_percent": 15,
                        "vat_amount": 86,
                        "seat_counts": {
                            "online": 0,
                            "offline": 0,
                            "is_divided": true
                        }
                    },
                    {
                        "key": 7,
                        "type": "S_CHAIR",
                        "trip_id": 8363591,
                        "trip_route_id": 51054066,
                        "route_id": 22353,
                        "fare": "285.00",
                        "vat_percent": 0,
                        "vat_amount": 0,
                        "seat_counts": {
                            "online": 0,
                            "offline": 0,
                            "is_divided": true
                        }
                    }
                ],
                "train_model": "718",
                "is_open_for_all": true,
                "is_eid_trip": 0,
                "boarding_points": [
                    {
                        "trip_point_id": 106859752,
                        "location_id": 2837,
                        "location_name": "Bhanugach Station",
                        "location_time": "02:21 PM"
                    }
                ],
                "is_international": 0,
                "is_from_city_international": false
            },
            {
                "trip_number": "PARABAT EXPRESS (710)",
                "departure_date_time": "13 Nov, 05:19 pm",
                "departure_full_date": "2024-11-13",
                "departure_date_time_jd": "Wed, 13 Nov 2024, 05:19 PM",
                "arrival_date_time": "13 Nov, 09:35 pm",
                "travel_time": "04h 16m",
                "origin_city_name": "bhanugach",
                "destination_city_name": "biman_bandar",
                "seat_types": [
                    {
                        "key": 3,
                        "type": "SNIGDHA",
                        "trip_id": 8363469,
                        "trip_route_id": 51050955,
                        "route_id": 22174,
                        "fare": "475.00",
                        "vat_percent": 15,
                        "vat_amount": 72,
                        "seat_counts": {
                            "online": 0,
                            "offline": 0,
                            "is_divided": true
                        }
                    },
                    {
                        "key": 7,
                        "type": "S_CHAIR",
                        "trip_id": 8363507,
                        "trip_route_id": 51051912,
                        "route_id": 22174,
                        "fare": "285.00",
                        "vat_percent": 0,
                        "vat_amount": 0,
                        "seat_counts": {
                            "online": 0,
                            "offline": 0,
                            "is_divided": true
                        }
                    },
                    {
                        "key": 5,
                        "type": "F_SEAT",
                        "trip_id": 8363508,
                        "trip_route_id": 51051955,
                        "route_id": 22174,
                        "fare": "380.00",
                        "vat_percent": 15,
                        "vat_amount": 57,
                        "seat_counts": {
                            "online": 0,
                            "offline": 0,
                            "is_divided": true
                        }
                    },
                    {
                        "key": 2,
                        "type": "AC_S",
                        "trip_id": 8363509,
                        "trip_route_id": 51051991,
                        "route_id": 22174,
                        "fare": "570.00",
                        "vat_percent": 15,
                        "vat_amount": 86,
                        "seat_counts": {
                            "online": 0,
                            "offline": 0,
                            "is_divided": true
                        }
                    }
                ],
                "train_model": "710",
                "is_open_for_all": true,
                "is_eid_trip": 0,
                "boarding_points": [
                    {
                        "trip_point_id": 106859681,
                        "location_id": 2837,
                        "location_name": "Bhanugach Station",
                        "location_time": "05:19 PM"
                    }
                ],
                "is_international": 0,
                "is_from_city_international": false
            }
        ],
        "selected_seat_class": "S_CHAIR"
    },
    "extra": {
        "hash": "46956DC04F11E6DCE43E06B3F32F866C"
    }
}