{
    "data": {
        "trains": [
            {
                "trip_number": "DHUMKETU EXPRESS (769)",
                "departure_date_time": "13 Nov, 06:28 am",
                "departure_full_date": "2024-11-13",
                "departure_date_time_jd": "Wed, 13 Nov 2024, 06:28 AM",
                "arrival_date_time": "13 Nov, 10:23 am",
                "travel_time": "03h 55m",
                "origin_city_name": "biman_bandar",
                "destination_city_name": "ishwardi bypass",
                "seat_types": [
                    {
                        "key": 7,
                        "type": "S_CHAIR",
                        "trip_id": 8363377,
                        "trip_route_id": 51045243,
                        "route_id": 19516,
                        "fare": "340.00",
                        "vat_percent": 0,
                        "vat_amount": 0,
                        "seat_counts": {
                            "online": 5,
                            "offline": 5,
                            "is_divided": true
                        }
                    },
                    {
                        "key": 3,
                        "type": "SNIGDHA",
                        "trip_id": 8363378,
                        "trip_route_id": 51045291,
                        "route_id": 19516,
                        "fare": "560.00",
                        "vat_percent": 15,
                        "vat_amount": 84,
                        "seat_counts": {
                            "online": 0,
                            "offline": 0,
                            "is_divided": true
                        }
                    },
                    {
                        "key": 2,
                        "type": "AC_S",
                        "trip_id": 8363379,
                        "trip_route_id": 51045342,
                        "route_id": 19516,
                        "fare": "675.00",
                        "vat_percent": 15,
                        "vat_amount": 102,
                        "seat_counts": {
                            "online": 0,
                            "offline": 0,
                            "is_divided": true
                        }
                    }
                ],
                "train_model": "769",
                "is_open_for_all": true,
                "is_eid_trip": 0,
                "boarding_points": [
                    {
                        "trip_point_id": 106856920,
                        "location_id": 2702,
                        "location_name": "Biman_Bandar Station",
                        "location_time": "06:28 AM"
                    }
                ],
                "is_international": 0,
                "is_from_city_international": false
            },
            {
                "trip_number": "SILKCITY EXPRESS (753)",
                "departure_date_time": "13 Nov, 03:08 pm",
                "departure_full_date": "2024-11-13",
                "departure_date_time_jd": "Wed, 13 Nov 2024, 03:08 PM",
                "arrival_date_time": "13 Nov, 07:21 pm",
                "travel_time": "04h 13m",
                "origin_city_name": "biman_bandar",
                "destination_city_name": "ishwardi bypass",
                "seat_types": [
                    {
                        "key": 2,
                        "type": "AC_S",
                        "trip_id": 8363385,
                        "trip_route_id": 51045610,
                        "route_id": 19516,
                        "fare": "675.00",
                        "vat_percent": 15,
                        "vat_amount": 102,
                        "seat_counts": {
                            "online": 0,
                            "offline": 0,
                            "is_divided": true
                        }
                    },
                    {
                        "key": 3,
                        "type": "SNIGDHA",
                        "trip_id": 8363386,
                        "trip_route_id": 51045656,
                        "route_id": 19516,
                        "fare": "560.00",
                        "vat_percent": 15,
                        "vat_amount": 84,
                        "seat_counts": {
                            "online": 0,
                            "offline": 0,
                            "is_divided": true
                        }
                    },
                    {
                        "key": 7,
                        "type": "S_CHAIR",
                        "trip_id": 8363387,
                        "trip_route_id": 51045703,
                        "route_id": 19516,
                        "fare": "340.00",
                        "vat_percent": 0,
                        "vat_amount": 0,
                        "seat_counts": {
                            "online": 3,
                            "offline": 2,
                            "is_divided": true
                        }
                    }
                ],
                "train_model": "753",
                "is_open_for_all": true,
                "is_eid_trip": 0,
                "boarding_points": [
                    {
                        "trip_point_id": 106857112,
                        "location_id": 2702,
                        "location_name": "Biman_Bandar Station",
                        "location_time": "03:08 PM"
                    }
                ],
                "is_international": 0,
                "is_from_city_international": false
            },
            {
                "trip_number": "PADMA EXPRESS (759)",
                "departure_date_time": "13 Nov, 11:13 pm",
                "departure_full_date": "2024-11-13",
                "departure_date_time_jd": "Wed, 13 Nov 2024, 11:13 PM",
                "arrival_date_time": "14 Nov, 03:06 am",
                "travel_time": "03h 53m",
                "origin_city_name": "biman_bandar",
                "destination_city_name": "ishwardi bypass",
                "seat_types": [
                    {
                        "key": 1,
                        "type": "AC_B",
                        "trip_id": 8363380,
                        "trip_route_id": 51045389,
                        "route_id": 19516,
                        "fare": "1010.00",
                        "vat_percent": 15,
                        "vat_amount": 152,
                        "seat_counts": {
                            "online": 0,
                            "offline": 0,
                            "is_divided": true
                        }
                    },
                    {
                        "key": 3,
                        "type": "SNIGDHA",
                        "trip_id": 8363381,
                        "trip_route_id": 51045436,
                        "route_id": 19516,
                        "fare": "560.00",
                        "vat_percent": 15,
                        "vat_amount": 84,
                        "seat_counts": {
                            "online": 0,
                            "offline": 0,
                            "is_divided": true
                        }
                    },
                    {
                        "key": 7,
                        "type": "S_CHAIR",
                        "trip_id": 8363382,
                        "trip_route_id": 51045483,
                        "route_id": 19516,
                        "fare": "340.00",
                        "vat_percent": 0,
                        "vat_amount": 0,
                        "seat_counts": {
                            "online": 0,
                            "offline": 0,
                            "is_divided": true
                        }
                    }
                ],
                "train_model": "759",
                "is_open_for_all": true,
                "is_eid_trip": 0,
                "boarding_points": [
                    {
                        "trip_point_id": 106856998,
                        "location_id": 2702,
                        "location_name": "Biman_Bandar Station",
                        "location_time": "11:13 PM"
                    }
                ],
                "is_international": 0,
                "is_from_city_international": false
            }
        ],
        "selected_seat_class": "S_CHAIR"
    },
    "extra": {
        "hash": "46956DC04F11E6DCE43E06B3F32F866C"
    }
}