{
    "data": {
        "trains": [
            {
                "trip_number": "MOHONGANJ EXPRESS (789)",
                "departure_date_time": "13 Nov, 01:43 pm",
                "departure_full_date": "2024-11-13",
                "departure_date_time_jd": "Wed, 13 Nov 2024, 01:43 PM",
                "arrival_date_time": "13 Nov, 05:02 pm",
                "travel_time": "03h 19m",
                "origin_city_name": "biman_bandar",
                "destination_city_name": "netrakona",
                "seat_types": [
                    {
                        "key": 7,
                        "type": "S_CHAIR",
                        "trip_id": 8363563,
                        "trip_route_id": 51053144,
                        "route_id": 23054,
                        "fare": "215.00",
                        "vat_percent": 0,
                        "vat_amount": 0,
                        "seat_counts": {
                            "online": 0,
                            "offline": 0,
                            "is_divided": true
                        }
                    }
                ],
                "train_model": "789",
                "is_open_for_all": true,
                "is_eid_trip": 0,
                "boarding_points": [
                    {
                        "trip_point_id": 106861274,
                        "location_id": 2702,
                        "location_name": "Biman_Bandar Station",
                        "location_time": "01:43 PM"
                    }
                ],
                "is_international": 0,
                "is_from_city_international": false
            }
        ],
        "selected_seat_class": "S_CHAIR"
    },
    "extra": {
        "hash": "46956DC04F11E6DCE43E06B3F32F866C"
    }
}