{
    "data": {
        "trains": [
            {
                "trip_number": "PARABAT EXPRESS (709)",
                "departure_date_time": "13 Nov, 06:58 am",
                "departure_full_date": "2024-11-13",
                "departure_date_time_jd": "Wed, 13 Nov 2024, 06:58 AM",
                "arrival_date_time": "13 Nov, 01:00 pm",
                "travel_time": "06h 02m",
                "origin_city_name": "biman_bandar",
                "destination_city_name": "sylhet",
                "seat_types": [
                    {
                        "key": 3,
                        "type": "SNIGDHA",
                        "trip_id": 8363468,
                        "trip_route_id": 51050908,
                        "route_id": 22135,
                        "fare": "625.00",
                        "vat_percent": 15,
                        "vat_amount": 94,
                        "seat_counts": {
                            "online": 0,
                            "offline": 0,
                            "is_divided": true
                        }
                    },
                    {
                        "key": 7,
                        "type": "S_CHAIR",
                        "trip_id": 8363504,
                        "trip_route_id": 51051794,
                        "route_id": 22135,
                        "fare": "375.00",
                        "vat_percent": 0,
                        "vat_amount": 0,
                        "seat_counts": {
                            "online": 7,
                            "offline": 7,
                            "is_divided": true
                        }
                    },
                    {
                        "key": 5,
                        "type": "F_SEAT",
                        "trip_id": 8363505,
                        "trip_route_id": 51051831,
                        "route_id": 22135,
                        "fare": "500.00",
                        "vat_percent": 15,
                        "vat_amount": 75,
                        "seat_counts": {
                            "online": 0,
                            "offline": 0,
                            "is_divided": true
                        }
                    },
                    {
                        "key": 2,
                        "type": "AC_S",
                        "trip_id": 8363506,
                        "trip_route_id": 51051866,
                        "route_id": 22135,
                        "fare": "750.00",
                        "vat_percent": 15,
                        "vat_amount": 113,
                        "seat_counts": {
                            "online": 0,
                            "offline": 0,
                            "is_divided": true
                        }
                    }
                ],
                "train_model": "709",
                "is_open_for_all": true,
                "is_eid_trip": 0,
                "boarding_points": [
                    {
                        "trip_point_id": 106859656,
                        "location_id": 2702,
                        "location_name": "Biman_Bandar Station",
                        "location_time": "06:58 AM"
                    }
                ],
                "is_international": 0,
                "is_from_city_international": false
            },
            {
                "trip_number": "JAYENTIKA EXPRESS (717)",
                "departure_date_time": "13 Nov, 11:43 am",
                "departure_full_date": "2024-11-13",
                "departure_date_time_jd": "Wed, 13 Nov 2024, 11:43 AM",
                "arrival_date_time": "13 Nov, 07:00 pm",
                "travel_time": "07h 17m",
                "origin_city_name": "biman_bandar",
                "destination_city_name": "sylhet",
                "seat_types": [
                    {
                        "key": 3,
                        "type": "SNIGDHA",
                        "trip_id": 8363471,
                        "trip_route_id": 51051012,
                        "route_id": 22313,
                        "fare": "625.00",
                        "vat_percent": 15,
                        "vat_amount": 94,
                        "seat_counts": {
                            "online": 2,
                            "offline": 2,
                            "is_divided": true
                        }
                    },
                    {
                        "key": 7,
                        "type": "S_CHAIR",
                        "trip_id": 8363511,
                        "trip_route_id": 51052051,
                        "route_id": 22313,
                        "fare": "375.00",
                        "vat_percent": 0,
                        "vat_amount": 0,
                        "seat_counts": {
                            "online": 0,
                            "offline": 0,
                            "is_divided": true
                        }
                    },
                    {
                        "key": 2,
                        "type": "AC_S",
                        "trip_id": 8363512,
                        "trip_route_id": 51052086,
                        "route_id": 22313,
                        "fare": "750.00",
                        "vat_percent": 15,
                        "vat_amount": 113,
                        "seat_counts": {
                            "online": 0,
                            "offline": 0,
                            "is_divided": true
                        }
                    }
                ],
                "train_model": "717",
                "is_open_for_all": true,
                "is_eid_trip": 0,
                "boarding_points": [
                    {
                        "trip_point_id": 106859720,
                        "location_id": 2702,
                        "location_name": "Biman_Bandar Station",
                        "location_time": "11:43 AM"
                    }
                ],
                "is_international": 0,
                "is_from_city_international": false
            },
            {
                "trip_number": "KALNI EXPRESS (773)",
                "departure_date_time": "13 Nov, 03:23 pm",
                "departure_full_date": "2024-11-13",
                "departure_date_time_jd": "Wed, 13 Nov 2024, 03:23 PM",
                "arrival_date_time": "13 Nov, 09:30 pm",
                "travel_time": "06h 07m",
                "origin_city_name": "biman_bandar",
                "destination_city_name": "sylhet",
                "seat_types": [
                    {
                        "key": 3,
                        "type": "SNIGDHA",
                        "trip_id": 8363500,
                        "trip_route_id": 51051682,
                        "route_id": 22855,
                        "fare": "625.00",
                        "vat_percent": 15,
                        "vat_amount": 94,
                        "seat_counts": {
                            "online": 4,
                            "offline": 3,
                            "is_divided": true
                        }
                    },
                    {
                        "key": 2,
                        "type": "AC_S",
                        "trip_id": 8363555,
                        "trip_route_id": 51053049,
                        "route_id": 22855,
                        "fare": "750.00",
                        "vat_percent": 15,
                        "vat_amount": 113,
                        "seat_counts": {
                            "online": 0,
                            "offline": 0,
                            "is_divided": true
                        }
                    },
                    {
                        "key": 7,
                        "type": "S_CHAIR",
                        "trip_id": 8363564,
                        "trip_route_id": 51053163,
                        "route_id": 22855,
                        "fare": "375.00",
                        "vat_percent": 0,
                        "vat_amount": 0,
                        "seat_counts": {
                            "online": 0,
                            "offline": 0,
                            "is_divided": true
                        }
                    }
                ],
                "train_model": "773",
                "is_open_for_all": true,
                "is_eid_trip": 0,
                "boarding_points": [
                    {
                        "trip_point_id": 106860201,
                        "location_id": 2702,
                        "location_name": "Biman_Bandar Station",
                        "location_time": "03:23 PM"
                    }
                ],
                "is_international": 0,
                "is_from_city_international": false
            }
        ],
        "selected_seat_class": "S_CHAIR"
    },
    "extra": {
        "hash": "46956DC04F11E6DCE43E06B3F32F866C"
    }
}