{
    "data": {
        "trains": [
            {
                "trip_number": "KISHORGANJ EXPRESS (781)",
                "departure_date_time": "13 Nov, 10:58 am",
                "departure_full_date": "2024-11-13",
                "departure_date_time_jd": "Wed, 13 Nov 2024, 10:58 AM",
                "arrival_date_time": "13 Nov, 01:14 pm",
                "travel_time": "02h 16m",
                "origin_city_name": "biman_bandar",
                "destination_city_name": "sararchar",
                "seat_types": [
                    {
                        "key": 3,
                        "type": "SNIGDHA",
                        "trip_id": 8363548,
                        "trip_route_id": 51052886,
                        "route_id": 22725,
                        "fare": "215.00",
                        "vat_percent": 15,
                        "vat_amount": 33,
                        "seat_counts": {
                            "online": 0,
                            "offline": 0,
                            "is_divided": true
                        }
                    },
                    {
                        "key": 7,
                        "type": "S_CHAIR",
                        "trip_id": 8363567,
                        "trip_route_id": 51053252,
                        "route_id": 22725,
                        "fare": "130.00",
                        "vat_percent": 0,
                        "vat_amount": 0,
                        "seat_counts": {
                            "online": 0,
                            "offline": 0,
                            "is_divided": true
                        }
                    },
                    {
                        "key": 2,
                        "type": "AC_S",
                        "trip_id": 8363568,
                        "trip_route_id": 51053284,
                        "route_id": 22725,
                        "fare": "260.00",
                        "vat_percent": 15,
                        "vat_amount": 39,
                        "seat_counts": {
                            "online": 0,
                            "offline": 0,
                            "is_divided": true
                        }
                    }
                ],
                "train_model": "781",
                "is_open_for_all": true,
                "is_eid_trip": 0,
                "boarding_points": [
                    {
                        "trip_point_id": 106861059,
                        "location_id": 2702,
                        "location_name": "Biman_Bandar Station",
                        "location_time": "10:58 AM"
                    }
                ],
                "is_international": 0,
                "is_from_city_international": false
            },
            {
                "trip_number": "EGAROSINDHUR GODHULI (749)",
                "departure_date_time": "13 Nov, 07:13 pm",
                "departure_full_date": "2024-11-13",
                "departure_date_time_jd": "Wed, 13 Nov 2024, 07:13 PM",
                "arrival_date_time": "13 Nov, 09:30 pm",
                "travel_time": "02h 17m",
                "origin_city_name": "biman_bandar",
                "destination_city_name": "sararchar",
                "seat_types": [
                    {
                        "key": 5,
                        "type": "F_SEAT",
                        "trip_id": 8363499,
                        "trip_route_id": 51051662,
                        "route_id": 22725,
                        "fare": "175.00",
                        "vat_percent": 15,
                        "vat_amount": 27,
                        "seat_counts": {
                            "online": 0,
                            "offline": 0,
                            "is_divided": true
                        }
                    },
                    {
                        "key": 6,
                        "type": "F_CHAIR",
                        "trip_id": 8363550,
                        "trip_route_id": 51052934,
                        "route_id": 22725,
                        "fare": "175.00",
                        "vat_percent": 15,
                        "vat_amount": 27,
                        "seat_counts": {
                            "online": 0,
                            "offline": 0,
                            "is_divided": true
                        }
                    },
                    {
                        "key": 7,
                        "type": "S_CHAIR",
                        "trip_id": 8363552,
                        "trip_route_id": 51052980,
                        "route_id": 22725,
                        "fare": "130.00",
                        "vat_percent": 0,
                        "vat_amount": 0,
                        "seat_counts": {
                            "online": 0,
                            "offline": 0,
                            "is_divided": true
                        }
                    },
                    {
                        "key": 8,
                        "type": "SHOVAN",
                        "trip_id": 8363553,
                        "trip_route_id": 51053003,
                        "route_id": 22725,
                        "fare": "110.00",
                        "vat_percent": 0,
                        "vat_amount": 0,
                        "seat_counts": {
                            "online": 7,
                            "offline": 6,
                            "is_divided": true
                        }
                    }
                ],
                "train_model": "749",
                "is_open_for_all": true,
                "is_eid_trip": 0,
                "boarding_points": [
                    {
                        "trip_point_id": 106860181,
                        "location_id": 2702,
                        "location_name": "Biman_Bandar Station",
                        "location_time": "07:13 PM"
                    }
                ],
                "is_international": 0,
                "is_from_city_international": false
            }
        ],
        "selected_seat_class": "S_CHAIR"
    },
    "extra": {
        "hash": "46956DC04F11E6DCE43E06B3F32F866C"
    }
}