{
    "data": {
        "trains": [
            {
                "trip_number": "CHILAHATI EXPRESS (805)",
                "departure_date_time": "13 Nov, 12:15 am",
                "departure_full_date": "2024-11-13",
                "departure_date_time_jd": "Wed, 13 Nov 2024, 12:15 AM",
                "arrival_date_time": "13 Nov, 02:21 am",
                "travel_time": "02h 06m",
                "origin_city_name": "birampur",
                "destination_city_name": "domar",
                "seat_types": [
                    {
                        "key": 7,
                        "type": "S_CHAIR",
                        "trip_id": 8363312,
                        "trip_route_id": 51044402,
                        "route_id": 24736,
                        "fare": "120.00",
                        "vat_percent": 0,
                        "vat_amount": 0,
                        "seat_counts": {
                            "online": 0,
                            "offline": 0,
                            "is_divided": true
                        }
                    }
                ],
                "train_model": "805",
                "is_open_for_all": true,
                "is_eid_trip": 0,
                "boarding_points": [
                    {
                        "trip_point_id": 106856217,
                        "location_id": 2781,
                        "location_name": "Birampur Station",
                        "location_time": "12:15 AM"
                    }
                ],
                "is_international": 0,
                "is_from_city_international": false
            },
            {
                "trip_number": "SIMANTA EXPRESS (747)",
                "departure_date_time": "13 Nov, 04:29 am",
                "departure_full_date": "2024-11-13",
                "departure_date_time_jd": "Wed, 13 Nov 2024, 04:29 AM",
                "arrival_date_time": "13 Nov, 06:09 am",
                "travel_time": "01h 40m",
                "origin_city_name": "birampur",
                "destination_city_name": "domar",
                "seat_types": [
                    {
                        "key": 1,
                        "type": "AC_B",
                        "trip_id": 8363086,
                        "trip_route_id": 51035241,
                        "route_id": 20015,
                        "fare": "350.00",
                        "vat_percent": 15,
                        "vat_amount": 53,
                        "seat_counts": {
                            "online": 0,
                            "offline": 0,
                            "is_divided": true
                        }
                    },
                    {
                        "key": 3,
                        "type": "SNIGDHA",
                        "trip_id": 8363087,
                        "trip_route_id": 51035357,
                        "route_id": 20015,
                        "fare": "195.00",
                        "vat_percent": 15,
                        "vat_amount": 30,
                        "seat_counts": {
                            "online": 0,
                            "offline": 0,
                            "is_divided": true
                        }
                    },
                    {
                        "key": 7,
                        "type": "S_CHAIR",
                        "trip_id": 8363088,
                        "trip_route_id": 51035475,
                        "route_id": 20015,
                        "fare": "120.00",
                        "vat_percent": 0,
                        "vat_amount": 0,
                        "seat_counts": {
                            "online": 0,
                            "offline": 0,
                            "is_divided": true
                        }
                    }
                ],
                "train_model": "747",
                "is_open_for_all": true,
                "is_eid_trip": 0,
                "boarding_points": [
                    {
                        "trip_point_id": 106851291,
                        "location_id": 2781,
                        "location_name": "Birampur Station",
                        "location_time": "04:29 AM"
                    }
                ],
                "is_international": 0,
                "is_from_city_international": false
            },
            {
                "trip_number": "RUPSHA EXPRESS (727)",
                "departure_date_time": "13 Nov, 02:35 pm",
                "departure_full_date": "2024-11-13",
                "departure_date_time_jd": "Wed, 13 Nov 2024, 02:35 PM",
                "arrival_date_time": "13 Nov, 04:32 pm",
                "travel_time": "01h 57m",
                "origin_city_name": "birampur",
                "destination_city_name": "domar",
                "seat_types": [
                    {
                        "key": 2,
                        "type": "AC_S",
                        "trip_id": 8363424,
                        "trip_route_id": 51047984,
                        "route_id": 20015,
                        "fare": "235.00",
                        "vat_percent": 15,
                        "vat_amount": 36,
                        "seat_counts": {
                            "online": 0,
                            "offline": 0,
                            "is_divided": true
                        }
                    },
                    {
                        "key": 3,
                        "type": "SNIGDHA",
                        "trip_id": 8363441,
                        "trip_route_id": 51049043,
                        "route_id": 20015,
                        "fare": "195.00",
                        "vat_percent": 15,
                        "vat_amount": 30,
                        "seat_counts": {
                            "online": 0,
                            "offline": 0,
                            "is_divided": true
                        }
                    },
                    {
                        "key": 7,
                        "type": "S_CHAIR",
                        "trip_id": 8363442,
                        "trip_route_id": 51049194,
                        "route_id": 20015,
                        "fare": "120.00",
                        "vat_percent": 0,
                        "vat_amount": 0,
                        "seat_counts": {
                            "online": 0,
                            "offline": 0,
                            "is_divided": true
                        }
                    }
                ],
                "train_model": "727",
                "is_open_for_all": true,
                "is_eid_trip": 0,
                "boarding_points": [
                    {
                        "trip_point_id": 106858393,
                        "location_id": 2781,
                        "location_name": "Birampur Station",
                        "location_time": "02:35 PM"
                    }
                ],
                "is_international": 0,
                "is_from_city_international": false
            }
        ],
        "selected_seat_class": "S_CHAIR"
    },
    "extra": {
        "hash": "46956DC04F11E6DCE43E06B3F32F866C"
    }
}