{
    "data": {
        "trains": [
            {
                "trip_number": "LALMONI EXPRESS (751)",
                "departure_date_time": "13 Nov, 05:25 am",
                "departure_full_date": "2024-11-13",
                "departure_date_time_jd": "Wed, 13 Nov 2024, 05:25 AM",
                "arrival_date_time": "13 Nov, 05:48 am",
                "travel_time": "00h 23m",
                "origin_city_name": "bonar_para",
                "destination_city_name": "gaibandha",
                "seat_types": [
                    {
                        "key": 7,
                        "type": "S_CHAIR",
                        "trip_id": 8363076,
                        "trip_route_id": 51034924,
                        "route_id": 24056,
                        "fare": "50.00",
                        "vat_percent": 0,
                        "vat_amount": 0,
                        "seat_counts": {
                            "online": 5,
                            "offline": 5,
                            "is_divided": true
                        }
                    }
                ],
                "train_model": "751",
                "is_open_for_all": true,
                "is_eid_trip": 0,
                "boarding_points": [
                    {
                        "trip_point_id": 106851045,
                        "location_id": 2711,
                        "location_name": "Bonar_Para Station",
                        "location_time": "05:25 AM"
                    }
                ],
                "is_international": 0,
                "is_from_city_international": false
            },
            {
                "trip_number": "DOLONCHAPA EXPRESS (767)",
                "departure_date_time": "13 Nov, 01:09 pm",
                "departure_full_date": "2024-11-13",
                "departure_date_time_jd": "Wed, 13 Nov 2024, 01:09 PM",
                "arrival_date_time": "13 Nov, 01:35 pm",
                "travel_time": "00h 26m",
                "origin_city_name": "bonar_para",
                "destination_city_name": "gaibandha",
                "seat_types": [
                    {
                        "key": 7,
                        "type": "S_CHAIR",
                        "trip_id": 8363459,
                        "trip_route_id": 51050617,
                        "route_id": 25959,
                        "fare": "50.00",
                        "vat_percent": 0,
                        "vat_amount": 0,
                        "seat_counts": {
                            "online": 3,
                            "offline": 2,
                            "is_divided": true
                        }
                    },
                    {
                        "key": 8,
                        "type": "SHOVAN",
                        "trip_id": 8363603,
                        "trip_route_id": 51054551,
                        "route_id": 25959,
                        "fare": "45.00",
                        "vat_percent": 0,
                        "vat_amount": 0,
                        "seat_counts": {
                            "online": 3,
                            "offline": 2,
                            "is_divided": true
                        }
                    }
                ],
                "train_model": "767",
                "is_open_for_all": true,
                "is_eid_trip": 0,
                "boarding_points": [
                    {
                        "trip_point_id": 106859485,
                        "location_id": 2711,
                        "location_name": "Bonar_Para Station",
                        "location_time": "01:09 PM"
                    }
                ],
                "is_international": 0,
                "is_from_city_international": false
            },
            {
                "trip_number": "BURIMARI EXPRESS (809)",
                "departure_date_time": "13 Nov, 04:00 pm",
                "departure_full_date": "2024-11-13",
                "departure_date_time_jd": "Wed, 13 Nov 2024, 04:00 PM",
                "arrival_date_time": "13 Nov, 04:24 pm",
                "travel_time": "00h 24m",
                "origin_city_name": "bonar_para",
                "destination_city_name": "gaibandha",
                "seat_types": [
                    {
                        "key": 3,
                        "type": "SNIGDHA",
                        "trip_id": 8363665,
                        "trip_route_id": 51055424,
                        "route_id": 26185,
                        "fare": "100.00",
                        "vat_percent": 15,
                        "vat_amount": 15,
                        "seat_counts": {
                            "online": 3,
                            "offline": 2,
                            "is_divided": true
                        }
                    },
                    {
                        "key": 7,
                        "type": "S_CHAIR",
                        "trip_id": 8363666,
                        "trip_route_id": 51055479,
                        "route_id": 26185,
                        "fare": "50.00",
                        "vat_percent": 0,
                        "vat_amount": 0,
                        "seat_counts": {
                            "online": 18,
                            "offline": 17,
                            "is_divided": true
                        }
                    }
                ],
                "train_model": "809",
                "is_open_for_all": true,
                "is_eid_trip": 0,
                "boarding_points": [
                    {
                        "trip_point_id": 106862788,
                        "location_id": 2711,
                        "location_name": "Bonar_Para Station",
                        "location_time": "04:00 PM"
                    }
                ],
                "is_international": 0,
                "is_from_city_international": false
            },
            {
                "trip_number": "RANGPUR EXPRESS (771)",
                "departure_date_time": "13 Nov, 04:50 pm",
                "departure_full_date": "2024-11-13",
                "departure_date_time_jd": "Wed, 13 Nov 2024, 04:50 PM",
                "arrival_date_time": "13 Nov, 05:20 pm",
                "travel_time": "00h 30m",
                "origin_city_name": "bonar_para",
                "destination_city_name": "gaibandha",
                "seat_types": [
                    {
                        "key": 7,
                        "type": "S_CHAIR",
                        "trip_id": 8363374,
                        "trip_route_id": 51045151,
                        "route_id": 26577,
                        "fare": "50.00",
                        "vat_percent": 0,
                        "vat_amount": 0,
                        "seat_counts": {
                            "online": 8,
                            "offline": 7,
                            "is_divided": true
                        }
                    }
                ],
                "train_model": "771",
                "is_open_for_all": true,
                "is_eid_trip": 0,
                "boarding_points": [
                    {
                        "trip_point_id": 106856843,
                        "location_id": 2711,
                        "location_name": "Bonar_Para Station",
                        "location_time": "04:50 PM"
                    }
                ],
                "is_international": 0,
                "is_from_city_international": false
            }
        ],
        "selected_seat_class": "S_CHAIR"
    },
    "extra": {
        "hash": "46956DC04F11E6DCE43E06B3F32F866C"
    }
}