{
    "data": {
        "trains": [
            {
                "trip_number": "CHITRA EXPRESS (764)",
                "departure_date_time": "13 Nov, 11:20 pm",
                "departure_full_date": "2024-11-13",
                "departure_date_time_jd": "Wed, 13 Nov 2024, 11:20 PM",
                "arrival_date_time": "14 Nov, 03:40 pm",
                "travel_time": "16h 20m",
                "origin_city_name": "boral_bridge",
                "destination_city_name": "jashore",
                "seat_types": [
                    {
                        "key": 3,
                        "type": "SNIGDHA",
                        "trip_id": 8363418,
                        "trip_route_id": 51047577,
                        "route_id": 20637,
                        "fare": "445.00",
                        "vat_percent": 15,
                        "vat_amount": 67,
                        "seat_counts": {
                            "online": 2,
                            "offline": 1,
                            "is_divided": true
                        }
                    },
                    {
                        "key": 7,
                        "type": "S_CHAIR",
                        "trip_id": 8363440,
                        "trip_route_id": 51049023,
                        "route_id": 20637,
                        "fare": "270.00",
                        "vat_percent": 0,
                        "vat_amount": 0,
                        "seat_counts": {
                            "online": 3,
                            "offline": 2,
                            "is_divided": true
                        }
                    }
                ],
                "train_model": "764",
                "is_open_for_all": true,
                "is_eid_trip": 0,
                "boarding_points": [
                    {
                        "trip_point_id": 106858163,
                        "location_id": 2706,
                        "location_name": "Boral_Bridge Station",
                        "location_time": "11:20 PM"
                    }
                ],
                "is_international": 0,
                "is_from_city_international": false
            }
        ],
        "selected_seat_class": "S_CHAIR"
    },
    "extra": {
        "hash": "46956DC04F11E6DCE43E06B3F32F866C"
    }
}