{
    "data": {
        "trains": [
            {
                "trip_number": "MOHANAGAR EXPRESS (721)",
                "departure_date_time": "13 Nov, 04:30 pm",
                "departure_full_date": "2024-11-13",
                "departure_date_time_jd": "Wed, 13 Nov 2024, 04:30 PM",
                "arrival_date_time": "13 Nov, 05:28 pm",
                "travel_time": "00h 58m",
                "origin_city_name": "brahmanbaria",
                "destination_city_name": "narsingdi",
                "seat_types": [
                    {
                        "key": 3,
                        "type": "SNIGDHA",
                        "trip_id": 8363475,
                        "trip_route_id": 51051129,
                        "route_id": 22505,
                        "fare": "140.00",
                        "vat_percent": 15,
                        "vat_amount": 21,
                        "seat_counts": {
                            "online": 0,
                            "offline": 0,
                            "is_divided": true
                        }
                    },
                    {
                        "key": 2,
                        "type": "AC_S",
                        "trip_id": 8363516,
                        "trip_route_id": 51052237,
                        "route_id": 22505,
                        "fare": "165.00",
                        "vat_percent": 15,
                        "vat_amount": 25,
                        "seat_counts": {
                            "online": 0,
                            "offline": 0,
                            "is_divided": true
                        }
                    },
                    {
                        "key": 7,
                        "type": "S_CHAIR",
                        "trip_id": 8363592,
                        "trip_route_id": 51054115,
                        "route_id": 22505,
                        "fare": "85.00",
                        "vat_percent": 0,
                        "vat_amount": 0,
                        "seat_counts": {
                            "online": 0,
                            "offline": 0,
                            "is_divided": true
                        }
                    }
                ],
                "train_model": "721",
                "is_open_for_all": true,
                "is_eid_trip": 0,
                "boarding_points": [
                    {
                        "trip_point_id": 106859801,
                        "location_id": 2826,
                        "location_name": "Brahmanbaria Station",
                        "location_time": "04:30 PM"
                    }
                ],
                "is_international": 0,
                "is_from_city_international": false
            }
        ],
        "selected_seat_class": "S_CHAIR"
    },
    "extra": {
        "hash": "46956DC04F11E6DCE43E06B3F32F866C"
    }
}