{
    "data": {
        "trains": [
            {
                "trip_number": "BURIMARI EXPRESS (810)",
                "departure_date_time": "13 Nov, 06:00 pm",
                "departure_full_date": "2024-11-13",
                "departure_date_time_jd": "Wed, 13 Nov 2024, 06:00 PM",
                "arrival_date_time": "13 Nov, 06:58 pm",
                "travel_time": "00h 58m",
                "origin_city_name": "burimari",
                "destination_city_name": "hatibandha",
                "seat_types": [
                    {
                        "key": 7,
                        "type": "S_CHAIR",
                        "trip_id": 8363667,
                        "trip_route_id": 51055498,
                        "route_id": 26232,
                        "fare": "50.00",
                        "vat_percent": 0,
                        "vat_amount": 0,
                        "seat_counts": {
                            "online": 10,
                            "offline": 10,
                            "is_divided": true
                        }
                    }
                ],
                "train_model": "810",
                "is_open_for_all": true,
                "is_eid_trip": 0,
                "boarding_points": [
                    {
                        "trip_point_id": 106862836,
                        "location_id": 2786,
                        "location_name": "Burimari Station",
                        "location_time": "06:00 PM"
                    }
                ],
                "is_international": 0,
                "is_from_city_international": false
            }
        ],
        "selected_seat_class": "S_CHAIR"
    },
    "extra": {
        "hash": "46956DC04F11E6DCE43E06B3F32F866C"
    }
}