{
    "data": {
        "trains": [
            {
                "trip_number": "MEGHNA EXPRESS (730)",
                "departure_date_time": "13 Nov, 05:00 am",
                "departure_full_date": "2024-11-13",
                "departure_date_time_jd": "Wed, 13 Nov 2024, 05:00 AM",
                "arrival_date_time": "13 Nov, 06:58 am",
                "travel_time": "01h 58m",
                "origin_city_name": "chandpur",
                "destination_city_name": "hasanpur",
                "seat_types": [
                    {
                        "key": 7,
                        "type": "S_CHAIR",
                        "trip_id": 8363579,
                        "trip_route_id": 51053594,
                        "route_id": 22649,
                        "fare": "85.00",
                        "vat_percent": 0,
                        "vat_amount": 0,
                        "seat_counts": {
                            "online": 5,
                            "offline": 5,
                            "is_divided": true
                        }
                    }
                ],
                "train_model": "730",
                "is_open_for_all": true,
                "is_eid_trip": 0,
                "boarding_points": [
                    {
                        "trip_point_id": 106861577,
                        "location_id": 2869,
                        "location_name": "Chandpur Station",
                        "location_time": "05:00 AM"
                    }
                ],
                "is_international": 0,
                "is_from_city_international": false
            }
        ],
        "selected_seat_class": "S_CHAIR"
    },
    "extra": {
        "hash": "46956DC04F11E6DCE43E06B3F32F866C"
    }
}