{
    "data": {
        "trains": [
            {
                "trip_number": "DHUMKETU EXPRESS (770)",
                "departure_date_time": "13 Nov, 12:47 am",
                "departure_full_date": "2024-11-13",
                "departure_date_time_jd": "Wed, 13 Nov 2024, 12:47 AM",
                "arrival_date_time": "13 Nov, 01:49 am",
                "travel_time": "01h 02m",
                "origin_city_name": "chatmohar",
                "destination_city_name": "sh m monsur ali",
                "seat_types": [
                    {
                        "key": 7,
                        "type": "S_CHAIR",
                        "trip_id": 8363060,
                        "trip_route_id": 51034331,
                        "route_id": 19572,
                        "fare": "60.00",
                        "vat_percent": 0,
                        "vat_amount": 0,
                        "seat_counts": {
                            "online": 0,
                            "offline": 0,
                            "is_divided": true
                        }
                    },
                    {
                        "key": 3,
                        "type": "SNIGDHA",
                        "trip_id": 8363061,
                        "trip_route_id": 51034354,
                        "route_id": 19572,
                        "fare": "100.00",
                        "vat_percent": 15,
                        "vat_amount": 15,
                        "seat_counts": {
                            "online": 0,
                            "offline": 0,
                            "is_divided": true
                        }
                    },
                    {
                        "key": 1,
                        "type": "AC_B",
                        "trip_id": 8363062,
                        "trip_route_id": 51034375,
                        "route_id": 19572,
                        "fare": "180.00",
                        "vat_percent": 15,
                        "vat_amount": 27,
                        "seat_counts": {
                            "online": 0,
                            "offline": 0,
                            "is_divided": true
                        }
                    }
                ],
                "train_model": "770",
                "is_open_for_all": true,
                "is_eid_trip": 0,
                "boarding_points": [
                    {
                        "trip_point_id": 106850680,
                        "location_id": 2792,
                        "location_name": "Chatmohar Station",
                        "location_time": "12:47 AM"
                    }
                ],
                "is_international": 0,
                "is_from_city_international": false
            },
            {
                "trip_number": "SILKCITY EXPRESS (754)",
                "departure_date_time": "13 Nov, 09:01 am",
                "departure_full_date": "2024-11-13",
                "departure_date_time_jd": "Wed, 13 Nov 2024, 09:01 AM",
                "arrival_date_time": "13 Nov, 10:01 am",
                "travel_time": "01h 00m",
                "origin_city_name": "chatmohar",
                "destination_city_name": "sh m monsur ali",
                "seat_types": [
                    {
                        "key": 2,
                        "type": "AC_S",
                        "trip_id": 8363388,
                        "trip_route_id": 51045744,
                        "route_id": 19572,
                        "fare": "120.00",
                        "vat_percent": 15,
                        "vat_amount": 18,
                        "seat_counts": {
                            "online": 0,
                            "offline": 0,
                            "is_divided": true
                        }
                    },
                    {
                        "key": 3,
                        "type": "SNIGDHA",
                        "trip_id": 8363389,
                        "trip_route_id": 51045785,
                        "route_id": 19572,
                        "fare": "100.00",
                        "vat_percent": 15,
                        "vat_amount": 15,
                        "seat_counts": {
                            "online": 0,
                            "offline": 0,
                            "is_divided": true
                        }
                    },
                    {
                        "key": 7,
                        "type": "S_CHAIR",
                        "trip_id": 8363390,
                        "trip_route_id": 51045826,
                        "route_id": 19572,
                        "fare": "60.00",
                        "vat_percent": 0,
                        "vat_amount": 0,
                        "seat_counts": {
                            "online": 5,
                            "offline": 5,
                            "is_divided": true
                        }
                    }
                ],
                "train_model": "754",
                "is_open_for_all": true,
                "is_eid_trip": 0,
                "boarding_points": [
                    {
                        "trip_point_id": 106857188,
                        "location_id": 2792,
                        "location_name": "Chatmohar Station",
                        "location_time": "09:01 AM"
                    }
                ],
                "is_international": 0,
                "is_from_city_international": false
            },
            {
                "trip_number": "CHITRA EXPRESS (763)",
                "departure_date_time": "13 Nov, 01:53 pm",
                "departure_full_date": "2024-11-13",
                "departure_date_time_jd": "Wed, 13 Nov 2024, 01:53 PM",
                "arrival_date_time": "13 Nov, 02:46 pm",
                "travel_time": "00h 53m",
                "origin_city_name": "chatmohar",
                "destination_city_name": "sh m monsur ali",
                "seat_types": [
                    {
                        "key": 7,
                        "type": "S_CHAIR",
                        "trip_id": 8363437,
                        "trip_route_id": 51048802,
                        "route_id": 25097,
                        "fare": "60.00",
                        "vat_percent": 0,
                        "vat_amount": 0,
                        "seat_counts": {
                            "online": 1,
                            "offline": 1,
                            "is_divided": true
                        }
                    }
                ],
                "train_model": "763",
                "is_open_for_all": true,
                "is_eid_trip": 0,
                "boarding_points": [
                    {
                        "trip_point_id": 106858708,
                        "location_id": 2792,
                        "location_name": "Chatmohar Station",
                        "location_time": "01:53 PM"
                    }
                ],
                "is_international": 0,
                "is_from_city_international": false
            },
            {
                "trip_number": "PADMA EXPRESS (760)",
                "departure_date_time": "13 Nov, 05:26 pm",
                "departure_full_date": "2024-11-13",
                "departure_date_time_jd": "Wed, 13 Nov 2024, 05:26 PM",
                "arrival_date_time": "13 Nov, 06:20 pm",
                "travel_time": "00h 54m",
                "origin_city_name": "chatmohar",
                "destination_city_name": "sh m monsur ali",
                "seat_types": [
                    {
                        "key": 3,
                        "type": "SNIGDHA",
                        "trip_id": 8363383,
                        "trip_route_id": 51045520,
                        "route_id": 19572,
                        "fare": "100.00",
                        "vat_percent": 15,
                        "vat_amount": 15,
                        "seat_counts": {
                            "online": 0,
                            "offline": 0,
                            "is_divided": true
                        }
                    },
                    {
                        "key": 7,
                        "type": "S_CHAIR",
                        "trip_id": 8363384,
                        "trip_route_id": 51045559,
                        "route_id": 19572,
                        "fare": "60.00",
                        "vat_percent": 0,
                        "vat_amount": 0,
                        "seat_counts": {
                            "online": 0,
                            "offline": 0,
                            "is_divided": true
                        }
                    },
                    {
                        "key": 2,
                        "type": "AC_S",
                        "trip_id": 8363453,
                        "trip_route_id": 51050293,
                        "route_id": 19572,
                        "fare": "120.00",
                        "vat_percent": 15,
                        "vat_amount": 18,
                        "seat_counts": {
                            "online": 0,
                            "offline": 0,
                            "is_divided": true
                        }
                    }
                ],
                "train_model": "760",
                "is_open_for_all": true,
                "is_eid_trip": 0,
                "boarding_points": [
                    {
                        "trip_point_id": 106857066,
                        "location_id": 2792,
                        "location_name": "Chatmohar Station",
                        "location_time": "05:26 PM"
                    }
                ],
                "is_international": 0,
                "is_from_city_international": false
            }
        ],
        "selected_seat_class": "S_CHAIR"
    },
    "extra": {
        "hash": "46956DC04F11E6DCE43E06B3F32F866C"
    }
}