{
    "data": {
        "trains": [
            {
                "trip_number": "EID SPL 9 (09)",
                "departure_date_time": "13 Nov, 07:00 am",
                "departure_full_date": "2024-11-13",
                "departure_date_time_jd": "Wed, 13 Nov 2024, 07:00 AM",
                "arrival_date_time": "13 Nov, 09:52 am",
                "travel_time": "02h 52m",
                "origin_city_name": "chattogram",
                "destination_city_name": "ramu",
                "seat_types": [
                    {
                        "key": 8,
                        "type": "SHOVAN",
                        "trip_id": 8356490,
                        "trip_route_id": 50817321,
                        "route_id": 26289,
                        "fare": "185.00",
                        "vat_percent": 0,
                        "vat_amount": 0,
                        "seat_counts": {
                            "online": 0,
                            "offline": 0,
                            "is_divided": true
                        }
                    }
                ],
                "train_model": "09",
                "is_open_for_all": true,
                "is_eid_trip": 0,
                "boarding_points": [
                    {
                        "trip_point_id": 106724290,
                        "location_id": 2820,
                        "location_name": "Chattogram Station",
                        "location_time": "07:00 AM"
                    }
                ],
                "is_international": 0,
                "is_from_city_international": false
            }
        ],
        "selected_seat_class": "S_CHAIR"
    },
    "extra": {
        "hash": "46956DC04F11E6DCE43E06B3F32F866C"
    }
}