{
    "data": {
        "trains": [
            {
                "trip_number": "RANGPUR EXPRESS (771)",
                "departure_date_time": "13 Nov, 12:54 pm",
                "departure_full_date": "2024-11-13",
                "departure_date_time_jd": "Wed, 13 Nov 2024, 12:54 PM",
                "arrival_date_time": "13 Nov, 01:49 pm",
                "travel_time": "00h 55m",
                "origin_city_name": "chatmohar",
                "destination_city_name": "natore",
                "seat_types": [
                    {
                        "key": 7,
                        "type": "S_CHAIR",
                        "trip_id": 8363374,
                        "trip_route_id": 51045142,
                        "route_id": 26562,
                        "fare": "65.00",
                        "vat_percent": 0,
                        "vat_amount": 0,
                        "seat_counts": {
                            "online": 3,
                            "offline": 2,
                            "is_divided": true
                        }
                    }
                ],
                "train_model": "771",
                "is_open_for_all": true,
                "is_eid_trip": 0,
                "boarding_points": [
                    {
                        "trip_point_id": 106856840,
                        "location_id": 2792,
                        "location_name": "Chatmohar Station",
                        "location_time": "12:54 PM"
                    }
                ],
                "is_international": 0,
                "is_from_city_international": false
            }
        ],
        "selected_seat_class": "S_CHAIR"
    },
    "extra": {
        "hash": "46956DC04F11E6DCE43E06B3F32F866C"
    }
}