{
    "data": {
        "trains": [
            {
                "trip_number": "CHATTALA EXPRESS (801)",
                "departure_date_time": "13 Nov, 06:00 am",
                "departure_full_date": "2024-11-13",
                "departure_date_time_jd": "Wed, 13 Nov 2024, 06:00 AM",
                "arrival_date_time": "13 Nov, 07:58 am",
                "travel_time": "01h 58m",
                "origin_city_name": "chattogram",
                "destination_city_name": "nangolkot",
                "seat_types": [
                    {
                        "key": 7,
                        "type": "S_CHAIR",
                        "trip_id": 8363583,
                        "trip_route_id": 51053705,
                        "route_id": 22866,
                        "fare": "140.00",
                        "vat_percent": 0,
                        "vat_amount": 0,
                        "seat_counts": {
                            "online": 6,
                            "offline": 5,
                            "is_divided": true
                        }
                    },
                    {
                        "key": 3,
                        "type": "SNIGDHA",
                        "trip_id": 8363686,
                        "trip_route_id": 51055601,
                        "route_id": 22866,
                        "fare": "235.00",
                        "vat_percent": 15,
                        "vat_amount": 36,
                        "seat_counts": {
                            "online": 3,
                            "offline": 2,
                            "is_divided": true
                        }
                    }
                ],
                "train_model": "801",
                "is_open_for_all": true,
                "is_eid_trip": 0,
                "boarding_points": [
                    {
                        "trip_point_id": 106861645,
                        "location_id": 2820,
                        "location_name": "Chattogram Station",
                        "location_time": "06:00 AM"
                    }
                ],
                "is_international": 0,
                "is_from_city_international": false
            },
            {
                "trip_number": "PAHARIKA EXPRESS (719)",
                "departure_date_time": "13 Nov, 07:50 am",
                "departure_full_date": "2024-11-13",
                "departure_date_time_jd": "Wed, 13 Nov 2024, 07:50 AM",
                "arrival_date_time": "13 Nov, 09:43 am",
                "travel_time": "01h 53m",
                "origin_city_name": "chattogram",
                "destination_city_name": "nangolkot",
                "seat_types": [
                    {
                        "key": 3,
                        "type": "SNIGDHA",
                        "trip_id": 8363474,
                        "trip_route_id": 51051087,
                        "route_id": 22382,
                        "fare": "235.00",
                        "vat_percent": 15,
                        "vat_amount": 36,
                        "seat_counts": {
                            "online": 0,
                            "offline": 0,
                            "is_divided": true
                        }
                    },
                    {
                        "key": 2,
                        "type": "AC_S",
                        "trip_id": 8363514,
                        "trip_route_id": 51052156,
                        "route_id": 22382,
                        "fare": "280.00",
                        "vat_percent": 15,
                        "vat_amount": 42,
                        "seat_counts": {
                            "online": 0,
                            "offline": 0,
                            "is_divided": true
                        }
                    },
                    {
                        "key": 7,
                        "type": "S_CHAIR",
                        "trip_id": 8363515,
                        "trip_route_id": 51052183,
                        "route_id": 22382,
                        "fare": "140.00",
                        "vat_percent": 0,
                        "vat_amount": 0,
                        "seat_counts": {
                            "online": 2,
                            "offline": 2,
                            "is_divided": true
                        }
                    }
                ],
                "train_model": "719",
                "is_open_for_all": true,
                "is_eid_trip": 0,
                "boarding_points": [
                    {
                        "trip_point_id": 106859787,
                        "location_id": 2820,
                        "location_name": "Chattogram Station",
                        "location_time": "07:50 AM"
                    }
                ],
                "is_international": 0,
                "is_from_city_international": false
            },
            {
                "trip_number": "MOHANAGAR EXPRESS (721)",
                "departure_date_time": "13 Nov, 12:30 pm",
                "departure_full_date": "2024-11-13",
                "departure_date_time_jd": "Wed, 13 Nov 2024, 12:30 PM",
                "arrival_date_time": "13 Nov, 02:20 pm",
                "travel_time": "01h 50m",
                "origin_city_name": "chattogram",
                "destination_city_name": "nangolkot",
                "seat_types": [
                    {
                        "key": 3,
                        "type": "SNIGDHA",
                        "trip_id": 8363475,
                        "trip_route_id": 51051114,
                        "route_id": 22473,
                        "fare": "235.00",
                        "vat_percent": 15,
                        "vat_amount": 36,
                        "seat_counts": {
                            "online": 0,
                            "offline": 0,
                            "is_divided": true
                        }
                    },
                    {
                        "key": 2,
                        "type": "AC_S",
                        "trip_id": 8363516,
                        "trip_route_id": 51052223,
                        "route_id": 22473,
                        "fare": "280.00",
                        "vat_percent": 15,
                        "vat_amount": 42,
                        "seat_counts": {
                            "online": 0,
                            "offline": 0,
                            "is_divided": true
                        }
                    },
                    {
                        "key": 7,
                        "type": "S_CHAIR",
                        "trip_id": 8363592,
                        "trip_route_id": 51054100,
                        "route_id": 22473,
                        "fare": "140.00",
                        "vat_percent": 0,
                        "vat_amount": 0,
                        "seat_counts": {
                            "online": 3,
                            "offline": 2,
                            "is_divided": true
                        }
                    }
                ],
                "train_model": "721",
                "is_open_for_all": true,
                "is_eid_trip": 0,
                "boarding_points": [
                    {
                        "trip_point_id": 106859796,
                        "location_id": 2820,
                        "location_name": "Chattogram Station",
                        "location_time": "12:30 PM"
                    }
                ],
                "is_international": 0,
                "is_from_city_international": false
            },
            {
                "trip_number": "MEGHNA EXPRESS (729)",
                "departure_date_time": "13 Nov, 06:00 pm",
                "departure_full_date": "2024-11-13",
                "departure_date_time_jd": "Wed, 13 Nov 2024, 06:00 PM",
                "arrival_date_time": "13 Nov, 07:55 pm",
                "travel_time": "01h 55m",
                "origin_city_name": "chattogram",
                "destination_city_name": "nangolkot",
                "seat_types": [
                    {
                        "key": 5,
                        "type": "F_SEAT",
                        "trip_id": 8363574,
                        "trip_route_id": 51053428,
                        "route_id": 22608,
                        "fare": "190.00",
                        "vat_percent": 15,
                        "vat_amount": 29,
                        "seat_counts": {
                            "online": 0,
                            "offline": 0,
                            "is_divided": true
                        }
                    },
                    {
                        "key": 8,
                        "type": "SHOVAN",
                        "trip_id": 8363575,
                        "trip_route_id": 51053464,
                        "route_id": 22608,
                        "fare": "120.00",
                        "vat_percent": 0,
                        "vat_amount": 0,
                        "seat_counts": {
                            "online": 37,
                            "offline": 37,
                            "is_divided": true
                        }
                    },
                    {
                        "key": 7,
                        "type": "S_CHAIR",
                        "trip_id": 8363588,
                        "trip_route_id": 51053894,
                        "route_id": 22608,
                        "fare": "140.00",
                        "vat_percent": 0,
                        "vat_amount": 0,
                        "seat_counts": {
                            "online": 0,
                            "offline": 0,
                            "is_divided": true
                        }
                    },
                    {
                        "key": 6,
                        "type": "F_CHAIR",
                        "trip_id": 8363594,
                        "trip_route_id": 51054158,
                        "route_id": 22608,
                        "fare": "190.00",
                        "vat_percent": 15,
                        "vat_amount": 29,
                        "seat_counts": {
                            "online": 0,
                            "offline": 0,
                            "is_divided": true
                        }
                    }
                ],
                "train_model": "729",
                "is_open_for_all": true,
                "is_eid_trip": 0,
                "boarding_points": [
                    {
                        "trip_point_id": 106861471,
                        "location_id": 2820,
                        "location_name": "Chattogram Station",
                        "location_time": "06:00 PM"
                    }
                ],
                "is_international": 0,
                "is_from_city_international": false
            }
        ],
        "selected_seat_class": "S_CHAIR"
    },
    "extra": {
        "hash": "46956DC04F11E6DCE43E06B3F32F866C"
    }
}