{
    "data": {
        "trains": [
            {
                "trip_number": "MEGHNA EXPRESS (729)",
                "departure_date_time": "13 Nov, 06:00 pm",
                "departure_full_date": "2024-11-13",
                "departure_date_time_jd": "Wed, 13 Nov 2024, 06:00 PM",
                "arrival_date_time": "13 Nov, 09:28 pm",
                "travel_time": "03h 28m",
                "origin_city_name": "chattogram",
                "destination_city_name": "modhu_road",
                "seat_types": [
                    {
                        "key": 5,
                        "type": "F_SEAT",
                        "trip_id": 8363574,
                        "trip_route_id": 51053433,
                        "route_id": 22613,
                        "fare": "290.00",
                        "vat_percent": 15,
                        "vat_amount": 44,
                        "seat_counts": {
                            "online": 0,
                            "offline": 0,
                            "is_divided": true
                        }
                    },
                    {
                        "key": 8,
                        "type": "SHOVAN",
                        "trip_id": 8363575,
                        "trip_route_id": 51053469,
                        "route_id": 22613,
                        "fare": "180.00",
                        "vat_percent": 0,
                        "vat_amount": 0,
                        "seat_counts": {
                            "online": 15,
                            "offline": 15,
                            "is_divided": true
                        }
                    },
                    {
                        "key": 7,
                        "type": "S_CHAIR",
                        "trip_id": 8363588,
                        "trip_route_id": 51053899,
                        "route_id": 22613,
                        "fare": "220.00",
                        "vat_percent": 0,
                        "vat_amount": 0,
                        "seat_counts": {
                            "online": 0,
                            "offline": 0,
                            "is_divided": true
                        }
                    },
                    {
                        "key": 6,
                        "type": "F_CHAIR",
                        "trip_id": 8363594,
                        "trip_route_id": 51054163,
                        "route_id": 22613,
                        "fare": "290.00",
                        "vat_percent": 15,
                        "vat_amount": 44,
                        "seat_counts": {
                            "online": 2,
                            "offline": 1,
                            "is_divided": true
                        }
                    }
                ],
                "train_model": "729",
                "is_open_for_all": true,
                "is_eid_trip": 0,
                "boarding_points": [
                    {
                        "trip_point_id": 106861471,
                        "location_id": 2820,
                        "location_name": "Chattogram Station",
                        "location_time": "06:00 PM"
                    }
                ],
                "is_international": 0,
                "is_from_city_international": false
            }
        ],
        "selected_seat_class": "S_CHAIR"
    },
    "extra": {
        "hash": "46956DC04F11E6DCE43E06B3F32F866C"
    }
}