{
    "data": {
        "trains": [
            {
                "trip_number": "MOHANAGAR EXPRESS (721)",
                "departure_date_time": "13 Nov, 12:30 pm",
                "departure_full_date": "2024-11-13",
                "departure_date_time_jd": "Wed, 13 Nov 2024, 12:30 PM",
                "arrival_date_time": "13 Nov, 04:45 pm",
                "travel_time": "04h 15m",
                "origin_city_name": "chattogram",
                "destination_city_name": "ashuganj",
                "seat_types": [
                    {
                        "key": 3,
                        "type": "SNIGDHA",
                        "trip_id": 8363475,
                        "trip_route_id": 51051104,
                        "route_id": 22479,
                        "fare": "460.00",
                        "vat_percent": 15,
                        "vat_amount": 69,
                        "seat_counts": {
                            "online": 4,
                            "offline": 3,
                            "is_divided": true
                        }
                    },
                    {
                        "key": 7,
                        "type": "S_CHAIR",
                        "trip_id": 8363592,
                        "trip_route_id": 51054090,
                        "route_id": 22479,
                        "fare": "275.00",
                        "vat_percent": 0,
                        "vat_amount": 0,
                        "seat_counts": {
                            "online": 0,
                            "offline": 0,
                            "is_divided": true
                        }
                    }
                ],
                "train_model": "721",
                "is_open_for_all": true,
                "is_eid_trip": 0,
                "boarding_points": [
                    {
                        "trip_point_id": 106859796,
                        "location_id": 2820,
                        "location_name": "Chattogram Station",
                        "location_time": "12:30 PM"
                    }
                ],
                "is_international": 0,
                "is_from_city_international": false
            }
        ],
        "selected_seat_class": "S_CHAIR"
    },
    "extra": {
        "hash": "46956DC04F11E6DCE43E06B3F32F866C"
    }
}