{
    "data": {
        "trains": [
            {
                "trip_number": "SILKCITY EXPRESS (754)",
                "departure_date_time": "13 Nov, 09:01 am",
                "departure_full_date": "2024-11-13",
                "departure_date_time_jd": "Wed, 13 Nov 2024, 09:01 AM",
                "arrival_date_time": "13 Nov, 09:38 am",
                "travel_time": "00h 37m",
                "origin_city_name": "chatmohar",
                "destination_city_name": "ullapara",
                "seat_types": [
                    {
                        "key": 2,
                        "type": "AC_S",
                        "trip_id": 8363388,
                        "trip_route_id": 51045743,
                        "route_id": 19571,
                        "fare": "110.00",
                        "vat_percent": 15,
                        "vat_amount": 17,
                        "seat_counts": {
                            "online": 0,
                            "offline": 0,
                            "is_divided": true
                        }
                    },
                    {
                        "key": 3,
                        "type": "SNIGDHA",
                        "trip_id": 8363389,
                        "trip_route_id": 51045784,
                        "route_id": 19571,
                        "fare": "100.00",
                        "vat_percent": 15,
                        "vat_amount": 15,
                        "seat_counts": {
                            "online": 0,
                            "offline": 0,
                            "is_divided": true
                        }
                    },
                    {
                        "key": 7,
                        "type": "S_CHAIR",
                        "trip_id": 8363390,
                        "trip_route_id": 51045825,
                        "route_id": 19571,
                        "fare": "50.00",
                        "vat_percent": 0,
                        "vat_amount": 0,
                        "seat_counts": {
                            "online": 6,
                            "offline": 6,
                            "is_divided": true
                        }
                    }
                ],
                "train_model": "754",
                "is_open_for_all": true,
                "is_eid_trip": 0,
                "boarding_points": [
                    {
                        "trip_point_id": 106857188,
                        "location_id": 2792,
                        "location_name": "Chatmohar Station",
                        "location_time": "09:01 AM"
                    }
                ],
                "is_international": 0,
                "is_from_city_international": false
            },
            {
                "trip_number": "CHITRA EXPRESS (763)",
                "departure_date_time": "13 Nov, 01:53 pm",
                "departure_full_date": "2024-11-13",
                "departure_date_time_jd": "Wed, 13 Nov 2024, 01:53 PM",
                "arrival_date_time": "13 Nov, 02:27 pm",
                "travel_time": "00h 34m",
                "origin_city_name": "chatmohar",
                "destination_city_name": "ullapara",
                "seat_types": [
                    {
                        "key": 7,
                        "type": "S_CHAIR",
                        "trip_id": 8363437,
                        "trip_route_id": 51048801,
                        "route_id": 25113,
                        "fare": "50.00",
                        "vat_percent": 0,
                        "vat_amount": 0,
                        "seat_counts": {
                            "online": 1,
                            "offline": 1,
                            "is_divided": true
                        }
                    }
                ],
                "train_model": "763",
                "is_open_for_all": true,
                "is_eid_trip": 0,
                "boarding_points": [
                    {
                        "trip_point_id": 106858708,
                        "location_id": 2792,
                        "location_name": "Chatmohar Station",
                        "location_time": "01:53 PM"
                    }
                ],
                "is_international": 0,
                "is_from_city_international": false
            },
            {
                "trip_number": "PADMA EXPRESS (760)",
                "departure_date_time": "13 Nov, 05:26 pm",
                "departure_full_date": "2024-11-13",
                "departure_date_time_jd": "Wed, 13 Nov 2024, 05:26 PM",
                "arrival_date_time": "13 Nov, 06:00 pm",
                "travel_time": "00h 34m",
                "origin_city_name": "chatmohar",
                "destination_city_name": "ullapara",
                "seat_types": [
                    {
                        "key": 3,
                        "type": "SNIGDHA",
                        "trip_id": 8363383,
                        "trip_route_id": 51045519,
                        "route_id": 19571,
                        "fare": "100.00",
                        "vat_percent": 15,
                        "vat_amount": 15,
                        "seat_counts": {
                            "online": 0,
                            "offline": 0,
                            "is_divided": true
                        }
                    },
                    {
                        "key": 7,
                        "type": "S_CHAIR",
                        "trip_id": 8363384,
                        "trip_route_id": 51045558,
                        "route_id": 19571,
                        "fare": "50.00",
                        "vat_percent": 0,
                        "vat_amount": 0,
                        "seat_counts": {
                            "online": 0,
                            "offline": 0,
                            "is_divided": true
                        }
                    },
                    {
                        "key": 2,
                        "type": "AC_S",
                        "trip_id": 8363453,
                        "trip_route_id": 51050292,
                        "route_id": 19571,
                        "fare": "110.00",
                        "vat_percent": 15,
                        "vat_amount": 17,
                        "seat_counts": {
                            "online": 0,
                            "offline": 0,
                            "is_divided": true
                        }
                    }
                ],
                "train_model": "760",
                "is_open_for_all": true,
                "is_eid_trip": 0,
                "boarding_points": [
                    {
                        "trip_point_id": 106857066,
                        "location_id": 2792,
                        "location_name": "Chatmohar Station",
                        "location_time": "05:26 PM"
                    }
                ],
                "is_international": 0,
                "is_from_city_international": false
            }
        ],
        "selected_seat_class": "S_CHAIR"
    },
    "extra": {
        "hash": "46956DC04F11E6DCE43E06B3F32F866C"
    }
}