{
    "data": {
        "trains": [
            {
                "trip_number": "BIJOY EXPRESS (785)",
                "departure_date_time": "13 Nov, 09:15 am",
                "departure_full_date": "2024-11-13",
                "departure_date_time_jd": "Wed, 13 Nov 2024, 09:15 AM",
                "arrival_date_time": "13 Nov, 01:46 pm",
                "travel_time": "04h 31m",
                "origin_city_name": "chattogram",
                "destination_city_name": "sararchar",
                "seat_types": [
                    {
                        "key": 7,
                        "type": "S_CHAIR",
                        "trip_id": 8363577,
                        "trip_route_id": 51053530,
                        "route_id": 23088,
                        "fare": "335.00",
                        "vat_percent": 0,
                        "vat_amount": 0,
                        "seat_counts": {
                            "online": 0,
                            "offline": 0,
                            "is_divided": true
                        }
                    }
                ],
                "train_model": "785",
                "is_open_for_all": true,
                "is_eid_trip": 0,
                "boarding_points": [
                    {
                        "trip_point_id": 106861532,
                        "location_id": 2820,
                        "location_name": "Chattogram Station",
                        "location_time": "09:15 AM"
                    }
                ],
                "is_international": 0,
                "is_from_city_international": false
            }
        ],
        "selected_seat_class": "S_CHAIR"
    },
    "extra": {
        "hash": "46956DC04F11E6DCE43E06B3F32F866C"
    }
}