{
    "data": {
        "trains": [
            {
                "trip_number": "DHUMKETU EXPRESS (769)",
                "departure_date_time": "13 Nov, 10:04 am",
                "departure_full_date": "2024-11-13",
                "departure_date_time_jd": "Wed, 13 Nov 2024, 10:04 AM",
                "arrival_date_time": "13 Nov, 11:40 am",
                "travel_time": "01h 36m",
                "origin_city_name": "chatmohar",
                "destination_city_name": "rajshahi",
                "seat_types": [
                    {
                        "key": 7,
                        "type": "S_CHAIR",
                        "trip_id": 8363377,
                        "trip_route_id": 51045235,
                        "route_id": 19539,
                        "fare": "95.00",
                        "vat_percent": 0,
                        "vat_amount": 0,
                        "seat_counts": {
                            "online": 26,
                            "offline": 25,
                            "is_divided": true
                        }
                    },
                    {
                        "key": 3,
                        "type": "SNIGDHA",
                        "trip_id": 8363378,
                        "trip_route_id": 51045283,
                        "route_id": 19539,
                        "fare": "155.00",
                        "vat_percent": 15,
                        "vat_amount": 24,
                        "seat_counts": {
                            "online": 3,
                            "offline": 2,
                            "is_divided": true
                        }
                    },
                    {
                        "key": 2,
                        "type": "AC_S",
                        "trip_id": 8363379,
                        "trip_route_id": 51045334,
                        "route_id": 19539,
                        "fare": "185.00",
                        "vat_percent": 15,
                        "vat_amount": 28,
                        "seat_counts": {
                            "online": 2,
                            "offline": 2,
                            "is_divided": true
                        }
                    }
                ],
                "train_model": "769",
                "is_open_for_all": true,
                "is_eid_trip": 0,
                "boarding_points": [
                    {
                        "trip_point_id": 106856919,
                        "location_id": 2792,
                        "location_name": "Chatmohar Station",
                        "location_time": "10:04 AM"
                    }
                ],
                "is_international": 0,
                "is_from_city_international": false
            },
            {
                "trip_number": "SILKCITY EXPRESS (753)",
                "departure_date_time": "13 Nov, 06:50 pm",
                "departure_full_date": "2024-11-13",
                "departure_date_time_jd": "Wed, 13 Nov 2024, 06:50 PM",
                "arrival_date_time": "13 Nov, 08:30 pm",
                "travel_time": "01h 40m",
                "origin_city_name": "chatmohar",
                "destination_city_name": "rajshahi",
                "seat_types": [
                    {
                        "key": 2,
                        "type": "AC_S",
                        "trip_id": 8363385,
                        "trip_route_id": 51045600,
                        "route_id": 19539,
                        "fare": "185.00",
                        "vat_percent": 15,
                        "vat_amount": 28,
                        "seat_counts": {
                            "online": 2,
                            "offline": 2,
                            "is_divided": true
                        }
                    },
                    {
                        "key": 3,
                        "type": "SNIGDHA",
                        "trip_id": 8363386,
                        "trip_route_id": 51045646,
                        "route_id": 19539,
                        "fare": "155.00",
                        "vat_percent": 15,
                        "vat_amount": 24,
                        "seat_counts": {
                            "online": 8,
                            "offline": 7,
                            "is_divided": true
                        }
                    },
                    {
                        "key": 7,
                        "type": "S_CHAIR",
                        "trip_id": 8363387,
                        "trip_route_id": 51045693,
                        "route_id": 19539,
                        "fare": "95.00",
                        "vat_percent": 0,
                        "vat_amount": 0,
                        "seat_counts": {
                            "online": 35,
                            "offline": 35,
                            "is_divided": true
                        }
                    }
                ],
                "train_model": "753",
                "is_open_for_all": true,
                "is_eid_trip": 0,
                "boarding_points": [
                    {
                        "trip_point_id": 106857110,
                        "location_id": 2792,
                        "location_name": "Chatmohar Station",
                        "location_time": "06:50 PM"
                    }
                ],
                "is_international": 0,
                "is_from_city_international": false
            }
        ],
        "selected_seat_class": "S_CHAIR"
    },
    "extra": {
        "hash": "46956DC04F11E6DCE43E06B3F32F866C"
    }
}