{
    "data": {
        "trains": [
            {
                "trip_number": "RUPSHA EXPRESS (728)",
                "departure_date_time": "13 Nov, 08:30 am",
                "departure_full_date": "2024-11-13",
                "departure_date_time_jd": "Wed, 13 Nov 2024, 08:30 AM",
                "arrival_date_time": "13 Nov, 03:20 pm",
                "travel_time": "06h 50m",
                "origin_city_name": "chilahati",
                "destination_city_name": "chuadanga",
                "seat_types": [
                    {
                        "key": 2,
                        "type": "AC_S",
                        "trip_id": 8363433,
                        "trip_route_id": 51048451,
                        "route_id": 20045,
                        "fare": "825.00",
                        "vat_percent": 15,
                        "vat_amount": 124,
                        "seat_counts": {
                            "online": 0,
                            "offline": 0,
                            "is_divided": true
                        }
                    },
                    {
                        "key": 3,
                        "type": "SNIGDHA",
                        "trip_id": 8363443,
                        "trip_route_id": 51049410,
                        "route_id": 20045,
                        "fare": "685.00",
                        "vat_percent": 15,
                        "vat_amount": 103,
                        "seat_counts": {
                            "online": 2,
                            "offline": 1,
                            "is_divided": true
                        }
                    },
                    {
                        "key": 7,
                        "type": "S_CHAIR",
                        "trip_id": 8363444,
                        "trip_route_id": 51049581,
                        "route_id": 20045,
                        "fare": "415.00",
                        "vat_percent": 0,
                        "vat_amount": 0,
                        "seat_counts": {
                            "online": 3,
                            "offline": 2,
                            "is_divided": true
                        }
                    },
                    {
                        "key": 5,
                        "type": "F_SEAT",
                        "trip_id": 8363655,
                        "trip_route_id": 51055302,
                        "route_id": 20045,
                        "fare": "550.00",
                        "vat_percent": 15,
                        "vat_amount": 83,
                        "seat_counts": {
                            "online": 2,
                            "offline": 2,
                            "is_divided": true
                        }
                    }
                ],
                "train_model": "728",
                "is_open_for_all": true,
                "is_eid_trip": 0,
                "boarding_points": [
                    {
                        "trip_point_id": 106858558,
                        "location_id": 2741,
                        "location_name": "Chilahati Station",
                        "location_time": "08:30 AM"
                    }
                ],
                "is_international": 0,
                "is_from_city_international": false
            },
            {
                "trip_number": "SIMANTA EXPRESS (748)",
                "departure_date_time": "13 Nov, 06:45 pm",
                "departure_full_date": "2024-11-13",
                "departure_date_time_jd": "Wed, 13 Nov 2024, 06:45 PM",
                "arrival_date_time": "14 Nov, 01:14 am",
                "travel_time": "06h 29m",
                "origin_city_name": "chilahati",
                "destination_city_name": "chuadanga",
                "seat_types": [
                    {
                        "key": 7,
                        "type": "S_CHAIR",
                        "trip_id": 8363405,
                        "trip_route_id": 51046670,
                        "route_id": 20045,
                        "fare": "415.00",
                        "vat_percent": 0,
                        "vat_amount": 0,
                        "seat_counts": {
                            "online": 5,
                            "offline": 5,
                            "is_divided": true
                        }
                    },
                    {
                        "key": 1,
                        "type": "AC_B",
                        "trip_id": 8363431,
                        "trip_route_id": 51048209,
                        "route_id": 20045,
                        "fare": "1235.00",
                        "vat_percent": 15,
                        "vat_amount": 186,
                        "seat_counts": {
                            "online": 0,
                            "offline": 0,
                            "is_divided": true
                        }
                    },
                    {
                        "key": 3,
                        "type": "SNIGDHA",
                        "trip_id": 8363432,
                        "trip_route_id": 51048323,
                        "route_id": 20045,
                        "fare": "685.00",
                        "vat_percent": 15,
                        "vat_amount": 103,
                        "seat_counts": {
                            "online": 3,
                            "offline": 2,
                            "is_divided": true
                        }
                    }
                ],
                "train_model": "748",
                "is_open_for_all": true,
                "is_eid_trip": 0,
                "boarding_points": [
                    {
                        "trip_point_id": 106857688,
                        "location_id": 2741,
                        "location_name": "Chilahati Station",
                        "location_time": "06:45 PM"
                    }
                ],
                "is_international": 0,
                "is_from_city_international": false
            }
        ],
        "selected_seat_class": "S_CHAIR"
    },
    "extra": {
        "hash": "46956DC04F11E6DCE43E06B3F32F866C"
    }
}