{
    "data": {
        "trains": [
            {
                "trip_number": "CHILAHATI EXPRESS (806)",
                "departure_date_time": "13 Nov, 06:00 am",
                "departure_full_date": "2024-11-13",
                "departure_date_time_jd": "Wed, 13 Nov 2024, 06:00 AM",
                "arrival_date_time": "13 Nov, 01:50 pm",
                "travel_time": "07h 50m",
                "origin_city_name": "chilahati",
                "destination_city_name": "joydebpur",
                "seat_types": [
                    {
                        "key": 7,
                        "type": "S_CHAIR",
                        "trip_id": 8363614,
                        "trip_route_id": 51054740,
                        "route_id": 24764,
                        "fare": "580.00",
                        "vat_percent": 0,
                        "vat_amount": 0,
                        "seat_counts": {
                            "online": 2,
                            "offline": 2,
                            "is_divided": true
                        }
                    },
                    {
                        "key": 3,
                        "type": "SNIGDHA",
                        "trip_id": 8363615,
                        "trip_route_id": 51054776,
                        "route_id": 24764,
                        "fare": "960.00",
                        "vat_percent": 15,
                        "vat_amount": 144,
                        "seat_counts": {
                            "online": 0,
                            "offline": 0,
                            "is_divided": true
                        }
                    }
                ],
                "train_model": "806",
                "is_open_for_all": true,
                "is_eid_trip": 0,
                "boarding_points": [
                    {
                        "trip_point_id": 106862231,
                        "location_id": 2741,
                        "location_name": "Chilahati Station",
                        "location_time": "06:00 AM"
                    }
                ],
                "is_international": 0,
                "is_from_city_international": false
            },
            {
                "trip_number": "NILSAGAR EXPRESS (766)",
                "departure_date_time": "13 Nov, 08:00 pm",
                "departure_full_date": "2024-11-13",
                "departure_date_time_jd": "Wed, 13 Nov 2024, 08:00 PM",
                "arrival_date_time": "14 Nov, 04:21 am",
                "travel_time": "08h 21m",
                "origin_city_name": "chilahati",
                "destination_city_name": "joydebpur",
                "seat_types": [
                    {
                        "key": 7,
                        "type": "S_CHAIR",
                        "trip_id": 8363414,
                        "trip_route_id": 51047324,
                        "route_id": 19827,
                        "fare": "580.00",
                        "vat_percent": 0,
                        "vat_amount": 0,
                        "seat_counts": {
                            "online": 0,
                            "offline": 0,
                            "is_divided": true
                        }
                    },
                    {
                        "key": 3,
                        "type": "SNIGDHA",
                        "trip_id": 8363415,
                        "trip_route_id": 51047369,
                        "route_id": 19827,
                        "fare": "960.00",
                        "vat_percent": 15,
                        "vat_amount": 144,
                        "seat_counts": {
                            "online": 0,
                            "offline": 0,
                            "is_divided": true
                        }
                    },
                    {
                        "key": 1,
                        "type": "AC_B",
                        "trip_id": 8363416,
                        "trip_route_id": 51047414,
                        "route_id": 19827,
                        "fare": "1730.00",
                        "vat_percent": 15,
                        "vat_amount": 260,
                        "seat_counts": {
                            "online": 0,
                            "offline": 0,
                            "is_divided": true
                        }
                    }
                ],
                "train_model": "766",
                "is_open_for_all": true,
                "is_eid_trip": 0,
                "boarding_points": [
                    {
                        "trip_point_id": 106858024,
                        "location_id": 2741,
                        "location_name": "Chilahati Station",
                        "location_time": "08:00 PM"
                    }
                ],
                "is_international": 0,
                "is_from_city_international": false
            }
        ],
        "selected_seat_class": "S_CHAIR"
    },
    "extra": {
        "hash": "46956DC04F11E6DCE43E06B3F32F866C"
    }
}