{
    "data": {
        "trains": [
            {
                "trip_number": "BARENDRA EXPRESS (732)",
                "departure_date_time": "13 Nov, 05:00 am",
                "departure_full_date": "2024-11-13",
                "departure_date_time_jd": "Wed, 13 Nov 2024, 05:00 AM",
                "arrival_date_time": "13 Nov, 08:08 am",
                "travel_time": "03h 08m",
                "origin_city_name": "chilahati",
                "destination_city_name": "joypurhat",
                "seat_types": [
                    {
                        "key": 7,
                        "type": "S_CHAIR",
                        "trip_id": 8363408,
                        "trip_route_id": 51046881,
                        "route_id": 20270,
                        "fare": "155.00",
                        "vat_percent": 0,
                        "vat_amount": 0,
                        "seat_counts": {
                            "online": 10,
                            "offline": 10,
                            "is_divided": true
                        }
                    }
                ],
                "train_model": "732",
                "is_open_for_all": true,
                "is_eid_trip": 0,
                "boarding_points": [
                    {
                        "trip_point_id": 106857772,
                        "location_id": 2741,
                        "location_name": "Chilahati Station",
                        "location_time": "05:00 AM"
                    }
                ],
                "is_international": 0,
                "is_from_city_international": false
            },
            {
                "trip_number": "CHILAHATI EXPRESS (806)",
                "departure_date_time": "13 Nov, 06:00 am",
                "departure_full_date": "2024-11-13",
                "departure_date_time_jd": "Wed, 13 Nov 2024, 06:00 AM",
                "arrival_date_time": "13 Nov, 08:32 am",
                "travel_time": "02h 32m",
                "origin_city_name": "chilahati",
                "destination_city_name": "joypurhat",
                "seat_types": [
                    {
                        "key": 2,
                        "type": "AC_S",
                        "trip_id": 8363613,
                        "trip_route_id": 51054695,
                        "route_id": 24760,
                        "fare": "310.00",
                        "vat_percent": 15,
                        "vat_amount": 47,
                        "seat_counts": {
                            "online": 2,
                            "offline": 2,
                            "is_divided": true
                        }
                    },
                    {
                        "key": 7,
                        "type": "S_CHAIR",
                        "trip_id": 8363614,
                        "trip_route_id": 51054737,
                        "route_id": 24760,
                        "fare": "155.00",
                        "vat_percent": 0,
                        "vat_amount": 0,
                        "seat_counts": {
                            "online": 3,
                            "offline": 2,
                            "is_divided": true
                        }
                    },
                    {
                        "key": 3,
                        "type": "SNIGDHA",
                        "trip_id": 8363615,
                        "trip_route_id": 51054773,
                        "route_id": 24760,
                        "fare": "260.00",
                        "vat_percent": 15,
                        "vat_amount": 39,
                        "seat_counts": {
                            "online": 8,
                            "offline": 7,
                            "is_divided": true
                        }
                    }
                ],
                "train_model": "806",
                "is_open_for_all": true,
                "is_eid_trip": 0,
                "boarding_points": [
                    {
                        "trip_point_id": 106862214,
                        "location_id": 2741,
                        "location_name": "Chilahati Station",
                        "location_time": "06:00 AM"
                    }
                ],
                "is_international": 0,
                "is_from_city_international": false
            },
            {
                "trip_number": "RUPSHA EXPRESS (728)",
                "departure_date_time": "13 Nov, 08:30 am",
                "departure_full_date": "2024-11-13",
                "departure_date_time_jd": "Wed, 13 Nov 2024, 08:30 AM",
                "arrival_date_time": "13 Nov, 11:22 am",
                "travel_time": "02h 52m",
                "origin_city_name": "chilahati",
                "destination_city_name": "joypurhat",
                "seat_types": [
                    {
                        "key": 2,
                        "type": "AC_S",
                        "trip_id": 8363433,
                        "trip_route_id": 51048443,
                        "route_id": 20038,
                        "fare": "310.00",
                        "vat_percent": 15,
                        "vat_amount": 47,
                        "seat_counts": {
                            "online": 2,
                            "offline": 2,
                            "is_divided": true
                        }
                    },
                    {
                        "key": 3,
                        "type": "SNIGDHA",
                        "trip_id": 8363443,
                        "trip_route_id": 51049402,
                        "route_id": 20038,
                        "fare": "260.00",
                        "vat_percent": 15,
                        "vat_amount": 39,
                        "seat_counts": {
                            "online": 3,
                            "offline": 2,
                            "is_divided": true
                        }
                    },
                    {
                        "key": 7,
                        "type": "S_CHAIR",
                        "trip_id": 8363444,
                        "trip_route_id": 51049573,
                        "route_id": 20038,
                        "fare": "155.00",
                        "vat_percent": 0,
                        "vat_amount": 0,
                        "seat_counts": {
                            "online": 8,
                            "offline": 8,
                            "is_divided": true
                        }
                    },
                    {
                        "key": 5,
                        "type": "F_SEAT",
                        "trip_id": 8363655,
                        "trip_route_id": 51055298,
                        "route_id": 20038,
                        "fare": "205.00",
                        "vat_percent": 15,
                        "vat_amount": 31,
                        "seat_counts": {
                            "online": 2,
                            "offline": 2,
                            "is_divided": true
                        }
                    }
                ],
                "train_model": "728",
                "is_open_for_all": true,
                "is_eid_trip": 0,
                "boarding_points": [
                    {
                        "trip_point_id": 106858558,
                        "location_id": 2741,
                        "location_name": "Chilahati Station",
                        "location_time": "08:30 AM"
                    }
                ],
                "is_international": 0,
                "is_from_city_international": false
            },
            {
                "trip_number": "SIMANTA EXPRESS (748)",
                "departure_date_time": "13 Nov, 06:45 pm",
                "departure_full_date": "2024-11-13",
                "departure_date_time_jd": "Wed, 13 Nov 2024, 06:45 PM",
                "arrival_date_time": "13 Nov, 09:29 pm",
                "travel_time": "02h 44m",
                "origin_city_name": "chilahati",
                "destination_city_name": "joypurhat",
                "seat_types": [
                    {
                        "key": 7,
                        "type": "S_CHAIR",
                        "trip_id": 8363405,
                        "trip_route_id": 51046662,
                        "route_id": 20038,
                        "fare": "155.00",
                        "vat_percent": 0,
                        "vat_amount": 0,
                        "seat_counts": {
                            "online": 5,
                            "offline": 5,
                            "is_divided": true
                        }
                    },
                    {
                        "key": 1,
                        "type": "AC_B",
                        "trip_id": 8363431,
                        "trip_route_id": 51048203,
                        "route_id": 20038,
                        "fare": "460.00",
                        "vat_percent": 15,
                        "vat_amount": 69,
                        "seat_counts": {
                            "online": 0,
                            "offline": 0,
                            "is_divided": true
                        }
                    },
                    {
                        "key": 3,
                        "type": "SNIGDHA",
                        "trip_id": 8363432,
                        "trip_route_id": 51048316,
                        "route_id": 20038,
                        "fare": "260.00",
                        "vat_percent": 15,
                        "vat_amount": 39,
                        "seat_counts": {
                            "online": 3,
                            "offline": 2,
                            "is_divided": true
                        }
                    },
                    {
                        "key": 4,
                        "type": "F_BERTH",
                        "trip_id": 8363657,
                        "trip_route_id": 51055331,
                        "route_id": 20038,
                        "fare": "310.00",
                        "vat_percent": 15,
                        "vat_amount": 47,
                        "seat_counts": {
                            "online": 1,
                            "offline": 1,
                            "is_divided": true
                        }
                    }
                ],
                "train_model": "748",
                "is_open_for_all": true,
                "is_eid_trip": 0,
                "boarding_points": [
                    {
                        "trip_point_id": 106857688,
                        "location_id": 2741,
                        "location_name": "Chilahati Station",
                        "location_time": "06:45 PM"
                    }
                ],
                "is_international": 0,
                "is_from_city_international": false
            },
            {
                "trip_number": "NILSAGAR EXPRESS (766)",
                "departure_date_time": "13 Nov, 08:00 pm",
                "departure_full_date": "2024-11-13",
                "departure_date_time_jd": "Wed, 13 Nov 2024, 08:00 PM",
                "arrival_date_time": "13 Nov, 10:44 pm",
                "travel_time": "02h 44m",
                "origin_city_name": "chilahati",
                "destination_city_name": "joypurhat",
                "seat_types": [
                    {
                        "key": 7,
                        "type": "S_CHAIR",
                        "trip_id": 8363414,
                        "trip_route_id": 51047319,
                        "route_id": 19820,
                        "fare": "155.00",
                        "vat_percent": 0,
                        "vat_amount": 0,
                        "seat_counts": {
                            "online": 6,
                            "offline": 6,
                            "is_divided": true
                        }
                    },
                    {
                        "key": 3,
                        "type": "SNIGDHA",
                        "trip_id": 8363415,
                        "trip_route_id": 51047364,
                        "route_id": 19820,
                        "fare": "260.00",
                        "vat_percent": 15,
                        "vat_amount": 39,
                        "seat_counts": {
                            "online": 8,
                            "offline": 7,
                            "is_divided": true
                        }
                    },
                    {
                        "key": 1,
                        "type": "AC_B",
                        "trip_id": 8363416,
                        "trip_route_id": 51047409,
                        "route_id": 19820,
                        "fare": "460.00",
                        "vat_percent": 15,
                        "vat_amount": 69,
                        "seat_counts": {
                            "online": 1,
                            "offline": 1,
                            "is_divided": true
                        }
                    }
                ],
                "train_model": "766",
                "is_open_for_all": true,
                "is_eid_trip": 0,
                "boarding_points": [
                    {
                        "trip_point_id": 106858024,
                        "location_id": 2741,
                        "location_name": "Chilahati Station",
                        "location_time": "08:00 PM"
                    }
                ],
                "is_international": 0,
                "is_from_city_international": false
            }
        ],
        "selected_seat_class": "S_CHAIR"
    },
    "extra": {
        "hash": "46956DC04F11E6DCE43E06B3F32F866C"
    }
}