{
    "data": {
        "days": [
            "Sat",
            "Sun",
            "Mon",
            "Tue",
            "Wed",
            "Thu"
        ],
        "routes": [
            {
                "city": "Dhaka",
                "departure_time": "01:30 pm BST",
                "halt": null,
                "duration": null,
                "arrival_time": null
            },
            {
                "city": "Biman_Bandar",
                "arrival_time": "01:53 pm BST",
                "departure_time": "01:58 pm BST",
                "halt": "05",
                "duration": "00:23"
            },
            {
                "city": "Rajshahi",
                "arrival_time": "05:45 pm BST",
                "departure_time": "06:05 pm BST",
                "halt": "20",
                "duration": "03:47"
            },
            {
                "city": "Chapainawabganj",
                "arrival_time": "07:15 pm BST",
                "halt": null,
                "duration": "01:10",
                "departure_time": null
            }
        ],
        "total_duration": "05:45",
        "train_name": "BANALATA EXPRESS (791)",
        "train_model": "791"
    }
}