{
    "data": {
        "days": [
            "Fri",
            "Sat",
            "Sun",
            "Mon",
            "Tue",
            "Wed",
            "Thu"
        ],
        "routes": [
            {
                "city": "Dewanganj_Bazar",
                "departure_time": "06:40 am BST",
                "halt": null,
                "duration": null,
                "arrival_time": null
            },
            {
                "city": "Islampur_Bazar",
                "departure_time": "06:59 am BST",
                "arrival_time": "06:54 am BST",
                "halt": "05",
                "duration": "00:14"
            },
            {
                "city": "Melandah_Bazar",
                "departure_time": "07:20 am BST",
                "arrival_time": "07:15 am BST",
                "halt": "05",
                "duration": "00:16"
            },
            {
                "city": "Jamalpur_Town",
                "departure_time": "07:41 am BST",
                "arrival_time": "07:36 am BST",
                "halt": "05",
                "duration": "00:16"
            },
            {
                "city": "Nandina",
                "arrival_time": "07:54 am BST",
                "departure_time": "07:56 am BST",
                "halt": "02",
                "duration": "00:13"
            },
            {
                "city": "Piyarpur",
                "departure_time": "08:18 am BST",
                "arrival_time": "08:16 am BST",
                "halt": "02",
                "duration": "00:20"
            },
            {
                "city": "Mymensingh",
                "departure_time": "08:55 am BST",
                "arrival_time": "08:50 am BST",
                "halt": "05",
                "duration": "00:32"
            },
            {
                "city": "Gafargaon",
                "arrival_time": "09:45 am BST",
                "departure_time": "09:47 am BST",
                "halt": "02",
                "duration": "00:50"
            },
            {
                "city": "Biman_Bandar",
                "arrival_time": "11:40 am BST",
                "halt": "---",
                "duration": "01:53"
            },
            {
                "city": "Dhaka",
                "arrival_time": "12:15 pm BST",
                "halt": null,
                "duration": "---",
                "departure_time": null
            }
        ],
        "total_duration": "05:35",
        "train_name": "BHRAMMAPUTRA EXPRESS (744)",
        "train_model": "744"
    }
}