{
    "data": {
        "days": [
            "Fri",
            "Sun",
            "Mon",
            "Tue",
            "Wed",
            "Thu"
        ],
        "routes": [
            {
                "city": "Dhaka",
                "departure_time": "05:00 pm BST",
                "halt": null,
                "duration": null,
                "arrival_time": null
            },
            {
                "city": "Biman_Bandar",
                "arrival_time": "05:23 pm BST",
                "departure_time": "05:28 pm BST",
                "halt": "05",
                "duration": "00:23"
            },
            {
                "city": "Joydebpur",
                "arrival_time": "05:51 pm BST",
                "departure_time": "05:54 pm BST",
                "halt": "03",
                "duration": "00:23"
            },
            {
                "city": "Ishwardi Bypass",
                "arrival_time": "08:55 pm BST",
                "departure_time": "08:57 pm BST",
                "halt": "02",
                "duration": "03:01"
            },
            {
                "city": "Natore",
                "arrival_time": "09:27 pm BST",
                "departure_time": "09:30 pm BST",
                "halt": "03",
                "duration": "00:30"
            },
            {
                "city": "Santahar",
                "arrival_time": "10:30 pm BST",
                "departure_time": "10:35 pm BST",
                "halt": "05",
                "duration": "01:00"
            },
            {
                "city": "Joypurhat",
                "arrival_time": "11:19 pm BST",
                "departure_time": "11:22 pm BST",
                "halt": "03",
                "duration": "00:44"
            },
            {
                "city": "Birampur",
                "arrival_time": "11:51 pm BST",
                "departure_time": "11:53 pm BST",
                "halt": "02",
                "duration": "00:29"
            },
            {
                "city": "Fulbari",
                "arrival_time": "12:04 am BST",
                "departure_time": "12:06 am BST",
                "halt": "02",
                "duration": "00:11"
            },
            {
                "city": "Parbatipur",
                "arrival_time": "12:40 am BST",
                "departure_time": "01:00 am BST",
                "halt": "20",
                "duration": "00:34"
            },
            {
                "city": "Saidpur",
                "arrival_time": "01:17 am BST",
                "departure_time": "01:22 am BST",
                "halt": "05",
                "duration": "00:17"
            },
            {
                "city": "Nilphamari",
                "arrival_time": "01:41 am BST",
                "departure_time": "01:44 am BST",
                "halt": "03",
                "duration": "00:19"
            },
            {
                "city": "Domar",
                "arrival_time": "02:00 am BST",
                "departure_time": "02:03 am BST",
                "halt": "03",
                "duration": "00:16"
            },
            {
                "city": "Chilahati",
                "arrival_time": "02:45 am BST",
                "halt": null,
                "duration": "00:42",
                "departure_time": null
            }
        ],
        "total_duration": "09:45",
        "train_name": "CHILAHATI EXPRESS (805)",
        "train_model": "805"
    }
}