{
    "data": {
        "days": [
            "Fri",
            "Sat",
            "Sun",
            "Mon",
            "Tue",
            "Wed"
        ],
        "routes": [
            {
                "city": "Dhaka",
                "departure_time": "06:00 am BST",
                "halt": null,
                "duration": null,
                "arrival_time": null
            },
            {
                "city": "Biman_Bandar",
                "arrival_time": "06:23 am BST",
                "departure_time": "06:28 am BST",
                "halt": "05",
                "duration": "00:23"
            },
            {
                "city": "Joydebpur",
                "arrival_time": "06:51 am BST",
                "departure_time": "06:53 am BST",
                "halt": "02",
                "duration": "00:23"
            },
            {
                "city": "Tangail",
                "arrival_time": "07:47 am BST",
                "departure_time": "07:49 am BST",
                "halt": "02",
                "duration": "00:54"
            },
            {
                "city": "Ibrahimabad",
                "arrival_time": "08:09 am BST",
                "departure_time": "08:11 am BST",
                "halt": "02",
                "duration": "00:20"
            },
            {
                "city": "SH M Monsur Ali",
                "arrival_time": "08:27 am BST",
                "departure_time": "08:30 am BST",
                "halt": "03",
                "duration": "00:16"
            },
            {
                "city": "Jamtail",
                "arrival_time": "08:38 am BST",
                "departure_time": "08:44 am BST",
                "halt": "06",
                "duration": "00:08"
            },
            {
                "city": "Ullapara",
                "arrival_time": "08:56 am BST",
                "departure_time": "08:59 am BST",
                "halt": "03",
                "duration": "00:12"
            },
            {
                "city": "Boral_Bridge",
                "arrival_time": "09:28 am BST",
                "departure_time": "09:31 am BST",
                "halt": "03",
                "duration": "00:29"
            },
            {
                "city": "Chatmohar",
                "arrival_time": "09:44 am BST",
                "departure_time": "09:47 am BST",
                "halt": "03",
                "duration": "00:13"
            },
            {
                "city": "Ishwardi Bypass",
                "arrival_time": "10:12 am BST",
                "departure_time": "10:15 am BST",
                "halt": "03",
                "duration": "00:25"
            },
            {
                "city": "Abdulpur",
                "arrival_time": "10:33 am BST",
                "departure_time": "10:36 am BST",
                "halt": "03",
                "duration": "00:18"
            },
            {
                "city": "Arani",
                "arrival_time": "10:47 am BST",
                "departure_time": "10:49 am BST",
                "halt": "02",
                "duration": "00:11"
            },
            {
                "city": "Rajshahi",
                "arrival_time": "11:40 am BST",
                "halt": null,
                "duration": "00:51",
                "departure_time": null
            }
        ],
        "total_duration": "05:40",
        "train_name": "DHUMKETU EXPRESS (769)",
        "train_model": "769"
    }
}