{
    "data": {
        "days": [
            "Fri",
            "Sat",
            "Sun",
            "Mon",
            "Tue",
            "Wed",
            "Thu"
        ],
        "routes": [
            {
                "city": "Panchagarh",
                "departure_time": "06:00 am BST",
                "halt": null,
                "duration": null,
                "arrival_time": null
            },
            {
                "city": "Kismat",
                "arrival_time": "06:21 am BST",
                "halt": "---",
                "duration": "00:21"
            },
            {
                "city": "Ruhia",
                "departure_time": "06:35 am BST",
                "arrival_time": "06:33 am BST",
                "halt": "02",
                "duration": "---"
            },
            {
                "city": "Thakurgaon_Road",
                "departure_time": "06:54 am BST",
                "arrival_time": "06:51 am BST",
                "halt": "03",
                "duration": "00:16"
            },
            {
                "city": "Bhomradah",
                "arrival_time": "07:13 am BST",
                "departure_time": "07:15 am BST",
                "halt": "02",
                "duration": "00:19"
            },
            {
                "city": "Pirganj",
                "departure_time": "07:27 am BST",
                "arrival_time": "07:25 am BST",
                "halt": "02",
                "duration": "00:10"
            },
            {
                "city": "Setabganj",
                "departure_time": "07:46 am BST",
                "arrival_time": "07:43 am BST",
                "halt": "03",
                "duration": "00:16"
            },
            {
                "city": "Dinajpur",
                "departure_time": "08:31 am BST",
                "arrival_time": "08:21 am BST",
                "halt": "10",
                "duration": "00:35"
            },
            {
                "city": "Chirirbandar",
                "departure_time": "08:52 am BST",
                "arrival_time": "08:50 am BST",
                "halt": "02",
                "duration": "00:19"
            },
            {
                "city": "Parbatipur",
                "arrival_time": "09:15 am BST",
                "departure_time": "09:40 am BST",
                "halt": "25",
                "duration": "00:23"
            },
            {
                "city": "Kholahati",
                "arrival_time": "09:52 am BST",
                "halt": "---",
                "duration": "00:12"
            },
            {
                "city": "Badarganj",
                "departure_time": "10:08 am BST",
                "arrival_time": "10:05 am BST",
                "halt": "03",
                "duration": "---"
            },
            {
                "city": "Rangpur",
                "arrival_time": "10:35 am BST",
                "departure_time": "10:40 am BST",
                "halt": "05",
                "duration": "00:27"
            },
            {
                "city": "Kaunia",
                "arrival_time": "11:05 am BST",
                "departure_time": "11:25 am BST",
                "halt": "20",
                "duration": "00:25"
            },
            {
                "city": "Pirgacha",
                "arrival_time": "11:42 am BST",
                "departure_time": "11:45 am BST",
                "halt": "03",
                "duration": "00:17"
            },
            {
                "city": "Bamondanga",
                "arrival_time": "12:04 pm BST",
                "departure_time": "12:07 pm BST",
                "halt": "03",
                "duration": "00:19"
            },
            {
                "city": "Gaibandha",
                "arrival_time": "12:52 pm BST",
                "departure_time": "12:57 pm BST",
                "halt": "05",
                "duration": "00:45"
            },
            {
                "city": "Badiakhali",
                "arrival_time": "01:13 pm BST",
                "departure_time": "01:33 pm BST",
                "halt": "20",
                "duration": "00:16"
            },
            {
                "city": "Bonar_Para",
                "arrival_time": "01:43 pm BST",
                "departure_time": "01:48 pm BST",
                "halt": "05",
                "duration": "00:10"
            },
            {
                "city": "Mahimaganj",
                "arrival_time": "01:57 pm BST",
                "halt": "---",
                "duration": "00:09"
            },
            {
                "city": "Sonatola",
                "arrival_time": "02:10 pm BST",
                "departure_time": "02:12 pm BST",
                "halt": "02",
                "duration": "---"
            },
            {
                "city": "Bogura",
                "arrival_time": "02:49 pm BST",
                "departure_time": "03:05 pm BST",
                "halt": "16",
                "duration": "00:37"
            },
            {
                "city": "Talora",
                "arrival_time": "03:43 pm BST",
                "halt": "---",
                "duration": "00:38"
            },
            {
                "city": "Santahar",
                "arrival_time": "04:15 pm BST",
                "halt": null,
                "duration": "---",
                "departure_time": null
            }
        ],
        "total_duration": "10:15",
        "train_name": "DOLONCHAPA EXPRESS (768)",
        "train_model": "768"
    }
}