{
    "data": {
        "days": [
            "Fri",
            "Sun",
            "Mon",
            "Tue",
            "Wed",
            "Thu"
        ],
        "routes": [
            {
                "city": "Mohanganj",
                "departure_time": "08:00 am BST",
                "halt": null,
                "duration": null,
                "arrival_time": null
            },
            {
                "city": "Barhatta",
                "arrival_time": "08:14 am BST",
                "departure_time": "08:16 am BST",
                "halt": "02",
                "duration": "00:14"
            },
            {
                "city": "Thakrokona",
                "arrival_time": "08:26 am BST",
                "halt": "---",
                "duration": "00:10"
            },
            {
                "city": "Netrakona",
                "departure_time": "08:52 am BST",
                "arrival_time": "08:47 am BST",
                "halt": "05",
                "duration": "---"
            },
            {
                "city": "Shyamgonj",
                "arrival_time": "09:15 am BST",
                "departure_time": "09:18 am BST",
                "halt": "03",
                "duration": "00:23"
            },
            {
                "city": "Gouripur_Myn",
                "arrival_time": "09:31 am BST",
                "departure_time": "09:34 am BST",
                "halt": "03",
                "duration": "00:13"
            },
            {
                "city": "Mymensingh",
                "departure_time": "10:34 am BST",
                "arrival_time": "10:14 am BST",
                "halt": "20",
                "duration": "00:40"
            },
            {
                "city": "Gafargaon",
                "arrival_time": "11:19 am BST",
                "departure_time": "11:22 am BST",
                "halt": "03",
                "duration": "00:45"
            },
            {
                "city": "Joydebpur",
                "arrival_time": "12:53 pm BST",
                "departure_time": "12:55 pm BST",
                "halt": "02",
                "duration": "01:31"
            },
            {
                "city": "Biman_Bandar",
                "arrival_time": "01:22 pm BST",
                "departure_time": "01:25 pm BST",
                "halt": "03",
                "duration": "00:27"
            },
            {
                "city": "Dhaka",
                "arrival_time": "01:55 pm BST",
                "halt": null,
                "duration": "00:30",
                "departure_time": null
            }
        ],
        "total_duration": "05:55",
        "train_name": "HAWR EXPRESS (778)",
        "train_model": "778"
    }
}