{
    "data": {
        "days": [
            "Fri",
            "Sat",
            "Mon",
            "Tue",
            "Wed",
            "Thu"
        ],
        "routes": [
            {
                "city": "Bhuapur",
                "departure_time": "05:15 pm BST",
                "halt": null,
                "duration": null,
                "arrival_time": null
            },
            {
                "city": "Hemnagar",
                "arrival_time": "05:32 pm BST",
                "halt": "---",
                "duration": "00:17"
            },
            {
                "city": "Jagannathgonj_Bazar",
                "arrival_time": "05:51 pm BST",
                "halt": "---",
                "duration": "---"
            },
            {
                "city": "Tarakandi",
                "departure_time": "06:11 pm BST",
                "arrival_time": "06:06 pm BST",
                "halt": "05",
                "duration": "---"
            },
            {
                "city": "Sarishabari",
                "departure_time": "06:30 pm BST",
                "arrival_time": "06:27 pm BST",
                "halt": "03",
                "duration": "00:16"
            },
            {
                "city": "Jaforshahi",
                "arrival_time": "06:50 pm BST",
                "halt": "---",
                "duration": "00:20"
            },
            {
                "city": "Jamalpur_Town",
                "departure_time": "07:25 pm BST",
                "arrival_time": "07:22 pm BST",
                "halt": "03",
                "duration": "---"
            },
            {
                "city": "Nandina",
                "departure_time": "07:40 pm BST",
                "arrival_time": "07:38 pm BST",
                "halt": "02",
                "duration": "00:13"
            },
            {
                "city": "Narundi",
                "arrival_time": "07:38 pm BST",
                "halt": "---",
                "duration": "00:02"
            },
            {
                "city": "Bidyaganj",
                "arrival_time": "08:11 pm BST",
                "departure_time": "08:13 pm BST",
                "halt": "02",
                "duration": "---"
            },
            {
                "city": "Mymensingh",
                "departure_time": "08:40 pm BST",
                "arrival_time": "08:35 pm BST",
                "halt": "05",
                "duration": "00:22"
            },
            {
                "city": "Gafargaon",
                "arrival_time": "09:37 pm BST",
                "departure_time": "09:39 pm BST",
                "halt": "02",
                "duration": "00:57"
            },
            {
                "city": "Joydebpur",
                "departure_time": "10:58 pm BST",
                "arrival_time": "10:56 pm BST",
                "halt": "02",
                "duration": "01:17"
            },
            {
                "city": "Dhaka",
                "arrival_time": "11:55 pm BST",
                "halt": null,
                "duration": "00:57",
                "departure_time": null
            }
        ],
        "total_duration": "06:40",
        "train_name": "JAMALPUR EXPRESS (800)",
        "train_model": "800"
    }
}