{
    "data": {
        "days": [
            "Fri",
            "Sat",
            "Mon",
            "Tue",
            "Wed",
            "Thu"
        ],
        "routes": [
            {
                "city": "Chattogram",
                "departure_time": "12:30 pm BST",
                "halt": null,
                "duration": null,
                "arrival_time": null
            },
            {
                "city": "Kumira",
                "arrival_time": "12:56 pm BST",
                "departure_time": "12:58 pm BST",
                "halt": "02",
                "duration": "00:26"
            },
            {
                "city": "Feni",
                "arrival_time": "01:57 pm BST",
                "departure_time": "01:59 pm BST",
                "halt": "02",
                "duration": "00:59"
            },
            {
                "city": "Nangolkot",
                "arrival_time": "02:24 pm BST",
                "departure_time": "02:26 pm BST",
                "halt": "02",
                "duration": "00:25"
            },
            {
                "city": "Laksam",
                "arrival_time": "02:42 pm BST",
                "departure_time": "02:44 pm BST",
                "halt": "02",
                "duration": "00:16"
            },
            {
                "city": "Cumilla",
                "arrival_time": "03:06 pm BST",
                "departure_time": "03:08 pm BST",
                "halt": "02",
                "duration": "00:22"
            },
            {
                "city": "Quasba",
                "arrival_time": "03:38 pm BST",
                "departure_time": "03:40 pm BST",
                "halt": "02",
                "duration": "00:30"
            },
            {
                "city": "Akhaura",
                "arrival_time": "04:05 pm BST",
                "departure_time": "04:08 pm BST",
                "halt": "03",
                "duration": "00:25"
            },
            {
                "city": "Brahmanbaria",
                "arrival_time": "04:26 pm BST",
                "departure_time": "04:30 pm BST",
                "halt": "04",
                "duration": "00:18"
            },
            {
                "city": "Ashuganj",
                "arrival_time": "04:45 pm BST",
                "departure_time": "04:47 pm BST",
                "halt": "02",
                "duration": "00:15"
            },
            {
                "city": "Bhairab_Bazar",
                "arrival_time": "04:55 pm BST",
                "departure_time": "04:57 pm BST",
                "halt": "02",
                "duration": "00:08"
            },
            {
                "city": "Narsingdi",
                "arrival_time": "05:27 pm BST",
                "departure_time": "05:29 pm BST",
                "halt": "02",
                "duration": "00:30"
            },
            {
                "city": "Dhaka",
                "arrival_time": "06:40 pm BST",
                "halt": null,
                "duration": "01:11",
                "departure_time": null
            }
        ],
        "total_duration": "06:10",
        "train_name": "MOHANAGAR EXPRESS (721)",
        "train_model": "721"
    }
}