{
    "data": {
        "days": [
            "Fri",
            "Sat",
            "Sun",
            "Tue",
            "Wed",
            "Thu"
        ],
        "routes": [
            {
                "city": "Chattogram",
                "departure_time": "07:50 am BST",
                "halt": null,
                "duration": null,
                "arrival_time": null
            },
            {
                "city": "Feni",
                "arrival_time": "09:14 am BST",
                "departure_time": "09:16 am BST",
                "halt": "02",
                "duration": "01:24"
            },
            {
                "city": "Nangolkot",
                "arrival_time": "09:43 am BST",
                "departure_time": "09:45 am BST",
                "halt": "02",
                "duration": "00:27"
            },
            {
                "city": "Laksam",
                "arrival_time": "10:00 am BST",
                "departure_time": "10:03 am BST",
                "halt": "03",
                "duration": "00:15"
            },
            {
                "city": "Cumilla",
                "arrival_time": "10:26 am BST",
                "departure_time": "10:28 am BST",
                "halt": "02",
                "duration": "00:23"
            },
            {
                "city": "Quasba",
                "arrival_time": "10:58 am BST",
                "departure_time": "11:00 am BST",
                "halt": "02",
                "duration": "00:30"
            },
            {
                "city": "Akhaura",
                "arrival_time": "11:30 am BST",
                "departure_time": "11:35 am BST",
                "halt": "05",
                "duration": "00:30"
            },
            {
                "city": "Harashpur",
                "arrival_time": "12:05 pm BST",
                "departure_time": "12:07 pm BST",
                "halt": "02",
                "duration": "00:30"
            },
            {
                "city": "Nayapara",
                "arrival_time": "12:28 pm BST",
                "departure_time": "12:30 pm BST",
                "halt": "02",
                "duration": "00:21"
            },
            {
                "city": "Shaistaganj",
                "arrival_time": "12:50 pm BST",
                "departure_time": "12:53 pm BST",
                "halt": "03",
                "duration": "00:20"
            },
            {
                "city": "Sreemangal",
                "arrival_time": "01:30 pm BST",
                "departure_time": "01:35 pm BST",
                "halt": "05",
                "duration": "00:37"
            },
            {
                "city": "Bhanugach",
                "arrival_time": "01:55 pm BST",
                "departure_time": "01:57 pm BST",
                "halt": "02",
                "duration": "00:20"
            },
            {
                "city": "Shamshernagar",
                "arrival_time": "02:06 pm BST",
                "departure_time": "02:08 pm BST",
                "halt": "02",
                "duration": "00:09"
            },
            {
                "city": "Kulaura",
                "arrival_time": "02:32 pm BST",
                "departure_time": "02:35 pm BST",
                "halt": "03",
                "duration": "00:24"
            },
            {
                "city": "Baramchal",
                "arrival_time": "02:48 pm BST",
                "departure_time": "02:50 pm BST",
                "halt": "02",
                "duration": "00:13"
            },
            {
                "city": "Maijgaon",
                "arrival_time": "03:04 pm BST",
                "departure_time": "03:06 pm BST",
                "halt": "02",
                "duration": "00:14"
            },
            {
                "city": "Sylhet",
                "arrival_time": "03:55 pm BST",
                "halt": null,
                "duration": "00:49",
                "departure_time": null
            }
        ],
        "total_duration": "08:05",
        "train_name": "PAHARIKA EXPRESS (719)",
        "train_model": "719"
    }
}