{
    "data": {
        "days": [
            "Fri",
            "Sat",
            "Sun",
            "Mon",
            "Tue",
            "Thu"
        ],
        "routes": [
            {
                "city": "Sylhet",
                "departure_time": "10:30 am BST",
                "halt": null,
                "duration": null,
                "arrival_time": null
            },
            {
                "city": "Maijgaon",
                "arrival_time": "11:09 am BST",
                "departure_time": "11:11 am BST",
                "halt": "02",
                "duration": "00:39"
            },
            {
                "city": "Kulaura",
                "arrival_time": "11:55 am BST",
                "departure_time": "11:58 am BST",
                "halt": "03",
                "duration": "00:44"
            },
            {
                "city": "Shamshernagar",
                "arrival_time": "12:21 pm BST",
                "departure_time": "12:23 pm BST",
                "halt": "02",
                "duration": "00:23"
            },
            {
                "city": "Bhanugach",
                "arrival_time": "12:32 pm BST",
                "departure_time": "12:34 pm BST",
                "halt": "02",
                "duration": "00:09"
            },
            {
                "city": "Sreemangal",
                "arrival_time": "12:57 pm BST",
                "departure_time": "01:02 pm BST",
                "halt": "05",
                "duration": "00:23"
            },
            {
                "city": "Shaistaganj",
                "arrival_time": "01:54 pm BST",
                "departure_time": "01:57 pm BST",
                "halt": "03",
                "duration": "00:52"
            },
            {
                "city": "Nayapara",
                "arrival_time": "02:17 pm BST",
                "departure_time": "02:19 pm BST",
                "halt": "02",
                "duration": "00:20"
            },
            {
                "city": "Harashpur",
                "arrival_time": "02:39 pm BST",
                "departure_time": "02:41 pm BST",
                "halt": "02",
                "duration": "00:20"
            },
            {
                "city": "Akhaura",
                "arrival_time": "03:20 pm BST",
                "departure_time": "03:25 pm BST",
                "halt": "05",
                "duration": "00:39"
            },
            {
                "city": "Quasba",
                "arrival_time": "03:41 pm BST",
                "departure_time": "03:43 pm BST",
                "halt": "02",
                "duration": "00:16"
            },
            {
                "city": "Cumilla",
                "arrival_time": "04:13 pm BST",
                "departure_time": "04:15 pm BST",
                "halt": "02",
                "duration": "00:30"
            },
            {
                "city": "Laksam",
                "arrival_time": "04:38 pm BST",
                "departure_time": "04:40 pm BST",
                "halt": "02",
                "duration": "00:23"
            },
            {
                "city": "Nangolkot",
                "arrival_time": "04:55 pm BST",
                "departure_time": "04:57 pm BST",
                "halt": "02",
                "duration": "00:15"
            },
            {
                "city": "Feni",
                "arrival_time": "05:24 pm BST",
                "departure_time": "05:26 pm BST",
                "halt": "02",
                "duration": "00:27"
            },
            {
                "city": "Chattogram",
                "arrival_time": "06:55 pm BST",
                "halt": null,
                "duration": "01:29",
                "departure_time": null
            }
        ],
        "total_duration": "08:25",
        "train_name": "PAHARIKA EXPRESS (720)",
        "train_model": "720"
    }
}