{
    "data": {
        "days": [
            "Fri",
            "Sat",
            "Sun",
            "Mon",
            "Tue",
            "Thu"
        ],
        "routes": [
            {
                "city": "Coxs Bazar",
                "departure_time": "07:45 pm BST",
                "halt": null,
                "duration": null,
                "arrival_time": null
            },
            {
                "city": "Chattogram",
                "departure_time": "11:15 pm BST",
                "arrival_time": "10:45 pm BST",
                "halt": "30",
                "duration": "03:00"
            },
            {
                "city": "Dhaka",
                "arrival_time": "04:20 am BST",
                "halt": null,
                "duration": "05:05",
                "departure_time": null
            }
        ],
        "total_duration": "08:35",
        "train_name": "PARJOTAK EXPRESS (815)",
        "train_model": "815"
    }
}