{
    "data": {
        "days": [
            "Fri",
            "Sat",
            "Sun",
            "Tue",
            "Wed",
            "Thu"
        ],
        "routes": [
            {
                "city": "Dhaka",
                "departure_time": "09:10 am BST",
                "halt": null,
                "duration": null,
                "arrival_time": null
            },
            {
                "city": "Biman_Bandar",
                "arrival_time": "09:33 am BST",
                "departure_time": "09:38 am BST",
                "halt": "05",
                "duration": "00:23"
            },
            {
                "city": "Ibrahimabad",
                "arrival_time": "11:33 am BST",
                "departure_time": "11:35 am BST",
                "halt": "02",
                "duration": "01:55"
            },
            {
                "city": "Chatmohar",
                "arrival_time": "12:31 pm BST",
                "departure_time": "12:34 pm BST",
                "halt": "03",
                "duration": "00:56"
            },
            {
                "city": "Natore",
                "arrival_time": "01:43 pm BST",
                "departure_time": "01:46 pm BST",
                "halt": "03",
                "duration": "01:09"
            },
            {
                "city": "Santahar",
                "arrival_time": "02:45 pm BST",
                "departure_time": "02:50 pm BST",
                "halt": "05",
                "duration": "00:59"
            },
            {
                "city": "Talora",
                "arrival_time": "03:13 pm BST",
                "departure_time": "03:15 pm BST",
                "halt": "02",
                "duration": "00:23"
            },
            {
                "city": "Bogura",
                "arrival_time": "03:36 pm BST",
                "departure_time": "03:41 pm BST",
                "halt": "05",
                "duration": "00:21"
            },
            {
                "city": "Sonatola",
                "arrival_time": "04:11 pm BST",
                "departure_time": "04:13 pm BST",
                "halt": "02",
                "duration": "00:30"
            },
            {
                "city": "Bonar_Para",
                "arrival_time": "04:30 pm BST",
                "departure_time": "04:40 pm BST",
                "halt": "10",
                "duration": "00:17"
            },
            {
                "city": "Gaibandha",
                "arrival_time": "05:03 pm BST",
                "departure_time": "05:08 pm BST",
                "halt": "05",
                "duration": "00:23"
            },
            {
                "city": "Bamondanga",
                "arrival_time": "05:37 pm BST",
                "departure_time": "05:40 pm BST",
                "halt": "03",
                "duration": "00:29"
            },
            {
                "city": "Pirgacha",
                "arrival_time": "05:58 pm BST",
                "departure_time": "06:00 pm BST",
                "halt": "02",
                "duration": "00:18"
            },
            {
                "city": "Kaunia",
                "arrival_time": "06:16 pm BST",
                "departure_time": "06:36 pm BST",
                "halt": "20",
                "duration": "00:16"
            },
            {
                "city": "Kurigram",
                "arrival_time": "07:20 pm BST",
                "departure_time": "07:20 pm BST",
                "halt": "00",
                "duration": "00:44"
            },
            {
                "city": "Rangpur",
                "arrival_time": "07:00 pm BST",
                "halt": null,
                "duration": "00:20",
                "departure_time": null
            }
        ],
        "total_duration": "09:50",
        "train_name": "RANGPUR EXPRESS (771)",
        "train_model": "771"
    }
}