{
    "data": {
        "days": [
            "Fri",
            "Sat",
            "Sun",
            "Tue",
            "Wed",
            "Thu"
        ],
        "routes": [
            {
                "city": "Khulna",
                "departure_time": "09:15 pm BST",
                "halt": null,
                "duration": null,
                "arrival_time": null
            },
            {
                "city": "Daulatpur",
                "arrival_time": "09:27 pm BST",
                "departure_time": "09:29 pm BST",
                "halt": "02",
                "duration": "00:12"
            },
            {
                "city": "Noapara",
                "arrival_time": "09:52 pm BST",
                "departure_time": "09:55 pm BST",
                "halt": "03",
                "duration": "00:23"
            },
            {
                "city": "Jashore",
                "departure_time": "10:27 pm BST",
                "arrival_time": "10:23 pm BST",
                "halt": "04",
                "duration": "00:28"
            },
            {
                "city": "Mubarakganj",
                "arrival_time": "10:54 pm BST",
                "departure_time": "10:56 pm BST",
                "halt": "02",
                "duration": "00:27"
            },
            {
                "city": "Kotchandpur",
                "departure_time": "11:10 pm BST",
                "arrival_time": "11:08 pm BST",
                "halt": "02",
                "duration": "00:12"
            },
            {
                "city": "Darshana_Halt",
                "arrival_time": "11:35 pm BST",
                "departure_time": "11:38 pm BST",
                "halt": "03",
                "duration": "00:25"
            },
            {
                "city": "Chuadanga",
                "arrival_time": "11:57 pm BST",
                "departure_time": "12:00 am BST",
                "halt": "03",
                "duration": "00:19"
            },
            {
                "city": "Alamdanga",
                "arrival_time": "12:16 am BST",
                "departure_time": "12:18 am BST",
                "halt": "02",
                "duration": "00:16"
            },
            {
                "city": "Poradaha",
                "arrival_time": "12:34 am BST",
                "departure_time": "12:37 am BST",
                "halt": "03",
                "duration": "00:16"
            },
            {
                "city": "Bheramara",
                "arrival_time": "12:54 am BST",
                "departure_time": "12:57 am BST",
                "halt": "03",
                "duration": "00:17"
            },
            {
                "city": "Ishwardi",
                "arrival_time": "01:20 am BST",
                "departure_time": "01:30 am BST",
                "halt": "10",
                "duration": "00:23"
            },
            {
                "city": "Natore",
                "arrival_time": "02:07 am BST",
                "departure_time": "02:10 am BST",
                "halt": "03",
                "duration": "00:37"
            },
            {
                "city": "Santahar",
                "arrival_time": "03:05 am BST",
                "departure_time": "03:10 am BST",
                "halt": "05",
                "duration": "00:55"
            },
            {
                "city": "Akkelpur",
                "arrival_time": "03:30 am BST",
                "departure_time": "03:32 am BST",
                "halt": "02",
                "duration": "00:20"
            },
            {
                "city": "Joypurhat",
                "arrival_time": "03:46 am BST",
                "departure_time": "03:49 am BST",
                "halt": "03",
                "duration": "00:14"
            },
            {
                "city": "Birampur",
                "departure_time": "04:19 am BST",
                "arrival_time": "04:17 am BST",
                "halt": "02",
                "duration": "00:28"
            },
            {
                "city": "Fulbari",
                "departure_time": "04:32 am BST",
                "arrival_time": "04:30 am BST",
                "halt": "02",
                "duration": "00:11"
            },
            {
                "city": "Parbatipur",
                "arrival_time": "04:50 am BST",
                "departure_time": "05:00 am BST",
                "halt": "10",
                "duration": "00:18"
            },
            {
                "city": "Saidpur",
                "arrival_time": "05:17 am BST",
                "departure_time": "05:22 am BST",
                "halt": "05",
                "duration": "00:17"
            },
            {
                "city": "Nilphamari",
                "arrival_time": "05:41 am BST",
                "departure_time": "05:45 am BST",
                "halt": "04",
                "duration": "00:19"
            },
            {
                "city": "Domar",
                "arrival_time": "06:01 am BST",
                "departure_time": "06:23 am BST",
                "halt": "22",
                "duration": "00:16"
            },
            {
                "city": "Chilahati",
                "arrival_time": "06:45 am BST",
                "halt": null,
                "duration": "00:22",
                "departure_time": null
            }
        ],
        "total_duration": "09:30",
        "train_name": "SIMANTA EXPRESS (747)",
        "train_model": "747"
    }
}