{
    "data": {
        "days": [
            "Fri",
            "Sat",
            "Sun",
            "Tue",
            "Wed",
            "Thu"
        ],
        "routes": [
            {
                "city": "Chilahati",
                "departure_time": "06:30 pm BST",
                "halt": null,
                "duration": null,
                "arrival_time": null
            },
            {
                "city": "Domar",
                "departure_time": "06:51 pm BST",
                "arrival_time": "06:48 pm BST",
                "halt": "03",
                "duration": "00:18"
            },
            {
                "city": "Nilphamari",
                "departure_time": "07:10 pm BST",
                "arrival_time": "07:07 pm BST",
                "halt": "03",
                "duration": "00:16"
            },
            {
                "city": "Saidpur",
                "departure_time": "07:34 pm BST",
                "arrival_time": "07:29 pm BST",
                "halt": "05",
                "duration": "00:19"
            },
            {
                "city": "Parbatipur",
                "arrival_time": "07:50 pm BST",
                "departure_time": "08:10 pm BST",
                "halt": "20",
                "duration": "00:16"
            },
            {
                "city": "Fulbari",
                "departure_time": "08:31 pm BST",
                "arrival_time": "08:28 pm BST",
                "halt": "03",
                "duration": "00:18"
            },
            {
                "city": "Birampur",
                "departure_time": "08:45 pm BST",
                "arrival_time": "08:42 pm BST",
                "halt": "03",
                "duration": "00:11"
            },
            {
                "city": "Joypurhat",
                "arrival_time": "09:14 pm BST",
                "departure_time": "09:17 pm BST",
                "halt": "03",
                "duration": "00:29"
            },
            {
                "city": "Akkelpur",
                "arrival_time": "09:31 pm BST",
                "departure_time": "09:33 pm BST",
                "halt": "02",
                "duration": "00:14"
            },
            {
                "city": "Santahar",
                "arrival_time": "09:55 pm BST",
                "departure_time": "10:00 pm BST",
                "halt": "05",
                "duration": "00:22"
            },
            {
                "city": "Natore",
                "arrival_time": "10:40 pm BST",
                "departure_time": "10:43 pm BST",
                "halt": "03",
                "duration": "00:40"
            },
            {
                "city": "Ishwardi",
                "arrival_time": "11:20 pm BST",
                "departure_time": "11:40 pm BST",
                "halt": "20",
                "duration": "00:37"
            },
            {
                "city": "Bheramara",
                "arrival_time": "12:00 am BST",
                "departure_time": "12:03 am BST",
                "halt": "03",
                "duration": "00:20"
            },
            {
                "city": "Poradaha",
                "arrival_time": "12:21 am BST",
                "departure_time": "12:24 am BST",
                "halt": "03",
                "duration": "00:18"
            },
            {
                "city": "Alamdanga",
                "arrival_time": "12:40 am BST",
                "departure_time": "12:42 am BST",
                "halt": "02",
                "duration": "00:16"
            },
            {
                "city": "Chuadanga",
                "arrival_time": "01:00 am BST",
                "departure_time": "01:03 am BST",
                "halt": "03",
                "duration": "00:18"
            },
            {
                "city": "Darshana_Halt",
                "arrival_time": "01:24 am BST",
                "departure_time": "01:26 am BST",
                "halt": "02",
                "duration": "00:21"
            },
            {
                "city": "Kotchandpur",
                "arrival_time": "01:50 am BST",
                "departure_time": "01:52 am BST",
                "halt": "02",
                "duration": "00:24"
            },
            {
                "city": "Mubarakganj",
                "arrival_time": "02:04 am BST",
                "departure_time": "02:06 am BST",
                "halt": "02",
                "duration": "00:12"
            },
            {
                "city": "Jashore",
                "arrival_time": "02:41 am BST",
                "departure_time": "02:45 am BST",
                "halt": "04",
                "duration": "00:35"
            },
            {
                "city": "Noapara",
                "arrival_time": "03:13 am BST",
                "departure_time": "03:16 am BST",
                "halt": "03",
                "duration": "00:28"
            },
            {
                "city": "Daulatpur",
                "arrival_time": "03:41 am BST",
                "departure_time": "03:43 am BST",
                "halt": "02",
                "duration": "00:25"
            },
            {
                "city": "Khulna",
                "arrival_time": "04:10 am BST",
                "halt": null,
                "duration": "00:27",
                "departure_time": null
            }
        ],
        "total_duration": "09:40",
        "train_name": "SIMANTA EXPRESS (748)",
        "train_model": "748"
    }
}