{
    "data": {
        "days": [
            "Fri",
            "Sun",
            "Mon",
            "Tue",
            "Wed",
            "Thu"
        ],
        "routes": [
            {
                "city": "Dhaka",
                "departure_time": "04:15 pm BST",
                "halt": null,
                "duration": null,
                "arrival_time": null
            },
            {
                "city": "Biman_Bandar",
                "arrival_time": "04:38 pm BST",
                "departure_time": "04:43 pm BST",
                "halt": "05",
                "duration": "00:23"
            },
            {
                "city": "Joydebpur",
                "arrival_time": "05:06 pm BST",
                "departure_time": "05:09 pm BST",
                "halt": "03",
                "duration": "00:23"
            },
            {
                "city": "Mirzapur",
                "arrival_time": "05:42 pm BST",
                "halt": "---",
                "duration": "00:33"
            },
            {
                "city": "Tangail",
                "arrival_time": "06:11 pm BST",
                "departure_time": "06:13 pm BST",
                "halt": "02",
                "duration": "---"
            },
            {
                "city": "Ibrahimabad",
                "arrival_time": "06:33 pm BST",
                "departure_time": "06:39 pm BST",
                "halt": "06",
                "duration": "00:20"
            },
            {
                "city": "SH M Monsur Ali",
                "arrival_time": "06:55 pm BST",
                "departure_time": "06:57 pm BST",
                "halt": "02",
                "duration": "00:16"
            },
            {
                "city": "Jamtail",
                "arrival_time": "07:05 pm BST",
                "departure_time": "07:30 pm BST",
                "halt": "25",
                "duration": "00:08"
            },
            {
                "city": "Sirajganjraipur",
                "arrival_time": "07:43 pm BST",
                "departure_time": "07:45 pm BST",
                "halt": "02",
                "duration": "00:13"
            },
            {
                "city": "Sirajganj_Bazar",
                "arrival_time": "08:10 pm BST",
                "halt": null,
                "duration": "00:25",
                "departure_time": null
            }
        ],
        "total_duration": "03:55",
        "train_name": "SIRAJGANJ EXPRESS (776)",
        "train_model": "776"
    }
}