{
    "data": {
        "recommendations": [],
        "selected_seat_class": "S_CHAIR",
        "trains": [
            {
                "arrival_date_time": "20 Mar, 10:01 am",
                "boarding_points": [
                    {
                        "location_date": "20 Mar 2025",
                        "location_id": 2708,
                        "location_name": "Abdulpur Station",
                        "location_time": "08:22 AM",
                        "trip_point_id": 107718602
                    }
                ],
                "departure_date_time": "20 Mar, 08:22 am",
                "departure_date_time_jd": "Thu, 20 Mar 2025, 08:22 AM",
                "departure_full_date": "2025-03-20",
                "destination_city_name": "sh m monsur ali",
                "is_eid_trip": 0,
                "is_from_city_international": false,
                "is_international": 0,
                "is_open_for_all": true,
                "origin_city_name": "abdulpur",
                "parent_route": {
                    "arrival_date": "2025-03-20",
                    "arrival_time": "13:10:00",
                    "departure_date": "2025-03-20",
                    "departure_time": "07:40:00",
                    "destination_city_name": "dhaka",
                    "origin_city_name": "rajshahi"
                },
                "seat_types": [
                    {
                        "destination_city_seq": 10,
                        "fare": "305.00",
                        "key": 2,
                        "origin_city_seq": 4,
                        "route_id": 19564,
                        "seat_counts": {
                            "is_divided": true,
                            "offline": 0,
                            "online": 0
                        },
                        "trip_id": 8407945,
                        "trip_route_id": 52528807,
                        "type": "AC_S",
                        "vat_amount": 46,
                        "vat_percent": 15
                    },
                    {
                        "destination_city_seq": 10,
                        "fare": "255.00",
                        "key": 3,
                        "origin_city_seq": 4,
                        "route_id": 19564,
                        "seat_counts": {
                            "is_divided": true,
                            "offline": 0,
                            "online": 0
                        },
                        "trip_id": 8407946,
                        "trip_route_id": 52528848,
                        "type": "SNIGDHA",
                        "vat_amount": 39,
                        "vat_percent": 15
                    },
                    {
                        "destination_city_seq": 10,
                        "fare": "155.00",
                        "key": 7,
                        "origin_city_seq": 4,
                        "route_id": 19564,
                        "seat_counts": {
                            "is_divided": true,
                            "offline": 5,
                            "online": 5
                        },
                        "trip_id": 8407947,
                        "trip_route_id": 52528889,
                        "type": "S_CHAIR",
                        "vat_amount": 0,
                        "vat_percent": 0
                    }
                ],
                "train_model": "754",
                "travel_time": "01h 39m",
                "trip_number": "SILKCITY EXPRESS (754)"
            },
            {
                "arrival_date_time": "20 Mar, 06:18 pm",
                "boarding_points": [
                    {
                        "location_date": "20 Mar 2025",
                        "location_id": 2708,
                        "location_name": "Abdulpur Station",
                        "location_time": "04:47 PM",
                        "trip_point_id": 107718479
                    }
                ],
                "departure_date_time": "20 Mar, 04:47 pm",
                "departure_date_time_jd": "Thu, 20 Mar 2025, 04:47 PM",
                "departure_full_date": "2025-03-20",
                "destination_city_name": "sh m monsur ali",
                "is_eid_trip": 0,
                "is_from_city_international": false,
                "is_international": 0,
                "is_open_for_all": true,
                "origin_city_name": "abdulpur",
                "parent_route": {
                    "arrival_date": "2025-03-20",
                    "arrival_time": "21:15:00",
                    "departure_date": "2025-03-20",
                    "departure_time": "16:00:00",
                    "destination_city_name": "dhaka",
                    "origin_city_name": "rajshahi"
                },
                "seat_types": [
                    {
                        "destination_city_seq": 10,
                        "fare": "255.00",
                        "key": 3,
                        "origin_city_seq": 4,
                        "route_id": 19564,
                        "seat_counts": {
                            "is_divided": true,
                            "offline": 0,
                            "online": 0
                        },
                        "trip_id": 8407940,
                        "trip_route_id": 52528582,
                        "type": "SNIGDHA",
                        "vat_amount": 39,
                        "vat_percent": 15
                    },
                    {
                        "destination_city_seq": 10,
                        "fare": "155.00",
                        "key": 7,
                        "origin_city_seq": 4,
                        "route_id": 19564,
                        "seat_counts": {
                            "is_divided": true,
                            "offline": 0,
                            "online": 0
                        },
                        "trip_id": 8407941,
                        "trip_route_id": 52528621,
                        "type": "S_CHAIR",
                        "vat_amount": 0,
                        "vat_percent": 0
                    },
                    {
                        "destination_city_seq": 10,
                        "fare": "305.00",
                        "key": 2,
                        "origin_city_seq": 4,
                        "route_id": 19564,
                        "seat_counts": {
                            "is_divided": true,
                            "offline": 0,
                            "online": 0
                        },
                        "trip_id": 8408006,
                        "trip_route_id": 52531962,
                        "type": "AC_S",
                        "vat_amount": 46,
                        "vat_percent": 15
                    }
                ],
                "train_model": "760",
                "travel_time": "01h 31m",
                "trip_number": "PADMA EXPRESS (760)"
            }
        ]
    },
    "extra": {
        "hash": "2913D4E613EE77BA81FCAB988D4D7E11"
    }
}