{
    "data": {
        "recommendations": [],
        "selected_seat_class": "S_CHAIR",
        "trains": [
            {
                "arrival_date_time": "20 Mar, 04:00 am",
                "boarding_points": [
                    {
                        "location_date": "20 Mar 2025",
                        "location_id": 2708,
                        "location_name": "Abdulpur Station",
                        "location_time": "02:50 AM",
                        "trip_point_id": 107708884
                    }
                ],
                "departure_date_time": "20 Mar, 02:50 am",
                "departure_date_time_jd": "Thu, 20 Mar 2025, 02:50 AM",
                "departure_full_date": "2025-03-20",
                "destination_city_name": "rajshahi",
                "is_eid_trip": 0,
                "is_from_city_international": false,
                "is_international": 0,
                "is_open_for_all": true,
                "origin_city_name": "abdulpur",
                "parent_route": {
                    "arrival_date": "2025-03-20",
                    "arrival_time": "04:00:00",
                    "departure_date": "2025-03-19",
                    "departure_time": "22:45:00",
                    "destination_city_name": "rajshahi",
                    "origin_city_name": "dhaka"
                },
                "seat_types": [
                    {
                        "destination_city_seq": 16,
                        "fare": "150.00",
                        "key": 1,
                        "origin_city_seq": 13,
                        "route_id": 19542,
                        "seat_counts": {
                            "is_divided": true,
                            "offline": 0,
                            "online": 0
                        },
                        "trip_id": 8407508,
                        "trip_route_id": 52509859,
                        "type": "AC_B",
                        "vat_amount": 23,
                        "vat_percent": 15
                    },
                    {
                        "destination_city_seq": 16,
                        "fare": "100.00",
                        "key": 3,
                        "origin_city_seq": 13,
                        "route_id": 19542,
                        "seat_counts": {
                            "is_divided": true,
                            "offline": 2,
                            "online": 3
                        },
                        "trip_id": 8407509,
                        "trip_route_id": 52509906,
                        "type": "SNIGDHA",
                        "vat_amount": 15,
                        "vat_percent": 15
                    },
                    {
                        "destination_city_seq": 16,
                        "fare": "50.00",
                        "key": 7,
                        "origin_city_seq": 13,
                        "route_id": 19542,
                        "seat_counts": {
                            "is_divided": true,
                            "offline": 3,
                            "online": 4
                        },
                        "trip_id": 8407510,
                        "trip_route_id": 52509953,
                        "type": "S_CHAIR",
                        "vat_amount": 0,
                        "vat_percent": 0
                    }
                ],
                "train_model": "759",
                "travel_time": "01h 10m",
                "trip_number": "PADMA EXPRESS (759)"
            },
            {
                "arrival_date_time": "20 Mar, 09:00 am",
                "boarding_points": [
                    {
                        "location_date": "20 Mar 2025",
                        "location_id": 2708,
                        "location_name": "Abdulpur Station",
                        "location_time": "07:45 AM",
                        "trip_point_id": 107721789
                    }
                ],
                "departure_date_time": "20 Mar, 07:45 am",
                "departure_date_time_jd": "Thu, 20 Mar 2025, 07:45 AM",
                "departure_full_date": "2025-03-20",
                "destination_city_name": "rajshahi",
                "is_eid_trip": 0,
                "is_from_city_international": false,
                "is_international": 0,
                "is_open_for_all": true,
                "origin_city_name": "abdulpur",
                "parent_route": {
                    "arrival_date": "2025-03-20",
                    "arrival_time": "11:10:00",
                    "departure_date": "2025-03-20",
                    "departure_time": "07:00:00",
                    "destination_city_name": "rohanpur",
                    "origin_city_name": "ishwardi"
                },
                "seat_types": [
                    {
                        "destination_city_seq": 7,
                        "fare": "45.00",
                        "key": 8,
                        "origin_city_seq": 3,
                        "route_id": 23422,
                        "seat_counts": {
                            "is_divided": true,
                            "offline": 32,
                            "online": 32
                        },
                        "trip_id": 8408067,
                        "trip_route_id": 52534861,
                        "type": "SHOVAN",
                        "vat_amount": 0,
                        "vat_percent": 0
                    }
                ],
                "train_model": "57",
                "travel_time": "01h 15m",
                "trip_number": "RAJSHAHI COMMUTER (57)"
            },
            {
                "arrival_date_time": "20 Mar, 11:10 am",
                "boarding_points": [
                    {
                        "location_date": "20 Mar 2025",
                        "location_id": 2708,
                        "location_name": "Abdulpur Station",
                        "location_time": "10:15 AM",
                        "trip_point_id": 107719136
                    }
                ],
                "departure_date_time": "20 Mar, 10:15 am",
                "departure_date_time_jd": "Thu, 20 Mar 2025, 10:15 AM",
                "departure_full_date": "2025-03-20",
                "destination_city_name": "rajshahi",
                "is_eid_trip": 0,
                "is_from_city_international": false,
                "is_international": 0,
                "is_open_for_all": true,
                "origin_city_name": "abdulpur",
                "parent_route": {
                    "arrival_date": "2025-03-20",
                    "arrival_time": "11:10:00",
                    "departure_date": "2025-03-20",
                    "departure_time": "05:00:00",
                    "destination_city_name": "rajshahi",
                    "origin_city_name": "chilahati"
                },
                "seat_types": [
                    {
                        "destination_city_seq": 19,
                        "fare": "50.00",
                        "key": 7,
                        "origin_city_seq": 18,
                        "route_id": 20354,
                        "seat_counts": {
                            "is_divided": true,
                            "offline": 60,
                            "online": 60
                        },
                        "trip_id": 8407967,
                        "trip_route_id": 52529655,
                        "type": "S_CHAIR",
                        "vat_amount": 0,
                        "vat_percent": 0
                    }
                ],
                "train_model": "732",
                "travel_time": "00h 55m",
                "trip_number": "BARENDRA EXPRESS (732)"
            },
            {
                "arrival_date_time": "20 Mar, 05:15 pm",
                "boarding_points": [
                    {
                        "location_date": "20 Mar 2025",
                        "location_id": 2708,
                        "location_name": "Abdulpur Station",
                        "location_time": "04:15 PM",
                        "trip_point_id": 107719738
                    }
                ],
                "departure_date_time": "20 Mar, 04:15 pm",
                "departure_date_time_jd": "Thu, 20 Mar 2025, 04:15 PM",
                "departure_full_date": "2025-03-20",
                "destination_city_name": "rajshahi",
                "is_eid_trip": 0,
                "is_from_city_international": false,
                "is_international": 0,
                "is_open_for_all": true,
                "origin_city_name": "abdulpur",
                "parent_route": {
                    "arrival_date": "2025-03-20",
                    "arrival_time": "17:15:00",
                    "departure_date": "2025-03-20",
                    "departure_time": "09:00:00",
                    "destination_city_name": "rajshahi",
                    "origin_city_name": "panchagarh"
                },
                "seat_types": [
                    {
                        "destination_city_seq": 21,
                        "fare": "110.00",
                        "key": 2,
                        "origin_city_seq": 20,
                        "route_id": 21024,
                        "seat_counts": {
                            "is_divided": true,
                            "offline": 0,
                            "online": 0
                        },
                        "trip_id": 8407984,
                        "trip_route_id": 52530842,
                        "type": "AC_S",
                        "vat_amount": 17,
                        "vat_percent": 15
                    },
                    {
                        "destination_city_seq": 21,
                        "fare": "50.00",
                        "key": 7,
                        "origin_city_seq": 20,
                        "route_id": 21024,
                        "seat_counts": {
                            "is_divided": true,
                            "offline": 69,
                            "online": 70
                        },
                        "trip_id": 8407985,
                        "trip_route_id": 52530933,
                        "type": "S_CHAIR",
                        "vat_amount": 0,
                        "vat_percent": 0
                    }
                ],
                "train_model": "804",
                "travel_time": "01h 00m",
                "trip_number": "BANGLABANDHA EXPRESS (804)"
            },
            {
                "arrival_date_time": "20 Mar, 08:20 pm",
                "boarding_points": [
                    {
                        "location_date": "20 Mar 2025",
                        "location_id": 2708,
                        "location_name": "Abdulpur Station",
                        "location_time": "07:09 PM",
                        "trip_point_id": 107718525
                    }
                ],
                "departure_date_time": "20 Mar, 07:09 pm",
                "departure_date_time_jd": "Thu, 20 Mar 2025, 07:09 PM",
                "departure_full_date": "2025-03-20",
                "destination_city_name": "rajshahi",
                "is_eid_trip": 0,
                "is_from_city_international": false,
                "is_international": 0,
                "is_open_for_all": true,
                "origin_city_name": "abdulpur",
                "parent_route": {
                    "arrival_date": "2025-03-20",
                    "arrival_time": "20:20:00",
                    "departure_date": "2025-03-20",
                    "departure_time": "14:30:00",
                    "destination_city_name": "rajshahi",
                    "origin_city_name": "dhaka"
                },
                "seat_types": [
                    {
                        "destination_city_seq": 16,
                        "fare": "110.00",
                        "key": 2,
                        "origin_city_seq": 13,
                        "route_id": 19542,
                        "seat_counts": {
                            "is_divided": true,
                            "offline": 2,
                            "online": 2
                        },
                        "trip_id": 8407942,
                        "trip_route_id": 52528670,
                        "type": "AC_S",
                        "vat_amount": 17,
                        "vat_percent": 15
                    },
                    {
                        "destination_city_seq": 16,
                        "fare": "100.00",
                        "key": 3,
                        "origin_city_seq": 13,
                        "route_id": 19542,
                        "seat_counts": {
                            "is_divided": true,
                            "offline": 2,
                            "online": 3
                        },
                        "trip_id": 8407943,
                        "trip_route_id": 52528716,
                        "type": "SNIGDHA",
                        "vat_amount": 15,
                        "vat_percent": 15
                    },
                    {
                        "destination_city_seq": 16,
                        "fare": "50.00",
                        "key": 7,
                        "origin_city_seq": 13,
                        "route_id": 19542,
                        "seat_counts": {
                            "is_divided": true,
                            "offline": 27,
                            "online": 28
                        },
                        "trip_id": 8407944,
                        "trip_route_id": 52528768,
                        "type": "S_CHAIR",
                        "vat_amount": 0,
                        "vat_percent": 0
                    }
                ],
                "train_model": "753",
                "travel_time": "01h 11m",
                "trip_number": "SILKCITY EXPRESS (753)"
            },
            {
                "arrival_date_time": "20 Mar, 09:30 pm",
                "boarding_points": [
                    {
                        "location_date": "20 Mar 2025",
                        "location_id": 2708,
                        "location_name": "Abdulpur Station",
                        "location_time": "08:30 PM",
                        "trip_point_id": 107720557
                    }
                ],
                "departure_date_time": "20 Mar, 08:30 pm",
                "departure_date_time_jd": "Thu, 20 Mar 2025, 08:30 PM",
                "departure_full_date": "2025-03-20",
                "destination_city_name": "rajshahi",
                "is_eid_trip": 0,
                "is_from_city_international": false,
                "is_international": 0,
                "is_open_for_all": true,
                "origin_city_name": "abdulpur",
                "parent_route": {
                    "arrival_date": "2025-03-20",
                    "arrival_time": "21:30:00",
                    "departure_date": "2025-03-20",
                    "departure_time": "15:00:00",
                    "destination_city_name": "rajshahi",
                    "origin_city_name": "chilahati"
                },
                "seat_types": [
                    {
                        "destination_city_seq": 19,
                        "fare": "50.00",
                        "key": 7,
                        "origin_city_seq": 18,
                        "route_id": 20354,
                        "seat_counts": {
                            "is_divided": true,
                            "offline": 76,
                            "online": 77
                        },
                        "trip_id": 8408014,
                        "trip_route_id": 52532408,
                        "type": "S_CHAIR",
                        "vat_amount": 0,
                        "vat_percent": 0
                    }
                ],
                "train_model": "734",
                "travel_time": "01h 00m",
                "trip_number": "TITUMIR EXPRESS (734)"
            },
            {
                "arrival_date_time": "20 Mar, 10:00 pm",
                "boarding_points": [
                    {
                        "location_date": "20 Mar 2025",
                        "location_id": 2708,
                        "location_name": "Abdulpur Station",
                        "location_time": "08:56 PM",
                        "trip_point_id": 107721495
                    }
                ],
                "departure_date_time": "20 Mar, 08:56 pm",
                "departure_date_time_jd": "Thu, 20 Mar 2025, 08:56 PM",
                "departure_full_date": "2025-03-20",
                "destination_city_name": "rajshahi",
                "is_eid_trip": 0,
                "is_from_city_international": false,
                "is_international": 0,
                "is_open_for_all": true,
                "origin_city_name": "abdulpur",
                "parent_route": {
                    "arrival_date": "2025-03-20",
                    "arrival_time": "22:00:00",
                    "departure_date": "2025-03-20",
                    "departure_time": "16:00:00",
                    "destination_city_name": "rajshahi",
                    "origin_city_name": "khulna"
                },
                "seat_types": [
                    {
                        "destination_city_seq": 17,
                        "fare": "50.00",
                        "key": 7,
                        "origin_city_seq": 16,
                        "route_id": 21456,
                        "seat_counts": {
                            "is_divided": true,
                            "offline": 5,
                            "online": 5
                        },
                        "trip_id": 8408048,
                        "trip_route_id": 52534425,
                        "type": "S_CHAIR",
                        "vat_amount": 0,
                        "vat_percent": 0
                    }
                ],
                "train_model": "761",
                "travel_time": "01h 04m",
                "trip_number": "SAGARDARI EXPRESS (761)"
            }
        ]
    },
    "extra": {
        "hash": "2913D4E613EE77BA81FCAB988D4D7E11"
    }
}