{
    "data": {
        "recommendations": [],
        "selected_seat_class": "S_CHAIR",
        "trains": [
            {
                "arrival_date_time": "20 Mar, 08:16 am",
                "boarding_points": [
                    {
                        "location_date": "20 Mar 2025",
                        "location_id": 2708,
                        "location_name": "Abdulpur Station",
                        "location_time": "07:20 AM",
                        "trip_point_id": 107720634
                    }
                ],
                "departure_date_time": "20 Mar, 07:20 am",
                "departure_date_time_jd": "Thu, 20 Mar 2025, 07:20 AM",
                "departure_full_date": "2025-03-20",
                "destination_city_name": "ahsanganj",
                "is_eid_trip": 0,
                "is_from_city_international": false,
                "is_international": 0,
                "is_open_for_all": true,
                "origin_city_name": "abdulpur",
                "parent_route": {
                    "arrival_date": "2025-03-20",
                    "arrival_time": "13:00:00",
                    "departure_date": "2025-03-20",
                    "departure_time": "06:20:00",
                    "destination_city_name": "chilahati",
                    "origin_city_name": "rajshahi"
                },
                "seat_types": [
                    {
                        "destination_city_seq": 5,
                        "fare": "50.00",
                        "key": 7,
                        "origin_city_seq": 2,
                        "route_id": 20161,
                        "seat_counts": {
                            "is_divided": true,
                            "offline": 5,
                            "online": 5
                        },
                        "trip_id": 8408016,
                        "trip_route_id": 52532612,
                        "type": "S_CHAIR",
                        "vat_amount": 0,
                        "vat_percent": 0
                    }
                ],
                "train_model": "733",
                "travel_time": "00h 56m",
                "trip_number": "TITUMIR EXPRESS (733)"
            },
            {
                "arrival_date_time": "20 Mar, 04:41 pm",
                "boarding_points": [
                    {
                        "location_date": "20 Mar 2025",
                        "location_id": 2708,
                        "location_name": "Abdulpur Station",
                        "location_time": "04:00 PM",
                        "trip_point_id": 107719109
                    }
                ],
                "departure_date_time": "20 Mar, 04:00 pm",
                "departure_date_time_jd": "Thu, 20 Mar 2025, 04:00 PM",
                "departure_full_date": "2025-03-20",
                "destination_city_name": "ahsanganj",
                "is_eid_trip": 0,
                "is_from_city_international": false,
                "is_international": 0,
                "is_open_for_all": true,
                "origin_city_name": "abdulpur",
                "parent_route": {
                    "arrival_date": "2025-03-20",
                    "arrival_time": "21:30:00",
                    "departure_date": "2025-03-20",
                    "departure_time": "15:00:00",
                    "destination_city_name": "chilahati",
                    "origin_city_name": "rajshahi"
                },
                "seat_types": [
                    {
                        "destination_city_seq": 5,
                        "fare": "50.00",
                        "key": 7,
                        "origin_city_seq": 2,
                        "route_id": 20161,
                        "seat_counts": {
                            "is_divided": true,
                            "offline": 5,
                            "online": 5
                        },
                        "trip_id": 8407966,
                        "trip_route_id": 52529581,
                        "type": "S_CHAIR",
                        "vat_amount": 0,
                        "vat_percent": 0
                    }
                ],
                "train_model": "731",
                "travel_time": "00h 41m",
                "trip_number": "BARENDRA EXPRESS (731)"
            },
            {
                "arrival_date_time": "20 Mar, 10:57 pm",
                "boarding_points": [
                    {
                        "location_date": "20 Mar 2025",
                        "location_id": 2708,
                        "location_name": "Abdulpur Station",
                        "location_time": "10:00 PM",
                        "trip_point_id": 107719705
                    }
                ],
                "departure_date_time": "20 Mar, 10:00 pm",
                "departure_date_time_jd": "Thu, 20 Mar 2025, 10:00 PM",
                "departure_full_date": "2025-03-20",
                "destination_city_name": "ahsanganj",
                "is_eid_trip": 0,
                "is_from_city_international": false,
                "is_international": 0,
                "is_open_for_all": true,
                "origin_city_name": "abdulpur",
                "parent_route": {
                    "arrival_date": "2025-03-21",
                    "arrival_time": "04:40:00",
                    "departure_date": "2025-03-20",
                    "departure_time": "21:00:00",
                    "destination_city_name": "panchagarh",
                    "origin_city_name": "rajshahi"
                },
                "seat_types": [
                    {
                        "destination_city_seq": 5,
                        "fare": "145.00",
                        "key": 1,
                        "origin_city_seq": 2,
                        "route_id": 20860,
                        "seat_counts": {
                            "is_divided": true,
                            "offline": 0,
                            "online": 0
                        },
                        "trip_id": 8407983,
                        "trip_route_id": 52530772,
                        "type": "AC_B",
                        "vat_amount": 22,
                        "vat_percent": 15
                    },
                    {
                        "destination_city_seq": 5,
                        "fare": "50.00",
                        "key": 7,
                        "origin_city_seq": 2,
                        "route_id": 20860,
                        "seat_counts": {
                            "is_divided": true,
                            "offline": 2,
                            "online": 3
                        },
                        "trip_id": 8408009,
                        "trip_route_id": 52532124,
                        "type": "S_CHAIR",
                        "vat_amount": 0,
                        "vat_percent": 0
                    }
                ],
                "train_model": "803",
                "travel_time": "00h 57m",
                "trip_number": "BANGLABANDHA EXPRESS (803)"
            }
        ]
    },
    "extra": {
        "hash": "2913D4E613EE77BA81FCAB988D4D7E11"
    }
}