{
    "data": {
        "recommendations": [],
        "selected_seat_class": "S_CHAIR",
        "trains": [
            {
                "arrival_date_time": "20 Mar, 07:23 pm",
                "boarding_points": [
                    {
                        "location_date": "20 Mar 2025",
                        "location_id": 2708,
                        "location_name": "Abdulpur Station",
                        "location_time": "06:11 PM",
                        "trip_point_id": 107739449
                    }
                ],
                "departure_date_time": "20 Mar, 06:11 pm",
                "departure_date_time_jd": "Thu, 20 Mar 2025, 06:11 PM",
                "departure_full_date": "2025-03-20",
                "destination_city_name": "pabna",
                "is_eid_trip": 0,
                "is_from_city_international": false,
                "is_international": 0,
                "is_open_for_all": true,
                "origin_city_name": "abdulpur",
                "parent_route": {
                    "arrival_date": "2025-03-20",
                    "arrival_time": "21:15:00",
                    "departure_date": "2025-03-20",
                    "departure_time": "17:20:00",
                    "destination_city_name": "dhalarchar",
                    "origin_city_name": "rajshahi"
                },
                "seat_types": [
                    {
                        "destination_city_seq": 10,
                        "fare": "55.00",
                        "key": 7,
                        "origin_city_seq": 4,
                        "route_id": 27438,
                        "seat_counts": {
                            "is_divided": true,
                            "offline": 2,
                            "online": 3
                        },
                        "trip_id": 8408942,
                        "trip_route_id": 52563900,
                        "type": "S_CHAIR",
                        "vat_amount": 0,
                        "vat_percent": 0
                    },
                    {
                        "destination_city_seq": 10,
                        "fare": "45.00",
                        "key": 8,
                        "origin_city_seq": 4,
                        "route_id": 27438,
                        "seat_counts": {
                            "is_divided": true,
                            "offline": 5,
                            "online": 5
                        },
                        "trip_id": 8408947,
                        "trip_route_id": 52564023,
                        "type": "SHOVAN",
                        "vat_amount": 0,
                        "vat_percent": 0
                    }
                ],
                "train_model": "780",
                "travel_time": "01h 12m",
                "trip_number": "DHALARCHAR EXPRESS (780)"
            }
        ]
    },
    "extra": {
        "hash": "2913D4E613EE77BA81FCAB988D4D7E11"
    }
}