{
    "data": {
        "recommendations": [],
        "selected_seat_class": "S_CHAIR",
        "trains": [
            {
                "arrival_date_time": "20 Mar, 10:19 am",
                "boarding_points": [
                    {
                        "location_date": "20 Mar 2025",
                        "location_id": 2708,
                        "location_name": "Abdulpur Station",
                        "location_time": "07:45 AM",
                        "trip_point_id": 107721789
                    }
                ],
                "departure_date_time": "20 Mar, 07:45 am",
                "departure_date_time_jd": "Thu, 20 Mar 2025, 07:45 AM",
                "departure_full_date": "2025-03-20",
                "destination_city_name": "amnura",
                "is_eid_trip": 0,
                "is_from_city_international": false,
                "is_international": 0,
                "is_open_for_all": true,
                "origin_city_name": "abdulpur",
                "parent_route": {
                    "arrival_date": "2025-03-20",
                    "arrival_time": "11:10:00",
                    "departure_date": "2025-03-20",
                    "departure_time": "07:00:00",
                    "destination_city_name": "rohanpur",
                    "origin_city_name": "ishwardi"
                },
                "seat_types": [
                    {
                        "destination_city_seq": 11,
                        "fare": "80.00",
                        "key": 8,
                        "origin_city_seq": 3,
                        "route_id": 23425,
                        "seat_counts": {
                            "is_divided": true,
                            "offline": 2,
                            "online": 3
                        },
                        "trip_id": 8408067,
                        "trip_route_id": 52534864,
                        "type": "SHOVAN",
                        "vat_amount": 0,
                        "vat_percent": 0
                    }
                ],
                "train_model": "57",
                "travel_time": "02h 34m",
                "trip_number": "RAJSHAHI COMMUTER (57)"
            }
        ]
    },
    "extra": {
        "hash": "2913D4E613EE77BA81FCAB988D4D7E11"
    }
}