{
    "data": {
        "recommendations": [],
        "selected_seat_class": "S_CHAIR",
        "trains": [
            {
                "arrival_date_time": "20 Mar, 08:13 pm",
                "boarding_points": [
                    {
                        "location_date": "20 Mar 2025",
                        "location_id": 2708,
                        "location_name": "Abdulpur Station",
                        "location_time": "08:04 PM",
                        "trip_point_id": 107721810
                    }
                ],
                "departure_date_time": "20 Mar, 08:04 pm",
                "departure_date_time_jd": "Thu, 20 Mar 2025, 08:04 PM",
                "departure_full_date": "2025-03-20",
                "destination_city_name": "azim nagar",
                "is_eid_trip": 0,
                "is_from_city_international": false,
                "is_international": 0,
                "is_open_for_all": true,
                "origin_city_name": "abdulpur",
                "parent_route": {
                    "arrival_date": "2025-03-20",
                    "arrival_time": "20:40:00",
                    "departure_date": "2025-03-20",
                    "departure_time": "17:10:00",
                    "destination_city_name": "ishwardi",
                    "origin_city_name": "rohanpur"
                },
                "seat_types": [
                    {
                        "destination_city_seq": 11,
                        "fare": "45.00",
                        "key": 8,
                        "origin_city_seq": 10,
                        "route_id": 23446,
                        "seat_counts": {
                            "is_divided": true,
                            "offline": 10,
                            "online": 10
                        },
                        "trip_id": 8408070,
                        "trip_route_id": 52534906,
                        "type": "SHOVAN",
                        "vat_amount": 0,
                        "vat_percent": 0
                    }
                ],
                "train_model": "58",
                "travel_time": "00h 09m",
                "trip_number": "RAJSHAHI COMMUTER (58)"
            }
        ]
    },
    "extra": {
        "hash": "2913D4E613EE77BA81FCAB988D4D7E11"
    }
}