{
    "data": {
        "recommendations": [],
        "selected_seat_class": "S_CHAIR",
        "trains": [
            {
                "arrival_date_time": "21 Mar, 04:40 am",
                "boarding_points": [
                    {
                        "location_date": "20 Mar 2025",
                        "location_id": 2708,
                        "location_name": "Abdulpur Station",
                        "location_time": "10:00 PM",
                        "trip_point_id": 107719705
                    }
                ],
                "departure_date_time": "20 Mar, 10:00 pm",
                "departure_date_time_jd": "Thu, 20 Mar 2025, 10:00 PM",
                "departure_full_date": "2025-03-20",
                "destination_city_name": "panchagarh",
                "is_eid_trip": 0,
                "is_from_city_international": false,
                "is_international": 0,
                "is_open_for_all": true,
                "origin_city_name": "abdulpur",
                "parent_route": {
                    "arrival_date": "2025-03-21",
                    "arrival_time": "04:40:00",
                    "departure_date": "2025-03-20",
                    "departure_time": "21:00:00",
                    "destination_city_name": "panchagarh",
                    "origin_city_name": "rajshahi"
                },
                "seat_types": [
                    {
                        "destination_city_seq": 21,
                        "fare": "885.00",
                        "key": 1,
                        "origin_city_seq": 2,
                        "route_id": 20866,
                        "seat_counts": {
                            "is_divided": true,
                            "offline": 0,
                            "online": 0
                        },
                        "trip_id": 8407983,
                        "trip_route_id": 52530773,
                        "type": "AC_B",
                        "vat_amount": 133,
                        "vat_percent": 15
                    },
                    {
                        "destination_city_seq": 21,
                        "fare": "345.00",
                        "key": 7,
                        "origin_city_seq": 2,
                        "route_id": 20866,
                        "seat_counts": {
                            "is_divided": true,
                            "offline": 5,
                            "online": 5
                        },
                        "trip_id": 8408009,
                        "trip_route_id": 52532125,
                        "type": "S_CHAIR",
                        "vat_amount": 0,
                        "vat_percent": 0
                    }
                ],
                "train_model": "803",
                "travel_time": "06h 40m",
                "trip_number": "BANGLABANDHA EXPRESS (803)"
            }
        ]
    },
    "extra": {
        "hash": "2913D4E613EE77BA81FCAB988D4D7E11"
    }
}