{
    "data": {
        "recommendations": [],
        "selected_seat_class": "S_CHAIR",
        "trains": [
            {
                "arrival_date_time": "20 Mar, 12:30 pm",
                "boarding_points": [
                    {
                        "location_date": "20 Mar 2025",
                        "location_id": 2707,
                        "location_name": "Ahsanganj Station",
                        "location_time": "08:19 AM",
                        "trip_point_id": 107720633
                    }
                ],
                "departure_date_time": "20 Mar, 08:19 am",
                "departure_date_time_jd": "Thu, 20 Mar 2025, 08:19 AM",
                "departure_full_date": "2025-03-20",
                "destination_city_name": "domar",
                "is_eid_trip": 0,
                "is_from_city_international": false,
                "is_international": 0,
                "is_open_for_all": true,
                "origin_city_name": "ahsanganj",
                "parent_route": {
                    "arrival_date": "2025-03-20",
                    "arrival_time": "13:00:00",
                    "departure_date": "2025-03-20",
                    "departure_time": "06:20:00",
                    "destination_city_name": "chilahati",
                    "origin_city_name": "rajshahi"
                },
                "seat_types": [
                    {
                        "destination_city_seq": 18,
                        "fare": "220.00",
                        "key": 7,
                        "origin_city_seq": 5,
                        "route_id": 20204,
                        "seat_counts": {
                            "is_divided": true,
                            "offline": 2,
                            "online": 3
                        },
                        "trip_id": 8408016,
                        "trip_route_id": 52532593,
                        "type": "S_CHAIR",
                        "vat_amount": 0,
                        "vat_percent": 0
                    }
                ],
                "train_model": "733",
                "travel_time": "04h 11m",
                "trip_number": "TITUMIR EXPRESS (733)"
            }
        ]
    },
    "extra": {
        "hash": "2913D4E613EE77BA81FCAB988D4D7E11"
    }
}