{
    "data": {
        "recommendations": [],
        "selected_seat_class": "S_CHAIR",
        "trains": [
            {
                "arrival_date_time": "20 Mar, 06:02 am",
                "boarding_points": [
                    {
                        "location_date": "20 Mar 2025",
                        "location_id": 2707,
                        "location_name": "Ahsanganj Station",
                        "location_time": "01:16 AM",
                        "trip_point_id": 107710535
                    }
                ],
                "departure_date_time": "20 Mar, 01:16 am",
                "departure_date_time_jd": "Thu, 20 Mar 2025, 01:16 AM",
                "departure_full_date": "2025-03-20",
                "destination_city_name": "thakurgaon_road",
                "is_eid_trip": 0,
                "is_from_city_international": false,
                "is_international": 0,
                "is_open_for_all": true,
                "origin_city_name": "ahsanganj",
                "parent_route": {
                    "arrival_date": "2025-03-20",
                    "arrival_time": "07:10:00",
                    "departure_date": "2025-03-19",
                    "departure_time": "20:45:00",
                    "destination_city_name": "panchagarh",
                    "origin_city_name": "dhaka"
                },
                "seat_types": [
                    {
                        "destination_city_seq": 24,
                        "fare": "420.00",
                        "key": 3,
                        "origin_city_seq": 12,
                        "route_id": 19600,
                        "seat_counts": {
                            "is_divided": true,
                            "offline": 0,
                            "online": 0
                        },
                        "trip_id": 8407566,
                        "trip_route_id": 52513196,
                        "type": "SNIGDHA",
                        "vat_amount": 63,
                        "vat_percent": 15
                    },
                    {
                        "destination_city_seq": 24,
                        "fare": "250.00",
                        "key": 7,
                        "origin_city_seq": 12,
                        "route_id": 19600,
                        "seat_counts": {
                            "is_divided": true,
                            "offline": 0,
                            "online": 0
                        },
                        "trip_id": 8407592,
                        "trip_route_id": 52516140,
                        "type": "S_CHAIR",
                        "vat_amount": 0,
                        "vat_percent": 0
                    },
                    {
                        "destination_city_seq": 24,
                        "fare": "750.00",
                        "key": 1,
                        "origin_city_seq": 12,
                        "route_id": 19600,
                        "seat_counts": {
                            "is_divided": true,
                            "offline": 0,
                            "online": 0
                        },
                        "trip_id": 8407610,
                        "trip_route_id": 52517348,
                        "type": "AC_B",
                        "vat_amount": 113,
                        "vat_percent": 15
                    }
                ],
                "train_model": "757",
                "travel_time": "04h 46m",
                "trip_number": "DRUTOJAN EXPRESS (757)"
            },
            {
                "arrival_date_time": "21 Mar, 03:43 am",
                "boarding_points": [
                    {
                        "location_date": "20 Mar 2025",
                        "location_id": 2707,
                        "location_name": "Ahsanganj Station",
                        "location_time": "10:59 PM",
                        "trip_point_id": 107719704
                    }
                ],
                "departure_date_time": "20 Mar, 10:59 pm",
                "departure_date_time_jd": "Thu, 20 Mar 2025, 10:59 PM",
                "departure_full_date": "2025-03-20",
                "destination_city_name": "thakurgaon_road",
                "is_eid_trip": 0,
                "is_from_city_international": false,
                "is_international": 0,
                "is_open_for_all": true,
                "origin_city_name": "ahsanganj",
                "parent_route": {
                    "arrival_date": "2025-03-21",
                    "arrival_time": "04:40:00",
                    "departure_date": "2025-03-20",
                    "departure_time": "21:00:00",
                    "destination_city_name": "panchagarh",
                    "origin_city_name": "rajshahi"
                },
                "seat_types": [
                    {
                        "destination_city_seq": 18,
                        "fare": "670.00",
                        "key": 1,
                        "origin_city_seq": 5,
                        "route_id": 20883,
                        "seat_counts": {
                            "is_divided": true,
                            "offline": 0,
                            "online": 0
                        },
                        "trip_id": 8407983,
                        "trip_route_id": 52530764,
                        "type": "AC_B",
                        "vat_amount": 101,
                        "vat_percent": 15
                    },
                    {
                        "destination_city_seq": 18,
                        "fare": "250.00",
                        "key": 7,
                        "origin_city_seq": 5,
                        "route_id": 20883,
                        "seat_counts": {
                            "is_divided": true,
                            "offline": 2,
                            "online": 3
                        },
                        "trip_id": 8408009,
                        "trip_route_id": 52532116,
                        "type": "S_CHAIR",
                        "vat_amount": 0,
                        "vat_percent": 0
                    }
                ],
                "train_model": "803",
                "travel_time": "04h 44m",
                "trip_number": "BANGLABANDHA EXPRESS (803)"
            }
        ]
    },
    "extra": {
        "hash": "2913D4E613EE77BA81FCAB988D4D7E11"
    }
}