{
    "data": {
        "recommendations": [],
        "selected_seat_class": "S_CHAIR",
        "trains": [
            {
                "arrival_date_time": "20 Mar, 05:10 am",
                "boarding_points": [
                    {
                        "location_date": "20 Mar 2025",
                        "location_id": 2828,
                        "location_name": "Akhaura Station",
                        "location_time": "02:50 AM",
                        "trip_point_id": 107707548
                    }
                ],
                "departure_date_time": "20 Mar, 02:50 am",
                "departure_date_time_jd": "Thu, 20 Mar 2025, 02:50 AM",
                "departure_full_date": "2025-03-20",
                "destination_city_name": "dhaka",
                "is_eid_trip": 0,
                "is_from_city_international": false,
                "is_international": 0,
                "is_open_for_all": true,
                "origin_city_name": "akhaura",
                "parent_route": {
                    "arrival_date": "2025-03-20",
                    "arrival_time": "05:10:00",
                    "departure_date": "2025-03-19",
                    "departure_time": "23:30:00",
                    "destination_city_name": "dhaka",
                    "origin_city_name": "chattogram"
                },
                "seat_types": [
                    {
                        "destination_city_seq": 8,
                        "fare": "170.00",
                        "key": 7,
                        "origin_city_seq": 5,
                        "route_id": 22824,
                        "seat_counts": {
                            "is_divided": true,
                            "offline": 0,
                            "online": 0
                        },
                        "trip_id": 8407417,
                        "trip_route_id": 52508027,
                        "type": "S_CHAIR",
                        "vat_amount": 0,
                        "vat_percent": 0
                    },
                    {
                        "destination_city_seq": 8,
                        "fare": "335.00",
                        "key": 4,
                        "origin_city_seq": 5,
                        "route_id": 22824,
                        "seat_counts": {
                            "is_divided": true,
                            "offline": 0,
                            "online": 0
                        },
                        "trip_id": 8407418,
                        "trip_route_id": 52508040,
                        "type": "F_BERTH",
                        "vat_amount": 51,
                        "vat_percent": 15
                    },
                    {
                        "destination_city_seq": 8,
                        "fare": "500.00",
                        "key": 1,
                        "origin_city_seq": 5,
                        "route_id": 22824,
                        "seat_counts": {
                            "is_divided": true,
                            "offline": 0,
                            "online": 0
                        },
                        "trip_id": 8407419,
                        "trip_route_id": 52508053,
                        "type": "AC_B",
                        "vat_amount": 75,
                        "vat_percent": 15
                    },
                    {
                        "destination_city_seq": 8,
                        "fare": "280.00",
                        "key": 3,
                        "origin_city_seq": 5,
                        "route_id": 22824,
                        "seat_counts": {
                            "is_divided": true,
                            "offline": 0,
                            "online": 0
                        },
                        "trip_id": 8407420,
                        "trip_route_id": 52508066,
                        "type": "SNIGDHA",
                        "vat_amount": 42,
                        "vat_percent": 15
                    }
                ],
                "train_model": "741",
                "travel_time": "02h 20m",
                "trip_number": "TURNA (741)"
            },
            {
                "arrival_date_time": "20 Mar, 11:20 am",
                "boarding_points": [
                    {
                        "location_date": "20 Mar 2025",
                        "location_id": 2828,
                        "location_name": "Akhaura Station",
                        "location_time": "08:53 AM",
                        "trip_point_id": 107715770
                    }
                ],
                "departure_date_time": "20 Mar, 08:53 am",
                "departure_date_time_jd": "Thu, 20 Mar 2025, 08:53 AM",
                "departure_full_date": "2025-03-20",
                "destination_city_name": "dhaka",
                "is_eid_trip": 0,
                "is_from_city_international": false,
                "is_international": 0,
                "is_open_for_all": true,
                "origin_city_name": "akhaura",
                "parent_route": {
                    "arrival_date": "2025-03-20",
                    "arrival_time": "11:20:00",
                    "departure_date": "2025-03-20",
                    "departure_time": "06:00:00",
                    "destination_city_name": "dhaka",
                    "origin_city_name": "noakhali"
                },
                "seat_types": [
                    {
                        "destination_city_seq": 15,
                        "fare": "280.00",
                        "key": 3,
                        "origin_city_seq": 10,
                        "route_id": 22253,
                        "seat_counts": {
                            "is_divided": true,
                            "offline": 2,
                            "online": 3
                        },
                        "trip_id": 8407771,
                        "trip_route_id": 52524785,
                        "type": "SNIGDHA",
                        "vat_amount": 42,
                        "vat_percent": 15
                    },
                    {
                        "destination_city_seq": 15,
                        "fare": "170.00",
                        "key": 7,
                        "origin_city_seq": 10,
                        "route_id": 22253,
                        "seat_counts": {
                            "is_divided": true,
                            "offline": 0,
                            "online": 0
                        },
                        "trip_id": 8407772,
                        "trip_route_id": 52524856,
                        "type": "S_CHAIR",
                        "vat_amount": 0,
                        "vat_percent": 0
                    }
                ],
                "train_model": "711",
                "travel_time": "02h 27m",
                "trip_number": "UPAKUL EXPRESS (711)"
            },
            {
                "arrival_date_time": "20 Mar, 12:40 pm",
                "boarding_points": [
                    {
                        "location_date": "20 Mar 2025",
                        "location_id": 2828,
                        "location_name": "Akhaura Station",
                        "location_time": "10:08 AM",
                        "trip_point_id": 107718048
                    }
                ],
                "departure_date_time": "20 Mar, 10:08 am",
                "departure_date_time_jd": "Thu, 20 Mar 2025, 10:08 AM",
                "departure_full_date": "2025-03-20",
                "destination_city_name": "dhaka",
                "is_eid_trip": 0,
                "is_from_city_international": false,
                "is_international": 0,
                "is_open_for_all": true,
                "origin_city_name": "akhaura",
                "parent_route": {
                    "arrival_date": "2025-03-20",
                    "arrival_time": "12:40:00",
                    "departure_date": "2025-03-20",
                    "departure_time": "06:00:00",
                    "destination_city_name": "dhaka",
                    "origin_city_name": "chattogram"
                },
                "seat_types": [
                    {
                        "destination_city_seq": 16,
                        "fare": "280.00",
                        "key": 3,
                        "origin_city_seq": 10,
                        "route_id": 22902,
                        "seat_counts": {
                            "is_divided": true,
                            "offline": 1,
                            "online": 2
                        },
                        "trip_id": 8407900,
                        "trip_route_id": 52528043,
                        "type": "SNIGDHA",
                        "vat_amount": 42,
                        "vat_percent": 15
                    },
                    {
                        "destination_city_seq": 16,
                        "fare": "170.00",
                        "key": 7,
                        "origin_city_seq": 10,
                        "route_id": 22902,
                        "seat_counts": {
                            "is_divided": true,
                            "offline": 0,
                            "online": 0
                        },
                        "trip_id": 8407902,
                        "trip_route_id": 52528089,
                        "type": "S_CHAIR",
                        "vat_amount": 0,
                        "vat_percent": 0
                    }
                ],
                "train_model": "801",
                "travel_time": "02h 32m",
                "trip_number": "CHATTALA EXPRESS (801)"
            },
            {
                "arrival_date_time": "20 Mar, 06:40 pm",
                "boarding_points": [
                    {
                        "location_date": "20 Mar 2025",
                        "location_id": 2828,
                        "location_name": "Akhaura Station",
                        "location_time": "04:08 PM",
                        "trip_point_id": 107716123
                    }
                ],
                "departure_date_time": "20 Mar, 04:08 pm",
                "departure_date_time_jd": "Thu, 20 Mar 2025, 04:08 PM",
                "departure_full_date": "2025-03-20",
                "destination_city_name": "dhaka",
                "is_eid_trip": 0,
                "is_from_city_international": false,
                "is_international": 0,
                "is_open_for_all": true,
                "origin_city_name": "akhaura",
                "parent_route": {
                    "arrival_date": "2025-03-20",
                    "arrival_time": "18:40:00",
                    "departure_date": "2025-03-20",
                    "departure_time": "12:30:00",
                    "destination_city_name": "dhaka",
                    "origin_city_name": "chattogram"
                },
                "seat_types": [
                    {
                        "destination_city_seq": 13,
                        "fare": "170.00",
                        "key": 7,
                        "origin_city_seq": 8,
                        "route_id": 22503,
                        "seat_counts": {
                            "is_divided": true,
                            "offline": 0,
                            "online": 0
                        },
                        "trip_id": 8407784,
                        "trip_route_id": 52525325,
                        "type": "S_CHAIR",
                        "vat_amount": 0,
                        "vat_percent": 0
                    },
                    {
                        "destination_city_seq": 13,
                        "fare": "335.00",
                        "key": 2,
                        "origin_city_seq": 8,
                        "route_id": 22503,
                        "seat_counts": {
                            "is_divided": true,
                            "offline": 0,
                            "online": 0
                        },
                        "trip_id": 8407785,
                        "trip_route_id": 52525365,
                        "type": "AC_S",
                        "vat_amount": 51,
                        "vat_percent": 15
                    },
                    {
                        "destination_city_seq": 13,
                        "fare": "280.00",
                        "key": 3,
                        "origin_city_seq": 8,
                        "route_id": 22503,
                        "seat_counts": {
                            "is_divided": true,
                            "offline": 0,
                            "online": 0
                        },
                        "trip_id": 8407786,
                        "trip_route_id": 52525406,
                        "type": "SNIGDHA",
                        "vat_amount": 42,
                        "vat_percent": 15
                    }
                ],
                "train_model": "721",
                "travel_time": "02h 32m",
                "trip_number": "MOHANAGAR EXPRESS (721)"
            },
            {
                "arrival_date_time": "20 Mar, 08:45 pm",
                "boarding_points": [
                    {
                        "location_date": "20 Mar 2025",
                        "location_id": 2828,
                        "location_name": "Akhaura Station",
                        "location_time": "06:23 PM",
                        "trip_point_id": 107715334
                    }
                ],
                "departure_date_time": "20 Mar, 06:23 pm",
                "departure_date_time_jd": "Thu, 20 Mar 2025, 06:23 PM",
                "departure_full_date": "2025-03-20",
                "destination_city_name": "dhaka",
                "is_eid_trip": 0,
                "is_from_city_international": false,
                "is_international": 0,
                "is_open_for_all": true,
                "origin_city_name": "akhaura",
                "parent_route": {
                    "arrival_date": "2025-03-20",
                    "arrival_time": "20:45:00",
                    "departure_date": "2025-03-20",
                    "departure_time": "15:00:00",
                    "destination_city_name": "dhaka",
                    "origin_city_name": "chattogram"
                },
                "seat_types": [
                    {
                        "destination_city_seq": 9,
                        "fare": "280.00",
                        "key": 3,
                        "origin_city_seq": 6,
                        "route_id": 22035,
                        "seat_counts": {
                            "is_divided": true,
                            "offline": 0,
                            "online": 0
                        },
                        "trip_id": 8407747,
                        "trip_route_id": 52524064,
                        "type": "SNIGDHA",
                        "vat_amount": 42,
                        "vat_percent": 15
                    },
                    {
                        "destination_city_seq": 9,
                        "fare": "170.00",
                        "key": 7,
                        "origin_city_seq": 6,
                        "route_id": 22035,
                        "seat_counts": {
                            "is_divided": true,
                            "offline": 4,
                            "online": 5
                        },
                        "trip_id": 8407748,
                        "trip_route_id": 52524086,
                        "type": "S_CHAIR",
                        "vat_amount": 0,
                        "vat_percent": 0
                    },
                    {
                        "destination_city_seq": 9,
                        "fare": "225.00",
                        "key": 5,
                        "origin_city_seq": 6,
                        "route_id": 22035,
                        "seat_counts": {
                            "is_divided": true,
                            "offline": 0,
                            "online": 0
                        },
                        "trip_id": 8407749,
                        "trip_route_id": 52524107,
                        "type": "F_SEAT",
                        "vat_amount": 34,
                        "vat_percent": 15
                    },
                    {
                        "destination_city_seq": 9,
                        "fare": "335.00",
                        "key": 2,
                        "origin_city_seq": 6,
                        "route_id": 22035,
                        "seat_counts": {
                            "is_divided": true,
                            "offline": 0,
                            "online": 0
                        },
                        "trip_id": 8407750,
                        "trip_route_id": 52524127,
                        "type": "AC_S",
                        "vat_amount": 51,
                        "vat_percent": 15
                    }
                ],
                "train_model": "703",
                "travel_time": "02h 22m",
                "trip_number": "MAHANAGAR GODHULI (703)"
            }
        ]
    },
    "extra": {
        "hash": "2913D4E613EE77BA81FCAB988D4D7E11"
    }
}