{
    "data": {
        "recommendations": [],
        "selected_seat_class": "S_CHAIR",
        "trains": [
            {
                "arrival_date_time": "20 Mar, 10:51 am",
                "boarding_points": [
                    {
                        "location_date": "20 Mar 2025",
                        "location_id": 2828,
                        "location_name": "Akhaura Station",
                        "location_time": "10:08 AM",
                        "trip_point_id": 107715399
                    }
                ],
                "departure_date_time": "20 Mar, 10:08 am",
                "departure_date_time_jd": "Thu, 20 Mar 2025, 10:08 AM",
                "departure_full_date": "2025-03-20",
                "destination_city_name": "cumilla",
                "is_eid_trip": 0,
                "is_from_city_international": false,
                "is_international": 0,
                "is_open_for_all": true,
                "origin_city_name": "akhaura",
                "parent_route": {
                    "arrival_date": "2025-03-20",
                    "arrival_time": "13:35:00",
                    "departure_date": "2025-03-20",
                    "departure_time": "07:45:00",
                    "destination_city_name": "chattogram",
                    "origin_city_name": "dhaka"
                },
                "seat_types": [
                    {
                        "destination_city_seq": 6,
                        "fare": "60.00",
                        "key": 7,
                        "origin_city_seq": 5,
                        "route_id": 22057,
                        "seat_counts": {
                            "is_divided": true,
                            "offline": 2,
                            "online": 2
                        },
                        "trip_id": 8407751,
                        "trip_route_id": 52524151,
                        "type": "S_CHAIR",
                        "vat_amount": 0,
                        "vat_percent": 0
                    },
                    {
                        "destination_city_seq": 6,
                        "fare": "90.00",
                        "key": 5,
                        "origin_city_seq": 5,
                        "route_id": 22057,
                        "seat_counts": {
                            "is_divided": true,
                            "offline": 0,
                            "online": 0
                        },
                        "trip_id": 8407752,
                        "trip_route_id": 52524176,
                        "type": "F_SEAT",
                        "vat_amount": 14,
                        "vat_percent": 15
                    },
                    {
                        "destination_city_seq": 6,
                        "fare": "115.00",
                        "key": 2,
                        "origin_city_seq": 5,
                        "route_id": 22057,
                        "seat_counts": {
                            "is_divided": true,
                            "offline": 0,
                            "online": 0
                        },
                        "trip_id": 8407753,
                        "trip_route_id": 52524201,
                        "type": "AC_S",
                        "vat_amount": 18,
                        "vat_percent": 15
                    },
                    {
                        "destination_city_seq": 6,
                        "fare": "100.00",
                        "key": 3,
                        "origin_city_seq": 5,
                        "route_id": 22057,
                        "seat_counts": {
                            "is_divided": true,
                            "offline": 0,
                            "online": 0
                        },
                        "trip_id": 8407754,
                        "trip_route_id": 52524226,
                        "type": "SNIGDHA",
                        "vat_amount": 15,
                        "vat_percent": 15
                    }
                ],
                "train_model": "704",
                "travel_time": "00h 43m",
                "trip_number": "MAHANAGAR PROVATI (704)"
            },
            {
                "arrival_date_time": "20 Mar, 04:13 pm",
                "boarding_points": [
                    {
                        "location_date": "20 Mar 2025",
                        "location_id": 2828,
                        "location_name": "Akhaura Station",
                        "location_time": "03:25 PM",
                        "trip_point_id": 107716047
                    }
                ],
                "departure_date_time": "20 Mar, 03:25 pm",
                "departure_date_time_jd": "Thu, 20 Mar 2025, 03:25 PM",
                "departure_full_date": "2025-03-20",
                "destination_city_name": "cumilla",
                "is_eid_trip": 0,
                "is_from_city_international": false,
                "is_international": 0,
                "is_open_for_all": true,
                "origin_city_name": "akhaura",
                "parent_route": {
                    "arrival_date": "2025-03-20",
                    "arrival_time": "18:55:00",
                    "departure_date": "2025-03-20",
                    "departure_time": "10:30:00",
                    "destination_city_name": "chattogram",
                    "origin_city_name": "sylhet"
                },
                "seat_types": [
                    {
                        "destination_city_seq": 12,
                        "fare": "115.00",
                        "key": 2,
                        "origin_city_seq": 10,
                        "route_id": 22460,
                        "seat_counts": {
                            "is_divided": true,
                            "offline": 0,
                            "online": 0
                        },
                        "trip_id": 8407781,
                        "trip_route_id": 52525180,
                        "type": "AC_S",
                        "vat_amount": 18,
                        "vat_percent": 15
                    },
                    {
                        "destination_city_seq": 12,
                        "fare": "60.00",
                        "key": 7,
                        "origin_city_seq": 10,
                        "route_id": 22460,
                        "seat_counts": {
                            "is_divided": true,
                            "offline": 1,
                            "online": 1
                        },
                        "trip_id": 8407782,
                        "trip_route_id": 52525229,
                        "type": "S_CHAIR",
                        "vat_amount": 0,
                        "vat_percent": 0
                    },
                    {
                        "destination_city_seq": 12,
                        "fare": "100.00",
                        "key": 3,
                        "origin_city_seq": 10,
                        "route_id": 22460,
                        "seat_counts": {
                            "is_divided": true,
                            "offline": 0,
                            "online": 0
                        },
                        "trip_id": 8407783,
                        "trip_route_id": 52525277,
                        "type": "SNIGDHA",
                        "vat_amount": 15,
                        "vat_percent": 15
                    }
                ],
                "train_model": "720",
                "travel_time": "00h 48m",
                "trip_number": "PAHARIKA EXPRESS (720)"
            }
        ]
    },
    "extra": {
        "hash": "2913D4E613EE77BA81FCAB988D4D7E11"
    }
}