{
    "data": {
        "recommendations": [],
        "selected_seat_class": "S_CHAIR",
        "trains": [
            {
                "arrival_date_time": "20 Mar, 08:15 pm",
                "boarding_points": [
                    {
                        "location_date": "20 Mar 2025",
                        "location_id": 2758,
                        "location_name": "Akkelpur Station",
                        "location_time": "04:27 PM",
                        "trip_point_id": 107719212
                    }
                ],
                "departure_date_time": "20 Mar, 04:27 pm",
                "departure_date_time_jd": "Thu, 20 Mar 2025, 04:27 PM",
                "departure_full_date": "2025-03-20",
                "destination_city_name": "thakurgaon_road",
                "is_eid_trip": 0,
                "is_from_city_international": false,
                "is_international": 0,
                "is_open_for_all": true,
                "origin_city_name": "akkelpur",
                "parent_route": {
                    "arrival_date": "2025-03-20",
                    "arrival_time": "21:00:00",
                    "departure_date": "2025-03-20",
                    "departure_time": "10:15:00",
                    "destination_city_name": "panchagarh",
                    "origin_city_name": "dhaka"
                },
                "seat_types": [
                    {
                        "destination_city_seq": 24,
                        "fare": "205.00",
                        "key": 7,
                        "origin_city_seq": 14,
                        "route_id": 26420,
                        "seat_counts": {
                            "is_divided": true,
                            "offline": 2,
                            "online": 3
                        },
                        "trip_id": 8407969,
                        "trip_route_id": 52529817,
                        "type": "S_CHAIR",
                        "vat_amount": 0,
                        "vat_percent": 0
                    }
                ],
                "train_model": "705",
                "travel_time": "03h 48m",
                "trip_number": "EKOTA EXPRESS (705)"
            },
            {
                "arrival_date_time": "21 Mar, 03:43 am",
                "boarding_points": [
                    {
                        "location_date": "20 Mar 2025",
                        "location_id": 2758,
                        "location_name": "Akkelpur Station",
                        "location_time": "11:47 PM",
                        "trip_point_id": 107719701
                    }
                ],
                "departure_date_time": "20 Mar, 11:47 pm",
                "departure_date_time_jd": "Thu, 20 Mar 2025, 11:47 PM",
                "departure_full_date": "2025-03-20",
                "destination_city_name": "thakurgaon_road",
                "is_eid_trip": 0,
                "is_from_city_international": false,
                "is_international": 0,
                "is_open_for_all": true,
                "origin_city_name": "akkelpur",
                "parent_route": {
                    "arrival_date": "2025-03-21",
                    "arrival_time": "04:40:00",
                    "departure_date": "2025-03-20",
                    "departure_time": "21:00:00",
                    "destination_city_name": "panchagarh",
                    "origin_city_name": "rajshahi"
                },
                "seat_types": [
                    {
                        "destination_city_seq": 18,
                        "fare": "560.00",
                        "key": 1,
                        "origin_city_seq": 7,
                        "route_id": 20892,
                        "seat_counts": {
                            "is_divided": true,
                            "offline": 0,
                            "online": 0
                        },
                        "trip_id": 8407983,
                        "trip_route_id": 52530754,
                        "type": "AC_B",
                        "vat_amount": 84,
                        "vat_percent": 15
                    },
                    {
                        "destination_city_seq": 18,
                        "fare": "205.00",
                        "key": 7,
                        "origin_city_seq": 7,
                        "route_id": 20892,
                        "seat_counts": {
                            "is_divided": true,
                            "offline": 2,
                            "online": 3
                        },
                        "trip_id": 8408009,
                        "trip_route_id": 52532106,
                        "type": "S_CHAIR",
                        "vat_amount": 0,
                        "vat_percent": 0
                    }
                ],
                "train_model": "803",
                "travel_time": "03h 56m",
                "trip_number": "BANGLABANDHA EXPRESS (803)"
            }
        ]
    },
    "extra": {
        "hash": "2913D4E613EE77BA81FCAB988D4D7E11"
    }
}