{
    "data": {
        "recommendations": [],
        "selected_seat_class": "S_CHAIR",
        "trains": [
            {
                "arrival_date_time": "20 Mar, 07:22 pm",
                "boarding_points": [
                    {
                        "location_date": "20 Mar 2025",
                        "location_id": 2758,
                        "location_name": "Akkelpur Station",
                        "location_time": "06:35 PM",
                        "trip_point_id": 107720566
                    }
                ],
                "departure_date_time": "20 Mar, 06:35 pm",
                "departure_date_time_jd": "Thu, 20 Mar 2025, 06:35 PM",
                "departure_full_date": "2025-03-20",
                "destination_city_name": "ahsanganj",
                "is_eid_trip": 0,
                "is_from_city_international": false,
                "is_international": 0,
                "is_open_for_all": true,
                "origin_city_name": "akkelpur",
                "parent_route": {
                    "arrival_date": "2025-03-20",
                    "arrival_time": "21:30:00",
                    "departure_date": "2025-03-20",
                    "departure_time": "15:00:00",
                    "destination_city_name": "rajshahi",
                    "origin_city_name": "chilahati"
                },
                "seat_types": [
                    {
                        "destination_city_seq": 15,
                        "fare": "50.00",
                        "key": 7,
                        "origin_city_seq": 13,
                        "route_id": 26406,
                        "seat_counts": {
                            "is_divided": true,
                            "offline": 5,
                            "online": 5
                        },
                        "trip_id": 8408014,
                        "trip_route_id": 52532402,
                        "type": "S_CHAIR",
                        "vat_amount": 0,
                        "vat_percent": 0
                    }
                ],
                "train_model": "734",
                "travel_time": "00h 47m",
                "trip_number": "TITUMIR EXPRESS (734)"
            }
        ]
    },
    "extra": {
        "hash": "2913D4E613EE77BA81FCAB988D4D7E11"
    }
}