{
    "data": {
        "recommendations": [],
        "selected_seat_class": "S_CHAIR",
        "trains": [
            {
                "arrival_date_time": "20 Mar, 10:50 am",
                "boarding_points": [
                    {
                        "location_date": "20 Mar 2025",
                        "location_id": 2788,
                        "location_name": "Alamdanga Station",
                        "location_time": "09:44 AM",
                        "trip_point_id": 107758441
                    }
                ],
                "departure_date_time": "20 Mar, 09:44 am",
                "departure_date_time_jd": "Thu, 20 Mar 2025, 09:44 AM",
                "departure_full_date": "2025-03-20",
                "destination_city_name": "ishwardi",
                "is_eid_trip": 0,
                "is_from_city_international": false,
                "is_international": 0,
                "is_open_for_all": true,
                "origin_city_name": "alamdanga",
                "parent_route": {
                    "arrival_date": "2025-03-20",
                    "arrival_time": "12:20:00",
                    "departure_date": "2025-03-20",
                    "departure_time": "06:45:00",
                    "destination_city_name": "rajshahi",
                    "origin_city_name": "khulna"
                },
                "seat_types": [
                    {
                        "destination_city_seq": 14,
                        "fare": "180.00",
                        "key": 3,
                        "origin_city_seq": 9,
                        "route_id": 21439,
                        "seat_counts": {
                            "is_divided": true,
                            "offline": 0,
                            "online": 0
                        },
                        "trip_id": 8409900,
                        "trip_route_id": 52596832,
                        "type": "SNIGDHA",
                        "vat_amount": 27,
                        "vat_percent": 15
                    },
                    {
                        "destination_city_seq": 14,
                        "fare": "110.00",
                        "key": 7,
                        "origin_city_seq": 9,
                        "route_id": 21439,
                        "seat_counts": {
                            "is_divided": true,
                            "offline": 0,
                            "online": 0
                        },
                        "trip_id": 8409907,
                        "trip_route_id": 52597266,
                        "type": "S_CHAIR",
                        "vat_amount": 0,
                        "vat_percent": 0
                    }
                ],
                "train_model": "715",
                "travel_time": "01h 06m",
                "trip_number": "KAPOTAKSHA EXPRESS (715)"
            },
            {
                "arrival_date_time": "20 Mar, 01:15 pm",
                "boarding_points": [
                    {
                        "location_date": "20 Mar 2025",
                        "location_id": 2788,
                        "location_name": "Alamdanga Station",
                        "location_time": "12:11 PM",
                        "trip_point_id": 107720055
                    }
                ],
                "departure_date_time": "20 Mar, 12:11 pm",
                "departure_date_time_jd": "Thu, 20 Mar 2025, 12:11 PM",
                "departure_full_date": "2025-03-20",
                "destination_city_name": "ishwardi",
                "is_eid_trip": 0,
                "is_from_city_international": false,
                "is_international": 0,
                "is_open_for_all": true,
                "origin_city_name": "alamdanga",
                "parent_route": {
                    "arrival_date": "2025-03-20",
                    "arrival_time": "18:05:00",
                    "departure_date": "2025-03-20",
                    "departure_time": "09:00:00",
                    "destination_city_name": "dhaka",
                    "origin_city_name": "khulna"
                },
                "seat_types": [
                    {
                        "destination_city_seq": 13,
                        "fare": "110.00",
                        "key": 7,
                        "origin_city_seq": 9,
                        "route_id": 25090,
                        "seat_counts": {
                            "is_divided": true,
                            "offline": 0,
                            "online": 0
                        },
                        "trip_id": 8407998,
                        "trip_route_id": 52531361,
                        "type": "S_CHAIR",
                        "vat_amount": 0,
                        "vat_percent": 0
                    }
                ],
                "train_model": "763",
                "travel_time": "01h 04m",
                "trip_number": "CHITRA EXPRESS (763)"
            },
            {
                "arrival_date_time": "20 Mar, 08:10 pm",
                "boarding_points": [
                    {
                        "location_date": "20 Mar 2025",
                        "location_id": 2788,
                        "location_name": "Alamdanga Station",
                        "location_time": "07:04 PM",
                        "trip_point_id": 107721494
                    }
                ],
                "departure_date_time": "20 Mar, 07:04 pm",
                "departure_date_time_jd": "Thu, 20 Mar 2025, 07:04 PM",
                "departure_full_date": "2025-03-20",
                "destination_city_name": "ishwardi",
                "is_eid_trip": 0,
                "is_from_city_international": false,
                "is_international": 0,
                "is_open_for_all": true,
                "origin_city_name": "alamdanga",
                "parent_route": {
                    "arrival_date": "2025-03-20",
                    "arrival_time": "22:00:00",
                    "departure_date": "2025-03-20",
                    "departure_time": "16:00:00",
                    "destination_city_name": "rajshahi",
                    "origin_city_name": "khulna"
                },
                "seat_types": [
                    {
                        "destination_city_seq": 14,
                        "fare": "110.00",
                        "key": 7,
                        "origin_city_seq": 9,
                        "route_id": 21439,
                        "seat_counts": {
                            "is_divided": true,
                            "offline": 2,
                            "online": 3
                        },
                        "trip_id": 8408048,
                        "trip_route_id": 52534421,
                        "type": "S_CHAIR",
                        "vat_amount": 0,
                        "vat_percent": 0
                    }
                ],
                "train_model": "761",
                "travel_time": "01h 06m",
                "trip_number": "SAGARDARI EXPRESS (761)"
            }
        ]
    },
    "extra": {
        "hash": "2913D4E613EE77BA81FCAB988D4D7E11"
    }
}