{
    "data": {
        "recommendations": [
            {
                "destination": "Chuadanga",
                "origin": "Chuadanga"
            },
            {
                "destination": "Alamdanga",
                "origin": "Alamdanga"
            }
        ],
        "selected_seat_class": "S_CHAIR",
        "trains": [
            {
                "arrival_date_time": "20 Mar, 01:00 am",
                "boarding_points": [
                    {
                        "location_date": "20 Mar 2025",
                        "location_id": 2788,
                        "location_name": "Alamdanga Station",
                        "location_time": "12:42 AM",
                        "trip_point_id": 107713732
                    }
                ],
                "departure_date_time": "20 Mar, 12:42 am",
                "departure_date_time_jd": "Thu, 20 Mar 2025, 12:42 AM",
                "departure_full_date": "2025-03-20",
                "destination_city_name": "chuadanga",
                "is_eid_trip": 0,
                "is_from_city_international": false,
                "is_international": 0,
                "is_open_for_all": true,
                "origin_city_name": "alamdanga",
                "parent_route": {
                    "arrival_date": "2025-03-20",
                    "arrival_time": "04:10:00",
                    "departure_date": "2025-03-19",
                    "departure_time": "18:30:00",
                    "destination_city_name": "khulna",
                    "origin_city_name": "chilahati"
                },
                "seat_types": [
                    {
                        "destination_city_seq": 18,
                        "fare": "50.00",
                        "key": 7,
                        "origin_city_seq": 17,
                        "route_id": 21372,
                        "seat_counts": {
                            "is_divided": true,
                            "offline": 0,
                            "online": 0
                        },
                        "trip_id": 8407668,
                        "trip_route_id": 52520146,
                        "type": "S_CHAIR",
                        "vat_amount": 0,
                        "vat_percent": 0
                    },
                    {
                        "destination_city_seq": 18,
                        "fare": "130.00",
                        "key": 1,
                        "origin_city_seq": 17,
                        "route_id": 21372,
                        "seat_counts": {
                            "is_divided": true,
                            "offline": 0,
                            "online": 0
                        },
                        "trip_id": 8407670,
                        "trip_route_id": 52520375,
                        "type": "AC_B",
                        "vat_amount": 20,
                        "vat_percent": 15
                    },
                    {
                        "destination_city_seq": 18,
                        "fare": "100.00",
                        "key": 3,
                        "origin_city_seq": 17,
                        "route_id": 21372,
                        "seat_counts": {
                            "is_divided": true,
                            "offline": 0,
                            "online": 0
                        },
                        "trip_id": 8407672,
                        "trip_route_id": 52520607,
                        "type": "SNIGDHA",
                        "vat_amount": 15,
                        "vat_percent": 15
                    }
                ],
                "train_model": "748",
                "travel_time": "00h 18m",
                "trip_number": "SIMANTA EXPRESS (748)"
            },
            {
                "arrival_date_time": "20 Mar, 01:24 am",
                "boarding_points": [
                    {
                        "location_date": "20 Mar 2025",
                        "location_id": 2788,
                        "location_name": "Alamdanga Station",
                        "location_time": "01:07 AM",
                        "trip_point_id": 107709983
                    }
                ],
                "departure_date_time": "20 Mar, 01:07 am",
                "departure_date_time_jd": "Thu, 20 Mar 2025, 01:07 AM",
                "departure_full_date": "2025-03-20",
                "destination_city_name": "chuadanga",
                "is_eid_trip": 0,
                "is_from_city_international": false,
                "is_international": 0,
                "is_open_for_all": true,
                "origin_city_name": "alamdanga",
                "parent_route": {
                    "arrival_date": "2025-03-20",
                    "arrival_time": "04:40:00",
                    "departure_date": "2025-03-19",
                    "departure_time": "19:30:00",
                    "destination_city_name": "khulna",
                    "origin_city_name": "dhaka"
                },
                "seat_types": [
                    {
                        "destination_city_seq": 17,
                        "fare": "100.00",
                        "key": 3,
                        "origin_city_seq": 16,
                        "route_id": 20652,
                        "seat_counts": {
                            "is_divided": true,
                            "offline": 0,
                            "online": 0
                        },
                        "trip_id": 8407548,
                        "trip_route_id": 52511713,
                        "type": "SNIGDHA",
                        "vat_amount": 15,
                        "vat_percent": 15
                    },
                    {
                        "destination_city_seq": 17,
                        "fare": "130.00",
                        "key": 1,
                        "origin_city_seq": 16,
                        "route_id": 20652,
                        "seat_counts": {
                            "is_divided": true,
                            "offline": 0,
                            "online": 0
                        },
                        "trip_id": 8407578,
                        "trip_route_id": 52514000,
                        "type": "AC_B",
                        "vat_amount": 20,
                        "vat_percent": 15
                    },
                    {
                        "destination_city_seq": 17,
                        "fare": "50.00",
                        "key": 7,
                        "origin_city_seq": 16,
                        "route_id": 20652,
                        "seat_counts": {
                            "is_divided": true,
                            "offline": 0,
                            "online": 0
                        },
                        "trip_id": 8407579,
                        "trip_route_id": 52514075,
                        "type": "S_CHAIR",
                        "vat_amount": 0,
                        "vat_percent": 0
                    }
                ],
                "train_model": "764",
                "travel_time": "00h 17m",
                "trip_number": "CHITRA EXPRESS (764)"
            }
        ]
    },
    "extra": {
        "hash": "2913D4E613EE77BA81FCAB988D4D7E11"
    }
}