{
    "data": {
        "recommendations": [],
        "selected_seat_class": "S_CHAIR",
        "trains": [
            {
                "arrival_date_time": "20 Mar, 01:50 am",
                "boarding_points": [
                    {
                        "location_date": "20 Mar 2025",
                        "location_id": 2788,
                        "location_name": "Alamdanga Station",
                        "location_time": "12:42 AM",
                        "trip_point_id": 107713732
                    }
                ],
                "departure_date_time": "20 Mar, 12:42 am",
                "departure_date_time_jd": "Thu, 20 Mar 2025, 12:42 AM",
                "departure_full_date": "2025-03-20",
                "destination_city_name": "kotchandpur",
                "is_eid_trip": 0,
                "is_from_city_international": false,
                "is_international": 0,
                "is_open_for_all": true,
                "origin_city_name": "alamdanga",
                "parent_route": {
                    "arrival_date": "2025-03-20",
                    "arrival_time": "04:10:00",
                    "departure_date": "2025-03-19",
                    "departure_time": "18:30:00",
                    "destination_city_name": "khulna",
                    "origin_city_name": "chilahati"
                },
                "seat_types": [
                    {
                        "destination_city_seq": 20,
                        "fare": "70.00",
                        "key": 7,
                        "origin_city_seq": 17,
                        "route_id": 21374,
                        "seat_counts": {
                            "is_divided": true,
                            "offline": 0,
                            "online": 0
                        },
                        "trip_id": 8407668,
                        "trip_route_id": 52520144,
                        "type": "S_CHAIR",
                        "vat_amount": 0,
                        "vat_percent": 0
                    },
                    {
                        "destination_city_seq": 20,
                        "fare": "205.00",
                        "key": 1,
                        "origin_city_seq": 17,
                        "route_id": 21374,
                        "seat_counts": {
                            "is_divided": true,
                            "offline": 0,
                            "online": 0
                        },
                        "trip_id": 8407670,
                        "trip_route_id": 52520373,
                        "type": "AC_B",
                        "vat_amount": 31,
                        "vat_percent": 15
                    },
                    {
                        "destination_city_seq": 20,
                        "fare": "115.00",
                        "key": 3,
                        "origin_city_seq": 17,
                        "route_id": 21374,
                        "seat_counts": {
                            "is_divided": true,
                            "offline": 0,
                            "online": 0
                        },
                        "trip_id": 8407672,
                        "trip_route_id": 52520605,
                        "type": "SNIGDHA",
                        "vat_amount": 18,
                        "vat_percent": 15
                    }
                ],
                "train_model": "748",
                "travel_time": "01h 08m",
                "trip_number": "SIMANTA EXPRESS (748)"
            },
            {
                "arrival_date_time": "20 Mar, 02:16 am",
                "boarding_points": [
                    {
                        "location_date": "20 Mar 2025",
                        "location_id": 2788,
                        "location_name": "Alamdanga Station",
                        "location_time": "01:07 AM",
                        "trip_point_id": 107711048
                    }
                ],
                "departure_date_time": "20 Mar, 01:07 am",
                "departure_date_time_jd": "Thu, 20 Mar 2025, 01:07 AM",
                "departure_full_date": "2025-03-20",
                "destination_city_name": "kotchandpur",
                "is_eid_trip": 0,
                "is_from_city_international": false,
                "is_international": 0,
                "is_open_for_all": true,
                "origin_city_name": "alamdanga",
                "parent_route": {
                    "arrival_date": "2025-03-20",
                    "arrival_time": "04:40:00",
                    "departure_date": "2025-03-19",
                    "departure_time": "19:30:00",
                    "destination_city_name": "khulna",
                    "origin_city_name": "dhaka"
                },
                "seat_types": [
                    {
                        "destination_city_seq": 19,
                        "fare": "70.00",
                        "key": 7,
                        "origin_city_seq": 16,
                        "route_id": 26992,
                        "seat_counts": {
                            "is_divided": true,
                            "offline": 2,
                            "online": 3
                        },
                        "trip_id": 8407579,
                        "trip_route_id": 52514073,
                        "type": "S_CHAIR",
                        "vat_amount": 0,
                        "vat_percent": 0
                    }
                ],
                "train_model": "764",
                "travel_time": "01h 09m",
                "trip_number": "CHITRA EXPRESS (764)"
            },
            {
                "arrival_date_time": "20 Mar, 09:51 am",
                "boarding_points": [
                    {
                        "location_date": "20 Mar 2025",
                        "location_id": 2788,
                        "location_name": "Alamdanga Station",
                        "location_time": "08:40 AM",
                        "trip_point_id": 107721546
                    }
                ],
                "departure_date_time": "20 Mar, 08:40 am",
                "departure_date_time_jd": "Thu, 20 Mar 2025, 08:40 AM",
                "departure_full_date": "2025-03-20",
                "destination_city_name": "kotchandpur",
                "is_eid_trip": 0,
                "is_from_city_international": false,
                "is_international": 0,
                "is_open_for_all": true,
                "origin_city_name": "alamdanga",
                "parent_route": {
                    "arrival_date": "2025-03-20",
                    "arrival_time": "12:10:00",
                    "departure_date": "2025-03-20",
                    "departure_time": "06:00:00",
                    "destination_city_name": "khulna",
                    "origin_city_name": "rajshahi"
                },
                "seat_types": [
                    {
                        "destination_city_seq": 13,
                        "fare": "70.00",
                        "key": 7,
                        "origin_city_seq": 9,
                        "route_id": 21500,
                        "seat_counts": {
                            "is_divided": true,
                            "offline": 0,
                            "online": 0
                        },
                        "trip_id": 8408051,
                        "trip_route_id": 52534506,
                        "type": "S_CHAIR",
                        "vat_amount": 0,
                        "vat_percent": 0
                    }
                ],
                "train_model": "762",
                "travel_time": "01h 11m",
                "trip_number": "SAGARDARI EXPRESS (762)"
            },
            {
                "arrival_date_time": "20 Mar, 01:16 pm",
                "boarding_points": [
                    {
                        "location_date": "20 Mar 2025",
                        "location_id": 2788,
                        "location_name": "Alamdanga Station",
                        "location_time": "12:11 PM",
                        "trip_point_id": 107719591
                    }
                ],
                "departure_date_time": "20 Mar, 12:11 pm",
                "departure_date_time_jd": "Thu, 20 Mar 2025, 12:11 PM",
                "departure_full_date": "2025-03-20",
                "destination_city_name": "kotchandpur",
                "is_eid_trip": 0,
                "is_from_city_international": false,
                "is_international": 0,
                "is_open_for_all": true,
                "origin_city_name": "alamdanga",
                "parent_route": {
                    "arrival_date": "2025-03-20",
                    "arrival_time": "15:40:00",
                    "departure_date": "2025-03-20",
                    "departure_time": "08:00:00",
                    "destination_city_name": "khulna",
                    "origin_city_name": "dhaka"
                },
                "seat_types": [
                    {
                        "destination_city_seq": 11,
                        "fare": "70.00",
                        "key": 7,
                        "origin_city_seq": 8,
                        "route_id": 25276,
                        "seat_counts": {
                            "is_divided": true,
                            "offline": 2,
                            "online": 3
                        },
                        "trip_id": 8407980,
                        "trip_route_id": 52530495,
                        "type": "S_CHAIR",
                        "vat_amount": 0,
                        "vat_percent": 0
                    }
                ],
                "train_model": "726",
                "travel_time": "01h 05m",
                "trip_number": "SUNDARBAN EXPRESS (726)"
            },
            {
                "arrival_date_time": "20 Mar, 06:14 pm",
                "boarding_points": [
                    {
                        "location_date": "20 Mar 2025",
                        "location_id": 2788,
                        "location_name": "Alamdanga Station",
                        "location_time": "04:55 PM",
                        "trip_point_id": 107758979
                    }
                ],
                "departure_date_time": "20 Mar, 04:55 pm",
                "departure_date_time_jd": "Thu, 20 Mar 2025, 04:55 PM",
                "departure_full_date": "2025-03-20",
                "destination_city_name": "kotchandpur",
                "is_eid_trip": 0,
                "is_from_city_international": false,
                "is_international": 0,
                "is_open_for_all": true,
                "origin_city_name": "alamdanga",
                "parent_route": {
                    "arrival_date": "2025-03-20",
                    "arrival_time": "20:25:00",
                    "departure_date": "2025-03-20",
                    "departure_time": "14:30:00",
                    "destination_city_name": "khulna",
                    "origin_city_name": "rajshahi"
                },
                "seat_types": [
                    {
                        "destination_city_seq": 13,
                        "fare": "115.00",
                        "key": 3,
                        "origin_city_seq": 9,
                        "route_id": 21500,
                        "seat_counts": {
                            "is_divided": true,
                            "offline": 0,
                            "online": 0
                        },
                        "trip_id": 8409923,
                        "trip_route_id": 52597870,
                        "type": "SNIGDHA",
                        "vat_amount": 18,
                        "vat_percent": 15
                    },
                    {
                        "destination_city_seq": 13,
                        "fare": "70.00",
                        "key": 7,
                        "origin_city_seq": 9,
                        "route_id": 21500,
                        "seat_counts": {
                            "is_divided": true,
                            "offline": 0,
                            "online": 0
                        },
                        "trip_id": 8409931,
                        "trip_route_id": 52598410,
                        "type": "S_CHAIR",
                        "vat_amount": 0,
                        "vat_percent": 0
                    }
                ],
                "train_model": "716",
                "travel_time": "01h 19m",
                "trip_number": "KAPOTAKSHA EXPRESS (716)"
            }
        ]
    },
    "extra": {
        "hash": "2913D4E613EE77BA81FCAB988D4D7E11"
    }
}