{
    "data": {
        "recommendations": [],
        "selected_seat_class": "S_CHAIR",
        "trains": [
            {
                "arrival_date_time": "20 Mar, 01:12 am",
                "boarding_points": [
                    {
                        "location_date": "20 Mar 2025",
                        "location_id": 2788,
                        "location_name": "Alamdanga Station",
                        "location_time": "12:42 AM",
                        "trip_point_id": 107713485
                    }
                ],
                "departure_date_time": "20 Mar, 12:42 am",
                "departure_date_time_jd": "Thu, 20 Mar 2025, 12:42 AM",
                "departure_full_date": "2025-03-20",
                "destination_city_name": "kushtia_court",
                "is_eid_trip": 0,
                "is_from_city_international": false,
                "is_international": 0,
                "is_open_for_all": true,
                "origin_city_name": "alamdanga",
                "parent_route": {
                    "arrival_date": "2025-03-20",
                    "arrival_time": "05:10:00",
                    "departure_date": "2025-03-19",
                    "departure_time": "21:45:00",
                    "destination_city_name": "dhaka",
                    "origin_city_name": "khulna"
                },
                "seat_types": [
                    {
                        "destination_city_seq": 10,
                        "fare": "50.00",
                        "key": 7,
                        "origin_city_seq": 8,
                        "route_id": 25185,
                        "seat_counts": {
                            "is_divided": true,
                            "offline": 2,
                            "online": 3
                        },
                        "trip_id": 8407657,
                        "trip_route_id": 52519713,
                        "type": "S_CHAIR",
                        "vat_amount": 0,
                        "vat_percent": 0
                    },
                    {
                        "destination_city_seq": 10,
                        "fare": "100.00",
                        "key": 3,
                        "origin_city_seq": 8,
                        "route_id": 25185,
                        "seat_counts": {
                            "is_divided": true,
                            "offline": 2,
                            "online": 3
                        },
                        "trip_id": 8407659,
                        "trip_route_id": 52519767,
                        "type": "SNIGDHA",
                        "vat_amount": 15,
                        "vat_percent": 15
                    }
                ],
                "train_model": "725",
                "travel_time": "00h 30m",
                "trip_number": "SUNDARBAN EXPRESS (725)"
            }
        ]
    },
    "extra": {
        "hash": "2913D4E613EE77BA81FCAB988D4D7E11"
    }
}