{
    "data": {
        "recommendations": [],
        "selected_seat_class": "S_CHAIR",
        "trains": [
            {
                "arrival_date_time": "20 Mar, 05:17 am",
                "boarding_points": [
                    {
                        "location_date": "20 Mar 2025",
                        "location_id": 2788,
                        "location_name": "Alamdanga Station",
                        "location_time": "12:18 AM",
                        "trip_point_id": 107714126
                    }
                ],
                "departure_date_time": "20 Mar, 12:18 am",
                "departure_date_time_jd": "Thu, 20 Mar 2025, 12:18 AM",
                "departure_full_date": "2025-03-20",
                "destination_city_name": "saidpur",
                "is_eid_trip": 0,
                "is_from_city_international": false,
                "is_international": 0,
                "is_open_for_all": true,
                "origin_city_name": "alamdanga",
                "parent_route": {
                    "arrival_date": "2025-03-20",
                    "arrival_time": "06:45:00",
                    "departure_date": "2025-03-19",
                    "departure_time": "21:15:00",
                    "destination_city_name": "chilahati",
                    "origin_city_name": "khulna"
                },
                "seat_types": [
                    {
                        "destination_city_seq": 22,
                        "fare": "330.00",
                        "key": 7,
                        "origin_city_seq": 9,
                        "route_id": 21307,
                        "seat_counts": {
                            "is_divided": true,
                            "offline": 4,
                            "online": 4
                        },
                        "trip_id": 8407680,
                        "trip_route_id": 52521051,
                        "type": "S_CHAIR",
                        "vat_amount": 0,
                        "vat_percent": 0
                    }
                ],
                "train_model": "747",
                "travel_time": "04h 59m",
                "trip_number": "SIMANTA EXPRESS (747)"
            }
        ]
    },
    "extra": {
        "hash": "2913D4E613EE77BA81FCAB988D4D7E11"
    }
}