{
    "data": {
        "recommendations": [],
        "selected_seat_class": "S_CHAIR",
        "trains": [
            {
                "arrival_date_time": "20 Mar, 07:00 pm",
                "boarding_points": [
                    {
                        "location_date": "20 Mar 2025",
                        "location_id": 2841,
                        "location_name": "Ashuganj Station",
                        "location_time": "12:57 PM",
                        "trip_point_id": 107715866
                    }
                ],
                "departure_date_time": "20 Mar, 12:57 pm",
                "departure_date_time_jd": "Thu, 20 Mar 2025, 12:57 PM",
                "departure_full_date": "2025-03-20",
                "destination_city_name": "sylhet",
                "is_eid_trip": 0,
                "is_from_city_international": false,
                "is_international": 0,
                "is_open_for_all": true,
                "origin_city_name": "ashuganj",
                "parent_route": {
                    "arrival_date": "2025-03-20",
                    "arrival_time": "19:00:00",
                    "departure_date": "2025-03-20",
                    "departure_time": "11:15:00",
                    "destination_city_name": "sylhet",
                    "origin_city_name": "dhaka"
                },
                "seat_types": [
                    {
                        "destination_city_seq": 16,
                        "fare": "490.00",
                        "key": 2,
                        "origin_city_seq": 3,
                        "route_id": 22314,
                        "seat_counts": {
                            "is_divided": true,
                            "offline": 0,
                            "online": 0
                        },
                        "trip_id": 8407775,
                        "trip_route_id": 52524967,
                        "type": "AC_S",
                        "vat_amount": 74,
                        "vat_percent": 15
                    },
                    {
                        "destination_city_seq": 16,
                        "fare": "245.00",
                        "key": 7,
                        "origin_city_seq": 3,
                        "route_id": 22314,
                        "seat_counts": {
                            "is_divided": true,
                            "offline": 7,
                            "online": 8
                        },
                        "trip_id": 8407776,
                        "trip_route_id": 52525002,
                        "type": "S_CHAIR",
                        "vat_amount": 0,
                        "vat_percent": 0
                    },
                    {
                        "destination_city_seq": 16,
                        "fare": "410.00",
                        "key": 3,
                        "origin_city_seq": 3,
                        "route_id": 22314,
                        "seat_counts": {
                            "is_divided": true,
                            "offline": 0,
                            "online": 0
                        },
                        "trip_id": 8407777,
                        "trip_route_id": 52525037,
                        "type": "SNIGDHA",
                        "vat_amount": 62,
                        "vat_percent": 15
                    }
                ],
                "train_model": "717",
                "travel_time": "06h 03m",
                "trip_number": "JAYENTIKA EXPRESS (717)"
            }
        ]
    },
    "extra": {
        "hash": "2913D4E613EE77BA81FCAB988D4D7E11"
    }
}