{
    "data": {
        "recommendations": [],
        "selected_seat_class": "S_CHAIR",
        "trains": [
            {
                "arrival_date_time": "21 Mar, 03:30 am",
                "boarding_points": [
                    {
                        "location_date": "20 Mar 2025",
                        "location_id": 2841,
                        "location_name": "Ashuganj Station",
                        "location_time": "11:13 PM",
                        "trip_point_id": 107716187
                    }
                ],
                "departure_date_time": "20 Mar, 11:13 pm",
                "departure_date_time_jd": "Thu, 20 Mar 2025, 11:13 PM",
                "departure_full_date": "2025-03-20",
                "destination_city_name": "chattogram",
                "is_eid_trip": 0,
                "is_from_city_international": false,
                "is_international": 0,
                "is_open_for_all": true,
                "origin_city_name": "ashuganj",
                "parent_route": {
                    "arrival_date": "2025-03-21",
                    "arrival_time": "03:30:00",
                    "departure_date": "2025-03-20",
                    "departure_time": "21:20:00",
                    "destination_city_name": "chattogram",
                    "origin_city_name": "dhaka"
                },
                "seat_types": [
                    {
                        "destination_city_seq": 14,
                        "fare": "275.00",
                        "key": 7,
                        "origin_city_seq": 5,
                        "route_id": 22531,
                        "seat_counts": {
                            "is_divided": true,
                            "offline": 3,
                            "online": 4
                        },
                        "trip_id": 8407787,
                        "trip_route_id": 52525426,
                        "type": "S_CHAIR",
                        "vat_amount": 0,
                        "vat_percent": 0
                    },
                    {
                        "destination_city_seq": 14,
                        "fare": "460.00",
                        "key": 3,
                        "origin_city_seq": 5,
                        "route_id": 22531,
                        "seat_counts": {
                            "is_divided": true,
                            "offline": 4,
                            "online": 4
                        },
                        "trip_id": 8407789,
                        "trip_route_id": 52525478,
                        "type": "SNIGDHA",
                        "vat_amount": 69,
                        "vat_percent": 15
                    }
                ],
                "train_model": "722",
                "travel_time": "04h 17m",
                "trip_number": "MOHANAGAR EXPRESS (722)"
            }
        ]
    },
    "extra": {
        "hash": "2913D4E613EE77BA81FCAB988D4D7E11"
    }
}