{
    "data": {
        "recommendations": [],
        "selected_seat_class": "S_CHAIR",
        "trains": [
            {
                "arrival_date_time": "20 Mar, 01:00 pm",
                "boarding_points": [
                    {
                        "location_date": "20 Mar 2025",
                        "location_id": 2839,
                        "location_name": "Azampur Station",
                        "location_time": "08:52 AM",
                        "trip_point_id": 107715603
                    }
                ],
                "departure_date_time": "20 Mar, 08:52 am",
                "departure_date_time_jd": "Thu, 20 Mar 2025, 08:52 AM",
                "departure_full_date": "2025-03-20",
                "destination_city_name": "sylhet",
                "is_eid_trip": 0,
                "is_from_city_international": false,
                "is_international": 0,
                "is_open_for_all": true,
                "origin_city_name": "azampur",
                "parent_route": {
                    "arrival_date": "2025-03-20",
                    "arrival_time": "13:00:00",
                    "departure_date": "2025-03-20",
                    "departure_time": "06:30:00",
                    "destination_city_name": "sylhet",
                    "origin_city_name": "dhaka"
                },
                "seat_types": [
                    {
                        "destination_city_seq": 12,
                        "fare": "340.00",
                        "key": 3,
                        "origin_city_seq": 5,
                        "route_id": 22145,
                        "seat_counts": {
                            "is_divided": true,
                            "offline": 0,
                            "online": 0
                        },
                        "trip_id": 8407763,
                        "trip_route_id": 52524482,
                        "type": "SNIGDHA",
                        "vat_amount": 51,
                        "vat_percent": 15
                    },
                    {
                        "destination_city_seq": 12,
                        "fare": "205.00",
                        "key": 7,
                        "origin_city_seq": 5,
                        "route_id": 22145,
                        "seat_counts": {
                            "is_divided": true,
                            "offline": 24,
                            "online": 25
                        },
                        "trip_id": 8407764,
                        "trip_route_id": 52524520,
                        "type": "S_CHAIR",
                        "vat_amount": 0,
                        "vat_percent": 0
                    },
                    {
                        "destination_city_seq": 12,
                        "fare": "275.00",
                        "key": 5,
                        "origin_city_seq": 5,
                        "route_id": 22145,
                        "seat_counts": {
                            "is_divided": true,
                            "offline": 0,
                            "online": 0
                        },
                        "trip_id": 8407765,
                        "trip_route_id": 52524556,
                        "type": "F_SEAT",
                        "vat_amount": 42,
                        "vat_percent": 15
                    },
                    {
                        "destination_city_seq": 12,
                        "fare": "410.00",
                        "key": 2,
                        "origin_city_seq": 5,
                        "route_id": 22145,
                        "seat_counts": {
                            "is_divided": true,
                            "offline": 0,
                            "online": 0
                        },
                        "trip_id": 8407766,
                        "trip_route_id": 52524591,
                        "type": "AC_S",
                        "vat_amount": 62,
                        "vat_percent": 15
                    }
                ],
                "train_model": "709",
                "travel_time": "04h 08m",
                "trip_number": "PARABAT EXPRESS (709)"
            },
            {
                "arrival_date_time": "20 Mar, 07:00 pm",
                "boarding_points": [
                    {
                        "location_date": "20 Mar 2025",
                        "location_id": 2839,
                        "location_name": "Azampur Station",
                        "location_time": "01:39 PM",
                        "trip_point_id": 107715871
                    }
                ],
                "departure_date_time": "20 Mar, 01:39 pm",
                "departure_date_time_jd": "Thu, 20 Mar 2025, 01:39 PM",
                "departure_full_date": "2025-03-20",
                "destination_city_name": "sylhet",
                "is_eid_trip": 0,
                "is_from_city_international": false,
                "is_international": 0,
                "is_open_for_all": true,
                "origin_city_name": "azampur",
                "parent_route": {
                    "arrival_date": "2025-03-20",
                    "arrival_time": "19:00:00",
                    "departure_date": "2025-03-20",
                    "departure_time": "11:15:00",
                    "destination_city_name": "sylhet",
                    "origin_city_name": "dhaka"
                },
                "seat_types": [
                    {
                        "destination_city_seq": 16,
                        "fare": "410.00",
                        "key": 2,
                        "origin_city_seq": 5,
                        "route_id": 22316,
                        "seat_counts": {
                            "is_divided": true,
                            "offline": 0,
                            "online": 0
                        },
                        "trip_id": 8407775,
                        "trip_route_id": 52524975,
                        "type": "AC_S",
                        "vat_amount": 62,
                        "vat_percent": 15
                    },
                    {
                        "destination_city_seq": 16,
                        "fare": "205.00",
                        "key": 7,
                        "origin_city_seq": 5,
                        "route_id": 22316,
                        "seat_counts": {
                            "is_divided": true,
                            "offline": 5,
                            "online": 5
                        },
                        "trip_id": 8407776,
                        "trip_route_id": 52525010,
                        "type": "S_CHAIR",
                        "vat_amount": 0,
                        "vat_percent": 0
                    },
                    {
                        "destination_city_seq": 16,
                        "fare": "340.00",
                        "key": 3,
                        "origin_city_seq": 5,
                        "route_id": 22316,
                        "seat_counts": {
                            "is_divided": true,
                            "offline": 0,
                            "online": 0
                        },
                        "trip_id": 8407777,
                        "trip_route_id": 52525045,
                        "type": "SNIGDHA",
                        "vat_amount": 51,
                        "vat_percent": 15
                    }
                ],
                "train_model": "717",
                "travel_time": "05h 21m",
                "trip_number": "JAYENTIKA EXPRESS (717)"
            },
            {
                "arrival_date_time": "20 Mar, 09:30 pm",
                "boarding_points": [
                    {
                        "location_date": "20 Mar 2025",
                        "location_id": 2839,
                        "location_name": "Azampur Station",
                        "location_time": "05:14 PM",
                        "trip_point_id": 107717351
                    }
                ],
                "departure_date_time": "20 Mar, 05:14 pm",
                "departure_date_time_jd": "Thu, 20 Mar 2025, 05:14 PM",
                "departure_full_date": "2025-03-20",
                "destination_city_name": "sylhet",
                "is_eid_trip": 0,
                "is_from_city_international": false,
                "is_international": 0,
                "is_open_for_all": true,
                "origin_city_name": "azampur",
                "parent_route": {
                    "arrival_date": "2025-03-20",
                    "arrival_time": "21:30:00",
                    "departure_date": "2025-03-20",
                    "departure_time": "14:55:00",
                    "destination_city_name": "sylhet",
                    "origin_city_name": "dhaka"
                },
                "seat_types": [
                    {
                        "destination_city_seq": 11,
                        "fare": "205.00",
                        "key": 7,
                        "origin_city_seq": 4,
                        "route_id": 22856,
                        "seat_counts": {
                            "is_divided": true,
                            "offline": 3,
                            "online": 3
                        },
                        "trip_id": 8407854,
                        "trip_route_id": 52527079,
                        "type": "S_CHAIR",
                        "vat_amount": 0,
                        "vat_percent": 0
                    },
                    {
                        "destination_city_seq": 11,
                        "fare": "410.00",
                        "key": 2,
                        "origin_city_seq": 4,
                        "route_id": 22856,
                        "seat_counts": {
                            "is_divided": true,
                            "offline": 0,
                            "online": 0
                        },
                        "trip_id": 8407855,
                        "trip_route_id": 52527095,
                        "type": "AC_S",
                        "vat_amount": 62,
                        "vat_percent": 15
                    },
                    {
                        "destination_city_seq": 11,
                        "fare": "340.00",
                        "key": 3,
                        "origin_city_seq": 4,
                        "route_id": 22856,
                        "seat_counts": {
                            "is_divided": true,
                            "offline": 0,
                            "online": 0
                        },
                        "trip_id": 8407856,
                        "trip_route_id": 52527111,
                        "type": "SNIGDHA",
                        "vat_amount": 51,
                        "vat_percent": 15
                    }
                ],
                "train_model": "773",
                "travel_time": "04h 16m",
                "trip_number": "KALNI EXPRESS (773)"
            }
        ]
    },
    "extra": {
        "hash": "2913D4E613EE77BA81FCAB988D4D7E11"
    }
}