{
    "data": {
        "recommendations": [
            {
                "destination": "Chuadanga",
                "origin": "Ishwardi"
            },
            {
                "destination": "Alamdanga",
                "origin": "Azim nagar"
            }
        ],
        "selected_seat_class": "S_CHAIR",
        "trains": [
            {
                "arrival_date_time": "20 Mar, 05:11 pm",
                "boarding_points": [
                    {
                        "location_date": "20 Mar 2025",
                        "location_id": 2755,
                        "location_name": "Azim Nagar Station",
                        "location_time": "03:18 PM",
                        "trip_point_id": 107759222
                    }
                ],
                "departure_date_time": "20 Mar, 03:18 pm",
                "departure_date_time_jd": "Thu, 20 Mar 2025, 03:18 PM",
                "departure_full_date": "2025-03-20",
                "destination_city_name": "chuadanga",
                "is_eid_trip": 0,
                "is_from_city_international": false,
                "is_international": 0,
                "is_open_for_all": true,
                "origin_city_name": "azim nagar",
                "parent_route": {
                    "arrival_date": "2025-03-20",
                    "arrival_time": "20:25:00",
                    "departure_date": "2025-03-20",
                    "departure_time": "14:30:00",
                    "destination_city_name": "khulna",
                    "origin_city_name": "rajshahi"
                },
                "seat_types": [
                    {
                        "destination_city_seq": 10,
                        "fare": "145.00",
                        "key": 7,
                        "origin_city_seq": 3,
                        "route_id": 27563,
                        "seat_counts": {
                            "is_divided": true,
                            "offline": 0,
                            "online": 0
                        },
                        "trip_id": 8409931,
                        "trip_route_id": 52598436,
                        "type": "S_CHAIR",
                        "vat_amount": 0,
                        "vat_percent": 0
                    }
                ],
                "train_model": "716",
                "travel_time": "01h 53m",
                "trip_number": "KAPOTAKSHA EXPRESS (716)"
            }
        ]
    },
    "extra": {
        "hash": "2913D4E613EE77BA81FCAB988D4D7E11"
    }
}