{
    "data": {
        "recommendations": [],
        "selected_seat_class": "S_CHAIR",
        "trains": [
            {
                "arrival_date_time": "20 Mar, 09:00 am",
                "boarding_points": [
                    {
                        "location_date": "20 Mar 2025",
                        "location_id": 2755,
                        "location_name": "Azim Nagar Station",
                        "location_time": "07:15 AM",
                        "trip_point_id": 107721785
                    }
                ],
                "departure_date_time": "20 Mar, 07:15 am",
                "departure_date_time_jd": "Thu, 20 Mar 2025, 07:15 AM",
                "departure_full_date": "2025-03-20",
                "destination_city_name": "rajshahi",
                "is_eid_trip": 0,
                "is_from_city_international": false,
                "is_international": 0,
                "is_open_for_all": true,
                "origin_city_name": "azim nagar",
                "parent_route": {
                    "arrival_date": "2025-03-20",
                    "arrival_time": "11:10:00",
                    "departure_date": "2025-03-20",
                    "departure_time": "07:00:00",
                    "destination_city_name": "rohanpur",
                    "origin_city_name": "ishwardi"
                },
                "seat_types": [
                    {
                        "destination_city_seq": 7,
                        "fare": "50.00",
                        "key": 8,
                        "origin_city_seq": 2,
                        "route_id": 27197,
                        "seat_counts": {
                            "is_divided": true,
                            "offline": 23,
                            "online": 23
                        },
                        "trip_id": 8408067,
                        "trip_route_id": 52534872,
                        "type": "SHOVAN",
                        "vat_amount": 0,
                        "vat_percent": 0
                    }
                ],
                "train_model": "57",
                "travel_time": "01h 45m",
                "trip_number": "RAJSHAHI COMMUTER (57)"
            },
            {
                "arrival_date_time": "20 Mar, 12:20 pm",
                "boarding_points": [
                    {
                        "location_date": "20 Mar 2025",
                        "location_id": 2755,
                        "location_name": "Azim Nagar Station",
                        "location_time": "11:24 AM",
                        "trip_point_id": 107758444
                    }
                ],
                "departure_date_time": "20 Mar, 11:24 am",
                "departure_date_time_jd": "Thu, 20 Mar 2025, 11:24 AM",
                "departure_full_date": "2025-03-20",
                "destination_city_name": "rajshahi",
                "is_eid_trip": 0,
                "is_from_city_international": false,
                "is_international": 0,
                "is_open_for_all": true,
                "origin_city_name": "azim nagar",
                "parent_route": {
                    "arrival_date": "2025-03-20",
                    "arrival_time": "12:20:00",
                    "departure_date": "2025-03-20",
                    "departure_time": "06:45:00",
                    "destination_city_name": "rajshahi",
                    "origin_city_name": "khulna"
                },
                "seat_types": [
                    {
                        "destination_city_seq": 17,
                        "fare": "100.00",
                        "key": 3,
                        "origin_city_seq": 15,
                        "route_id": 21455,
                        "seat_counts": {
                            "is_divided": true,
                            "offline": 0,
                            "online": 0
                        },
                        "trip_id": 8409900,
                        "trip_route_id": 52596846,
                        "type": "SNIGDHA",
                        "vat_amount": 15,
                        "vat_percent": 15
                    },
                    {
                        "destination_city_seq": 17,
                        "fare": "60.00",
                        "key": 7,
                        "origin_city_seq": 15,
                        "route_id": 21455,
                        "seat_counts": {
                            "is_divided": true,
                            "offline": 10,
                            "online": 10
                        },
                        "trip_id": 8409907,
                        "trip_route_id": 52597280,
                        "type": "S_CHAIR",
                        "vat_amount": 0,
                        "vat_percent": 0
                    }
                ],
                "train_model": "715",
                "travel_time": "00h 56m",
                "trip_number": "KAPOTAKSHA EXPRESS (715)"
            },
            {
                "arrival_date_time": "20 Mar, 10:00 pm",
                "boarding_points": [
                    {
                        "location_date": "20 Mar 2025",
                        "location_id": 2755,
                        "location_name": "Azim Nagar Station",
                        "location_time": "08:45 PM",
                        "trip_point_id": 107721498
                    }
                ],
                "departure_date_time": "20 Mar, 08:45 pm",
                "departure_date_time_jd": "Thu, 20 Mar 2025, 08:45 PM",
                "departure_full_date": "2025-03-20",
                "destination_city_name": "rajshahi",
                "is_eid_trip": 0,
                "is_from_city_international": false,
                "is_international": 0,
                "is_open_for_all": true,
                "origin_city_name": "azim nagar",
                "parent_route": {
                    "arrival_date": "2025-03-20",
                    "arrival_time": "22:00:00",
                    "departure_date": "2025-03-20",
                    "departure_time": "16:00:00",
                    "destination_city_name": "rajshahi",
                    "origin_city_name": "khulna"
                },
                "seat_types": [
                    {
                        "destination_city_seq": 17,
                        "fare": "60.00",
                        "key": 7,
                        "origin_city_seq": 15,
                        "route_id": 21455,
                        "seat_counts": {
                            "is_divided": true,
                            "offline": 10,
                            "online": 10
                        },
                        "trip_id": 8408048,
                        "trip_route_id": 52534437,
                        "type": "S_CHAIR",
                        "vat_amount": 0,
                        "vat_percent": 0
                    }
                ],
                "train_model": "761",
                "travel_time": "01h 15m",
                "trip_number": "SAGARDARI EXPRESS (761)"
            }
        ]
    },
    "extra": {
        "hash": "2913D4E613EE77BA81FCAB988D4D7E11"
    }
}