{
    "data": {
        "recommendations": [],
        "selected_seat_class": "S_CHAIR",
        "trains": [
            {
                "arrival_date_time": "20 Mar, 08:40 pm",
                "boarding_points": [
                    {
                        "location_date": "20 Mar 2025",
                        "location_id": 2732,
                        "location_name": "Badarganj Station",
                        "location_time": "04:29 PM",
                        "trip_point_id": 107720688
                    }
                ],
                "departure_date_time": "20 Mar, 04:29 pm",
                "departure_date_time_jd": "Thu, 20 Mar 2025, 04:29 PM",
                "departure_full_date": "2025-03-20",
                "destination_city_name": "panchagarh",
                "is_eid_trip": 0,
                "is_from_city_international": false,
                "is_international": 0,
                "is_open_for_all": true,
                "origin_city_name": "badarganj",
                "parent_route": {
                    "arrival_date": "2025-03-20",
                    "arrival_time": "20:40:00",
                    "departure_date": "2025-03-20",
                    "departure_time": "11:00:00",
                    "destination_city_name": "panchagarh",
                    "origin_city_name": "santahar"
                },
                "seat_types": [
                    {
                        "destination_city_seq": 24,
                        "fare": "175.00",
                        "key": 7,
                        "origin_city_seq": 13,
                        "route_id": 27135,
                        "seat_counts": {
                            "is_divided": true,
                            "offline": 2,
                            "online": 3
                        },
                        "trip_id": 8408017,
                        "trip_route_id": 52532678,
                        "type": "S_CHAIR",
                        "vat_amount": 0,
                        "vat_percent": 0
                    },
                    {
                        "destination_city_seq": 24,
                        "fare": "145.00",
                        "key": 8,
                        "origin_city_seq": 13,
                        "route_id": 27135,
                        "seat_counts": {
                            "is_divided": true,
                            "offline": 1,
                            "online": 2
                        },
                        "trip_id": 8408023,
                        "trip_route_id": 52533008,
                        "type": "SHOVAN",
                        "vat_amount": 0,
                        "vat_percent": 0
                    }
                ],
                "train_model": "767",
                "travel_time": "04h 11m",
                "trip_number": "DOLONCHAPA EXPRESS (767)"
            }
        ]
    },
    "extra": {
        "hash": "2913D4E613EE77BA81FCAB988D4D7E11"
    }
}