{
    "data": {
        "recommendations": [],
        "selected_seat_class": "S_CHAIR",
        "trains": [
            {
                "arrival_date_time": "20 Mar, 05:05 pm",
                "boarding_points": [
                    {
                        "location_date": "20 Mar 2025",
                        "location_id": 2732,
                        "location_name": "Badarganj Station",
                        "location_time": "08:54 AM",
                        "trip_point_id": 107719011
                    }
                ],
                "departure_date_time": "20 Mar, 08:54 am",
                "departure_date_time_jd": "Thu, 20 Mar 2025, 08:54 AM",
                "departure_full_date": "2025-03-20",
                "destination_city_name": "dhaka",
                "is_eid_trip": 0,
                "is_from_city_international": false,
                "is_international": 0,
                "is_open_for_all": true,
                "origin_city_name": "badarganj",
                "parent_route": {
                    "arrival_date": "2025-03-20",
                    "arrival_time": "17:05:00",
                    "departure_date": "2025-03-20",
                    "departure_time": "07:10:00",
                    "destination_city_name": "dhaka",
                    "origin_city_name": "kurigram"
                },
                "seat_types": [
                    {
                        "destination_city_seq": 10,
                        "fare": "1205.00",
                        "key": 2,
                        "origin_city_seq": 4,
                        "route_id": 19736,
                        "seat_counts": {
                            "is_divided": true,
                            "offline": 0,
                            "online": 0
                        },
                        "trip_id": 8407961,
                        "trip_route_id": 52529383,
                        "type": "AC_S",
                        "vat_amount": 181,
                        "vat_percent": 15
                    },
                    {
                        "destination_city_seq": 10,
                        "fare": "1005.00",
                        "key": 3,
                        "origin_city_seq": 4,
                        "route_id": 19736,
                        "seat_counts": {
                            "is_divided": true,
                            "offline": 2,
                            "online": 3
                        },
                        "trip_id": 8407963,
                        "trip_route_id": 52529445,
                        "type": "SNIGDHA",
                        "vat_amount": 151,
                        "vat_percent": 15
                    },
                    {
                        "destination_city_seq": 10,
                        "fare": "605.00",
                        "key": 7,
                        "origin_city_seq": 4,
                        "route_id": 19736,
                        "seat_counts": {
                            "is_divided": true,
                            "offline": 10,
                            "online": 10
                        },
                        "trip_id": 8407964,
                        "trip_route_id": 52529475,
                        "type": "S_CHAIR",
                        "vat_amount": 0,
                        "vat_percent": 0
                    }
                ],
                "train_model": "798",
                "travel_time": "08h 11m",
                "trip_number": "KURIGRAM EXPRESS (798)"
            }
        ]
    },
    "extra": {
        "hash": "2913D4E613EE77BA81FCAB988D4D7E11"
    }
}