{
    "data": {
        "recommendations": [
            {
                "destination": "Biman_bandar",
                "origin": "Kuliarchar"
            },
            {
                "destination": "Narsingdi",
                "origin": "Bajitpur"
            }
        ],
        "selected_seat_class": "S_CHAIR",
        "trains": [
            {
                "arrival_date_time": "20 Mar, 09:53 am",
                "boarding_points": [
                    {
                        "location_date": "20 Mar 2025",
                        "location_id": 2864,
                        "location_name": "Bajitpur Station",
                        "location_time": "07:27 AM",
                        "trip_point_id": 107716710
                    }
                ],
                "departure_date_time": "20 Mar, 07:27 am",
                "departure_date_time_jd": "Thu, 20 Mar 2025, 07:27 AM",
                "departure_full_date": "2025-03-20",
                "destination_city_name": "biman_bandar",
                "is_eid_trip": 0,
                "is_from_city_international": false,
                "is_international": 0,
                "is_open_for_all": true,
                "origin_city_name": "bajitpur",
                "parent_route": {
                    "arrival_date": "2025-03-20",
                    "arrival_time": "10:35:00",
                    "departure_date": "2025-03-20",
                    "departure_time": "06:30:00",
                    "destination_city_name": "dhaka",
                    "origin_city_name": "kishorganj"
                },
                "seat_types": [
                    {
                        "destination_city_seq": 10,
                        "fare": "105.00",
                        "key": 8,
                        "origin_city_seq": 5,
                        "route_id": 22751,
                        "seat_counts": {
                            "is_divided": true,
                            "offline": 0,
                            "online": 0
                        },
                        "trip_id": 8407816,
                        "trip_route_id": 52526236,
                        "type": "SHOVAN",
                        "vat_amount": 0,
                        "vat_percent": 0
                    },
                    {
                        "destination_city_seq": 10,
                        "fare": "125.00",
                        "key": 7,
                        "origin_city_seq": 5,
                        "route_id": 22751,
                        "seat_counts": {
                            "is_divided": true,
                            "offline": 0,
                            "online": 0
                        },
                        "trip_id": 8407817,
                        "trip_route_id": 52526261,
                        "type": "S_CHAIR",
                        "vat_amount": 0,
                        "vat_percent": 0
                    },
                    {
                        "destination_city_seq": 10,
                        "fare": "170.00",
                        "key": 6,
                        "origin_city_seq": 5,
                        "route_id": 22751,
                        "seat_counts": {
                            "is_divided": true,
                            "offline": 0,
                            "online": 0
                        },
                        "trip_id": 8407818,
                        "trip_route_id": 52526285,
                        "type": "F_CHAIR",
                        "vat_amount": 26,
                        "vat_percent": 15
                    },
                    {
                        "destination_city_seq": 10,
                        "fare": "170.00",
                        "key": 5,
                        "origin_city_seq": 5,
                        "route_id": 22751,
                        "seat_counts": {
                            "is_divided": true,
                            "offline": 0,
                            "online": 0
                        },
                        "trip_id": 8407819,
                        "trip_route_id": 52526309,
                        "type": "F_SEAT",
                        "vat_amount": 26,
                        "vat_percent": 15
                    }
                ],
                "train_model": "738",
                "travel_time": "02h 26m",
                "trip_number": "EGAROSINDHUR PROVATI (738)"
            },
            {
                "arrival_date_time": "20 Mar, 04:12 pm",
                "boarding_points": [
                    {
                        "location_date": "20 Mar 2025",
                        "location_id": 2864,
                        "location_name": "Bajitpur Station",
                        "location_time": "02:05 PM",
                        "trip_point_id": 107717282
                    }
                ],
                "departure_date_time": "20 Mar, 02:05 pm",
                "departure_date_time_jd": "Thu, 20 Mar 2025, 02:05 PM",
                "departure_full_date": "2025-03-20",
                "destination_city_name": "biman_bandar",
                "is_eid_trip": 0,
                "is_from_city_international": false,
                "is_international": 0,
                "is_open_for_all": true,
                "origin_city_name": "bajitpur",
                "parent_route": {
                    "arrival_date": "2025-03-20",
                    "arrival_time": "16:45:00",
                    "departure_date": "2025-03-20",
                    "departure_time": "12:50:00",
                    "destination_city_name": "dhaka",
                    "origin_city_name": "kishorganj"
                },
                "seat_types": [
                    {
                        "destination_city_seq": 10,
                        "fare": "170.00",
                        "key": 5,
                        "origin_city_seq": 5,
                        "route_id": 22751,
                        "seat_counts": {
                            "is_divided": true,
                            "offline": 0,
                            "online": 0
                        },
                        "trip_id": 8407850,
                        "trip_route_id": 52526988,
                        "type": "F_SEAT",
                        "vat_amount": 26,
                        "vat_percent": 15
                    },
                    {
                        "destination_city_seq": 10,
                        "fare": "170.00",
                        "key": 6,
                        "origin_city_seq": 5,
                        "route_id": 22751,
                        "seat_counts": {
                            "is_divided": true,
                            "offline": 0,
                            "online": 0
                        },
                        "trip_id": 8407851,
                        "trip_route_id": 52527011,
                        "type": "F_CHAIR",
                        "vat_amount": 26,
                        "vat_percent": 15
                    },
                    {
                        "destination_city_seq": 10,
                        "fare": "125.00",
                        "key": 7,
                        "origin_city_seq": 5,
                        "route_id": 22751,
                        "seat_counts": {
                            "is_divided": true,
                            "offline": 0,
                            "online": 0
                        },
                        "trip_id": 8407852,
                        "trip_route_id": 52527034,
                        "type": "S_CHAIR",
                        "vat_amount": 0,
                        "vat_percent": 0
                    },
                    {
                        "destination_city_seq": 10,
                        "fare": "105.00",
                        "key": 8,
                        "origin_city_seq": 5,
                        "route_id": 22751,
                        "seat_counts": {
                            "is_divided": true,
                            "offline": 0,
                            "online": 0
                        },
                        "trip_id": 8407853,
                        "trip_route_id": 52527058,
                        "type": "SHOVAN",
                        "vat_amount": 0,
                        "vat_percent": 0
                    }
                ],
                "train_model": "750",
                "travel_time": "02h 07m",
                "trip_number": "EGAROSINDHUR GODHULI (750)"
            },
            {
                "arrival_date_time": "20 Mar, 07:20 pm",
                "boarding_points": [
                    {
                        "location_date": "20 Mar 2025",
                        "location_id": 2864,
                        "location_name": "Bajitpur Station",
                        "location_time": "04:57 PM",
                        "trip_point_id": 107717645
                    }
                ],
                "departure_date_time": "20 Mar, 04:57 pm",
                "departure_date_time_jd": "Thu, 20 Mar 2025, 04:57 PM",
                "departure_full_date": "2025-03-20",
                "destination_city_name": "biman_bandar",
                "is_eid_trip": 0,
                "is_from_city_international": false,
                "is_international": 0,
                "is_open_for_all": true,
                "origin_city_name": "bajitpur",
                "parent_route": {
                    "arrival_date": "2025-03-20",
                    "arrival_time": "20:00:00",
                    "departure_date": "2025-03-20",
                    "departure_time": "16:00:00",
                    "destination_city_name": "dhaka",
                    "origin_city_name": "kishorganj"
                },
                "seat_types": [
                    {
                        "destination_city_seq": 10,
                        "fare": "210.00",
                        "key": 3,
                        "origin_city_seq": 5,
                        "route_id": 22751,
                        "seat_counts": {
                            "is_divided": true,
                            "offline": 0,
                            "online": 0
                        },
                        "trip_id": 8407871,
                        "trip_route_id": 52527582,
                        "type": "SNIGDHA",
                        "vat_amount": 32,
                        "vat_percent": 15
                    },
                    {
                        "destination_city_seq": 10,
                        "fare": "250.00",
                        "key": 2,
                        "origin_city_seq": 5,
                        "route_id": 22751,
                        "seat_counts": {
                            "is_divided": true,
                            "offline": 0,
                            "online": 0
                        },
                        "trip_id": 8407872,
                        "trip_route_id": 52527606,
                        "type": "AC_S",
                        "vat_amount": 38,
                        "vat_percent": 15
                    },
                    {
                        "destination_city_seq": 10,
                        "fare": "125.00",
                        "key": 7,
                        "origin_city_seq": 5,
                        "route_id": 22751,
                        "seat_counts": {
                            "is_divided": true,
                            "offline": 0,
                            "online": 0
                        },
                        "trip_id": 8407873,
                        "trip_route_id": 52527630,
                        "type": "S_CHAIR",
                        "vat_amount": 0,
                        "vat_percent": 0
                    }
                ],
                "train_model": "782",
                "travel_time": "02h 23m",
                "trip_number": "KISHORGANJ EXPRESS (782)"
            }
        ]
    },
    "extra": {
        "hash": "2913D4E613EE77BA81FCAB988D4D7E11"
    }
}