{
    "data": {
        "recommendations": [
            {
                "destination": "Joydebpur",
                "origin": "Thakrokona"
            },
            {
                "destination": "Gafargaon",
                "origin": "Barhatta"
            }
        ],
        "selected_seat_class": "S_CHAIR",
        "trains": [
            {
                "arrival_date_time": "20 Mar, 12:53 pm",
                "boarding_points": [
                    {
                        "location_date": "20 Mar 2025",
                        "location_id": 2870,
                        "location_name": "Barhatta Station",
                        "location_time": "08:16 AM",
                        "trip_point_id": 107717519
                    }
                ],
                "departure_date_time": "20 Mar, 08:16 am",
                "departure_date_time_jd": "Thu, 20 Mar 2025, 08:16 AM",
                "departure_full_date": "2025-03-20",
                "destination_city_name": "joydebpur",
                "is_eid_trip": 0,
                "is_from_city_international": false,
                "is_international": 0,
                "is_open_for_all": true,
                "origin_city_name": "barhatta",
                "parent_route": {
                    "arrival_date": "2025-03-20",
                    "arrival_time": "13:55:00",
                    "departure_date": "2025-03-20",
                    "departure_time": "08:00:00",
                    "destination_city_name": "dhaka",
                    "origin_city_name": "mohanganj"
                },
                "seat_types": [
                    {
                        "destination_city_seq": 9,
                        "fare": "265.00",
                        "key": 5,
                        "origin_city_seq": 2,
                        "route_id": 23182,
                        "seat_counts": {
                            "is_divided": true,
                            "offline": 0,
                            "online": 0
                        },
                        "trip_id": 8407864,
                        "trip_route_id": 52527340,
                        "type": "F_SEAT",
                        "vat_amount": 40,
                        "vat_percent": 15
                    },
                    {
                        "destination_city_seq": 9,
                        "fare": "165.00",
                        "key": 8,
                        "origin_city_seq": 2,
                        "route_id": 23182,
                        "seat_counts": {
                            "is_divided": true,
                            "offline": 0,
                            "online": 0
                        },
                        "trip_id": 8407865,
                        "trip_route_id": 52527385,
                        "type": "SHOVAN",
                        "vat_amount": 0,
                        "vat_percent": 0
                    },
                    {
                        "destination_city_seq": 9,
                        "fare": "200.00",
                        "key": 7,
                        "origin_city_seq": 2,
                        "route_id": 23182,
                        "seat_counts": {
                            "is_divided": true,
                            "offline": 0,
                            "online": 0
                        },
                        "trip_id": 8407866,
                        "trip_route_id": 52527429,
                        "type": "S_CHAIR",
                        "vat_amount": 0,
                        "vat_percent": 0
                    },
                    {
                        "destination_city_seq": 9,
                        "fare": "400.00",
                        "key": 2,
                        "origin_city_seq": 2,
                        "route_id": 23182,
                        "seat_counts": {
                            "is_divided": true,
                            "offline": 0,
                            "online": 0
                        },
                        "trip_id": 8407867,
                        "trip_route_id": 52527473,
                        "type": "AC_S",
                        "vat_amount": 60,
                        "vat_percent": 15
                    }
                ],
                "train_model": "778",
                "travel_time": "04h 37m",
                "trip_number": "HAWR EXPRESS (778)"
            }
        ]
    },
    "extra": {
        "hash": "2913D4E613EE77BA81FCAB988D4D7E11"
    }
}