{
    "data": {
        "recommendations": [],
        "selected_seat_class": "S_CHAIR",
        "trains": [
            {
                "arrival_date_time": "20 Mar, 08:50 am",
                "boarding_points": [
                    {
                        "location_date": "20 Mar 2025",
                        "location_id": 2829,
                        "location_name": "Bhairab_Bazar Station",
                        "location_time": "08:06 AM",
                        "trip_point_id": 107715602
                    }
                ],
                "departure_date_time": "20 Mar, 08:06 am",
                "departure_date_time_jd": "Thu, 20 Mar 2025, 08:06 AM",
                "departure_full_date": "2025-03-20",
                "destination_city_name": "azampur",
                "is_eid_trip": 0,
                "is_from_city_international": false,
                "is_international": 0,
                "is_open_for_all": true,
                "origin_city_name": "bhairab_bazar",
                "parent_route": {
                    "arrival_date": "2025-03-20",
                    "arrival_time": "13:00:00",
                    "departure_date": "2025-03-20",
                    "departure_time": "06:30:00",
                    "destination_city_name": "sylhet",
                    "origin_city_name": "dhaka"
                },
                "seat_types": [
                    {
                        "destination_city_seq": 5,
                        "fare": "120.00",
                        "key": 3,
                        "origin_city_seq": 3,
                        "route_id": 22136,
                        "seat_counts": {
                            "is_divided": true,
                            "offline": 0,
                            "online": 0
                        },
                        "trip_id": 8407763,
                        "trip_route_id": 52524481,
                        "type": "SNIGDHA",
                        "vat_amount": 18,
                        "vat_percent": 15
                    },
                    {
                        "destination_city_seq": 5,
                        "fare": "75.00",
                        "key": 7,
                        "origin_city_seq": 3,
                        "route_id": 22136,
                        "seat_counts": {
                            "is_divided": true,
                            "offline": 2,
                            "online": 3
                        },
                        "trip_id": 8407764,
                        "trip_route_id": 52524519,
                        "type": "S_CHAIR",
                        "vat_amount": 0,
                        "vat_percent": 0
                    },
                    {
                        "destination_city_seq": 5,
                        "fare": "95.00",
                        "key": 5,
                        "origin_city_seq": 3,
                        "route_id": 22136,
                        "seat_counts": {
                            "is_divided": true,
                            "offline": 0,
                            "online": 0
                        },
                        "trip_id": 8407765,
                        "trip_route_id": 52524555,
                        "type": "F_SEAT",
                        "vat_amount": 15,
                        "vat_percent": 15
                    },
                    {
                        "destination_city_seq": 5,
                        "fare": "145.00",
                        "key": 2,
                        "origin_city_seq": 3,
                        "route_id": 22136,
                        "seat_counts": {
                            "is_divided": true,
                            "offline": 0,
                            "online": 0
                        },
                        "trip_id": 8407766,
                        "trip_route_id": 52524590,
                        "type": "AC_S",
                        "vat_amount": 22,
                        "vat_percent": 15
                    }
                ],
                "train_model": "709",
                "travel_time": "00h 44m",
                "trip_number": "PARABAT EXPRESS (709)"
            }
        ]
    },
    "extra": {
        "hash": "2913D4E613EE77BA81FCAB988D4D7E11"
    }
}