{
    "data": {
        "recommendations": [
            {
                "destination": "Mymensingh",
                "origin": "Sararchar"
            },
            {
                "destination": "Gouripur_myn",
                "origin": "Bhairab_bazar"
            }
        ],
        "selected_seat_class": "S_CHAIR",
        "trains": [
            {
                "arrival_date_time": "20 Mar, 04:23 pm",
                "boarding_points": [
                    {
                        "location_date": "20 Mar 2025",
                        "location_id": 2829,
                        "location_name": "Bhairab_Bazar Station",
                        "location_time": "01:20 PM",
                        "trip_point_id": 107717709
                    }
                ],
                "departure_date_time": "20 Mar, 01:20 pm",
                "departure_date_time_jd": "Thu, 20 Mar 2025, 01:20 PM",
                "departure_full_date": "2025-03-20",
                "destination_city_name": "mymensingh",
                "is_eid_trip": 0,
                "is_from_city_international": false,
                "is_international": 0,
                "is_open_for_all": true,
                "origin_city_name": "bhairab_bazar",
                "parent_route": {
                    "arrival_date": "2025-03-20",
                    "arrival_time": "18:00:00",
                    "departure_date": "2025-03-20",
                    "departure_time": "09:15:00",
                    "destination_city_name": "jamalpur_town",
                    "origin_city_name": "chattogram"
                },
                "seat_types": [
                    {
                        "destination_city_seq": 12,
                        "fare": "155.00",
                        "key": 7,
                        "origin_city_seq": 7,
                        "route_id": 23096,
                        "seat_counts": {
                            "is_divided": true,
                            "offline": 0,
                            "online": 0
                        },
                        "trip_id": 8407875,
                        "trip_route_id": 52527672,
                        "type": "S_CHAIR",
                        "vat_amount": 0,
                        "vat_percent": 0
                    },
                    {
                        "destination_city_seq": 12,
                        "fare": "310.00",
                        "key": 2,
                        "origin_city_seq": 7,
                        "route_id": 23096,
                        "seat_counts": {
                            "is_divided": true,
                            "offline": 0,
                            "online": 0
                        },
                        "trip_id": 8407876,
                        "trip_route_id": 52527697,
                        "type": "AC_S",
                        "vat_amount": 47,
                        "vat_percent": 15
                    },
                    {
                        "destination_city_seq": 12,
                        "fare": "260.00",
                        "key": 3,
                        "origin_city_seq": 7,
                        "route_id": 23096,
                        "seat_counts": {
                            "is_divided": true,
                            "offline": 0,
                            "online": 0
                        },
                        "trip_id": 8407877,
                        "trip_route_id": 52527723,
                        "type": "SNIGDHA",
                        "vat_amount": 39,
                        "vat_percent": 15
                    }
                ],
                "train_model": "785",
                "travel_time": "03h 03m",
                "trip_number": "BIJOY EXPRESS (785)"
            }
        ]
    },
    "extra": {
        "hash": "2913D4E613EE77BA81FCAB988D4D7E11"
    }
}