{
    "data": {
        "recommendations": [],
        "selected_seat_class": "S_CHAIR",
        "trains": [
            {
                "arrival_date_time": "20 Mar, 05:10 am",
                "boarding_points": [
                    {
                        "location_date": "20 Mar 2025",
                        "location_id": 2829,
                        "location_name": "Bhairab_Bazar Station",
                        "location_time": "03:33 AM",
                        "trip_point_id": 107707549
                    }
                ],
                "departure_date_time": "20 Mar, 03:33 am",
                "departure_date_time_jd": "Thu, 20 Mar 2025, 03:33 AM",
                "departure_full_date": "2025-03-20",
                "destination_city_name": "dhaka",
                "is_eid_trip": 0,
                "is_from_city_international": false,
                "is_international": 0,
                "is_open_for_all": true,
                "origin_city_name": "bhairab_bazar",
                "parent_route": {
                    "arrival_date": "2025-03-20",
                    "arrival_time": "05:10:00",
                    "departure_date": "2025-03-19",
                    "departure_time": "23:30:00",
                    "destination_city_name": "dhaka",
                    "origin_city_name": "chattogram"
                },
                "seat_types": [
                    {
                        "destination_city_seq": 8,
                        "fare": "105.00",
                        "key": 7,
                        "origin_city_seq": 7,
                        "route_id": 22826,
                        "seat_counts": {
                            "is_divided": true,
                            "offline": 2,
                            "online": 3
                        },
                        "trip_id": 8407417,
                        "trip_route_id": 52508028,
                        "type": "S_CHAIR",
                        "vat_amount": 0,
                        "vat_percent": 0
                    },
                    {
                        "destination_city_seq": 8,
                        "fare": "205.00",
                        "key": 4,
                        "origin_city_seq": 7,
                        "route_id": 22826,
                        "seat_counts": {
                            "is_divided": true,
                            "offline": 0,
                            "online": 0
                        },
                        "trip_id": 8407418,
                        "trip_route_id": 52508041,
                        "type": "F_BERTH",
                        "vat_amount": 31,
                        "vat_percent": 15
                    },
                    {
                        "destination_city_seq": 8,
                        "fare": "305.00",
                        "key": 1,
                        "origin_city_seq": 7,
                        "route_id": 22826,
                        "seat_counts": {
                            "is_divided": true,
                            "offline": 0,
                            "online": 0
                        },
                        "trip_id": 8407419,
                        "trip_route_id": 52508054,
                        "type": "AC_B",
                        "vat_amount": 46,
                        "vat_percent": 15
                    },
                    {
                        "destination_city_seq": 8,
                        "fare": "170.00",
                        "key": 3,
                        "origin_city_seq": 7,
                        "route_id": 22826,
                        "seat_counts": {
                            "is_divided": true,
                            "offline": 2,
                            "online": 3
                        },
                        "trip_id": 8407420,
                        "trip_route_id": 52508067,
                        "type": "SNIGDHA",
                        "vat_amount": 26,
                        "vat_percent": 15
                    }
                ],
                "train_model": "741",
                "travel_time": "01h 37m",
                "trip_number": "TURNA (741)"
            },
            {
                "arrival_date_time": "20 Mar, 05:40 am",
                "boarding_points": [
                    {
                        "location_date": "20 Mar 2025",
                        "location_id": 2829,
                        "location_name": "Bhairab_Bazar Station",
                        "location_time": "04:06 AM",
                        "trip_point_id": 107707493
                    }
                ],
                "departure_date_time": "20 Mar, 04:06 am",
                "departure_date_time_jd": "Thu, 20 Mar 2025, 04:06 AM",
                "departure_full_date": "2025-03-20",
                "destination_city_name": "dhaka",
                "is_eid_trip": 0,
                "is_from_city_international": false,
                "is_international": 0,
                "is_open_for_all": true,
                "origin_city_name": "bhairab_bazar",
                "parent_route": {
                    "arrival_date": "2025-03-20",
                    "arrival_time": "05:40:00",
                    "departure_date": "2025-03-19",
                    "departure_time": "23:30:00",
                    "destination_city_name": "dhaka",
                    "origin_city_name": "sylhet"
                },
                "seat_types": [
                    {
                        "destination_city_seq": 11,
                        "fare": "105.00",
                        "key": 7,
                        "origin_city_seq": 9,
                        "route_id": 22813,
                        "seat_counts": {
                            "is_divided": true,
                            "offline": 7,
                            "online": 8
                        },
                        "trip_id": 8407414,
                        "trip_route_id": 52507964,
                        "type": "S_CHAIR",
                        "vat_amount": 0,
                        "vat_percent": 0
                    },
                    {
                        "destination_city_seq": 11,
                        "fare": "305.00",
                        "key": 1,
                        "origin_city_seq": 9,
                        "route_id": 22813,
                        "seat_counts": {
                            "is_divided": true,
                            "offline": 0,
                            "online": 0
                        },
                        "trip_id": 8407415,
                        "trip_route_id": 52507986,
                        "type": "AC_B",
                        "vat_amount": 46,
                        "vat_percent": 15
                    },
                    {
                        "destination_city_seq": 11,
                        "fare": "170.00",
                        "key": 3,
                        "origin_city_seq": 9,
                        "route_id": 22813,
                        "seat_counts": {
                            "is_divided": true,
                            "offline": 0,
                            "online": 0
                        },
                        "trip_id": 8407416,
                        "trip_route_id": 52508008,
                        "type": "SNIGDHA",
                        "vat_amount": 26,
                        "vat_percent": 15
                    }
                ],
                "train_model": "740",
                "travel_time": "01h 34m",
                "trip_number": "UPABAN EXPRESS (740)"
            },
            {
                "arrival_date_time": "20 Mar, 10:35 am",
                "boarding_points": [
                    {
                        "location_date": "20 Mar 2025",
                        "location_id": 2829,
                        "location_name": "Bhairab_Bazar Station",
                        "location_time": "08:20 AM",
                        "trip_point_id": 107716708
                    }
                ],
                "departure_date_time": "20 Mar, 08:20 am",
                "departure_date_time_jd": "Thu, 20 Mar 2025, 08:20 AM",
                "departure_full_date": "2025-03-20",
                "destination_city_name": "dhaka",
                "is_eid_trip": 0,
                "is_from_city_international": false,
                "is_international": 0,
                "is_open_for_all": true,
                "origin_city_name": "bhairab_bazar",
                "parent_route": {
                    "arrival_date": "2025-03-20",
                    "arrival_time": "10:35:00",
                    "departure_date": "2025-03-20",
                    "departure_time": "06:30:00",
                    "destination_city_name": "dhaka",
                    "origin_city_name": "kishorganj"
                },
                "seat_types": [
                    {
                        "destination_city_seq": 11,
                        "fare": "85.00",
                        "key": 8,
                        "origin_city_seq": 7,
                        "route_id": 22756,
                        "seat_counts": {
                            "is_divided": true,
                            "offline": 0,
                            "online": 0
                        },
                        "trip_id": 8407816,
                        "trip_route_id": 52526229,
                        "type": "SHOVAN",
                        "vat_amount": 0,
                        "vat_percent": 0
                    },
                    {
                        "destination_city_seq": 11,
                        "fare": "105.00",
                        "key": 7,
                        "origin_city_seq": 7,
                        "route_id": 22756,
                        "seat_counts": {
                            "is_divided": true,
                            "offline": 0,
                            "online": 0
                        },
                        "trip_id": 8407817,
                        "trip_route_id": 52526256,
                        "type": "S_CHAIR",
                        "vat_amount": 0,
                        "vat_percent": 0
                    },
                    {
                        "destination_city_seq": 11,
                        "fare": "135.00",
                        "key": 6,
                        "origin_city_seq": 7,
                        "route_id": 22756,
                        "seat_counts": {
                            "is_divided": true,
                            "offline": 0,
                            "online": 0
                        },
                        "trip_id": 8407818,
                        "trip_route_id": 52526280,
                        "type": "F_CHAIR",
                        "vat_amount": 21,
                        "vat_percent": 15
                    },
                    {
                        "destination_city_seq": 11,
                        "fare": "135.00",
                        "key": 5,
                        "origin_city_seq": 7,
                        "route_id": 22756,
                        "seat_counts": {
                            "is_divided": true,
                            "offline": 0,
                            "online": 1
                        },
                        "trip_id": 8407819,
                        "trip_route_id": 52526304,
                        "type": "F_SEAT",
                        "vat_amount": 21,
                        "vat_percent": 15
                    }
                ],
                "train_model": "738",
                "travel_time": "02h 15m",
                "trip_number": "EGAROSINDHUR PROVATI (738)"
            },
            {
                "arrival_date_time": "20 Mar, 12:40 pm",
                "boarding_points": [
                    {
                        "location_date": "20 Mar 2025",
                        "location_id": 2829,
                        "location_name": "Bhairab_Bazar Station",
                        "location_time": "10:53 AM",
                        "trip_point_id": 107718049
                    }
                ],
                "departure_date_time": "20 Mar, 10:53 am",
                "departure_date_time_jd": "Thu, 20 Mar 2025, 10:53 AM",
                "departure_full_date": "2025-03-20",
                "destination_city_name": "dhaka",
                "is_eid_trip": 0,
                "is_from_city_international": false,
                "is_international": 0,
                "is_open_for_all": true,
                "origin_city_name": "bhairab_bazar",
                "parent_route": {
                    "arrival_date": "2025-03-20",
                    "arrival_time": "12:40:00",
                    "departure_date": "2025-03-20",
                    "departure_time": "06:00:00",
                    "destination_city_name": "dhaka",
                    "origin_city_name": "chattogram"
                },
                "seat_types": [
                    {
                        "destination_city_seq": 16,
                        "fare": "170.00",
                        "key": 3,
                        "origin_city_seq": 12,
                        "route_id": 22907,
                        "seat_counts": {
                            "is_divided": true,
                            "offline": 14,
                            "online": 15
                        },
                        "trip_id": 8407900,
                        "trip_route_id": 52528044,
                        "type": "SNIGDHA",
                        "vat_amount": 26,
                        "vat_percent": 15
                    },
                    {
                        "destination_city_seq": 16,
                        "fare": "105.00",
                        "key": 7,
                        "origin_city_seq": 12,
                        "route_id": 22907,
                        "seat_counts": {
                            "is_divided": true,
                            "offline": 16,
                            "online": 16
                        },
                        "trip_id": 8407902,
                        "trip_route_id": 52528091,
                        "type": "S_CHAIR",
                        "vat_amount": 0,
                        "vat_percent": 0
                    }
                ],
                "train_model": "801",
                "travel_time": "01h 47m",
                "trip_number": "CHATTALA EXPRESS (801)"
            },
            {
                "arrival_date_time": "20 Mar, 12:55 pm",
                "boarding_points": [
                    {
                        "location_date": "20 Mar 2025",
                        "location_id": 2829,
                        "location_name": "Bhairab_Bazar Station",
                        "location_time": "11:13 AM",
                        "trip_point_id": 107717403
                    }
                ],
                "departure_date_time": "20 Mar, 11:13 am",
                "departure_date_time_jd": "Thu, 20 Mar 2025, 11:13 AM",
                "departure_full_date": "2025-03-20",
                "destination_city_name": "dhaka",
                "is_eid_trip": 0,
                "is_from_city_international": false,
                "is_international": 0,
                "is_open_for_all": true,
                "origin_city_name": "bhairab_bazar",
                "parent_route": {
                    "arrival_date": "2025-03-20",
                    "arrival_time": "12:55:00",
                    "departure_date": "2025-03-20",
                    "departure_time": "06:15:00",
                    "destination_city_name": "dhaka",
                    "origin_city_name": "sylhet"
                },
                "seat_types": [
                    {
                        "destination_city_seq": 13,
                        "fare": "170.00",
                        "key": 3,
                        "origin_city_seq": 10,
                        "route_id": 22936,
                        "seat_counts": {
                            "is_divided": true,
                            "offline": 0,
                            "online": 0
                        },
                        "trip_id": 8407857,
                        "trip_route_id": 52527134,
                        "type": "SNIGDHA",
                        "vat_amount": 26,
                        "vat_percent": 15
                    },
                    {
                        "destination_city_seq": 13,
                        "fare": "205.00",
                        "key": 2,
                        "origin_city_seq": 10,
                        "route_id": 22936,
                        "seat_counts": {
                            "is_divided": true,
                            "offline": 0,
                            "online": 0
                        },
                        "trip_id": 8407858,
                        "trip_route_id": 52527167,
                        "type": "AC_S",
                        "vat_amount": 31,
                        "vat_percent": 15
                    },
                    {
                        "destination_city_seq": 13,
                        "fare": "105.00",
                        "key": 7,
                        "origin_city_seq": 10,
                        "route_id": 22936,
                        "seat_counts": {
                            "is_divided": true,
                            "offline": 4,
                            "online": 4
                        },
                        "trip_id": 8407859,
                        "trip_route_id": 52527197,
                        "type": "S_CHAIR",
                        "vat_amount": 0,
                        "vat_percent": 0
                    }
                ],
                "train_model": "774",
                "travel_time": "01h 42m",
                "trip_number": "KALNI EXPRESS (774)"
            },
            {
                "arrival_date_time": "20 Mar, 04:45 pm",
                "boarding_points": [
                    {
                        "location_date": "20 Mar 2025",
                        "location_id": 2829,
                        "location_name": "Bhairab_Bazar Station",
                        "location_time": "03:00 PM",
                        "trip_point_id": 107717280
                    }
                ],
                "departure_date_time": "20 Mar, 03:00 pm",
                "departure_date_time_jd": "Thu, 20 Mar 2025, 03:00 PM",
                "departure_full_date": "2025-03-20",
                "destination_city_name": "dhaka",
                "is_eid_trip": 0,
                "is_from_city_international": false,
                "is_international": 0,
                "is_open_for_all": true,
                "origin_city_name": "bhairab_bazar",
                "parent_route": {
                    "arrival_date": "2025-03-20",
                    "arrival_time": "16:45:00",
                    "departure_date": "2025-03-20",
                    "departure_time": "12:50:00",
                    "destination_city_name": "dhaka",
                    "origin_city_name": "kishorganj"
                },
                "seat_types": [
                    {
                        "destination_city_seq": 11,
                        "fare": "135.00",
                        "key": 5,
                        "origin_city_seq": 7,
                        "route_id": 22756,
                        "seat_counts": {
                            "is_divided": true,
                            "offline": 0,
                            "online": 0
                        },
                        "trip_id": 8407850,
                        "trip_route_id": 52526983,
                        "type": "F_SEAT",
                        "vat_amount": 21,
                        "vat_percent": 15
                    },
                    {
                        "destination_city_seq": 11,
                        "fare": "135.00",
                        "key": 6,
                        "origin_city_seq": 7,
                        "route_id": 22756,
                        "seat_counts": {
                            "is_divided": true,
                            "offline": 0,
                            "online": 0
                        },
                        "trip_id": 8407851,
                        "trip_route_id": 52527006,
                        "type": "F_CHAIR",
                        "vat_amount": 21,
                        "vat_percent": 15
                    },
                    {
                        "destination_city_seq": 11,
                        "fare": "105.00",
                        "key": 7,
                        "origin_city_seq": 7,
                        "route_id": 22756,
                        "seat_counts": {
                            "is_divided": true,
                            "offline": 0,
                            "online": 0
                        },
                        "trip_id": 8407852,
                        "trip_route_id": 52527029,
                        "type": "S_CHAIR",
                        "vat_amount": 0,
                        "vat_percent": 0
                    },
                    {
                        "destination_city_seq": 11,
                        "fare": "85.00",
                        "key": 8,
                        "origin_city_seq": 7,
                        "route_id": 22756,
                        "seat_counts": {
                            "is_divided": true,
                            "offline": 1,
                            "online": 1
                        },
                        "trip_id": 8407853,
                        "trip_route_id": 52527052,
                        "type": "SHOVAN",
                        "vat_amount": 0,
                        "vat_percent": 0
                    }
                ],
                "train_model": "750",
                "travel_time": "01h 45m",
                "trip_number": "EGAROSINDHUR GODHULI (750)"
            },
            {
                "arrival_date_time": "20 Mar, 06:40 pm",
                "boarding_points": [
                    {
                        "location_date": "20 Mar 2025",
                        "location_id": 2829,
                        "location_name": "Bhairab_Bazar Station",
                        "location_time": "04:57 PM",
                        "trip_point_id": 107716124
                    }
                ],
                "departure_date_time": "20 Mar, 04:57 pm",
                "departure_date_time_jd": "Thu, 20 Mar 2025, 04:57 PM",
                "departure_full_date": "2025-03-20",
                "destination_city_name": "dhaka",
                "is_eid_trip": 0,
                "is_from_city_international": false,
                "is_international": 0,
                "is_open_for_all": true,
                "origin_city_name": "bhairab_bazar",
                "parent_route": {
                    "arrival_date": "2025-03-20",
                    "arrival_time": "18:40:00",
                    "departure_date": "2025-03-20",
                    "departure_time": "12:30:00",
                    "destination_city_name": "dhaka",
                    "origin_city_name": "chattogram"
                },
                "seat_types": [
                    {
                        "destination_city_seq": 13,
                        "fare": "105.00",
                        "key": 7,
                        "origin_city_seq": 11,
                        "route_id": 22508,
                        "seat_counts": {
                            "is_divided": true,
                            "offline": 0,
                            "online": 0
                        },
                        "trip_id": 8407784,
                        "trip_route_id": 52525329,
                        "type": "S_CHAIR",
                        "vat_amount": 0,
                        "vat_percent": 0
                    },
                    {
                        "destination_city_seq": 13,
                        "fare": "205.00",
                        "key": 2,
                        "origin_city_seq": 11,
                        "route_id": 22508,
                        "seat_counts": {
                            "is_divided": true,
                            "offline": 0,
                            "online": 0
                        },
                        "trip_id": 8407785,
                        "trip_route_id": 52525369,
                        "type": "AC_S",
                        "vat_amount": 31,
                        "vat_percent": 15
                    },
                    {
                        "destination_city_seq": 13,
                        "fare": "170.00",
                        "key": 3,
                        "origin_city_seq": 11,
                        "route_id": 22508,
                        "seat_counts": {
                            "is_divided": true,
                            "offline": 0,
                            "online": 0
                        },
                        "trip_id": 8407786,
                        "trip_route_id": 52525410,
                        "type": "SNIGDHA",
                        "vat_amount": 26,
                        "vat_percent": 15
                    }
                ],
                "train_model": "721",
                "travel_time": "01h 43m",
                "trip_number": "MOHANAGAR EXPRESS (721)"
            },
            {
                "arrival_date_time": "20 Mar, 08:00 pm",
                "boarding_points": [
                    {
                        "location_date": "20 Mar 2025",
                        "location_id": 2829,
                        "location_name": "Bhairab_Bazar Station",
                        "location_time": "05:48 PM",
                        "trip_point_id": 107717643
                    }
                ],
                "departure_date_time": "20 Mar, 05:48 pm",
                "departure_date_time_jd": "Thu, 20 Mar 2025, 05:48 PM",
                "departure_full_date": "2025-03-20",
                "destination_city_name": "dhaka",
                "is_eid_trip": 0,
                "is_from_city_international": false,
                "is_international": 0,
                "is_open_for_all": true,
                "origin_city_name": "bhairab_bazar",
                "parent_route": {
                    "arrival_date": "2025-03-20",
                    "arrival_time": "20:00:00",
                    "departure_date": "2025-03-20",
                    "departure_time": "16:00:00",
                    "destination_city_name": "dhaka",
                    "origin_city_name": "kishorganj"
                },
                "seat_types": [
                    {
                        "destination_city_seq": 11,
                        "fare": "170.00",
                        "key": 3,
                        "origin_city_seq": 7,
                        "route_id": 22756,
                        "seat_counts": {
                            "is_divided": true,
                            "offline": 0,
                            "online": 0
                        },
                        "trip_id": 8407871,
                        "trip_route_id": 52527577,
                        "type": "SNIGDHA",
                        "vat_amount": 26,
                        "vat_percent": 15
                    },
                    {
                        "destination_city_seq": 11,
                        "fare": "205.00",
                        "key": 2,
                        "origin_city_seq": 7,
                        "route_id": 22756,
                        "seat_counts": {
                            "is_divided": true,
                            "offline": 0,
                            "online": 0
                        },
                        "trip_id": 8407872,
                        "trip_route_id": 52527601,
                        "type": "AC_S",
                        "vat_amount": 31,
                        "vat_percent": 15
                    },
                    {
                        "destination_city_seq": 11,
                        "fare": "105.00",
                        "key": 7,
                        "origin_city_seq": 7,
                        "route_id": 22756,
                        "seat_counts": {
                            "is_divided": true,
                            "offline": 15,
                            "online": 16
                        },
                        "trip_id": 8407873,
                        "trip_route_id": 52527625,
                        "type": "S_CHAIR",
                        "vat_amount": 0,
                        "vat_percent": 0
                    }
                ],
                "train_model": "782",
                "travel_time": "02h 12m",
                "trip_number": "KISHORGANJ EXPRESS (782)"
            },
            {
                "arrival_date_time": "20 Mar, 08:45 pm",
                "boarding_points": [
                    {
                        "location_date": "20 Mar 2025",
                        "location_id": 2829,
                        "location_name": "Bhairab_Bazar Station",
                        "location_time": "07:08 PM",
                        "trip_point_id": 107715336
                    }
                ],
                "departure_date_time": "20 Mar, 07:08 pm",
                "departure_date_time_jd": "Thu, 20 Mar 2025, 07:08 PM",
                "departure_full_date": "2025-03-20",
                "destination_city_name": "dhaka",
                "is_eid_trip": 0,
                "is_from_city_international": false,
                "is_international": 0,
                "is_open_for_all": true,
                "origin_city_name": "bhairab_bazar",
                "parent_route": {
                    "arrival_date": "2025-03-20",
                    "arrival_time": "20:45:00",
                    "departure_date": "2025-03-20",
                    "departure_time": "15:00:00",
                    "destination_city_name": "dhaka",
                    "origin_city_name": "chattogram"
                },
                "seat_types": [
                    {
                        "destination_city_seq": 9,
                        "fare": "170.00",
                        "key": 3,
                        "origin_city_seq": 8,
                        "route_id": 22037,
                        "seat_counts": {
                            "is_divided": true,
                            "offline": 5,
                            "online": 5
                        },
                        "trip_id": 8407747,
                        "trip_route_id": 52524066,
                        "type": "SNIGDHA",
                        "vat_amount": 26,
                        "vat_percent": 15
                    },
                    {
                        "destination_city_seq": 9,
                        "fare": "105.00",
                        "key": 7,
                        "origin_city_seq": 8,
                        "route_id": 22037,
                        "seat_counts": {
                            "is_divided": true,
                            "offline": 27,
                            "online": 27
                        },
                        "trip_id": 8407748,
                        "trip_route_id": 52524088,
                        "type": "S_CHAIR",
                        "vat_amount": 0,
                        "vat_percent": 0
                    },
                    {
                        "destination_city_seq": 9,
                        "fare": "205.00",
                        "key": 2,
                        "origin_city_seq": 8,
                        "route_id": 22037,
                        "seat_counts": {
                            "is_divided": true,
                            "offline": 1,
                            "online": 1
                        },
                        "trip_id": 8407750,
                        "trip_route_id": 52524129,
                        "type": "AC_S",
                        "vat_amount": 31,
                        "vat_percent": 15
                    }
                ],
                "train_model": "703",
                "travel_time": "01h 37m",
                "trip_number": "MAHANAGAR GODHULI (703)"
            },
            {
                "arrival_date_time": "20 Mar, 10:40 pm",
                "boarding_points": [
                    {
                        "location_date": "20 Mar 2025",
                        "location_id": 2829,
                        "location_name": "Bhairab_Bazar Station",
                        "location_time": "08:58 PM",
                        "trip_point_id": 107715685
                    }
                ],
                "departure_date_time": "20 Mar, 08:58 pm",
                "departure_date_time_jd": "Thu, 20 Mar 2025, 08:58 PM",
                "departure_full_date": "2025-03-20",
                "destination_city_name": "dhaka",
                "is_eid_trip": 0,
                "is_from_city_international": false,
                "is_international": 0,
                "is_open_for_all": true,
                "origin_city_name": "bhairab_bazar",
                "parent_route": {
                    "arrival_date": "2025-03-20",
                    "arrival_time": "22:40:00",
                    "departure_date": "2025-03-20",
                    "departure_time": "16:00:00",
                    "destination_city_name": "dhaka",
                    "origin_city_name": "sylhet"
                },
                "seat_types": [
                    {
                        "destination_city_seq": 12,
                        "fare": "170.00",
                        "key": 3,
                        "origin_city_seq": 10,
                        "route_id": 22189,
                        "seat_counts": {
                            "is_divided": true,
                            "offline": 0,
                            "online": 1
                        },
                        "trip_id": 8407767,
                        "trip_route_id": 52524619,
                        "type": "SNIGDHA",
                        "vat_amount": 26,
                        "vat_percent": 15
                    },
                    {
                        "destination_city_seq": 12,
                        "fare": "105.00",
                        "key": 7,
                        "origin_city_seq": 10,
                        "route_id": 22189,
                        "seat_counts": {
                            "is_divided": true,
                            "offline": 0,
                            "online": 0
                        },
                        "trip_id": 8407768,
                        "trip_route_id": 52524659,
                        "type": "S_CHAIR",
                        "vat_amount": 0,
                        "vat_percent": 0
                    },
                    {
                        "destination_city_seq": 12,
                        "fare": "135.00",
                        "key": 5,
                        "origin_city_seq": 10,
                        "route_id": 22189,
                        "seat_counts": {
                            "is_divided": true,
                            "offline": 0,
                            "online": 0
                        },
                        "trip_id": 8407769,
                        "trip_route_id": 52524702,
                        "type": "F_SEAT",
                        "vat_amount": 21,
                        "vat_percent": 15
                    },
                    {
                        "destination_city_seq": 12,
                        "fare": "205.00",
                        "key": 2,
                        "origin_city_seq": 10,
                        "route_id": 22189,
                        "seat_counts": {
                            "is_divided": true,
                            "offline": 0,
                            "online": 0
                        },
                        "trip_id": 8407770,
                        "trip_route_id": 52524738,
                        "type": "AC_S",
                        "vat_amount": 31,
                        "vat_percent": 15
                    }
                ],
                "train_model": "710",
                "travel_time": "01h 42m",
                "trip_number": "PARABAT EXPRESS (710)"
            }
        ]
    },
    "extra": {
        "hash": "2913D4E613EE77BA81FCAB988D4D7E11"
    }
}