{
    "data": {
        "recommendations": [
            {
                "destination": "Khulna",
                "origin": "Faridpur"
            },
            {
                "destination": "Daulatpur",
                "origin": "Bhanga"
            }
        ],
        "selected_seat_class": "S_CHAIR",
        "trains": [
            {
                "arrival_date_time": "20 Mar, 03:40 pm",
                "boarding_points": [
                    {
                        "location_date": "20 Mar 2025",
                        "location_id": 2752,
                        "location_name": "Bhanga Station",
                        "location_time": "09:09 AM",
                        "trip_point_id": 107719562
                    }
                ],
                "departure_date_time": "20 Mar, 09:09 am",
                "departure_date_time_jd": "Thu, 20 Mar 2025, 09:09 AM",
                "departure_full_date": "2025-03-20",
                "destination_city_name": "khulna",
                "is_eid_trip": 0,
                "is_from_city_international": false,
                "is_international": 0,
                "is_open_for_all": true,
                "origin_city_name": "bhanga",
                "parent_route": {
                    "arrival_date": "2025-03-20",
                    "arrival_time": "15:40:00",
                    "departure_date": "2025-03-20",
                    "departure_time": "08:00:00",
                    "destination_city_name": "khulna",
                    "origin_city_name": "dhaka"
                },
                "seat_types": [
                    {
                        "destination_city_seq": 16,
                        "fare": "720.00",
                        "key": 2,
                        "origin_city_seq": 2,
                        "route_id": 25231,
                        "seat_counts": {
                            "is_divided": true,
                            "offline": 0,
                            "online": 0
                        },
                        "trip_id": 8407979,
                        "trip_route_id": 52530420,
                        "type": "AC_S",
                        "vat_amount": 108,
                        "vat_percent": 15
                    },
                    {
                        "destination_city_seq": 16,
                        "fare": "360.00",
                        "key": 7,
                        "origin_city_seq": 2,
                        "route_id": 25231,
                        "seat_counts": {
                            "is_divided": true,
                            "offline": 0,
                            "online": 0
                        },
                        "trip_id": 8407980,
                        "trip_route_id": 52530483,
                        "type": "S_CHAIR",
                        "vat_amount": 0,
                        "vat_percent": 0
                    },
                    {
                        "destination_city_seq": 16,
                        "fare": "600.00",
                        "key": 3,
                        "origin_city_seq": 2,
                        "route_id": 25231,
                        "seat_counts": {
                            "is_divided": true,
                            "offline": 0,
                            "online": 0
                        },
                        "trip_id": 8408035,
                        "trip_route_id": 52533484,
                        "type": "SNIGDHA",
                        "vat_amount": 90,
                        "vat_percent": 15
                    }
                ],
                "train_model": "726",
                "travel_time": "06h 31m",
                "trip_number": "SUNDARBAN EXPRESS (726)"
            }
        ]
    },
    "extra": {
        "hash": "2913D4E613EE77BA81FCAB988D4D7E11"
    }
}