{
    "data": {
        "recommendations": [],
        "selected_seat_class": "S_CHAIR",
        "trains": [
            {
                "arrival_date_time": "20 Mar, 09:05 pm",
                "boarding_points": [
                    {
                        "location_date": "20 Mar 2025",
                        "location_id": 2752,
                        "location_name": "Bhanga Station",
                        "location_time": "04:30 PM",
                        "trip_point_id": 107757636
                    }
                ],
                "departure_date_time": "20 Mar, 04:30 pm",
                "departure_date_time_jd": "Thu, 20 Mar 2025, 04:30 PM",
                "departure_full_date": "2025-03-20",
                "destination_city_name": "ishwardi",
                "is_eid_trip": 0,
                "is_from_city_international": false,
                "is_international": 0,
                "is_open_for_all": true,
                "origin_city_name": "bhanga",
                "parent_route": {
                    "arrival_date": "2025-03-20",
                    "arrival_time": "22:30:00",
                    "departure_date": "2025-03-20",
                    "departure_time": "15:00:00",
                    "destination_city_name": "rajshahi",
                    "origin_city_name": "dhaka"
                },
                "seat_types": [
                    {
                        "destination_city_seq": 21,
                        "fare": "250.00",
                        "key": 7,
                        "origin_city_seq": 5,
                        "route_id": 25785,
                        "seat_counts": {
                            "is_divided": true,
                            "offline": 3,
                            "online": 3
                        },
                        "trip_id": 8409865,
                        "trip_route_id": 52595679,
                        "type": "S_CHAIR",
                        "vat_amount": 0,
                        "vat_percent": 0
                    }
                ],
                "train_model": "755",
                "travel_time": "04h 35m",
                "trip_number": "MADHUMATI EXPRESS (755)"
            }
        ]
    },
    "extra": {
        "hash": "2913D4E613EE77BA81FCAB988D4D7E11"
    }
}