{
    "data": {
        "recommendations": [],
        "selected_seat_class": "S_CHAIR",
        "trains": [
            {
                "arrival_date_time": "20 Mar, 01:00 pm",
                "boarding_points": [
                    {
                        "location_date": "20 Mar 2025",
                        "location_id": 2837,
                        "location_name": "Bhanugach Station",
                        "location_time": "10:56 AM",
                        "trip_point_id": 107715627
                    }
                ],
                "departure_date_time": "20 Mar, 10:56 am",
                "departure_date_time_jd": "Thu, 20 Mar 2025, 10:56 AM",
                "departure_full_date": "2025-03-20",
                "destination_city_name": "sylhet",
                "is_eid_trip": 0,
                "is_from_city_international": false,
                "is_international": 0,
                "is_open_for_all": true,
                "origin_city_name": "bhanugach",
                "parent_route": {
                    "arrival_date": "2025-03-20",
                    "arrival_time": "13:00:00",
                    "departure_date": "2025-03-20",
                    "departure_time": "06:30:00",
                    "destination_city_name": "sylhet",
                    "origin_city_name": "dhaka"
                },
                "seat_types": [
                    {
                        "destination_city_seq": 12,
                        "fare": "95.00",
                        "key": 7,
                        "origin_city_seq": 9,
                        "route_id": 22151,
                        "seat_counts": {
                            "is_divided": true,
                            "offline": 15,
                            "online": 15
                        },
                        "trip_id": 8407764,
                        "trip_route_id": 52524523,
                        "type": "S_CHAIR",
                        "vat_amount": 0,
                        "vat_percent": 0
                    }
                ],
                "train_model": "709",
                "travel_time": "02h 04m",
                "trip_number": "PARABAT EXPRESS (709)"
            },
            {
                "arrival_date_time": "20 Mar, 03:55 pm",
                "boarding_points": [
                    {
                        "location_date": "20 Mar 2025",
                        "location_id": 2837,
                        "location_name": "Bhanugach Station",
                        "location_time": "01:57 PM",
                        "trip_point_id": 107716015
                    }
                ],
                "departure_date_time": "20 Mar, 01:57 pm",
                "departure_date_time_jd": "Thu, 20 Mar 2025, 01:57 PM",
                "departure_full_date": "2025-03-20",
                "destination_city_name": "sylhet",
                "is_eid_trip": 0,
                "is_from_city_international": false,
                "is_international": 0,
                "is_open_for_all": true,
                "origin_city_name": "bhanugach",
                "parent_route": {
                    "arrival_date": "2025-03-20",
                    "arrival_time": "15:55:00",
                    "departure_date": "2025-03-20",
                    "departure_time": "07:50:00",
                    "destination_city_name": "sylhet",
                    "origin_city_name": "chattogram"
                },
                "seat_types": [
                    {
                        "destination_city_seq": 17,
                        "fare": "95.00",
                        "key": 7,
                        "origin_city_seq": 12,
                        "route_id": 22418,
                        "seat_counts": {
                            "is_divided": true,
                            "offline": 5,
                            "online": 5
                        },
                        "trip_id": 8407780,
                        "trip_route_id": 52525139,
                        "type": "S_CHAIR",
                        "vat_amount": 0,
                        "vat_percent": 0
                    }
                ],
                "train_model": "719",
                "travel_time": "01h 58m",
                "trip_number": "PAHARIKA EXPRESS (719)"
            },
            {
                "arrival_date_time": "20 Mar, 07:00 pm",
                "boarding_points": [
                    {
                        "location_date": "20 Mar 2025",
                        "location_id": 2837,
                        "location_name": "Bhanugach Station",
                        "location_time": "04:25 PM",
                        "trip_point_id": 107715903
                    }
                ],
                "departure_date_time": "20 Mar, 04:25 pm",
                "departure_date_time_jd": "Thu, 20 Mar 2025, 04:25 PM",
                "departure_full_date": "2025-03-20",
                "destination_city_name": "sylhet",
                "is_eid_trip": 0,
                "is_from_city_international": false,
                "is_international": 0,
                "is_open_for_all": true,
                "origin_city_name": "bhanugach",
                "parent_route": {
                    "arrival_date": "2025-03-20",
                    "arrival_time": "19:00:00",
                    "departure_date": "2025-03-20",
                    "departure_time": "11:15:00",
                    "destination_city_name": "sylhet",
                    "origin_city_name": "dhaka"
                },
                "seat_types": [
                    {
                        "destination_city_seq": 16,
                        "fare": "95.00",
                        "key": 7,
                        "origin_city_seq": 13,
                        "route_id": 22328,
                        "seat_counts": {
                            "is_divided": true,
                            "offline": 7,
                            "online": 7
                        },
                        "trip_id": 8407776,
                        "trip_route_id": 52525013,
                        "type": "S_CHAIR",
                        "vat_amount": 0,
                        "vat_percent": 0
                    },
                    {
                        "destination_city_seq": 16,
                        "fare": "155.00",
                        "key": 3,
                        "origin_city_seq": 13,
                        "route_id": 22328,
                        "seat_counts": {
                            "is_divided": true,
                            "offline": 1,
                            "online": 1
                        },
                        "trip_id": 8407777,
                        "trip_route_id": 52525048,
                        "type": "SNIGDHA",
                        "vat_amount": 24,
                        "vat_percent": 15
                    }
                ],
                "train_model": "717",
                "travel_time": "02h 35m",
                "trip_number": "JAYENTIKA EXPRESS (717)"
            }
        ]
    },
    "extra": {
        "hash": "2913D4E613EE77BA81FCAB988D4D7E11"
    }
}