{
    "data": {
        "recommendations": [
            {
                "destination": "Biman_bandar",
                "origin": "Sreemangal"
            },
            {
                "destination": "Bhairab_bazar",
                "origin": "Bhanugach"
            }
        ],
        "selected_seat_class": "S_CHAIR",
        "trains": [
            {
                "arrival_date_time": "20 Mar, 05:12 am",
                "boarding_points": [
                    {
                        "location_date": "20 Mar 2025",
                        "location_id": 2837,
                        "location_name": "Bhanugach Station",
                        "location_time": "01:22 AM",
                        "trip_point_id": 107707494
                    }
                ],
                "departure_date_time": "20 Mar, 01:22 am",
                "departure_date_time_jd": "Thu, 20 Mar 2025, 01:22 AM",
                "departure_full_date": "2025-03-20",
                "destination_city_name": "biman_bandar",
                "is_eid_trip": 0,
                "is_from_city_international": false,
                "is_international": 0,
                "is_open_for_all": true,
                "origin_city_name": "bhanugach",
                "parent_route": {
                    "arrival_date": "2025-03-20",
                    "arrival_time": "05:40:00",
                    "departure_date": "2025-03-19",
                    "departure_time": "23:30:00",
                    "destination_city_name": "dhaka",
                    "origin_city_name": "sylhet"
                },
                "seat_types": [
                    {
                        "destination_city_seq": 10,
                        "fare": "285.00",
                        "key": 7,
                        "origin_city_seq": 6,
                        "route_id": 22806,
                        "seat_counts": {
                            "is_divided": true,
                            "offline": 0,
                            "online": 0
                        },
                        "trip_id": 8407414,
                        "trip_route_id": 52507967,
                        "type": "S_CHAIR",
                        "vat_amount": 0,
                        "vat_percent": 0
                    },
                    {
                        "destination_city_seq": 10,
                        "fare": "850.00",
                        "key": 1,
                        "origin_city_seq": 6,
                        "route_id": 22806,
                        "seat_counts": {
                            "is_divided": true,
                            "offline": 0,
                            "online": 0
                        },
                        "trip_id": 8407415,
                        "trip_route_id": 52507989,
                        "type": "AC_B",
                        "vat_amount": 128,
                        "vat_percent": 15
                    },
                    {
                        "destination_city_seq": 10,
                        "fare": "475.00",
                        "key": 3,
                        "origin_city_seq": 6,
                        "route_id": 22806,
                        "seat_counts": {
                            "is_divided": true,
                            "offline": 0,
                            "online": 0
                        },
                        "trip_id": 8407416,
                        "trip_route_id": 52508011,
                        "type": "SNIGDHA",
                        "vat_amount": 72,
                        "vat_percent": 15
                    }
                ],
                "train_model": "740",
                "travel_time": "03h 50m",
                "trip_number": "UPABAN EXPRESS (740)"
            },
            {
                "arrival_date_time": "20 Mar, 10:12 pm",
                "boarding_points": [
                    {
                        "location_date": "20 Mar 2025",
                        "location_id": 2837,
                        "location_name": "Bhanugach Station",
                        "location_time": "05:41 PM",
                        "trip_point_id": 107715688
                    }
                ],
                "departure_date_time": "20 Mar, 05:41 pm",
                "departure_date_time_jd": "Thu, 20 Mar 2025, 05:41 PM",
                "departure_full_date": "2025-03-20",
                "destination_city_name": "biman_bandar",
                "is_eid_trip": 0,
                "is_from_city_international": false,
                "is_international": 0,
                "is_open_for_all": true,
                "origin_city_name": "bhanugach",
                "parent_route": {
                    "arrival_date": "2025-03-20",
                    "arrival_time": "22:40:00",
                    "departure_date": "2025-03-20",
                    "departure_time": "16:00:00",
                    "destination_city_name": "dhaka",
                    "origin_city_name": "sylhet"
                },
                "seat_types": [
                    {
                        "destination_city_seq": 11,
                        "fare": "475.00",
                        "key": 3,
                        "origin_city_seq": 4,
                        "route_id": 22174,
                        "seat_counts": {
                            "is_divided": true,
                            "offline": 0,
                            "online": 0
                        },
                        "trip_id": 8407767,
                        "trip_route_id": 52524626,
                        "type": "SNIGDHA",
                        "vat_amount": 72,
                        "vat_percent": 15
                    },
                    {
                        "destination_city_seq": 11,
                        "fare": "285.00",
                        "key": 7,
                        "origin_city_seq": 4,
                        "route_id": 22174,
                        "seat_counts": {
                            "is_divided": true,
                            "offline": 0,
                            "online": 0
                        },
                        "trip_id": 8407768,
                        "trip_route_id": 52524666,
                        "type": "S_CHAIR",
                        "vat_amount": 0,
                        "vat_percent": 0
                    },
                    {
                        "destination_city_seq": 11,
                        "fare": "380.00",
                        "key": 5,
                        "origin_city_seq": 4,
                        "route_id": 22174,
                        "seat_counts": {
                            "is_divided": true,
                            "offline": 0,
                            "online": 0
                        },
                        "trip_id": 8407769,
                        "trip_route_id": 52524709,
                        "type": "F_SEAT",
                        "vat_amount": 57,
                        "vat_percent": 15
                    },
                    {
                        "destination_city_seq": 11,
                        "fare": "570.00",
                        "key": 2,
                        "origin_city_seq": 4,
                        "route_id": 22174,
                        "seat_counts": {
                            "is_divided": true,
                            "offline": 0,
                            "online": 0
                        },
                        "trip_id": 8407770,
                        "trip_route_id": 52524745,
                        "type": "AC_S",
                        "vat_amount": 86,
                        "vat_percent": 15
                    }
                ],
                "train_model": "710",
                "travel_time": "04h 31m",
                "trip_number": "PARABAT EXPRESS (710)"
            }
        ]
    },
    "extra": {
        "hash": "2913D4E613EE77BA81FCAB988D4D7E11"
    }
}