{
    "data": {
        "recommendations": [],
        "selected_seat_class": "S_CHAIR",
        "trains": [
            {
                "arrival_date_time": "20 Mar, 11:45 pm",
                "boarding_points": [
                    {
                        "location_date": "20 Mar 2025",
                        "location_id": 2943,
                        "location_name": "Bhanga_Junction Station",
                        "location_time": "09:06 PM",
                        "trip_point_id": 107721688
                    }
                ],
                "departure_date_time": "20 Mar, 09:06 pm",
                "departure_date_time_jd": "Thu, 20 Mar 2025, 09:06 PM",
                "departure_full_date": "2025-03-20",
                "destination_city_name": "khulna",
                "is_eid_trip": 0,
                "is_from_city_international": false,
                "is_international": 0,
                "is_open_for_all": true,
                "origin_city_name": "bhanga_junction",
                "parent_route": {
                    "arrival_date": "2025-03-20",
                    "arrival_time": "23:45:00",
                    "departure_date": "2025-03-20",
                    "departure_time": "20:00:00",
                    "destination_city_name": "khulna",
                    "origin_city_name": "dhaka"
                },
                "seat_types": [
                    {
                        "destination_city_seq": 8,
                        "fare": "185.00",
                        "key": 7,
                        "origin_city_seq": 2,
                        "route_id": 26909,
                        "seat_counts": {
                            "is_divided": true,
                            "offline": 4,
                            "online": 4
                        },
                        "trip_id": 8408058,
                        "trip_route_id": 52534756,
                        "type": "S_CHAIR",
                        "vat_amount": 0,
                        "vat_percent": 0
                    },
                    {
                        "destination_city_seq": 8,
                        "fare": "305.00",
                        "key": 3,
                        "origin_city_seq": 2,
                        "route_id": 26909,
                        "seat_counts": {
                            "is_divided": true,
                            "offline": 2,
                            "online": 3
                        },
                        "trip_id": 8408059,
                        "trip_route_id": 52534769,
                        "type": "SNIGDHA",
                        "vat_amount": 46,
                        "vat_percent": 15
                    }
                ],
                "train_model": "826",
                "travel_time": "02h 39m",
                "trip_number": "JAHANABAD EXPRESS (826)"
            }
        ]
    },
    "extra": {
        "hash": "2913D4E613EE77BA81FCAB988D4D7E11"
    }
}