{
    "data": {
        "recommendations": [],
        "selected_seat_class": "S_CHAIR",
        "trains": [
            {
                "arrival_date_time": "20 Mar, 12:20 pm",
                "boarding_points": [
                    {
                        "location_date": "20 Mar 2025",
                        "location_id": 2779,
                        "location_name": "Bheramara Station",
                        "location_time": "10:27 AM",
                        "trip_point_id": 107758438
                    }
                ],
                "departure_date_time": "20 Mar, 10:27 am",
                "departure_date_time_jd": "Thu, 20 Mar 2025, 10:27 AM",
                "departure_full_date": "2025-03-20",
                "destination_city_name": "rajshahi",
                "is_eid_trip": 0,
                "is_from_city_international": false,
                "is_international": 0,
                "is_open_for_all": true,
                "origin_city_name": "bheramara",
                "parent_route": {
                    "arrival_date": "2025-03-20",
                    "arrival_time": "12:20:00",
                    "departure_date": "2025-03-20",
                    "departure_time": "06:45:00",
                    "destination_city_name": "rajshahi",
                    "origin_city_name": "khulna"
                },
                "seat_types": [
                    {
                        "destination_city_seq": 17,
                        "fare": "235.00",
                        "key": 3,
                        "origin_city_seq": 12,
                        "route_id": 21451,
                        "seat_counts": {
                            "is_divided": true,
                            "offline": 2,
                            "online": 3
                        },
                        "trip_id": 8409900,
                        "trip_route_id": 52596824,
                        "type": "SNIGDHA",
                        "vat_amount": 36,
                        "vat_percent": 15
                    },
                    {
                        "destination_city_seq": 17,
                        "fare": "140.00",
                        "key": 7,
                        "origin_city_seq": 12,
                        "route_id": 21451,
                        "seat_counts": {
                            "is_divided": true,
                            "offline": 37,
                            "online": 38
                        },
                        "trip_id": 8409907,
                        "trip_route_id": 52597258,
                        "type": "S_CHAIR",
                        "vat_amount": 0,
                        "vat_percent": 0
                    }
                ],
                "train_model": "715",
                "travel_time": "01h 53m",
                "trip_number": "KAPOTAKSHA EXPRESS (715)"
            },
            {
                "arrival_date_time": "20 Mar, 01:15 pm",
                "boarding_points": [
                    {
                        "location_date": "20 Mar 2025",
                        "location_id": 2779,
                        "location_name": "Bheramara Station",
                        "location_time": "11:20 AM",
                        "trip_point_id": 107720247
                    }
                ],
                "departure_date_time": "20 Mar, 11:20 am",
                "departure_date_time_jd": "Thu, 20 Mar 2025, 11:20 AM",
                "departure_full_date": "2025-03-20",
                "destination_city_name": "rajshahi",
                "is_eid_trip": 0,
                "is_from_city_international": false,
                "is_international": 0,
                "is_open_for_all": true,
                "origin_city_name": "bheramara",
                "parent_route": {
                    "arrival_date": "2025-03-20",
                    "arrival_time": "13:15:00",
                    "departure_date": "2025-03-20",
                    "departure_time": "06:30:00",
                    "destination_city_name": "rajshahi",
                    "origin_city_name": "gobra"
                },
                "seat_types": [
                    {
                        "destination_city_seq": 19,
                        "fare": "120.00",
                        "key": 8,
                        "origin_city_seq": 17,
                        "route_id": 21822,
                        "seat_counts": {
                            "is_divided": true,
                            "offline": 6,
                            "online": 7
                        },
                        "trip_id": 8408003,
                        "trip_route_id": 52531707,
                        "type": "SHOVAN",
                        "vat_amount": 0,
                        "vat_percent": 0
                    },
                    {
                        "destination_city_seq": 19,
                        "fare": "140.00",
                        "key": 7,
                        "origin_city_seq": 17,
                        "route_id": 21822,
                        "seat_counts": {
                            "is_divided": true,
                            "offline": 0,
                            "online": 0
                        },
                        "trip_id": 8408020,
                        "trip_route_id": 52532808,
                        "type": "S_CHAIR",
                        "vat_amount": 0,
                        "vat_percent": 0
                    }
                ],
                "train_model": "783",
                "travel_time": "01h 55m",
                "trip_number": "TUNGIPARA EXPRESS (783)"
            },
            {
                "arrival_date_time": "20 Mar, 10:00 pm",
                "boarding_points": [
                    {
                        "location_date": "20 Mar 2025",
                        "location_id": 2779,
                        "location_name": "Bheramara Station",
                        "location_time": "07:47 PM",
                        "trip_point_id": 107721491
                    }
                ],
                "departure_date_time": "20 Mar, 07:47 pm",
                "departure_date_time_jd": "Thu, 20 Mar 2025, 07:47 PM",
                "departure_full_date": "2025-03-20",
                "destination_city_name": "rajshahi",
                "is_eid_trip": 0,
                "is_from_city_international": false,
                "is_international": 0,
                "is_open_for_all": true,
                "origin_city_name": "bheramara",
                "parent_route": {
                    "arrival_date": "2025-03-20",
                    "arrival_time": "22:00:00",
                    "departure_date": "2025-03-20",
                    "departure_time": "16:00:00",
                    "destination_city_name": "rajshahi",
                    "origin_city_name": "khulna"
                },
                "seat_types": [
                    {
                        "destination_city_seq": 17,
                        "fare": "140.00",
                        "key": 7,
                        "origin_city_seq": 12,
                        "route_id": 21451,
                        "seat_counts": {
                            "is_divided": true,
                            "offline": 27,
                            "online": 28
                        },
                        "trip_id": 8408048,
                        "trip_route_id": 52534412,
                        "type": "S_CHAIR",
                        "vat_amount": 0,
                        "vat_percent": 0
                    }
                ],
                "train_model": "761",
                "travel_time": "02h 13m",
                "trip_number": "SAGARDARI EXPRESS (761)"
            },
            {
                "arrival_date_time": "20 Mar, 10:30 pm",
                "boarding_points": [
                    {
                        "location_date": "20 Mar 2025",
                        "location_id": 2779,
                        "location_name": "Bheramara Station",
                        "location_time": "08:35 PM",
                        "trip_point_id": 107757627
                    }
                ],
                "departure_date_time": "20 Mar, 08:35 pm",
                "departure_date_time_jd": "Thu, 20 Mar 2025, 08:35 PM",
                "departure_full_date": "2025-03-20",
                "destination_city_name": "rajshahi",
                "is_eid_trip": 0,
                "is_from_city_international": false,
                "is_international": 0,
                "is_open_for_all": true,
                "origin_city_name": "bheramara",
                "parent_route": {
                    "arrival_date": "2025-03-20",
                    "arrival_time": "22:30:00",
                    "departure_date": "2025-03-20",
                    "departure_time": "15:00:00",
                    "destination_city_name": "rajshahi",
                    "origin_city_name": "dhaka"
                },
                "seat_types": [
                    {
                        "destination_city_seq": 22,
                        "fare": "140.00",
                        "key": 7,
                        "origin_city_seq": 19,
                        "route_id": 25825,
                        "seat_counts": {
                            "is_divided": true,
                            "offline": 62,
                            "online": 63
                        },
                        "trip_id": 8409865,
                        "trip_route_id": 52595677,
                        "type": "S_CHAIR",
                        "vat_amount": 0,
                        "vat_percent": 0
                    },
                    {
                        "destination_city_seq": 22,
                        "fare": "280.00",
                        "key": 2,
                        "origin_city_seq": 19,
                        "route_id": 25825,
                        "seat_counts": {
                            "is_divided": true,
                            "offline": 2,
                            "online": 2
                        },
                        "trip_id": 8409872,
                        "trip_route_id": 52595965,
                        "type": "AC_S",
                        "vat_amount": 42,
                        "vat_percent": 15
                    }
                ],
                "train_model": "755",
                "travel_time": "01h 55m",
                "trip_number": "MADHUMATI EXPRESS (755)"
            }
        ]
    },
    "extra": {
        "hash": "2913D4E613EE77BA81FCAB988D4D7E11"
    }
}