{
    "data": {
        "recommendations": [],
        "selected_seat_class": "S_CHAIR",
        "trains": [
            {
                "arrival_date_time": "20 Mar, 01:00 am",
                "boarding_points": [
                    {
                        "location_date": "20 Mar 2025",
                        "location_id": 2779,
                        "location_name": "Bheramara Station",
                        "location_time": "12:03 AM",
                        "trip_point_id": 107713728
                    }
                ],
                "departure_date_time": "20 Mar, 12:03 am",
                "departure_date_time_jd": "Thu, 20 Mar 2025, 12:03 AM",
                "departure_full_date": "2025-03-20",
                "destination_city_name": "chuadanga",
                "is_eid_trip": 0,
                "is_from_city_international": false,
                "is_international": 0,
                "is_open_for_all": true,
                "origin_city_name": "bheramara",
                "parent_route": {
                    "arrival_date": "2025-03-20",
                    "arrival_time": "04:10:00",
                    "departure_date": "2025-03-19",
                    "departure_time": "18:30:00",
                    "destination_city_name": "khulna",
                    "origin_city_name": "chilahati"
                },
                "seat_types": [
                    {
                        "destination_city_seq": 18,
                        "fare": "60.00",
                        "key": 7,
                        "origin_city_seq": 15,
                        "route_id": 20121,
                        "seat_counts": {
                            "is_divided": true,
                            "offline": 0,
                            "online": 0
                        },
                        "trip_id": 8407668,
                        "trip_route_id": 52520135,
                        "type": "S_CHAIR",
                        "vat_amount": 0,
                        "vat_percent": 0
                    },
                    {
                        "destination_city_seq": 18,
                        "fare": "180.00",
                        "key": 1,
                        "origin_city_seq": 15,
                        "route_id": 20121,
                        "seat_counts": {
                            "is_divided": true,
                            "offline": 0,
                            "online": 0
                        },
                        "trip_id": 8407670,
                        "trip_route_id": 52520365,
                        "type": "AC_B",
                        "vat_amount": 27,
                        "vat_percent": 15
                    },
                    {
                        "destination_city_seq": 18,
                        "fare": "100.00",
                        "key": 3,
                        "origin_city_seq": 15,
                        "route_id": 20121,
                        "seat_counts": {
                            "is_divided": true,
                            "offline": 0,
                            "online": 0
                        },
                        "trip_id": 8407672,
                        "trip_route_id": 52520597,
                        "type": "SNIGDHA",
                        "vat_amount": 15,
                        "vat_percent": 15
                    }
                ],
                "train_model": "748",
                "travel_time": "00h 57m",
                "trip_number": "SIMANTA EXPRESS (748)"
            },
            {
                "arrival_date_time": "20 Mar, 01:24 am",
                "boarding_points": [
                    {
                        "location_date": "20 Mar 2025",
                        "location_id": 2779,
                        "location_name": "Bheramara Station",
                        "location_time": "12:28 AM",
                        "trip_point_id": 107709980
                    }
                ],
                "departure_date_time": "20 Mar, 12:28 am",
                "departure_date_time_jd": "Thu, 20 Mar 2025, 12:28 AM",
                "departure_full_date": "2025-03-20",
                "destination_city_name": "chuadanga",
                "is_eid_trip": 0,
                "is_from_city_international": false,
                "is_international": 0,
                "is_open_for_all": true,
                "origin_city_name": "bheramara",
                "parent_route": {
                    "arrival_date": "2025-03-20",
                    "arrival_time": "04:40:00",
                    "departure_date": "2025-03-19",
                    "departure_time": "19:30:00",
                    "destination_city_name": "khulna",
                    "origin_city_name": "dhaka"
                },
                "seat_types": [
                    {
                        "destination_city_seq": 17,
                        "fare": "100.00",
                        "key": 3,
                        "origin_city_seq": 13,
                        "route_id": 20646,
                        "seat_counts": {
                            "is_divided": true,
                            "offline": 0,
                            "online": 0
                        },
                        "trip_id": 8407548,
                        "trip_route_id": 52511701,
                        "type": "SNIGDHA",
                        "vat_amount": 15,
                        "vat_percent": 15
                    },
                    {
                        "destination_city_seq": 17,
                        "fare": "180.00",
                        "key": 1,
                        "origin_city_seq": 13,
                        "route_id": 20646,
                        "seat_counts": {
                            "is_divided": true,
                            "offline": 0,
                            "online": 0
                        },
                        "trip_id": 8407578,
                        "trip_route_id": 52513991,
                        "type": "AC_B",
                        "vat_amount": 27,
                        "vat_percent": 15
                    },
                    {
                        "destination_city_seq": 17,
                        "fare": "60.00",
                        "key": 7,
                        "origin_city_seq": 13,
                        "route_id": 20646,
                        "seat_counts": {
                            "is_divided": true,
                            "offline": 2,
                            "online": 3
                        },
                        "trip_id": 8407579,
                        "trip_route_id": 52514060,
                        "type": "S_CHAIR",
                        "vat_amount": 0,
                        "vat_percent": 0
                    }
                ],
                "train_model": "764",
                "travel_time": "00h 56m",
                "trip_number": "CHITRA EXPRESS (764)"
            },
            {
                "arrival_date_time": "20 Mar, 08:56 am",
                "boarding_points": [
                    {
                        "location_date": "20 Mar 2025",
                        "location_id": 2779,
                        "location_name": "Bheramara Station",
                        "location_time": "07:57 AM",
                        "trip_point_id": 107721543
                    }
                ],
                "departure_date_time": "20 Mar, 07:57 am",
                "departure_date_time_jd": "Thu, 20 Mar 2025, 07:57 AM",
                "departure_full_date": "2025-03-20",
                "destination_city_name": "chuadanga",
                "is_eid_trip": 0,
                "is_from_city_international": false,
                "is_international": 0,
                "is_open_for_all": true,
                "origin_city_name": "bheramara",
                "parent_route": {
                    "arrival_date": "2025-03-20",
                    "arrival_time": "12:10:00",
                    "departure_date": "2025-03-20",
                    "departure_time": "06:00:00",
                    "destination_city_name": "khulna",
                    "origin_city_name": "rajshahi"
                },
                "seat_types": [
                    {
                        "destination_city_seq": 10,
                        "fare": "60.00",
                        "key": 7,
                        "origin_city_seq": 6,
                        "route_id": 21488,
                        "seat_counts": {
                            "is_divided": true,
                            "offline": 2,
                            "online": 2
                        },
                        "trip_id": 8408051,
                        "trip_route_id": 52534495,
                        "type": "S_CHAIR",
                        "vat_amount": 0,
                        "vat_percent": 0
                    }
                ],
                "train_model": "762",
                "travel_time": "00h 59m",
                "trip_number": "SAGARDARI EXPRESS (762)"
            },
            {
                "arrival_date_time": "20 Mar, 05:11 pm",
                "boarding_points": [
                    {
                        "location_date": "20 Mar 2025",
                        "location_id": 2779,
                        "location_name": "Bheramara Station",
                        "location_time": "04:12 PM",
                        "trip_point_id": 107758976
                    }
                ],
                "departure_date_time": "20 Mar, 04:12 pm",
                "departure_date_time_jd": "Thu, 20 Mar 2025, 04:12 PM",
                "departure_full_date": "2025-03-20",
                "destination_city_name": "chuadanga",
                "is_eid_trip": 0,
                "is_from_city_international": false,
                "is_international": 0,
                "is_open_for_all": true,
                "origin_city_name": "bheramara",
                "parent_route": {
                    "arrival_date": "2025-03-20",
                    "arrival_time": "20:25:00",
                    "departure_date": "2025-03-20",
                    "departure_time": "14:30:00",
                    "destination_city_name": "khulna",
                    "origin_city_name": "rajshahi"
                },
                "seat_types": [
                    {
                        "destination_city_seq": 10,
                        "fare": "100.00",
                        "key": 3,
                        "origin_city_seq": 6,
                        "route_id": 21488,
                        "seat_counts": {
                            "is_divided": true,
                            "offline": 0,
                            "online": 0
                        },
                        "trip_id": 8409923,
                        "trip_route_id": 52597859,
                        "type": "SNIGDHA",
                        "vat_amount": 15,
                        "vat_percent": 15
                    },
                    {
                        "destination_city_seq": 10,
                        "fare": "60.00",
                        "key": 7,
                        "origin_city_seq": 6,
                        "route_id": 21488,
                        "seat_counts": {
                            "is_divided": true,
                            "offline": 2,
                            "online": 3
                        },
                        "trip_id": 8409931,
                        "trip_route_id": 52598399,
                        "type": "S_CHAIR",
                        "vat_amount": 0,
                        "vat_percent": 0
                    }
                ],
                "train_model": "716",
                "travel_time": "00h 59m",
                "trip_number": "KAPOTAKSHA EXPRESS (716)"
            }
        ]
    },
    "extra": {
        "hash": "2913D4E613EE77BA81FCAB988D4D7E11"
    }
}