{
    "data": {
        "recommendations": [],
        "selected_seat_class": "S_CHAIR",
        "trains": [
            {
                "arrival_date_time": "20 Mar, 02:30 am",
                "boarding_points": [
                    {
                        "location_date": "20 Mar 2025",
                        "location_id": 2779,
                        "location_name": "Bheramara Station",
                        "location_time": "12:28 AM",
                        "trip_point_id": 107711045
                    }
                ],
                "departure_date_time": "20 Mar, 12:28 am",
                "departure_date_time_jd": "Thu, 20 Mar 2025, 12:28 AM",
                "departure_full_date": "2025-03-20",
                "destination_city_name": "mubarakganj",
                "is_eid_trip": 0,
                "is_from_city_international": false,
                "is_international": 0,
                "is_open_for_all": true,
                "origin_city_name": "bheramara",
                "parent_route": {
                    "arrival_date": "2025-03-20",
                    "arrival_time": "04:40:00",
                    "departure_date": "2025-03-19",
                    "departure_time": "19:30:00",
                    "destination_city_name": "khulna",
                    "origin_city_name": "dhaka"
                },
                "seat_types": [
                    {
                        "destination_city_seq": 20,
                        "fare": "125.00",
                        "key": 7,
                        "origin_city_seq": 13,
                        "route_id": 26494,
                        "seat_counts": {
                            "is_divided": true,
                            "offline": 2,
                            "online": 3
                        },
                        "trip_id": 8407579,
                        "trip_route_id": 52514062,
                        "type": "S_CHAIR",
                        "vat_amount": 0,
                        "vat_percent": 0
                    }
                ],
                "train_model": "764",
                "travel_time": "02h 02m",
                "trip_number": "CHITRA EXPRESS (764)"
            }
        ]
    },
    "extra": {
        "hash": "2913D4E613EE77BA81FCAB988D4D7E11"
    }
}