{
    "data": {
        "recommendations": [
            {
                "destination": "Gobra",
                "origin": "Poradaha"
            },
            {
                "destination": "Borashi",
                "origin": "Bheramara"
            }
        ],
        "selected_seat_class": "S_CHAIR",
        "trains": [
            {
                "arrival_date_time": "20 Mar, 10:10 pm",
                "boarding_points": [
                    {
                        "location_date": "20 Mar 2025",
                        "location_id": 2779,
                        "location_name": "Bheramara Station",
                        "location_time": "05:03 PM",
                        "trip_point_id": 107721603
                    }
                ],
                "departure_date_time": "20 Mar, 05:03 pm",
                "departure_date_time_jd": "Thu, 20 Mar 2025, 05:03 PM",
                "departure_full_date": "2025-03-20",
                "destination_city_name": "gobra",
                "is_eid_trip": 0,
                "is_from_city_international": false,
                "is_international": 0,
                "is_open_for_all": true,
                "origin_city_name": "bheramara",
                "parent_route": {
                    "arrival_date": "2025-03-20",
                    "arrival_time": "22:10:00",
                    "departure_date": "2025-03-20",
                    "departure_time": "15:30:00",
                    "destination_city_name": "gobra",
                    "origin_city_name": "rajshahi"
                },
                "seat_types": [
                    {
                        "destination_city_seq": 20,
                        "fare": "185.00",
                        "key": 8,
                        "origin_city_seq": 3,
                        "route_id": 21963,
                        "seat_counts": {
                            "is_divided": true,
                            "offline": 0,
                            "online": 0
                        },
                        "trip_id": 8408053,
                        "trip_route_id": 52534585,
                        "type": "SHOVAN",
                        "vat_amount": 0,
                        "vat_percent": 0
                    },
                    {
                        "destination_city_seq": 20,
                        "fare": "220.00",
                        "key": 7,
                        "origin_city_seq": 3,
                        "route_id": 21963,
                        "seat_counts": {
                            "is_divided": true,
                            "offline": 0,
                            "online": 0
                        },
                        "trip_id": 8408054,
                        "trip_route_id": 52534665,
                        "type": "S_CHAIR",
                        "vat_amount": 0,
                        "vat_percent": 0
                    }
                ],
                "train_model": "784",
                "travel_time": "05h 07m",
                "trip_number": "TUNGIPARA EXPRESS (784)"
            }
        ]
    },
    "extra": {
        "hash": "2913D4E613EE77BA81FCAB988D4D7E11"
    }
}