{
    "data": {
        "recommendations": [],
        "selected_seat_class": "S_CHAIR",
        "trains": [
            {
                "arrival_date_time": "20 Mar, 06:27 pm",
                "boarding_points": [
                    {
                        "location_date": "20 Mar 2025",
                        "location_id": 2852,
                        "location_name": "Bhuapur Station",
                        "location_time": "05:15 PM",
                        "trip_point_id": 107718009
                    }
                ],
                "departure_date_time": "20 Mar, 05:15 pm",
                "departure_date_time_jd": "Thu, 20 Mar 2025, 05:15 PM",
                "departure_full_date": "2025-03-20",
                "destination_city_name": "sarishabari",
                "is_eid_trip": 0,
                "is_from_city_international": false,
                "is_international": 0,
                "is_open_for_all": true,
                "origin_city_name": "bhuapur",
                "parent_route": {
                    "arrival_date": "2025-03-20",
                    "arrival_time": "23:55:00",
                    "departure_date": "2025-03-20",
                    "departure_time": "17:15:00",
                    "destination_city_name": "dhaka",
                    "origin_city_name": "bhuapur"
                },
                "seat_types": [
                    {
                        "destination_city_seq": 5,
                        "fare": "50.00",
                        "key": 7,
                        "origin_city_seq": 1,
                        "route_id": 24182,
                        "seat_counts": {
                            "is_divided": true,
                            "offline": 62,
                            "online": 63
                        },
                        "trip_id": 8407898,
                        "trip_route_id": 52528006,
                        "type": "S_CHAIR",
                        "vat_amount": 0,
                        "vat_percent": 0
                    },
                    {
                        "destination_city_seq": 5,
                        "fare": "100.00",
                        "key": 3,
                        "origin_city_seq": 1,
                        "route_id": 24182,
                        "seat_counts": {
                            "is_divided": true,
                            "offline": 10,
                            "online": 10
                        },
                        "trip_id": 8407899,
                        "trip_route_id": 52528023,
                        "type": "SNIGDHA",
                        "vat_amount": 15,
                        "vat_percent": 15
                    }
                ],
                "train_model": "800",
                "travel_time": "01h 12m",
                "trip_number": "JAMALPUR EXPRESS (800)"
            }
        ]
    },
    "extra": {
        "hash": "2913D4E613EE77BA81FCAB988D4D7E11"
    }
}