{
    "data": {
        "recommendations": [],
        "selected_seat_class": "S_CHAIR",
        "trains": [
            {
                "arrival_date_time": "20 Mar, 11:10 am",
                "boarding_points": [
                    {
                        "location_date": "20 Mar 2025",
                        "location_id": 2702,
                        "location_name": "Biman_Bandar Station",
                        "location_time": "07:43 AM",
                        "trip_point_id": 107716636
                    }
                ],
                "departure_date_time": "20 Mar, 07:43 am",
                "departure_date_time_jd": "Thu, 20 Mar 2025, 07:43 AM",
                "departure_full_date": "2025-03-20",
                "destination_city_name": "kishorganj",
                "is_eid_trip": 0,
                "is_from_city_international": false,
                "is_international": 0,
                "is_open_for_all": true,
                "origin_city_name": "biman_bandar",
                "parent_route": {
                    "arrival_date": "2025-03-20",
                    "arrival_time": "11:10:00",
                    "departure_date": "2025-03-20",
                    "departure_time": "07:15:00",
                    "destination_city_name": "kishorganj",
                    "origin_city_name": "dhaka"
                },
                "seat_types": [
                    {
                        "destination_city_seq": 11,
                        "fare": "135.00",
                        "key": 8,
                        "origin_city_seq": 2,
                        "route_id": 22728,
                        "seat_counts": {
                            "is_divided": true,
                            "offline": 0,
                            "online": 0
                        },
                        "trip_id": 8407812,
                        "trip_route_id": 52526135,
                        "type": "SHOVAN",
                        "vat_amount": 0,
                        "vat_percent": 0
                    },
                    {
                        "destination_city_seq": 11,
                        "fare": "160.00",
                        "key": 7,
                        "origin_city_seq": 2,
                        "route_id": 22728,
                        "seat_counts": {
                            "is_divided": true,
                            "offline": 0,
                            "online": 0
                        },
                        "trip_id": 8407813,
                        "trip_route_id": 52526158,
                        "type": "S_CHAIR",
                        "vat_amount": 0,
                        "vat_percent": 0
                    },
                    {
                        "destination_city_seq": 11,
                        "fare": "215.00",
                        "key": 6,
                        "origin_city_seq": 2,
                        "route_id": 22728,
                        "seat_counts": {
                            "is_divided": true,
                            "offline": 0,
                            "online": 0
                        },
                        "trip_id": 8407814,
                        "trip_route_id": 52526181,
                        "type": "F_CHAIR",
                        "vat_amount": 33,
                        "vat_percent": 15
                    },
                    {
                        "destination_city_seq": 11,
                        "fare": "215.00",
                        "key": 5,
                        "origin_city_seq": 2,
                        "route_id": 22728,
                        "seat_counts": {
                            "is_divided": true,
                            "offline": 0,
                            "online": 0
                        },
                        "trip_id": 8407815,
                        "trip_route_id": 52526204,
                        "type": "F_SEAT",
                        "vat_amount": 33,
                        "vat_percent": 15
                    }
                ],
                "train_model": "737",
                "travel_time": "03h 27m",
                "trip_number": "EGAROSINDHUR PROVATI (737)"
            },
            {
                "arrival_date_time": "20 Mar, 02:10 pm",
                "boarding_points": [
                    {
                        "location_date": "20 Mar 2025",
                        "location_id": 2702,
                        "location_name": "Biman_Bandar Station",
                        "location_time": "10:57 AM",
                        "trip_point_id": 107717586
                    }
                ],
                "departure_date_time": "20 Mar, 10:57 am",
                "departure_date_time_jd": "Thu, 20 Mar 2025, 10:57 AM",
                "departure_full_date": "2025-03-20",
                "destination_city_name": "kishorganj",
                "is_eid_trip": 0,
                "is_from_city_international": false,
                "is_international": 0,
                "is_open_for_all": true,
                "origin_city_name": "biman_bandar",
                "parent_route": {
                    "arrival_date": "2025-03-20",
                    "arrival_time": "14:10:00",
                    "departure_date": "2025-03-20",
                    "departure_time": "10:30:00",
                    "destination_city_name": "kishorganj",
                    "origin_city_name": "dhaka"
                },
                "seat_types": [
                    {
                        "destination_city_seq": 11,
                        "fare": "320.00",
                        "key": 2,
                        "origin_city_seq": 2,
                        "route_id": 22728,
                        "seat_counts": {
                            "is_divided": true,
                            "offline": 0,
                            "online": 0
                        },
                        "trip_id": 8407868,
                        "trip_route_id": 52527486,
                        "type": "AC_S",
                        "vat_amount": 48,
                        "vat_percent": 15
                    },
                    {
                        "destination_city_seq": 11,
                        "fare": "160.00",
                        "key": 7,
                        "origin_city_seq": 2,
                        "route_id": 22728,
                        "seat_counts": {
                            "is_divided": true,
                            "offline": 2,
                            "online": 2
                        },
                        "trip_id": 8407869,
                        "trip_route_id": 52527514,
                        "type": "S_CHAIR",
                        "vat_amount": 0,
                        "vat_percent": 0
                    },
                    {
                        "destination_city_seq": 11,
                        "fare": "265.00",
                        "key": 3,
                        "origin_city_seq": 2,
                        "route_id": 22728,
                        "seat_counts": {
                            "is_divided": true,
                            "offline": 0,
                            "online": 0
                        },
                        "trip_id": 8407870,
                        "trip_route_id": 52527552,
                        "type": "SNIGDHA",
                        "vat_amount": 40,
                        "vat_percent": 15
                    }
                ],
                "train_model": "781",
                "travel_time": "03h 13m",
                "trip_number": "KISHORGANJ EXPRESS (781)"
            },
            {
                "arrival_date_time": "20 Mar, 10:40 pm",
                "boarding_points": [
                    {
                        "location_date": "20 Mar 2025",
                        "location_id": 2702,
                        "location_name": "Biman_Bandar Station",
                        "location_time": "07:13 PM",
                        "trip_point_id": 107717207
                    }
                ],
                "departure_date_time": "20 Mar, 07:13 pm",
                "departure_date_time_jd": "Thu, 20 Mar 2025, 07:13 PM",
                "departure_full_date": "2025-03-20",
                "destination_city_name": "kishorganj",
                "is_eid_trip": 0,
                "is_from_city_international": false,
                "is_international": 0,
                "is_open_for_all": true,
                "origin_city_name": "biman_bandar",
                "parent_route": {
                    "arrival_date": "2025-03-20",
                    "arrival_time": "22:40:00",
                    "departure_date": "2025-03-20",
                    "departure_time": "18:45:00",
                    "destination_city_name": "kishorganj",
                    "origin_city_name": "dhaka"
                },
                "seat_types": [
                    {
                        "destination_city_seq": 11,
                        "fare": "135.00",
                        "key": 8,
                        "origin_city_seq": 2,
                        "route_id": 22728,
                        "seat_counts": {
                            "is_divided": true,
                            "offline": 0,
                            "online": 0
                        },
                        "trip_id": 8407846,
                        "trip_route_id": 52526893,
                        "type": "SHOVAN",
                        "vat_amount": 0,
                        "vat_percent": 0
                    },
                    {
                        "destination_city_seq": 11,
                        "fare": "160.00",
                        "key": 7,
                        "origin_city_seq": 2,
                        "route_id": 22728,
                        "seat_counts": {
                            "is_divided": true,
                            "offline": 0,
                            "online": 0
                        },
                        "trip_id": 8407847,
                        "trip_route_id": 52526917,
                        "type": "S_CHAIR",
                        "vat_amount": 0,
                        "vat_percent": 0
                    },
                    {
                        "destination_city_seq": 11,
                        "fare": "215.00",
                        "key": 6,
                        "origin_city_seq": 2,
                        "route_id": 22728,
                        "seat_counts": {
                            "is_divided": true,
                            "offline": 0,
                            "online": 0
                        },
                        "trip_id": 8407848,
                        "trip_route_id": 52526938,
                        "type": "F_CHAIR",
                        "vat_amount": 33,
                        "vat_percent": 15
                    },
                    {
                        "destination_city_seq": 11,
                        "fare": "215.00",
                        "key": 5,
                        "origin_city_seq": 2,
                        "route_id": 22728,
                        "seat_counts": {
                            "is_divided": true,
                            "offline": 0,
                            "online": 0
                        },
                        "trip_id": 8407849,
                        "trip_route_id": 52526960,
                        "type": "F_SEAT",
                        "vat_amount": 33,
                        "vat_percent": 15
                    }
                ],
                "train_model": "749",
                "travel_time": "03h 27m",
                "trip_number": "EGAROSINDHUR GODHULI (749)"
            }
        ]
    },
    "extra": {
        "hash": "2913D4E613EE77BA81FCAB988D4D7E11"
    }
}