{
    "data": {
        "recommendations": [],
        "selected_seat_class": "S_CHAIR",
        "trains": [
            {
                "arrival_date_time": "20 Mar, 09:52 am",
                "boarding_points": [
                    {
                        "location_date": "20 Mar 2025",
                        "location_id": 2702,
                        "location_name": "Biman_Bandar Station",
                        "location_time": "06:58 AM",
                        "trip_point_id": 107715601
                    }
                ],
                "departure_date_time": "20 Mar, 06:58 am",
                "departure_date_time_jd": "Thu, 20 Mar 2025, 06:58 AM",
                "departure_full_date": "2025-03-20",
                "destination_city_name": "shaistaganj",
                "is_eid_trip": 0,
                "is_from_city_international": false,
                "is_international": 0,
                "is_open_for_all": true,
                "origin_city_name": "biman_bandar",
                "parent_route": {
                    "arrival_date": "2025-03-20",
                    "arrival_time": "13:00:00",
                    "departure_date": "2025-03-20",
                    "departure_time": "06:30:00",
                    "destination_city_name": "sylhet",
                    "origin_city_name": "dhaka"
                },
                "seat_types": [
                    {
                        "destination_city_seq": 7,
                        "fare": "395.00",
                        "key": 3,
                        "origin_city_seq": 2,
                        "route_id": 22132,
                        "seat_counts": {
                            "is_divided": true,
                            "offline": 0,
                            "online": 0
                        },
                        "trip_id": 8407763,
                        "trip_route_id": 52524472,
                        "type": "SNIGDHA",
                        "vat_amount": 60,
                        "vat_percent": 15
                    },
                    {
                        "destination_city_seq": 7,
                        "fare": "235.00",
                        "key": 7,
                        "origin_city_seq": 2,
                        "route_id": 22132,
                        "seat_counts": {
                            "is_divided": true,
                            "offline": 0,
                            "online": 1
                        },
                        "trip_id": 8407764,
                        "trip_route_id": 52524509,
                        "type": "S_CHAIR",
                        "vat_amount": 0,
                        "vat_percent": 0
                    },
                    {
                        "destination_city_seq": 7,
                        "fare": "315.00",
                        "key": 5,
                        "origin_city_seq": 2,
                        "route_id": 22132,
                        "seat_counts": {
                            "is_divided": true,
                            "offline": 0,
                            "online": 0
                        },
                        "trip_id": 8407765,
                        "trip_route_id": 52524546,
                        "type": "F_SEAT",
                        "vat_amount": 48,
                        "vat_percent": 15
                    },
                    {
                        "destination_city_seq": 7,
                        "fare": "470.00",
                        "key": 2,
                        "origin_city_seq": 2,
                        "route_id": 22132,
                        "seat_counts": {
                            "is_divided": true,
                            "offline": 0,
                            "online": 0
                        },
                        "trip_id": 8407766,
                        "trip_route_id": 52524581,
                        "type": "AC_S",
                        "vat_amount": 71,
                        "vat_percent": 15
                    }
                ],
                "train_model": "709",
                "travel_time": "02h 54m",
                "trip_number": "PARABAT EXPRESS (709)"
            },
            {
                "arrival_date_time": "21 Mar, 01:22 am",
                "boarding_points": [
                    {
                        "location_date": "20 Mar 2025",
                        "location_id": 2702,
                        "location_name": "Biman_Bandar Station",
                        "location_time": "10:28 PM",
                        "trip_point_id": 107716784
                    }
                ],
                "departure_date_time": "20 Mar, 10:28 pm",
                "departure_date_time_jd": "Thu, 20 Mar 2025, 10:28 PM",
                "departure_full_date": "2025-03-20",
                "destination_city_name": "shaistaganj",
                "is_eid_trip": 0,
                "is_from_city_international": false,
                "is_international": 0,
                "is_open_for_all": true,
                "origin_city_name": "biman_bandar",
                "parent_route": {
                    "arrival_date": "2025-03-21",
                    "arrival_time": "05:00:00",
                    "departure_date": "2025-03-20",
                    "departure_time": "22:00:00",
                    "destination_city_name": "sylhet",
                    "origin_city_name": "dhaka"
                },
                "seat_types": [
                    {
                        "destination_city_seq": 5,
                        "fare": "235.00",
                        "key": 7,
                        "origin_city_seq": 2,
                        "route_id": 22771,
                        "seat_counts": {
                            "is_divided": true,
                            "offline": 6,
                            "online": 7
                        },
                        "trip_id": 8407820,
                        "trip_route_id": 52526334,
                        "type": "S_CHAIR",
                        "vat_amount": 0,
                        "vat_percent": 0
                    },
                    {
                        "destination_city_seq": 5,
                        "fare": "705.00",
                        "key": 1,
                        "origin_city_seq": 2,
                        "route_id": 22771,
                        "seat_counts": {
                            "is_divided": true,
                            "offline": 0,
                            "online": 0
                        },
                        "trip_id": 8407821,
                        "trip_route_id": 52526355,
                        "type": "AC_B",
                        "vat_amount": 106,
                        "vat_percent": 15
                    },
                    {
                        "destination_city_seq": 5,
                        "fare": "395.00",
                        "key": 3,
                        "origin_city_seq": 2,
                        "route_id": 22771,
                        "seat_counts": {
                            "is_divided": true,
                            "offline": 0,
                            "online": 0
                        },
                        "trip_id": 8407822,
                        "trip_route_id": 52526375,
                        "type": "SNIGDHA",
                        "vat_amount": 60,
                        "vat_percent": 15
                    }
                ],
                "train_model": "739",
                "travel_time": "02h 54m",
                "trip_number": "UPABAN EXPRESS (739)"
            }
        ]
    },
    "extra": {
        "hash": "2913D4E613EE77BA81FCAB988D4D7E11"
    }
}