{
    "data": {
        "recommendations": [],
        "selected_seat_class": "S_CHAIR",
        "trains": [
            {
                "arrival_date_time": "20 Mar, 03:36 pm",
                "boarding_points": [
                    {
                        "location_date": "20 Mar 2025",
                        "location_id": 2702,
                        "location_name": "Biman_Bandar Station",
                        "location_time": "09:38 AM",
                        "trip_point_id": 107738251
                    }
                ],
                "departure_date_time": "20 Mar, 09:38 am",
                "departure_date_time_jd": "Thu, 20 Mar 2025, 09:38 AM",
                "departure_full_date": "2025-03-20",
                "destination_city_name": "bogura",
                "is_eid_trip": 0,
                "is_from_city_international": false,
                "is_international": 0,
                "is_open_for_all": true,
                "origin_city_name": "biman_bandar",
                "parent_route": {
                    "arrival_date": "2025-03-20",
                    "arrival_time": "19:00:00",
                    "departure_date": "2025-03-20",
                    "departure_time": "09:10:00",
                    "destination_city_name": "rangpur",
                    "origin_city_name": "dhaka"
                },
                "seat_types": [
                    {
                        "destination_city_seq": 8,
                        "fare": "525.00",
                        "key": 7,
                        "origin_city_seq": 2,
                        "route_id": 26558,
                        "seat_counts": {
                            "is_divided": true,
                            "offline": 2,
                            "online": 3
                        },
                        "trip_id": 8408867,
                        "trip_route_id": 52562305,
                        "type": "S_CHAIR",
                        "vat_amount": 0,
                        "vat_percent": 0
                    },
                    {
                        "destination_city_seq": 8,
                        "fare": "870.00",
                        "key": 3,
                        "origin_city_seq": 2,
                        "route_id": 26558,
                        "seat_counts": {
                            "is_divided": true,
                            "offline": 1,
                            "online": 1
                        },
                        "trip_id": 8408873,
                        "trip_route_id": 52562589,
                        "type": "SNIGDHA",
                        "vat_amount": 131,
                        "vat_percent": 15
                    }
                ],
                "train_model": "771",
                "travel_time": "05h 58m",
                "trip_number": "RANGPUR EXPRESS (771)"
            }
        ]
    },
    "extra": {
        "hash": "2913D4E613EE77BA81FCAB988D4D7E11"
    }
}