{
    "data": {
        "recommendations": [],
        "selected_seat_class": "S_CHAIR",
        "trains": [
            {
                "arrival_date_time": "20 Mar, 09:42 am",
                "boarding_points": [
                    {
                        "location_date": "20 Mar 2025",
                        "location_id": 2702,
                        "location_name": "Biman_Bandar Station",
                        "location_time": "07:43 AM",
                        "trip_point_id": 107716636
                    }
                ],
                "departure_date_time": "20 Mar, 07:43 am",
                "departure_date_time_jd": "Thu, 20 Mar 2025, 07:43 AM",
                "departure_full_date": "2025-03-20",
                "destination_city_name": "bajitpur",
                "is_eid_trip": 0,
                "is_from_city_international": false,
                "is_international": 0,
                "is_open_for_all": true,
                "origin_city_name": "biman_bandar",
                "parent_route": {
                    "arrival_date": "2025-03-20",
                    "arrival_time": "11:10:00",
                    "departure_date": "2025-03-20",
                    "departure_time": "07:15:00",
                    "destination_city_name": "kishorganj",
                    "origin_city_name": "dhaka"
                },
                "seat_types": [
                    {
                        "destination_city_seq": 7,
                        "fare": "105.00",
                        "key": 8,
                        "origin_city_seq": 2,
                        "route_id": 22724,
                        "seat_counts": {
                            "is_divided": true,
                            "offline": 0,
                            "online": 0
                        },
                        "trip_id": 8407812,
                        "trip_route_id": 52526138,
                        "type": "SHOVAN",
                        "vat_amount": 0,
                        "vat_percent": 0
                    },
                    {
                        "destination_city_seq": 7,
                        "fare": "125.00",
                        "key": 7,
                        "origin_city_seq": 2,
                        "route_id": 22724,
                        "seat_counts": {
                            "is_divided": true,
                            "offline": 0,
                            "online": 0
                        },
                        "trip_id": 8407813,
                        "trip_route_id": 52526161,
                        "type": "S_CHAIR",
                        "vat_amount": 0,
                        "vat_percent": 0
                    },
                    {
                        "destination_city_seq": 7,
                        "fare": "170.00",
                        "key": 5,
                        "origin_city_seq": 2,
                        "route_id": 22724,
                        "seat_counts": {
                            "is_divided": true,
                            "offline": 0,
                            "online": 0
                        },
                        "trip_id": 8407815,
                        "trip_route_id": 52526207,
                        "type": "F_SEAT",
                        "vat_amount": 26,
                        "vat_percent": 15
                    }
                ],
                "train_model": "737",
                "travel_time": "01h 59m",
                "trip_number": "EGAROSINDHUR PROVATI (737)"
            },
            {
                "arrival_date_time": "20 Mar, 01:04 pm",
                "boarding_points": [
                    {
                        "location_date": "20 Mar 2025",
                        "location_id": 2702,
                        "location_name": "Biman_Bandar Station",
                        "location_time": "10:57 AM",
                        "trip_point_id": 107717586
                    }
                ],
                "departure_date_time": "20 Mar, 10:57 am",
                "departure_date_time_jd": "Thu, 20 Mar 2025, 10:57 AM",
                "departure_full_date": "2025-03-20",
                "destination_city_name": "bajitpur",
                "is_eid_trip": 0,
                "is_from_city_international": false,
                "is_international": 0,
                "is_open_for_all": true,
                "origin_city_name": "biman_bandar",
                "parent_route": {
                    "arrival_date": "2025-03-20",
                    "arrival_time": "14:10:00",
                    "departure_date": "2025-03-20",
                    "departure_time": "10:30:00",
                    "destination_city_name": "kishorganj",
                    "origin_city_name": "dhaka"
                },
                "seat_types": [
                    {
                        "destination_city_seq": 7,
                        "fare": "250.00",
                        "key": 2,
                        "origin_city_seq": 2,
                        "route_id": 22724,
                        "seat_counts": {
                            "is_divided": true,
                            "offline": 0,
                            "online": 0
                        },
                        "trip_id": 8407868,
                        "trip_route_id": 52527488,
                        "type": "AC_S",
                        "vat_amount": 38,
                        "vat_percent": 15
                    },
                    {
                        "destination_city_seq": 7,
                        "fare": "125.00",
                        "key": 7,
                        "origin_city_seq": 2,
                        "route_id": 22724,
                        "seat_counts": {
                            "is_divided": true,
                            "offline": 7,
                            "online": 8
                        },
                        "trip_id": 8407869,
                        "trip_route_id": 52527517,
                        "type": "S_CHAIR",
                        "vat_amount": 0,
                        "vat_percent": 0
                    },
                    {
                        "destination_city_seq": 7,
                        "fare": "210.00",
                        "key": 3,
                        "origin_city_seq": 2,
                        "route_id": 22724,
                        "seat_counts": {
                            "is_divided": true,
                            "offline": 0,
                            "online": 0
                        },
                        "trip_id": 8407870,
                        "trip_route_id": 52527554,
                        "type": "SNIGDHA",
                        "vat_amount": 32,
                        "vat_percent": 15
                    }
                ],
                "train_model": "781",
                "travel_time": "02h 07m",
                "trip_number": "KISHORGANJ EXPRESS (781)"
            },
            {
                "arrival_date_time": "20 Mar, 09:20 pm",
                "boarding_points": [
                    {
                        "location_date": "20 Mar 2025",
                        "location_id": 2702,
                        "location_name": "Biman_Bandar Station",
                        "location_time": "07:13 PM",
                        "trip_point_id": 107717207
                    }
                ],
                "departure_date_time": "20 Mar, 07:13 pm",
                "departure_date_time_jd": "Thu, 20 Mar 2025, 07:13 PM",
                "departure_full_date": "2025-03-20",
                "destination_city_name": "bajitpur",
                "is_eid_trip": 0,
                "is_from_city_international": false,
                "is_international": 0,
                "is_open_for_all": true,
                "origin_city_name": "biman_bandar",
                "parent_route": {
                    "arrival_date": "2025-03-20",
                    "arrival_time": "22:40:00",
                    "departure_date": "2025-03-20",
                    "departure_time": "18:45:00",
                    "destination_city_name": "kishorganj",
                    "origin_city_name": "dhaka"
                },
                "seat_types": [
                    {
                        "destination_city_seq": 7,
                        "fare": "105.00",
                        "key": 8,
                        "origin_city_seq": 2,
                        "route_id": 22724,
                        "seat_counts": {
                            "is_divided": true,
                            "offline": 0,
                            "online": 0
                        },
                        "trip_id": 8407846,
                        "trip_route_id": 52526896,
                        "type": "SHOVAN",
                        "vat_amount": 0,
                        "vat_percent": 0
                    },
                    {
                        "destination_city_seq": 7,
                        "fare": "125.00",
                        "key": 7,
                        "origin_city_seq": 2,
                        "route_id": 22724,
                        "seat_counts": {
                            "is_divided": true,
                            "offline": 0,
                            "online": 0
                        },
                        "trip_id": 8407847,
                        "trip_route_id": 52526920,
                        "type": "S_CHAIR",
                        "vat_amount": 0,
                        "vat_percent": 0
                    },
                    {
                        "destination_city_seq": 7,
                        "fare": "170.00",
                        "key": 6,
                        "origin_city_seq": 2,
                        "route_id": 22724,
                        "seat_counts": {
                            "is_divided": true,
                            "offline": 0,
                            "online": 0
                        },
                        "trip_id": 8407848,
                        "trip_route_id": 52526941,
                        "type": "F_CHAIR",
                        "vat_amount": 26,
                        "vat_percent": 15
                    },
                    {
                        "destination_city_seq": 7,
                        "fare": "170.00",
                        "key": 5,
                        "origin_city_seq": 2,
                        "route_id": 22724,
                        "seat_counts": {
                            "is_divided": true,
                            "offline": 0,
                            "online": 0
                        },
                        "trip_id": 8407849,
                        "trip_route_id": 52526963,
                        "type": "F_SEAT",
                        "vat_amount": 26,
                        "vat_percent": 15
                    }
                ],
                "train_model": "749",
                "travel_time": "02h 07m",
                "trip_number": "EGAROSINDHUR GODHULI (749)"
            }
        ]
    },
    "extra": {
        "hash": "2913D4E613EE77BA81FCAB988D4D7E11"
    }
}