{
    "data": {
        "recommendations": [],
        "selected_seat_class": "S_CHAIR",
        "trains": [
            {
                "arrival_date_time": "20 Mar, 10:15 am",
                "boarding_points": [
                    {
                        "location_date": "20 Mar 2025",
                        "location_id": 2702,
                        "location_name": "Biman_Bandar Station",
                        "location_time": "09:46 AM",
                        "trip_point_id": 107720481
                    }
                ],
                "departure_date_time": "20 Mar, 09:46 am",
                "departure_date_time_jd": "Thu, 20 Mar 2025, 09:46 AM",
                "departure_full_date": "2025-03-20",
                "destination_city_name": "dhaka",
                "is_eid_trip": 0,
                "is_from_city_international": false,
                "is_international": 0,
                "is_open_for_all": true,
                "origin_city_name": "biman_bandar",
                "parent_route": {
                    "arrival_date": "2025-03-20",
                    "arrival_time": "10:15:00",
                    "departure_date": "2025-03-20",
                    "departure_time": "06:00:00",
                    "destination_city_name": "dhaka",
                    "origin_city_name": "sirajganj_bazar"
                },
                "seat_types": [
                    {
                        "destination_city_seq": 12,
                        "fare": "45.00",
                        "key": 8,
                        "origin_city_seq": 11,
                        "route_id": 19914,
                        "seat_counts": {
                            "is_divided": true,
                            "offline": 12,
                            "online": 13
                        },
                        "trip_id": 8408011,
                        "trip_route_id": 52532160,
                        "type": "SHOVAN",
                        "vat_amount": 0,
                        "vat_percent": 0
                    },
                    {
                        "destination_city_seq": 12,
                        "fare": "50.00",
                        "key": 7,
                        "origin_city_seq": 11,
                        "route_id": 19914,
                        "seat_counts": {
                            "is_divided": true,
                            "offline": 0,
                            "online": 0
                        },
                        "trip_id": 8408012,
                        "trip_route_id": 52532192,
                        "type": "S_CHAIR",
                        "vat_amount": 0,
                        "vat_percent": 0
                    },
                    {
                        "destination_city_seq": 12,
                        "fare": "90.00",
                        "key": 5,
                        "origin_city_seq": 11,
                        "route_id": 19914,
                        "seat_counts": {
                            "is_divided": true,
                            "offline": 0,
                            "online": 0
                        },
                        "trip_id": 8408021,
                        "trip_route_id": 52532880,
                        "type": "F_SEAT",
                        "vat_amount": 14,
                        "vat_percent": 15
                    }
                ],
                "train_model": "775",
                "travel_time": "00h 29m",
                "trip_number": "SIRAJGANJ EXPRESS (775)"
            },
            {
                "arrival_date_time": "20 Mar, 12:40 pm",
                "boarding_points": [
                    {
                        "location_date": "20 Mar 2025",
                        "location_id": 2702,
                        "location_name": "Biman_Bandar Station",
                        "location_time": "12:13 PM",
                        "trip_point_id": 107718075
                    }
                ],
                "departure_date_time": "20 Mar, 12:13 pm",
                "departure_date_time_jd": "Thu, 20 Mar 2025, 12:13 PM",
                "departure_full_date": "2025-03-20",
                "destination_city_name": "dhaka",
                "is_eid_trip": 0,
                "is_from_city_international": false,
                "is_international": 0,
                "is_open_for_all": true,
                "origin_city_name": "biman_bandar",
                "parent_route": {
                    "arrival_date": "2025-03-20",
                    "arrival_time": "12:40:00",
                    "departure_date": "2025-03-20",
                    "departure_time": "06:00:00",
                    "destination_city_name": "dhaka",
                    "origin_city_name": "chattogram"
                },
                "seat_types": [
                    {
                        "destination_city_seq": 16,
                        "fare": "50.00",
                        "key": 7,
                        "origin_city_seq": 15,
                        "route_id": 22912,
                        "seat_counts": {
                            "is_divided": true,
                            "offline": 0,
                            "online": 0
                        },
                        "trip_id": 8407902,
                        "trip_route_id": 52528088,
                        "type": "S_CHAIR",
                        "vat_amount": 0,
                        "vat_percent": 0
                    }
                ],
                "train_model": "801",
                "travel_time": "00h 27m",
                "trip_number": "CHATTALA EXPRESS (801)"
            },
            {
                "arrival_date_time": "20 Mar, 01:55 pm",
                "boarding_points": [
                    {
                        "location_date": "20 Mar 2025",
                        "location_id": 2702,
                        "location_name": "Biman_Bandar Station",
                        "location_time": "01:25 PM",
                        "trip_point_id": 107717514
                    }
                ],
                "departure_date_time": "20 Mar, 01:25 pm",
                "departure_date_time_jd": "Thu, 20 Mar 2025, 01:25 PM",
                "departure_full_date": "2025-03-20",
                "destination_city_name": "dhaka",
                "is_eid_trip": 0,
                "is_from_city_international": false,
                "is_international": 0,
                "is_open_for_all": true,
                "origin_city_name": "biman_bandar",
                "parent_route": {
                    "arrival_date": "2025-03-20",
                    "arrival_time": "13:55:00",
                    "departure_date": "2025-03-20",
                    "departure_time": "08:00:00",
                    "destination_city_name": "dhaka",
                    "origin_city_name": "mohanganj"
                },
                "seat_types": [
                    {
                        "destination_city_seq": 11,
                        "fare": "90.00",
                        "key": 5,
                        "origin_city_seq": 10,
                        "route_id": 23212,
                        "seat_counts": {
                            "is_divided": true,
                            "offline": 0,
                            "online": 0
                        },
                        "trip_id": 8407864,
                        "trip_route_id": 52527319,
                        "type": "F_SEAT",
                        "vat_amount": 14,
                        "vat_percent": 15
                    },
                    {
                        "destination_city_seq": 11,
                        "fare": "45.00",
                        "key": 8,
                        "origin_city_seq": 10,
                        "route_id": 23212,
                        "seat_counts": {
                            "is_divided": true,
                            "offline": 0,
                            "online": 0
                        },
                        "trip_id": 8407865,
                        "trip_route_id": 52527364,
                        "type": "SHOVAN",
                        "vat_amount": 0,
                        "vat_percent": 0
                    },
                    {
                        "destination_city_seq": 11,
                        "fare": "50.00",
                        "key": 7,
                        "origin_city_seq": 10,
                        "route_id": 23212,
                        "seat_counts": {
                            "is_divided": true,
                            "offline": 0,
                            "online": 0
                        },
                        "trip_id": 8407866,
                        "trip_route_id": 52527408,
                        "type": "S_CHAIR",
                        "vat_amount": 0,
                        "vat_percent": 0
                    },
                    {
                        "destination_city_seq": 11,
                        "fare": "110.00",
                        "key": 2,
                        "origin_city_seq": 10,
                        "route_id": 23212,
                        "seat_counts": {
                            "is_divided": true,
                            "offline": 0,
                            "online": 0
                        },
                        "trip_id": 8407867,
                        "trip_route_id": 52527452,
                        "type": "AC_S",
                        "vat_amount": 17,
                        "vat_percent": 15
                    }
                ],
                "train_model": "778",
                "travel_time": "00h 30m",
                "trip_number": "HAWR EXPRESS (778)"
            },
            {
                "arrival_date_time": "20 Mar, 06:05 pm",
                "boarding_points": [
                    {
                        "location_date": "20 Mar 2025",
                        "location_id": 2702,
                        "location_name": "Biman_Bandar Station",
                        "location_time": "05:36 PM",
                        "trip_point_id": 107719623
                    }
                ],
                "departure_date_time": "20 Mar, 05:36 pm",
                "departure_date_time_jd": "Thu, 20 Mar 2025, 05:36 PM",
                "departure_full_date": "2025-03-20",
                "destination_city_name": "dhaka",
                "is_eid_trip": 0,
                "is_from_city_international": false,
                "is_international": 0,
                "is_open_for_all": true,
                "origin_city_name": "biman_bandar",
                "parent_route": {
                    "arrival_date": "2025-03-20",
                    "arrival_time": "18:05:00",
                    "departure_date": "2025-03-20",
                    "departure_time": "09:00:00",
                    "destination_city_name": "dhaka",
                    "origin_city_name": "khulna"
                },
                "seat_types": [
                    {
                        "destination_city_seq": 23,
                        "fare": "100.00",
                        "key": 3,
                        "origin_city_seq": 22,
                        "route_id": 20731,
                        "seat_counts": {
                            "is_divided": true,
                            "offline": 0,
                            "online": 0
                        },
                        "trip_id": 8407981,
                        "trip_route_id": 52530578,
                        "type": "SNIGDHA",
                        "vat_amount": 15,
                        "vat_percent": 15
                    },
                    {
                        "destination_city_seq": 23,
                        "fare": "110.00",
                        "key": 2,
                        "origin_city_seq": 22,
                        "route_id": 20731,
                        "seat_counts": {
                            "is_divided": true,
                            "offline": 0,
                            "online": 0
                        },
                        "trip_id": 8407995,
                        "trip_route_id": 52531150,
                        "type": "AC_S",
                        "vat_amount": 17,
                        "vat_percent": 15
                    },
                    {
                        "destination_city_seq": 23,
                        "fare": "50.00",
                        "key": 7,
                        "origin_city_seq": 22,
                        "route_id": 20731,
                        "seat_counts": {
                            "is_divided": true,
                            "offline": 0,
                            "online": 0
                        },
                        "trip_id": 8407998,
                        "trip_route_id": 52531363,
                        "type": "S_CHAIR",
                        "vat_amount": 0,
                        "vat_percent": 0
                    }
                ],
                "train_model": "763",
                "travel_time": "00h 29m",
                "trip_number": "CHITRA EXPRESS (763)"
            }
        ]
    },
    "extra": {
        "hash": "2913D4E613EE77BA81FCAB988D4D7E11"
    }
}