{
    "data": {
        "recommendations": [],
        "selected_seat_class": "S_CHAIR",
        "trains": [
            {
                "arrival_date_time": "20 Mar, 12:16 pm",
                "boarding_points": [
                    {
                        "location_date": "20 Mar 2025",
                        "location_id": 2702,
                        "location_name": "Biman_Bandar Station",
                        "location_time": "07:58 AM",
                        "trip_point_id": 107715466
                    }
                ],
                "departure_date_time": "20 Mar, 07:58 am",
                "departure_date_time_jd": "Thu, 20 Mar 2025, 07:58 AM",
                "departure_full_date": "2025-03-20",
                "destination_city_name": "islampur_bazar",
                "is_eid_trip": 0,
                "is_from_city_international": false,
                "is_international": 0,
                "is_open_for_all": true,
                "origin_city_name": "biman_bandar",
                "parent_route": {
                    "arrival_date": "2025-03-20",
                    "arrival_time": "12:50:00",
                    "departure_date": "2025-03-20",
                    "departure_time": "07:30:00",
                    "destination_city_name": "dewanganj_bazar",
                    "origin_city_name": "dhaka"
                },
                "seat_types": [
                    {
                        "destination_city_seq": 10,
                        "fare": "500.00",
                        "key": 2,
                        "origin_city_seq": 2,
                        "route_id": 22075,
                        "seat_counts": {
                            "is_divided": true,
                            "offline": 0,
                            "online": 0
                        },
                        "trip_id": 8407755,
                        "trip_route_id": 52524246,
                        "type": "AC_S",
                        "vat_amount": 75,
                        "vat_percent": 15
                    },
                    {
                        "destination_city_seq": 10,
                        "fare": "335.00",
                        "key": 5,
                        "origin_city_seq": 2,
                        "route_id": 22075,
                        "seat_counts": {
                            "is_divided": true,
                            "offline": 0,
                            "online": 0
                        },
                        "trip_id": 8407756,
                        "trip_route_id": 52524275,
                        "type": "F_SEAT",
                        "vat_amount": 51,
                        "vat_percent": 15
                    },
                    {
                        "destination_city_seq": 10,
                        "fare": "250.00",
                        "key": 7,
                        "origin_city_seq": 2,
                        "route_id": 22075,
                        "seat_counts": {
                            "is_divided": true,
                            "offline": 0,
                            "online": 0
                        },
                        "trip_id": 8407757,
                        "trip_route_id": 52524304,
                        "type": "S_CHAIR",
                        "vat_amount": 0,
                        "vat_percent": 0
                    },
                    {
                        "destination_city_seq": 10,
                        "fare": "415.00",
                        "key": 3,
                        "origin_city_seq": 2,
                        "route_id": 22075,
                        "seat_counts": {
                            "is_divided": true,
                            "offline": 0,
                            "online": 0
                        },
                        "trip_id": 8407758,
                        "trip_route_id": 52524333,
                        "type": "SNIGDHA",
                        "vat_amount": 63,
                        "vat_percent": 15
                    }
                ],
                "train_model": "707",
                "travel_time": "04h 18m",
                "trip_number": "TISTA EXPRESS (707)"
            },
            {
                "arrival_date_time": "20 Mar, 11:16 pm",
                "boarding_points": [
                    {
                        "location_date": "20 Mar 2025",
                        "location_id": 2702,
                        "location_name": "Biman_Bandar Station",
                        "location_time": "06:43 PM",
                        "trip_point_id": 107717008
                    }
                ],
                "departure_date_time": "20 Mar, 06:43 pm",
                "departure_date_time_jd": "Thu, 20 Mar 2025, 06:43 PM",
                "departure_full_date": "2025-03-20",
                "destination_city_name": "islampur_bazar",
                "is_eid_trip": 0,
                "is_from_city_international": false,
                "is_international": 0,
                "is_open_for_all": true,
                "origin_city_name": "biman_bandar",
                "parent_route": {
                    "arrival_date": "2025-03-20",
                    "arrival_time": "23:50:00",
                    "departure_date": "2025-03-20",
                    "departure_time": "18:15:00",
                    "destination_city_name": "dewanganj_bazar",
                    "origin_city_name": "dhaka"
                },
                "seat_types": [
                    {
                        "destination_city_seq": 10,
                        "fare": "250.00",
                        "key": 7,
                        "origin_city_seq": 2,
                        "route_id": 22075,
                        "seat_counts": {
                            "is_divided": true,
                            "offline": 5,
                            "online": 6
                        },
                        "trip_id": 8407834,
                        "trip_route_id": 52526581,
                        "type": "S_CHAIR",
                        "vat_amount": 0,
                        "vat_percent": 0
                    },
                    {
                        "destination_city_seq": 10,
                        "fare": "415.00",
                        "key": 3,
                        "origin_city_seq": 2,
                        "route_id": 22075,
                        "seat_counts": {
                            "is_divided": true,
                            "offline": 3,
                            "online": 4
                        },
                        "trip_id": 8407835,
                        "trip_route_id": 52526611,
                        "type": "SNIGDHA",
                        "vat_amount": 63,
                        "vat_percent": 15
                    }
                ],
                "train_model": "743",
                "travel_time": "04h 33m",
                "trip_number": "BHRAMMAPUTRA EXPRESS (743)"
            }
        ]
    },
    "extra": {
        "hash": "2913D4E613EE77BA81FCAB988D4D7E11"
    }
}