{
    "data": {
        "recommendations": [],
        "selected_seat_class": "S_CHAIR",
        "trains": [
            {
                "arrival_date_time": "20 Mar, 08:03 am",
                "boarding_points": [
                    {
                        "location_date": "20 Mar 2025",
                        "location_id": 2702,
                        "location_name": "Biman_Bandar Station",
                        "location_time": "06:58 AM",
                        "trip_point_id": 107715601
                    }
                ],
                "departure_date_time": "20 Mar, 06:58 am",
                "departure_date_time_jd": "Thu, 20 Mar 2025, 06:58 AM",
                "departure_full_date": "2025-03-20",
                "destination_city_name": "bhairab_bazar",
                "is_eid_trip": 0,
                "is_from_city_international": false,
                "is_international": 0,
                "is_open_for_all": true,
                "origin_city_name": "biman_bandar",
                "parent_route": {
                    "arrival_date": "2025-03-20",
                    "arrival_time": "13:00:00",
                    "departure_date": "2025-03-20",
                    "departure_time": "06:30:00",
                    "destination_city_name": "sylhet",
                    "origin_city_name": "dhaka"
                },
                "seat_types": [
                    {
                        "destination_city_seq": 3,
                        "fare": "170.00",
                        "key": 3,
                        "origin_city_seq": 2,
                        "route_id": 22129,
                        "seat_counts": {
                            "is_divided": true,
                            "offline": 0,
                            "online": 0
                        },
                        "trip_id": 8407763,
                        "trip_route_id": 52524476,
                        "type": "SNIGDHA",
                        "vat_amount": 26,
                        "vat_percent": 15
                    },
                    {
                        "destination_city_seq": 3,
                        "fare": "105.00",
                        "key": 7,
                        "origin_city_seq": 2,
                        "route_id": 22129,
                        "seat_counts": {
                            "is_divided": true,
                            "offline": 0,
                            "online": 0
                        },
                        "trip_id": 8407764,
                        "trip_route_id": 52524513,
                        "type": "S_CHAIR",
                        "vat_amount": 0,
                        "vat_percent": 0
                    },
                    {
                        "destination_city_seq": 3,
                        "fare": "135.00",
                        "key": 5,
                        "origin_city_seq": 2,
                        "route_id": 22129,
                        "seat_counts": {
                            "is_divided": true,
                            "offline": 0,
                            "online": 0
                        },
                        "trip_id": 8407765,
                        "trip_route_id": 52524550,
                        "type": "F_SEAT",
                        "vat_amount": 21,
                        "vat_percent": 15
                    },
                    {
                        "destination_city_seq": 3,
                        "fare": "205.00",
                        "key": 2,
                        "origin_city_seq": 2,
                        "route_id": 22129,
                        "seat_counts": {
                            "is_divided": true,
                            "offline": 0,
                            "online": 0
                        },
                        "trip_id": 8407766,
                        "trip_route_id": 52524585,
                        "type": "AC_S",
                        "vat_amount": 31,
                        "vat_percent": 15
                    }
                ],
                "train_model": "709",
                "travel_time": "01h 05m",
                "trip_number": "PARABAT EXPRESS (709)"
            },
            {
                "arrival_date_time": "20 Mar, 08:53 am",
                "boarding_points": [
                    {
                        "location_date": "20 Mar 2025",
                        "location_id": 2702,
                        "location_name": "Biman_Bandar Station",
                        "location_time": "07:43 AM",
                        "trip_point_id": 107716636
                    }
                ],
                "departure_date_time": "20 Mar, 07:43 am",
                "departure_date_time_jd": "Thu, 20 Mar 2025, 07:43 AM",
                "departure_full_date": "2025-03-20",
                "destination_city_name": "bhairab_bazar",
                "is_eid_trip": 0,
                "is_from_city_international": false,
                "is_international": 0,
                "is_open_for_all": true,
                "origin_city_name": "biman_bandar",
                "parent_route": {
                    "arrival_date": "2025-03-20",
                    "arrival_time": "11:10:00",
                    "departure_date": "2025-03-20",
                    "departure_time": "07:15:00",
                    "destination_city_name": "kishorganj",
                    "origin_city_name": "dhaka"
                },
                "seat_types": [
                    {
                        "destination_city_seq": 5,
                        "fare": "85.00",
                        "key": 8,
                        "origin_city_seq": 2,
                        "route_id": 22722,
                        "seat_counts": {
                            "is_divided": true,
                            "offline": 0,
                            "online": 0
                        },
                        "trip_id": 8407812,
                        "trip_route_id": 52526136,
                        "type": "SHOVAN",
                        "vat_amount": 0,
                        "vat_percent": 0
                    },
                    {
                        "destination_city_seq": 5,
                        "fare": "105.00",
                        "key": 7,
                        "origin_city_seq": 2,
                        "route_id": 22722,
                        "seat_counts": {
                            "is_divided": true,
                            "offline": 0,
                            "online": 0
                        },
                        "trip_id": 8407813,
                        "trip_route_id": 52526159,
                        "type": "S_CHAIR",
                        "vat_amount": 0,
                        "vat_percent": 0
                    },
                    {
                        "destination_city_seq": 5,
                        "fare": "135.00",
                        "key": 5,
                        "origin_city_seq": 2,
                        "route_id": 22722,
                        "seat_counts": {
                            "is_divided": true,
                            "offline": 0,
                            "online": 0
                        },
                        "trip_id": 8407815,
                        "trip_route_id": 52526205,
                        "type": "F_SEAT",
                        "vat_amount": 21,
                        "vat_percent": 15
                    }
                ],
                "train_model": "737",
                "travel_time": "01h 10m",
                "trip_number": "EGAROSINDHUR PROVATI (737)"
            },
            {
                "arrival_date_time": "20 Mar, 12:15 pm",
                "boarding_points": [
                    {
                        "location_date": "20 Mar 2025",
                        "location_id": 2702,
                        "location_name": "Biman_Bandar Station",
                        "location_time": "10:57 AM",
                        "trip_point_id": 107717586
                    }
                ],
                "departure_date_time": "20 Mar, 10:57 am",
                "departure_date_time_jd": "Thu, 20 Mar 2025, 10:57 AM",
                "departure_full_date": "2025-03-20",
                "destination_city_name": "bhairab_bazar",
                "is_eid_trip": 0,
                "is_from_city_international": false,
                "is_international": 0,
                "is_open_for_all": true,
                "origin_city_name": "biman_bandar",
                "parent_route": {
                    "arrival_date": "2025-03-20",
                    "arrival_time": "14:10:00",
                    "departure_date": "2025-03-20",
                    "departure_time": "10:30:00",
                    "destination_city_name": "kishorganj",
                    "origin_city_name": "dhaka"
                },
                "seat_types": [
                    {
                        "destination_city_seq": 5,
                        "fare": "205.00",
                        "key": 2,
                        "origin_city_seq": 2,
                        "route_id": 22722,
                        "seat_counts": {
                            "is_divided": true,
                            "offline": 0,
                            "online": 0
                        },
                        "trip_id": 8407868,
                        "trip_route_id": 52527487,
                        "type": "AC_S",
                        "vat_amount": 31,
                        "vat_percent": 15
                    },
                    {
                        "destination_city_seq": 5,
                        "fare": "105.00",
                        "key": 7,
                        "origin_city_seq": 2,
                        "route_id": 22722,
                        "seat_counts": {
                            "is_divided": true,
                            "offline": 0,
                            "online": 1
                        },
                        "trip_id": 8407869,
                        "trip_route_id": 52527516,
                        "type": "S_CHAIR",
                        "vat_amount": 0,
                        "vat_percent": 0
                    },
                    {
                        "destination_city_seq": 5,
                        "fare": "170.00",
                        "key": 3,
                        "origin_city_seq": 2,
                        "route_id": 22722,
                        "seat_counts": {
                            "is_divided": true,
                            "offline": 0,
                            "online": 0
                        },
                        "trip_id": 8407870,
                        "trip_route_id": 52527553,
                        "type": "SNIGDHA",
                        "vat_amount": 26,
                        "vat_percent": 15
                    }
                ],
                "train_model": "781",
                "travel_time": "01h 18m",
                "trip_number": "KISHORGANJ EXPRESS (781)"
            },
            {
                "arrival_date_time": "20 Mar, 03:57 pm",
                "boarding_points": [
                    {
                        "location_date": "20 Mar 2025",
                        "location_id": 2702,
                        "location_name": "Biman_Bandar Station",
                        "location_time": "02:43 PM",
                        "trip_point_id": 107718139
                    }
                ],
                "departure_date_time": "20 Mar, 02:43 pm",
                "departure_date_time_jd": "Thu, 20 Mar 2025, 02:43 PM",
                "departure_full_date": "2025-03-20",
                "destination_city_name": "bhairab_bazar",
                "is_eid_trip": 0,
                "is_from_city_international": false,
                "is_international": 0,
                "is_open_for_all": true,
                "origin_city_name": "biman_bandar",
                "parent_route": {
                    "arrival_date": "2025-03-20",
                    "arrival_time": "20:30:00",
                    "departure_date": "2025-03-20",
                    "departure_time": "14:15:00",
                    "destination_city_name": "chattogram",
                    "origin_city_name": "dhaka"
                },
                "seat_types": [
                    {
                        "destination_city_seq": 5,
                        "fare": "105.00",
                        "key": 7,
                        "origin_city_seq": 2,
                        "route_id": 22955,
                        "seat_counts": {
                            "is_divided": true,
                            "offline": 0,
                            "online": 0
                        },
                        "trip_id": 8407905,
                        "trip_route_id": 52528165,
                        "type": "S_CHAIR",
                        "vat_amount": 0,
                        "vat_percent": 0
                    }
                ],
                "train_model": "802",
                "travel_time": "01h 14m",
                "trip_number": "CHATTALA EXPRESS (802)"
            },
            {
                "arrival_date_time": "20 Mar, 08:30 pm",
                "boarding_points": [
                    {
                        "location_date": "20 Mar 2025",
                        "location_id": 2702,
                        "location_name": "Biman_Bandar Station",
                        "location_time": "07:13 PM",
                        "trip_point_id": 107717207
                    }
                ],
                "departure_date_time": "20 Mar, 07:13 pm",
                "departure_date_time_jd": "Thu, 20 Mar 2025, 07:13 PM",
                "departure_full_date": "2025-03-20",
                "destination_city_name": "bhairab_bazar",
                "is_eid_trip": 0,
                "is_from_city_international": false,
                "is_international": 0,
                "is_open_for_all": true,
                "origin_city_name": "biman_bandar",
                "parent_route": {
                    "arrival_date": "2025-03-20",
                    "arrival_time": "22:40:00",
                    "departure_date": "2025-03-20",
                    "departure_time": "18:45:00",
                    "destination_city_name": "kishorganj",
                    "origin_city_name": "dhaka"
                },
                "seat_types": [
                    {
                        "destination_city_seq": 5,
                        "fare": "85.00",
                        "key": 8,
                        "origin_city_seq": 2,
                        "route_id": 22722,
                        "seat_counts": {
                            "is_divided": true,
                            "offline": 0,
                            "online": 0
                        },
                        "trip_id": 8407846,
                        "trip_route_id": 52526894,
                        "type": "SHOVAN",
                        "vat_amount": 0,
                        "vat_percent": 0
                    },
                    {
                        "destination_city_seq": 5,
                        "fare": "105.00",
                        "key": 7,
                        "origin_city_seq": 2,
                        "route_id": 22722,
                        "seat_counts": {
                            "is_divided": true,
                            "offline": 0,
                            "online": 0
                        },
                        "trip_id": 8407847,
                        "trip_route_id": 52526918,
                        "type": "S_CHAIR",
                        "vat_amount": 0,
                        "vat_percent": 0
                    },
                    {
                        "destination_city_seq": 5,
                        "fare": "135.00",
                        "key": 6,
                        "origin_city_seq": 2,
                        "route_id": 22722,
                        "seat_counts": {
                            "is_divided": true,
                            "offline": 0,
                            "online": 0
                        },
                        "trip_id": 8407848,
                        "trip_route_id": 52526939,
                        "type": "F_CHAIR",
                        "vat_amount": 21,
                        "vat_percent": 15
                    },
                    {
                        "destination_city_seq": 5,
                        "fare": "135.00",
                        "key": 5,
                        "origin_city_seq": 2,
                        "route_id": 22722,
                        "seat_counts": {
                            "is_divided": true,
                            "offline": 0,
                            "online": 0
                        },
                        "trip_id": 8407849,
                        "trip_route_id": 52526961,
                        "type": "F_SEAT",
                        "vat_amount": 21,
                        "vat_percent": 15
                    }
                ],
                "train_model": "749",
                "travel_time": "01h 17m",
                "trip_number": "EGAROSINDHUR GODHULI (749)"
            },
            {
                "arrival_date_time": "20 Mar, 11:00 pm",
                "boarding_points": [
                    {
                        "location_date": "20 Mar 2025",
                        "location_id": 2702,
                        "location_name": "Biman_Bandar Station",
                        "location_time": "09:48 PM",
                        "trip_point_id": 107716192
                    }
                ],
                "departure_date_time": "20 Mar, 09:48 pm",
                "departure_date_time_jd": "Thu, 20 Mar 2025, 09:48 PM",
                "departure_full_date": "2025-03-20",
                "destination_city_name": "bhairab_bazar",
                "is_eid_trip": 0,
                "is_from_city_international": false,
                "is_international": 0,
                "is_open_for_all": true,
                "origin_city_name": "biman_bandar",
                "parent_route": {
                    "arrival_date": "2025-03-21",
                    "arrival_time": "03:30:00",
                    "departure_date": "2025-03-20",
                    "departure_time": "21:20:00",
                    "destination_city_name": "chattogram",
                    "origin_city_name": "dhaka"
                },
                "seat_types": [
                    {
                        "destination_city_seq": 4,
                        "fare": "105.00",
                        "key": 7,
                        "origin_city_seq": 2,
                        "route_id": 22523,
                        "seat_counts": {
                            "is_divided": true,
                            "offline": 0,
                            "online": 0
                        },
                        "trip_id": 8407787,
                        "trip_route_id": 52525437,
                        "type": "S_CHAIR",
                        "vat_amount": 0,
                        "vat_percent": 0
                    },
                    {
                        "destination_city_seq": 4,
                        "fare": "305.00",
                        "key": 1,
                        "origin_city_seq": 2,
                        "route_id": 22523,
                        "seat_counts": {
                            "is_divided": true,
                            "offline": 0,
                            "online": 0
                        },
                        "trip_id": 8407788,
                        "trip_route_id": 52525462,
                        "type": "AC_B",
                        "vat_amount": 46,
                        "vat_percent": 15
                    },
                    {
                        "destination_city_seq": 4,
                        "fare": "170.00",
                        "key": 3,
                        "origin_city_seq": 2,
                        "route_id": 22523,
                        "seat_counts": {
                            "is_divided": true,
                            "offline": 0,
                            "online": 0
                        },
                        "trip_id": 8407789,
                        "trip_route_id": 52525489,
                        "type": "SNIGDHA",
                        "vat_amount": 26,
                        "vat_percent": 15
                    }
                ],
                "train_model": "722",
                "travel_time": "01h 12m",
                "trip_number": "MOHANAGAR EXPRESS (722)"
            },
            {
                "arrival_date_time": "20 Mar, 11:40 pm",
                "boarding_points": [
                    {
                        "location_date": "20 Mar 2025",
                        "location_id": 2702,
                        "location_name": "Biman_Bandar Station",
                        "location_time": "10:28 PM",
                        "trip_point_id": 107716784
                    }
                ],
                "departure_date_time": "20 Mar, 10:28 pm",
                "departure_date_time_jd": "Thu, 20 Mar 2025, 10:28 PM",
                "departure_full_date": "2025-03-20",
                "destination_city_name": "bhairab_bazar",
                "is_eid_trip": 0,
                "is_from_city_international": false,
                "is_international": 0,
                "is_open_for_all": true,
                "origin_city_name": "biman_bandar",
                "parent_route": {
                    "arrival_date": "2025-03-21",
                    "arrival_time": "05:00:00",
                    "departure_date": "2025-03-20",
                    "departure_time": "22:00:00",
                    "destination_city_name": "sylhet",
                    "origin_city_name": "dhaka"
                },
                "seat_types": [
                    {
                        "destination_city_seq": 4,
                        "fare": "105.00",
                        "key": 7,
                        "origin_city_seq": 2,
                        "route_id": 22770,
                        "seat_counts": {
                            "is_divided": true,
                            "offline": 2,
                            "online": 3
                        },
                        "trip_id": 8407820,
                        "trip_route_id": 52526337,
                        "type": "S_CHAIR",
                        "vat_amount": 0,
                        "vat_percent": 0
                    },
                    {
                        "destination_city_seq": 4,
                        "fare": "305.00",
                        "key": 1,
                        "origin_city_seq": 2,
                        "route_id": 22770,
                        "seat_counts": {
                            "is_divided": true,
                            "offline": 0,
                            "online": 0
                        },
                        "trip_id": 8407821,
                        "trip_route_id": 52526357,
                        "type": "AC_B",
                        "vat_amount": 46,
                        "vat_percent": 15
                    },
                    {
                        "destination_city_seq": 4,
                        "fare": "170.00",
                        "key": 3,
                        "origin_city_seq": 2,
                        "route_id": 22770,
                        "seat_counts": {
                            "is_divided": true,
                            "offline": 0,
                            "online": 0
                        },
                        "trip_id": 8407822,
                        "trip_route_id": 52526377,
                        "type": "SNIGDHA",
                        "vat_amount": 26,
                        "vat_percent": 15
                    }
                ],
                "train_model": "739",
                "travel_time": "01h 12m",
                "trip_number": "UPABAN EXPRESS (739)"
            }
        ]
    },
    "extra": {
        "hash": "2913D4E613EE77BA81FCAB988D4D7E11"
    }
}