{
    "data": {
        "recommendations": [],
        "selected_seat_class": "S_CHAIR",
        "trains": [
            {
                "arrival_date_time": "20 Mar, 02:40 pm",
                "boarding_points": [
                    {
                        "location_date": "20 Mar 2025",
                        "location_id": 2702,
                        "location_name": "Biman_Bandar Station",
                        "location_time": "06:43 AM",
                        "trip_point_id": 107718201
                    }
                ],
                "departure_date_time": "20 Mar, 06:43 am",
                "departure_date_time_jd": "Thu, 20 Mar 2025, 06:43 AM",
                "departure_full_date": "2025-03-20",
                "destination_city_name": "coxs bazar",
                "is_eid_trip": 0,
                "is_from_city_international": false,
                "is_international": 0,
                "is_open_for_all": true,
                "origin_city_name": "biman_bandar",
                "parent_route": {
                    "arrival_date": "2025-03-20",
                    "arrival_time": "14:40:00",
                    "departure_date": "2025-03-20",
                    "departure_time": "06:15:00",
                    "destination_city_name": "cox's bazar",
                    "origin_city_name": "dhaka"
                },
                "seat_types": [
                    {
                        "destination_city_seq": 4,
                        "fare": "695.00",
                        "key": 7,
                        "origin_city_seq": 2,
                        "route_id": 25717,
                        "seat_counts": {
                            "is_divided": true,
                            "offline": 60,
                            "online": 60
                        },
                        "trip_id": 8407915,
                        "trip_route_id": 52528212,
                        "type": "S_CHAIR",
                        "vat_amount": 0,
                        "vat_percent": 0
                    },
                    {
                        "destination_city_seq": 4,
                        "fare": "1152.00",
                        "key": 3,
                        "origin_city_seq": 2,
                        "route_id": 25717,
                        "seat_counts": {
                            "is_divided": true,
                            "offline": 7,
                            "online": 8
                        },
                        "trip_id": 8407916,
                        "trip_route_id": 52528218,
                        "type": "SNIGDHA",
                        "vat_amount": 173,
                        "vat_percent": 15
                    },
                    {
                        "destination_city_seq": 4,
                        "fare": "1382.00",
                        "key": 2,
                        "origin_city_seq": 2,
                        "route_id": 25717,
                        "seat_counts": {
                            "is_divided": true,
                            "offline": 16,
                            "online": 17
                        },
                        "trip_id": 8407917,
                        "trip_route_id": 52528223,
                        "type": "AC_S",
                        "vat_amount": 208,
                        "vat_percent": 15
                    }
                ],
                "train_model": "816",
                "travel_time": "07h 57m",
                "trip_number": "PARJOTAK EXPRESS (816)"
            },
            {
                "arrival_date_time": "21 Mar, 07:20 am",
                "boarding_points": [
                    {
                        "location_date": "20 Mar 2025",
                        "location_id": 2702,
                        "location_name": "Biman_Bandar Station",
                        "location_time": "11:28 PM",
                        "trip_point_id": 107718179
                    }
                ],
                "departure_date_time": "20 Mar, 11:28 pm",
                "departure_date_time_jd": "Thu, 20 Mar 2025, 11:28 PM",
                "departure_full_date": "2025-03-20",
                "destination_city_name": "coxs bazar",
                "is_eid_trip": 0,
                "is_from_city_international": false,
                "is_international": 0,
                "is_open_for_all": true,
                "origin_city_name": "biman_bandar",
                "parent_route": {
                    "arrival_date": "2025-03-21",
                    "arrival_time": "07:20:00",
                    "departure_date": "2025-03-20",
                    "departure_time": "23:00:00",
                    "destination_city_name": "cox's bazar",
                    "origin_city_name": "dhaka"
                },
                "seat_types": [
                    {
                        "destination_city_seq": 4,
                        "fare": "1152.00",
                        "key": 3,
                        "origin_city_seq": 2,
                        "route_id": 25717,
                        "seat_counts": {
                            "is_divided": true,
                            "offline": 0,
                            "online": 1
                        },
                        "trip_id": 8407910,
                        "trip_route_id": 52528192,
                        "type": "SNIGDHA",
                        "vat_amount": 173,
                        "vat_percent": 15
                    },
                    {
                        "destination_city_seq": 4,
                        "fare": "695.00",
                        "key": 7,
                        "origin_city_seq": 2,
                        "route_id": 25717,
                        "seat_counts": {
                            "is_divided": true,
                            "offline": 19,
                            "online": 20
                        },
                        "trip_id": 8407911,
                        "trip_route_id": 52528197,
                        "type": "S_CHAIR",
                        "vat_amount": 0,
                        "vat_percent": 0
                    }
                ],
                "train_model": "814",
                "travel_time": "07h 52m",
                "trip_number": "COXS BAZAR EXPRESS (814)"
            }
        ]
    },
    "extra": {
        "hash": "2913D4E613EE77BA81FCAB988D4D7E11"
    }
}