{
    "data": {
        "recommendations": [],
        "selected_seat_class": "S_CHAIR",
        "trains": [
            {
                "arrival_date_time": "20 Mar, 10:32 am",
                "boarding_points": [
                    {
                        "location_date": "20 Mar 2025",
                        "location_id": 2702,
                        "location_name": "Biman_Bandar Station",
                        "location_time": "06:58 AM",
                        "trip_point_id": 107715601
                    }
                ],
                "departure_date_time": "20 Mar, 06:58 am",
                "departure_date_time_jd": "Thu, 20 Mar 2025, 06:58 AM",
                "departure_full_date": "2025-03-20",
                "destination_city_name": "sreemangal",
                "is_eid_trip": 0,
                "is_from_city_international": false,
                "is_international": 0,
                "is_open_for_all": true,
                "origin_city_name": "biman_bandar",
                "parent_route": {
                    "arrival_date": "2025-03-20",
                    "arrival_time": "13:00:00",
                    "departure_date": "2025-03-20",
                    "departure_time": "06:30:00",
                    "destination_city_name": "sylhet",
                    "origin_city_name": "dhaka"
                },
                "seat_types": [
                    {
                        "destination_city_seq": 8,
                        "fare": "455.00",
                        "key": 3,
                        "origin_city_seq": 2,
                        "route_id": 22133,
                        "seat_counts": {
                            "is_divided": true,
                            "offline": 0,
                            "online": 0
                        },
                        "trip_id": 8407763,
                        "trip_route_id": 52524473,
                        "type": "SNIGDHA",
                        "vat_amount": 69,
                        "vat_percent": 15
                    },
                    {
                        "destination_city_seq": 8,
                        "fare": "275.00",
                        "key": 7,
                        "origin_city_seq": 2,
                        "route_id": 22133,
                        "seat_counts": {
                            "is_divided": true,
                            "offline": 0,
                            "online": 0
                        },
                        "trip_id": 8407764,
                        "trip_route_id": 52524510,
                        "type": "S_CHAIR",
                        "vat_amount": 0,
                        "vat_percent": 0
                    },
                    {
                        "destination_city_seq": 8,
                        "fare": "365.00",
                        "key": 5,
                        "origin_city_seq": 2,
                        "route_id": 22133,
                        "seat_counts": {
                            "is_divided": true,
                            "offline": 0,
                            "online": 0
                        },
                        "trip_id": 8407765,
                        "trip_route_id": 52524547,
                        "type": "F_SEAT",
                        "vat_amount": 55,
                        "vat_percent": 15
                    },
                    {
                        "destination_city_seq": 8,
                        "fare": "545.00",
                        "key": 2,
                        "origin_city_seq": 2,
                        "route_id": 22133,
                        "seat_counts": {
                            "is_divided": true,
                            "offline": 0,
                            "online": 0
                        },
                        "trip_id": 8407766,
                        "trip_route_id": 52524582,
                        "type": "AC_S",
                        "vat_amount": 82,
                        "vat_percent": 15
                    }
                ],
                "train_model": "709",
                "travel_time": "03h 34m",
                "trip_number": "PARABAT EXPRESS (709)"
            },
            {
                "arrival_date_time": "20 Mar, 04:01 pm",
                "boarding_points": [
                    {
                        "location_date": "20 Mar 2025",
                        "location_id": 2702,
                        "location_name": "Biman_Bandar Station",
                        "location_time": "11:43 AM",
                        "trip_point_id": 107715870
                    }
                ],
                "departure_date_time": "20 Mar, 11:43 am",
                "departure_date_time_jd": "Thu, 20 Mar 2025, 11:43 AM",
                "departure_full_date": "2025-03-20",
                "destination_city_name": "sreemangal",
                "is_eid_trip": 0,
                "is_from_city_international": false,
                "is_international": 0,
                "is_open_for_all": true,
                "origin_city_name": "biman_bandar",
                "parent_route": {
                    "arrival_date": "2025-03-20",
                    "arrival_time": "19:00:00",
                    "departure_date": "2025-03-20",
                    "departure_time": "11:15:00",
                    "destination_city_name": "sylhet",
                    "origin_city_name": "dhaka"
                },
                "seat_types": [
                    {
                        "destination_city_seq": 12,
                        "fare": "545.00",
                        "key": 2,
                        "origin_city_seq": 2,
                        "route_id": 22311,
                        "seat_counts": {
                            "is_divided": true,
                            "offline": 0,
                            "online": 0
                        },
                        "trip_id": 8407775,
                        "trip_route_id": 52524973,
                        "type": "AC_S",
                        "vat_amount": 82,
                        "vat_percent": 15
                    },
                    {
                        "destination_city_seq": 12,
                        "fare": "275.00",
                        "key": 7,
                        "origin_city_seq": 2,
                        "route_id": 22311,
                        "seat_counts": {
                            "is_divided": true,
                            "offline": 2,
                            "online": 2
                        },
                        "trip_id": 8407776,
                        "trip_route_id": 52525008,
                        "type": "S_CHAIR",
                        "vat_amount": 0,
                        "vat_percent": 0
                    },
                    {
                        "destination_city_seq": 12,
                        "fare": "455.00",
                        "key": 3,
                        "origin_city_seq": 2,
                        "route_id": 22311,
                        "seat_counts": {
                            "is_divided": true,
                            "offline": 0,
                            "online": 0
                        },
                        "trip_id": 8407777,
                        "trip_route_id": 52525043,
                        "type": "SNIGDHA",
                        "vat_amount": 69,
                        "vat_percent": 15
                    }
                ],
                "train_model": "717",
                "travel_time": "04h 18m",
                "trip_number": "JAYENTIKA EXPRESS (717)"
            },
            {
                "arrival_date_time": "21 Mar, 02:09 am",
                "boarding_points": [
                    {
                        "location_date": "20 Mar 2025",
                        "location_id": 2702,
                        "location_name": "Biman_Bandar Station",
                        "location_time": "10:28 PM",
                        "trip_point_id": 107716784
                    }
                ],
                "departure_date_time": "20 Mar, 10:28 pm",
                "departure_date_time_jd": "Thu, 20 Mar 2025, 10:28 PM",
                "departure_full_date": "2025-03-20",
                "destination_city_name": "sreemangal",
                "is_eid_trip": 0,
                "is_from_city_international": false,
                "is_international": 0,
                "is_open_for_all": true,
                "origin_city_name": "biman_bandar",
                "parent_route": {
                    "arrival_date": "2025-03-21",
                    "arrival_time": "05:00:00",
                    "departure_date": "2025-03-20",
                    "departure_time": "22:00:00",
                    "destination_city_name": "sylhet",
                    "origin_city_name": "dhaka"
                },
                "seat_types": [
                    {
                        "destination_city_seq": 6,
                        "fare": "275.00",
                        "key": 7,
                        "origin_city_seq": 2,
                        "route_id": 22772,
                        "seat_counts": {
                            "is_divided": true,
                            "offline": 12,
                            "online": 13
                        },
                        "trip_id": 8407820,
                        "trip_route_id": 52526335,
                        "type": "S_CHAIR",
                        "vat_amount": 0,
                        "vat_percent": 0
                    },
                    {
                        "destination_city_seq": 6,
                        "fare": "815.00",
                        "key": 1,
                        "origin_city_seq": 2,
                        "route_id": 22772,
                        "seat_counts": {
                            "is_divided": true,
                            "offline": 0,
                            "online": 0
                        },
                        "trip_id": 8407821,
                        "trip_route_id": 52526356,
                        "type": "AC_B",
                        "vat_amount": 123,
                        "vat_percent": 15
                    },
                    {
                        "destination_city_seq": 6,
                        "fare": "455.00",
                        "key": 3,
                        "origin_city_seq": 2,
                        "route_id": 22772,
                        "seat_counts": {
                            "is_divided": true,
                            "offline": 0,
                            "online": 0
                        },
                        "trip_id": 8407822,
                        "trip_route_id": 52526376,
                        "type": "SNIGDHA",
                        "vat_amount": 69,
                        "vat_percent": 15
                    }
                ],
                "train_model": "739",
                "travel_time": "03h 41m",
                "trip_number": "UPABAN EXPRESS (739)"
            }
        ]
    },
    "extra": {
        "hash": "2913D4E613EE77BA81FCAB988D4D7E11"
    }
}