{
    "data": {
        "recommendations": [],
        "selected_seat_class": "S_CHAIR",
        "trains": [
            {
                "arrival_date_time": "20 Mar, 11:10 am",
                "boarding_points": [
                    {
                        "location_date": "20 Mar 2025",
                        "location_id": 2781,
                        "location_name": "Birampur Station",
                        "location_time": "07:20 AM",
                        "trip_point_id": 107719126
                    }
                ],
                "departure_date_time": "20 Mar, 07:20 am",
                "departure_date_time_jd": "Thu, 20 Mar 2025, 07:20 AM",
                "departure_full_date": "2025-03-20",
                "destination_city_name": "rajshahi",
                "is_eid_trip": 0,
                "is_from_city_international": false,
                "is_international": 0,
                "is_open_for_all": true,
                "origin_city_name": "birampur",
                "parent_route": {
                    "arrival_date": "2025-03-20",
                    "arrival_time": "11:10:00",
                    "departure_date": "2025-03-20",
                    "departure_time": "05:00:00",
                    "destination_city_name": "rajshahi",
                    "origin_city_name": "chilahati"
                },
                "seat_types": [
                    {
                        "destination_city_seq": 19,
                        "fare": "205.00",
                        "key": 7,
                        "origin_city_seq": 8,
                        "route_id": 20330,
                        "seat_counts": {
                            "is_divided": true,
                            "offline": 8,
                            "online": 8
                        },
                        "trip_id": 8407967,
                        "trip_route_id": 52529587,
                        "type": "S_CHAIR",
                        "vat_amount": 0,
                        "vat_percent": 0
                    }
                ],
                "train_model": "732",
                "travel_time": "03h 50m",
                "trip_number": "BARENDRA EXPRESS (732)"
            },
            {
                "arrival_date_time": "20 Mar, 05:15 pm",
                "boarding_points": [
                    {
                        "location_date": "20 Mar 2025",
                        "location_id": 2781,
                        "location_name": "Birampur Station",
                        "location_time": "12:55 PM",
                        "trip_point_id": 107719748
                    }
                ],
                "departure_date_time": "20 Mar, 12:55 pm",
                "departure_date_time_jd": "Thu, 20 Mar 2025, 12:55 PM",
                "departure_full_date": "2025-03-20",
                "destination_city_name": "rajshahi",
                "is_eid_trip": 0,
                "is_from_city_international": false,
                "is_international": 0,
                "is_open_for_all": true,
                "origin_city_name": "birampur",
                "parent_route": {
                    "arrival_date": "2025-03-20",
                    "arrival_time": "17:15:00",
                    "departure_date": "2025-03-20",
                    "departure_time": "09:00:00",
                    "destination_city_name": "rajshahi",
                    "origin_city_name": "panchagarh"
                },
                "seat_types": [
                    {
                        "destination_city_seq": 21,
                        "fare": "370.00",
                        "key": 2,
                        "origin_city_seq": 12,
                        "route_id": 21004,
                        "seat_counts": {
                            "is_divided": true,
                            "offline": 0,
                            "online": 0
                        },
                        "trip_id": 8407984,
                        "trip_route_id": 52530793,
                        "type": "AC_S",
                        "vat_amount": 56,
                        "vat_percent": 15
                    },
                    {
                        "destination_city_seq": 21,
                        "fare": "205.00",
                        "key": 7,
                        "origin_city_seq": 12,
                        "route_id": 21004,
                        "seat_counts": {
                            "is_divided": true,
                            "offline": 9,
                            "online": 9
                        },
                        "trip_id": 8407985,
                        "trip_route_id": 52530883,
                        "type": "S_CHAIR",
                        "vat_amount": 0,
                        "vat_percent": 0
                    }
                ],
                "train_model": "804",
                "travel_time": "04h 20m",
                "trip_number": "BANGLABANDHA EXPRESS (804)"
            },
            {
                "arrival_date_time": "20 Mar, 09:30 pm",
                "boarding_points": [
                    {
                        "location_date": "20 Mar 2025",
                        "location_id": 2781,
                        "location_name": "Birampur Station",
                        "location_time": "05:30 PM",
                        "trip_point_id": 107720568
                    }
                ],
                "departure_date_time": "20 Mar, 05:30 pm",
                "departure_date_time_jd": "Thu, 20 Mar 2025, 05:30 PM",
                "departure_full_date": "2025-03-20",
                "destination_city_name": "rajshahi",
                "is_eid_trip": 0,
                "is_from_city_international": false,
                "is_international": 0,
                "is_open_for_all": true,
                "origin_city_name": "birampur",
                "parent_route": {
                    "arrival_date": "2025-03-20",
                    "arrival_time": "21:30:00",
                    "departure_date": "2025-03-20",
                    "departure_time": "15:00:00",
                    "destination_city_name": "rajshahi",
                    "origin_city_name": "chilahati"
                },
                "seat_types": [
                    {
                        "destination_city_seq": 19,
                        "fare": "205.00",
                        "key": 7,
                        "origin_city_seq": 8,
                        "route_id": 20330,
                        "seat_counts": {
                            "is_divided": true,
                            "offline": 10,
                            "online": 10
                        },
                        "trip_id": 8408014,
                        "trip_route_id": 52532326,
                        "type": "S_CHAIR",
                        "vat_amount": 0,
                        "vat_percent": 0
                    }
                ],
                "train_model": "734",
                "travel_time": "04h 00m",
                "trip_number": "TITUMIR EXPRESS (734)"
            }
        ]
    },
    "extra": {
        "hash": "2913D4E613EE77BA81FCAB988D4D7E11"
    }
}