{
    "data": {
        "recommendations": [
            {
                "destination": "Pirganj",
                "origin": "Fulbari"
            },
            {
                "destination": "Setabganj",
                "origin": "Birampur"
            }
        ],
        "selected_seat_class": "S_CHAIR",
        "trains": [
            {
                "arrival_date_time": "20 Mar, 03:17 am",
                "boarding_points": [
                    {
                        "location_date": "20 Mar 2025",
                        "location_id": 2781,
                        "location_name": "Birampur Station",
                        "location_time": "12:40 AM",
                        "trip_point_id": 107710012
                    }
                ],
                "departure_date_time": "20 Mar, 12:40 am",
                "departure_date_time_jd": "Thu, 20 Mar 2025, 12:40 AM",
                "departure_full_date": "2025-03-20",
                "destination_city_name": "pirganj",
                "is_eid_trip": 0,
                "is_from_city_international": false,
                "is_international": 0,
                "is_open_for_all": true,
                "origin_city_name": "birampur",
                "parent_route": {
                    "arrival_date": "2025-03-20",
                    "arrival_time": "04:40:00",
                    "departure_date": "2025-03-19",
                    "departure_time": "21:00:00",
                    "destination_city_name": "panchagarh",
                    "origin_city_name": "rajshahi"
                },
                "seat_types": [
                    {
                        "destination_city_seq": 16,
                        "fare": "365.00",
                        "key": 1,
                        "origin_city_seq": 10,
                        "route_id": 20903,
                        "seat_counts": {
                            "is_divided": true,
                            "offline": 0,
                            "online": 0
                        },
                        "trip_id": 8407549,
                        "trip_route_id": 52511756,
                        "type": "AC_B",
                        "vat_amount": 55,
                        "vat_percent": 15
                    },
                    {
                        "destination_city_seq": 16,
                        "fare": "125.00",
                        "key": 7,
                        "origin_city_seq": 10,
                        "route_id": 20903,
                        "seat_counts": {
                            "is_divided": true,
                            "offline": 0,
                            "online": 0
                        },
                        "trip_id": 8407597,
                        "trip_route_id": 52516429,
                        "type": "S_CHAIR",
                        "vat_amount": 0,
                        "vat_percent": 0
                    }
                ],
                "train_model": "803",
                "travel_time": "02h 37m",
                "trip_number": "BANGLABANDHA EXPRESS (803)"
            }
        ]
    },
    "extra": {
        "hash": "2913D4E613EE77BA81FCAB988D4D7E11"
    }
}