{
    "data": {
        "recommendations": [
            {
                "destination": "Khulna",
                "origin": "Joypurhat"
            },
            {
                "destination": "Daulatpur",
                "origin": "Birampur"
            }
        ],
        "selected_seat_class": "S_CHAIR",
        "trains": [
            {
                "arrival_date_time": "21 Mar, 04:10 am",
                "boarding_points": [
                    {
                        "location_date": "20 Mar 2025",
                        "location_id": 2781,
                        "location_name": "Birampur Station",
                        "location_time": "08:45 PM",
                        "trip_point_id": 107721204
                    }
                ],
                "departure_date_time": "20 Mar, 08:45 pm",
                "departure_date_time_jd": "Thu, 20 Mar 2025, 08:45 PM",
                "departure_full_date": "2025-03-20",
                "destination_city_name": "khulna",
                "is_eid_trip": 0,
                "is_from_city_international": false,
                "is_international": 0,
                "is_open_for_all": true,
                "origin_city_name": "birampur",
                "parent_route": {
                    "arrival_date": "2025-03-21",
                    "arrival_time": "04:10:00",
                    "departure_date": "2025-03-20",
                    "departure_time": "18:30:00",
                    "destination_city_name": "khulna",
                    "origin_city_name": "chilahati"
                },
                "seat_types": [
                    {
                        "destination_city_seq": 25,
                        "fare": "465.00",
                        "key": 7,
                        "origin_city_seq": 7,
                        "route_id": 20100,
                        "seat_counts": {
                            "is_divided": true,
                            "offline": 0,
                            "online": 0
                        },
                        "trip_id": 8408040,
                        "trip_route_id": 52533634,
                        "type": "S_CHAIR",
                        "vat_amount": 0,
                        "vat_percent": 0
                    },
                    {
                        "destination_city_seq": 25,
                        "fare": "1385.00",
                        "key": 1,
                        "origin_city_seq": 7,
                        "route_id": 20100,
                        "seat_counts": {
                            "is_divided": true,
                            "offline": 0,
                            "online": 0
                        },
                        "trip_id": 8408041,
                        "trip_route_id": 52533764,
                        "type": "AC_B",
                        "vat_amount": 208,
                        "vat_percent": 15
                    },
                    {
                        "destination_city_seq": 25,
                        "fare": "770.00",
                        "key": 3,
                        "origin_city_seq": 7,
                        "route_id": 20100,
                        "seat_counts": {
                            "is_divided": true,
                            "offline": 0,
                            "online": 0
                        },
                        "trip_id": 8408042,
                        "trip_route_id": 52533877,
                        "type": "SNIGDHA",
                        "vat_amount": 116,
                        "vat_percent": 15
                    }
                ],
                "train_model": "748",
                "travel_time": "07h 25m",
                "trip_number": "SIMANTA EXPRESS (748)"
            }
        ]
    },
    "extra": {
        "hash": "2913D4E613EE77BA81FCAB988D4D7E11"
    }
}