{
    "data": {
        "recommendations": [],
        "selected_seat_class": "S_CHAIR",
        "trains": [
            {
                "arrival_date_time": "20 Mar, 08:32 am",
                "boarding_points": [
                    {
                        "location_date": "20 Mar 2025",
                        "location_id": 2781,
                        "location_name": "Birampur Station",
                        "location_time": "08:03 AM",
                        "trip_point_id": 107720997
                    }
                ],
                "departure_date_time": "20 Mar, 08:03 am",
                "departure_date_time_jd": "Thu, 20 Mar 2025, 08:03 AM",
                "departure_full_date": "2025-03-20",
                "destination_city_name": "joypurhat",
                "is_eid_trip": 0,
                "is_from_city_international": false,
                "is_international": 0,
                "is_open_for_all": true,
                "origin_city_name": "birampur",
                "parent_route": {
                    "arrival_date": "2025-03-20",
                    "arrival_time": "14:55:00",
                    "departure_date": "2025-03-20",
                    "departure_time": "06:00:00",
                    "destination_city_name": "dhaka",
                    "origin_city_name": "chilahati"
                },
                "seat_types": [
                    {
                        "destination_city_seq": 8,
                        "fare": "50.00",
                        "key": 7,
                        "origin_city_seq": 7,
                        "route_id": 24810,
                        "seat_counts": {
                            "is_divided": true,
                            "offline": 5,
                            "online": 5
                        },
                        "trip_id": 8408030,
                        "trip_route_id": 52533255,
                        "type": "S_CHAIR",
                        "vat_amount": 0,
                        "vat_percent": 0
                    }
                ],
                "train_model": "806",
                "travel_time": "00h 29m",
                "trip_number": "CHILAHATI EXPRESS (806)"
            }
        ]
    },
    "extra": {
        "hash": "2913D4E613EE77BA81FCAB988D4D7E11"
    }
}