{
    "data": {
        "recommendations": [],
        "selected_seat_class": "S_CHAIR",
        "trains": [
            {
                "arrival_date_time": "20 Mar, 03:43 am",
                "boarding_points": [
                    {
                        "location_date": "20 Mar 2025",
                        "location_id": 2781,
                        "location_name": "Birampur Station",
                        "location_time": "12:40 AM",
                        "trip_point_id": 107710012
                    }
                ],
                "departure_date_time": "20 Mar, 12:40 am",
                "departure_date_time_jd": "Thu, 20 Mar 2025, 12:40 AM",
                "departure_full_date": "2025-03-20",
                "destination_city_name": "thakurgaon_road",
                "is_eid_trip": 0,
                "is_from_city_international": false,
                "is_international": 0,
                "is_open_for_all": true,
                "origin_city_name": "birampur",
                "parent_route": {
                    "arrival_date": "2025-03-20",
                    "arrival_time": "04:40:00",
                    "departure_date": "2025-03-19",
                    "departure_time": "21:00:00",
                    "destination_city_name": "panchagarh",
                    "origin_city_name": "rajshahi"
                },
                "seat_types": [
                    {
                        "destination_city_seq": 18,
                        "fare": "425.00",
                        "key": 1,
                        "origin_city_seq": 10,
                        "route_id": 20904,
                        "seat_counts": {
                            "is_divided": true,
                            "offline": 0,
                            "online": 0
                        },
                        "trip_id": 8407549,
                        "trip_route_id": 52511757,
                        "type": "AC_B",
                        "vat_amount": 64,
                        "vat_percent": 15
                    },
                    {
                        "destination_city_seq": 18,
                        "fare": "150.00",
                        "key": 7,
                        "origin_city_seq": 10,
                        "route_id": 20904,
                        "seat_counts": {
                            "is_divided": true,
                            "offline": 2,
                            "online": 3
                        },
                        "trip_id": 8407597,
                        "trip_route_id": 52516430,
                        "type": "S_CHAIR",
                        "vat_amount": 0,
                        "vat_percent": 0
                    }
                ],
                "train_model": "803",
                "travel_time": "03h 03m",
                "trip_number": "BANGLABANDHA EXPRESS (803)"
            },
            {
                "arrival_date_time": "20 Mar, 06:02 am",
                "boarding_points": [
                    {
                        "location_date": "20 Mar 2025",
                        "location_id": 2781,
                        "location_name": "Birampur Station",
                        "location_time": "03:14 AM",
                        "trip_point_id": 107711629
                    }
                ],
                "departure_date_time": "20 Mar, 03:14 am",
                "departure_date_time_jd": "Thu, 20 Mar 2025, 03:14 AM",
                "departure_full_date": "2025-03-20",
                "destination_city_name": "thakurgaon_road",
                "is_eid_trip": 0,
                "is_from_city_international": false,
                "is_international": 0,
                "is_open_for_all": true,
                "origin_city_name": "birampur",
                "parent_route": {
                    "arrival_date": "2025-03-20",
                    "arrival_time": "07:10:00",
                    "departure_date": "2025-03-19",
                    "departure_time": "20:45:00",
                    "destination_city_name": "panchagarh",
                    "origin_city_name": "dhaka"
                },
                "seat_types": [
                    {
                        "destination_city_seq": 24,
                        "fare": "150.00",
                        "key": 7,
                        "origin_city_seq": 17,
                        "route_id": 23397,
                        "seat_counts": {
                            "is_divided": true,
                            "offline": 0,
                            "online": 0
                        },
                        "trip_id": 8407592,
                        "trip_route_id": 52516083,
                        "type": "S_CHAIR",
                        "vat_amount": 0,
                        "vat_percent": 0
                    }
                ],
                "train_model": "757",
                "travel_time": "02h 48m",
                "trip_number": "DRUTOJAN EXPRESS (757)"
            },
            {
                "arrival_date_time": "20 Mar, 08:15 pm",
                "boarding_points": [
                    {
                        "location_date": "20 Mar 2025",
                        "location_id": 2781,
                        "location_name": "Birampur Station",
                        "location_time": "05:37 PM",
                        "trip_point_id": 107719201
                    }
                ],
                "departure_date_time": "20 Mar, 05:37 pm",
                "departure_date_time_jd": "Thu, 20 Mar 2025, 05:37 PM",
                "departure_full_date": "2025-03-20",
                "destination_city_name": "thakurgaon_road",
                "is_eid_trip": 0,
                "is_from_city_international": false,
                "is_international": 0,
                "is_open_for_all": true,
                "origin_city_name": "birampur",
                "parent_route": {
                    "arrival_date": "2025-03-20",
                    "arrival_time": "21:00:00",
                    "departure_date": "2025-03-20",
                    "departure_time": "10:15:00",
                    "destination_city_name": "panchagarh",
                    "origin_city_name": "dhaka"
                },
                "seat_types": [
                    {
                        "destination_city_seq": 24,
                        "fare": "150.00",
                        "key": 7,
                        "origin_city_seq": 17,
                        "route_id": 26411,
                        "seat_counts": {
                            "is_divided": true,
                            "offline": 3,
                            "online": 4
                        },
                        "trip_id": 8407969,
                        "trip_route_id": 52529769,
                        "type": "S_CHAIR",
                        "vat_amount": 0,
                        "vat_percent": 0
                    }
                ],
                "train_model": "705",
                "travel_time": "02h 38m",
                "trip_number": "EKOTA EXPRESS (705)"
            }
        ]
    },
    "extra": {
        "hash": "2913D4E613EE77BA81FCAB988D4D7E11"
    }
}