{
    "data": {
        "recommendations": [],
        "selected_seat_class": "S_CHAIR",
        "trains": [
            {
                "arrival_date_time": "20 Mar, 03:02 pm",
                "boarding_points": [
                    {
                        "location_date": "20 Mar 2025",
                        "location_id": 2726,
                        "location_name": "Bogura Station",
                        "location_time": "10:19 AM",
                        "trip_point_id": 107720522
                    }
                ],
                "departure_date_time": "20 Mar, 10:19 am",
                "departure_date_time_jd": "Thu, 20 Mar 2025, 10:19 AM",
                "departure_full_date": "2025-03-20",
                "destination_city_name": "hatibandha",
                "is_eid_trip": 0,
                "is_from_city_international": false,
                "is_international": 0,
                "is_open_for_all": true,
                "origin_city_name": "bogura",
                "parent_route": {
                    "arrival_date": "2025-03-20",
                    "arrival_time": "16:00:00",
                    "departure_date": "2025-03-20",
                    "departure_time": "09:25:00",
                    "destination_city_name": "burimari",
                    "origin_city_name": "santahar"
                },
                "seat_types": [
                    {
                        "destination_city_seq": 15,
                        "fare": "210.00",
                        "key": 7,
                        "origin_city_seq": 2,
                        "route_id": 27128,
                        "seat_counts": {
                            "is_divided": true,
                            "offline": 2,
                            "online": 3
                        },
                        "trip_id": 8408013,
                        "trip_route_id": 52532222,
                        "type": "S_CHAIR",
                        "vat_amount": 0,
                        "vat_percent": 0
                    }
                ],
                "train_model": "713",
                "travel_time": "04h 43m",
                "trip_number": "KOROTOA EXPRESS (713)"
            },
            {
                "arrival_date_time": "20 Mar, 08:21 pm",
                "boarding_points": [
                    {
                        "location_date": "20 Mar 2025",
                        "location_id": 2726,
                        "location_name": "Bogura Station",
                        "location_time": "03:05 PM",
                        "trip_point_id": 107737052
                    }
                ],
                "departure_date_time": "20 Mar, 03:05 pm",
                "departure_date_time_jd": "Thu, 20 Mar 2025, 03:05 PM",
                "departure_full_date": "2025-03-20",
                "destination_city_name": "hatibandha",
                "is_eid_trip": 0,
                "is_from_city_international": false,
                "is_international": 0,
                "is_open_for_all": true,
                "origin_city_name": "bogura",
                "parent_route": {
                    "arrival_date": "2025-03-20",
                    "arrival_time": "21:45:00",
                    "departure_date": "2025-03-20",
                    "departure_time": "08:30:00",
                    "destination_city_name": "burimari",
                    "origin_city_name": "dhaka"
                },
                "seat_types": [
                    {
                        "destination_city_seq": 13,
                        "fare": "210.00",
                        "key": 7,
                        "origin_city_seq": 6,
                        "route_id": 26441,
                        "seat_counts": {
                            "is_divided": true,
                            "offline": 2,
                            "online": 3
                        },
                        "trip_id": 8408825,
                        "trip_route_id": 52559710,
                        "type": "S_CHAIR",
                        "vat_amount": 0,
                        "vat_percent": 0
                    }
                ],
                "train_model": "809",
                "travel_time": "05h 16m",
                "trip_number": "BURIMARI EXPRESS (809)"
            }
        ]
    },
    "extra": {
        "hash": "2913D4E613EE77BA81FCAB988D4D7E11"
    }
}