{
    "data": {
        "recommendations": [],
        "selected_seat_class": "S_CHAIR",
        "trains": [
            {
                "arrival_date_time": "20 Mar, 03:48 pm",
                "boarding_points": [
                    {
                        "location_date": "20 Mar 2025",
                        "location_id": 2726,
                        "location_name": "Bogura Station",
                        "location_time": "12:01 PM",
                        "trip_point_id": 107720656
                    }
                ],
                "departure_date_time": "20 Mar, 12:01 pm",
                "departure_date_time_jd": "Thu, 20 Mar 2025, 12:01 PM",
                "departure_full_date": "2025-03-20",
                "destination_city_name": "rangpur",
                "is_eid_trip": 0,
                "is_from_city_international": false,
                "is_international": 0,
                "is_open_for_all": true,
                "origin_city_name": "bogura",
                "parent_route": {
                    "arrival_date": "2025-03-20",
                    "arrival_time": "20:40:00",
                    "departure_date": "2025-03-20",
                    "departure_time": "11:00:00",
                    "destination_city_name": "panchagarh",
                    "origin_city_name": "santahar"
                },
                "seat_types": [
                    {
                        "destination_city_seq": 12,
                        "fare": "160.00",
                        "key": 7,
                        "origin_city_seq": 3,
                        "route_id": 24664,
                        "seat_counts": {
                            "is_divided": true,
                            "offline": 10,
                            "online": 10
                        },
                        "trip_id": 8408017,
                        "trip_route_id": 52532635,
                        "type": "S_CHAIR",
                        "vat_amount": 0,
                        "vat_percent": 0
                    },
                    {
                        "destination_city_seq": 12,
                        "fare": "135.00",
                        "key": 8,
                        "origin_city_seq": 3,
                        "route_id": 24664,
                        "seat_counts": {
                            "is_divided": true,
                            "offline": 7,
                            "online": 8
                        },
                        "trip_id": 8408023,
                        "trip_route_id": 52532951,
                        "type": "SHOVAN",
                        "vat_amount": 0,
                        "vat_percent": 0
                    },
                    {
                        "destination_city_seq": 12,
                        "fare": "210.00",
                        "key": 5,
                        "origin_city_seq": 3,
                        "route_id": 24664,
                        "seat_counts": {
                            "is_divided": true,
                            "offline": 4,
                            "online": 5
                        },
                        "trip_id": 8408025,
                        "trip_route_id": 52533126,
                        "type": "F_SEAT",
                        "vat_amount": 32,
                        "vat_percent": 15
                    }
                ],
                "train_model": "767",
                "travel_time": "03h 47m",
                "trip_number": "DOLONCHAPA EXPRESS (767)"
            },
            {
                "arrival_date_time": "20 Mar, 07:00 pm",
                "boarding_points": [
                    {
                        "location_date": "20 Mar 2025",
                        "location_id": 2726,
                        "location_name": "Bogura Station",
                        "location_time": "03:41 PM",
                        "trip_point_id": 107738245
                    }
                ],
                "departure_date_time": "20 Mar, 03:41 pm",
                "departure_date_time_jd": "Thu, 20 Mar 2025, 03:41 PM",
                "departure_full_date": "2025-03-20",
                "destination_city_name": "rangpur",
                "is_eid_trip": 0,
                "is_from_city_international": false,
                "is_international": 0,
                "is_open_for_all": true,
                "origin_city_name": "bogura",
                "parent_route": {
                    "arrival_date": "2025-03-20",
                    "arrival_time": "19:00:00",
                    "departure_date": "2025-03-20",
                    "departure_time": "09:10:00",
                    "destination_city_name": "rangpur",
                    "origin_city_name": "dhaka"
                },
                "seat_types": [
                    {
                        "destination_city_seq": 16,
                        "fare": "160.00",
                        "key": 7,
                        "origin_city_seq": 8,
                        "route_id": 19466,
                        "seat_counts": {
                            "is_divided": true,
                            "offline": 17,
                            "online": 18
                        },
                        "trip_id": 8408867,
                        "trip_route_id": 52562280,
                        "type": "S_CHAIR",
                        "vat_amount": 0,
                        "vat_percent": 0
                    },
                    {
                        "destination_city_seq": 16,
                        "fare": "265.00",
                        "key": 3,
                        "origin_city_seq": 8,
                        "route_id": 19466,
                        "seat_counts": {
                            "is_divided": true,
                            "offline": 4,
                            "online": 5
                        },
                        "trip_id": 8408873,
                        "trip_route_id": 52562571,
                        "type": "SNIGDHA",
                        "vat_amount": 40,
                        "vat_percent": 15
                    },
                    {
                        "destination_city_seq": 16,
                        "fare": "315.00",
                        "key": 2,
                        "origin_city_seq": 8,
                        "route_id": 19466,
                        "seat_counts": {
                            "is_divided": true,
                            "offline": 1,
                            "online": 2
                        },
                        "trip_id": 8408879,
                        "trip_route_id": 52562781,
                        "type": "AC_S",
                        "vat_amount": 48,
                        "vat_percent": 15
                    }
                ],
                "train_model": "771",
                "travel_time": "03h 19m",
                "trip_number": "RANGPUR EXPRESS (771)"
            }
        ]
    },
    "extra": {
        "hash": "2913D4E613EE77BA81FCAB988D4D7E11"
    }
}