{
    "data": {
        "recommendations": [],
        "selected_seat_class": "S_CHAIR",
        "trains": [
            {
                "arrival_date_time": "20 Mar, 11:03 am",
                "boarding_points": [
                    {
                        "location_date": "20 Mar 2025",
                        "location_id": 2726,
                        "location_name": "Bogura Station",
                        "location_time": "10:19 AM",
                        "trip_point_id": 107720522
                    }
                ],
                "departure_date_time": "20 Mar, 10:19 am",
                "departure_date_time_jd": "Thu, 20 Mar 2025, 10:19 AM",
                "departure_full_date": "2025-03-20",
                "destination_city_name": "mahimaganj",
                "is_eid_trip": 0,
                "is_from_city_international": false,
                "is_international": 0,
                "is_open_for_all": true,
                "origin_city_name": "bogura",
                "parent_route": {
                    "arrival_date": "2025-03-20",
                    "arrival_time": "16:00:00",
                    "departure_date": "2025-03-20",
                    "departure_time": "09:25:00",
                    "destination_city_name": "burimari",
                    "origin_city_name": "santahar"
                },
                "seat_types": [
                    {
                        "destination_city_seq": 4,
                        "fare": "50.00",
                        "key": 7,
                        "origin_city_seq": 2,
                        "route_id": 27126,
                        "seat_counts": {
                            "is_divided": true,
                            "offline": 10,
                            "online": 10
                        },
                        "trip_id": 8408013,
                        "trip_route_id": 52532230,
                        "type": "S_CHAIR",
                        "vat_amount": 0,
                        "vat_percent": 0
                    }
                ],
                "train_model": "713",
                "travel_time": "00h 44m",
                "trip_number": "KOROTOA EXPRESS (713)"
            },
            {
                "arrival_date_time": "20 Mar, 01:02 pm",
                "boarding_points": [
                    {
                        "location_date": "20 Mar 2025",
                        "location_id": 2726,
                        "location_name": "Bogura Station",
                        "location_time": "12:01 PM",
                        "trip_point_id": 107720822
                    }
                ],
                "departure_date_time": "20 Mar, 12:01 pm",
                "departure_date_time_jd": "Thu, 20 Mar 2025, 12:01 PM",
                "departure_full_date": "2025-03-20",
                "destination_city_name": "mahimaganj",
                "is_eid_trip": 0,
                "is_from_city_international": false,
                "is_international": 0,
                "is_open_for_all": true,
                "origin_city_name": "bogura",
                "parent_route": {
                    "arrival_date": "2025-03-20",
                    "arrival_time": "20:40:00",
                    "departure_date": "2025-03-20",
                    "departure_time": "11:00:00",
                    "destination_city_name": "panchagarh",
                    "origin_city_name": "santahar"
                },
                "seat_types": [
                    {
                        "destination_city_seq": 5,
                        "fare": "45.00",
                        "key": 8,
                        "origin_city_seq": 3,
                        "route_id": 24658,
                        "seat_counts": {
                            "is_divided": true,
                            "offline": 5,
                            "online": 5
                        },
                        "trip_id": 8408023,
                        "trip_route_id": 52532960,
                        "type": "SHOVAN",
                        "vat_amount": 0,
                        "vat_percent": 0
                    }
                ],
                "train_model": "767",
                "travel_time": "01h 01m",
                "trip_number": "DOLONCHAPA EXPRESS (767)"
            }
        ]
    },
    "extra": {
        "hash": "2913D4E613EE77BA81FCAB988D4D7E11"
    }
}