{
    "data": {
        "recommendations": [],
        "selected_seat_class": "S_CHAIR",
        "trains": [
            {
                "arrival_date_time": "20 Mar, 06:09 am",
                "boarding_points": [
                    {
                        "location_date": "20 Mar 2025",
                        "location_id": 2711,
                        "location_name": "Bonar_Para Station",
                        "location_time": "05:14 AM",
                        "trip_point_id": 107709307
                    }
                ],
                "departure_date_time": "20 Mar, 05:14 am",
                "departure_date_time_jd": "Thu, 20 Mar 2025, 05:14 AM",
                "departure_full_date": "2025-03-20",
                "destination_city_name": "bamondanga",
                "is_eid_trip": 0,
                "is_from_city_international": false,
                "is_international": 0,
                "is_open_for_all": true,
                "origin_city_name": "bonar_para",
                "parent_route": {
                    "arrival_date": "2025-03-20",
                    "arrival_time": "07:20:00",
                    "departure_date": "2025-03-19",
                    "departure_time": "21:45:00",
                    "destination_city_name": "lalmonirhat",
                    "origin_city_name": "dhaka"
                },
                "seat_types": [
                    {
                        "destination_city_seq": 16,
                        "fare": "55.00",
                        "key": 7,
                        "origin_city_seq": 14,
                        "route_id": 24057,
                        "seat_counts": {
                            "is_divided": true,
                            "offline": 2,
                            "online": 3
                        },
                        "trip_id": 8407526,
                        "trip_route_id": 52510574,
                        "type": "S_CHAIR",
                        "vat_amount": 0,
                        "vat_percent": 0
                    }
                ],
                "train_model": "751",
                "travel_time": "00h 55m",
                "trip_number": "LALMONI EXPRESS (751)"
            },
            {
                "arrival_date_time": "20 Mar, 12:33 pm",
                "boarding_points": [
                    {
                        "location_date": "20 Mar 2025",
                        "location_id": 2711,
                        "location_name": "Bonar_Para Station",
                        "location_time": "11:20 AM",
                        "trip_point_id": 107720530
                    }
                ],
                "departure_date_time": "20 Mar, 11:20 am",
                "departure_date_time_jd": "Thu, 20 Mar 2025, 11:20 AM",
                "departure_full_date": "2025-03-20",
                "destination_city_name": "bamondanga",
                "is_eid_trip": 0,
                "is_from_city_international": false,
                "is_international": 0,
                "is_open_for_all": true,
                "origin_city_name": "bonar_para",
                "parent_route": {
                    "arrival_date": "2025-03-20",
                    "arrival_time": "16:00:00",
                    "departure_date": "2025-03-20",
                    "departure_time": "09:25:00",
                    "destination_city_name": "burimari",
                    "origin_city_name": "santahar"
                },
                "seat_types": [
                    {
                        "destination_city_seq": 7,
                        "fare": "55.00",
                        "key": 7,
                        "origin_city_seq": 5,
                        "route_id": 21148,
                        "seat_counts": {
                            "is_divided": true,
                            "offline": 5,
                            "online": 5
                        },
                        "trip_id": 8408013,
                        "trip_route_id": 52532281,
                        "type": "S_CHAIR",
                        "vat_amount": 0,
                        "vat_percent": 0
                    }
                ],
                "train_model": "713",
                "travel_time": "01h 13m",
                "trip_number": "KOROTOA EXPRESS (713)"
            },
            {
                "arrival_date_time": "20 Mar, 02:21 pm",
                "boarding_points": [
                    {
                        "location_date": "20 Mar 2025",
                        "location_id": 2711,
                        "location_name": "Bonar_Para Station",
                        "location_time": "01:18 PM",
                        "trip_point_id": 107720829
                    }
                ],
                "departure_date_time": "20 Mar, 01:18 pm",
                "departure_date_time_jd": "Thu, 20 Mar 2025, 01:18 PM",
                "departure_full_date": "2025-03-20",
                "destination_city_name": "bamondanga",
                "is_eid_trip": 0,
                "is_from_city_international": false,
                "is_international": 0,
                "is_open_for_all": true,
                "origin_city_name": "bonar_para",
                "parent_route": {
                    "arrival_date": "2025-03-20",
                    "arrival_time": "20:40:00",
                    "departure_date": "2025-03-20",
                    "departure_time": "11:00:00",
                    "destination_city_name": "panchagarh",
                    "origin_city_name": "santahar"
                },
                "seat_types": [
                    {
                        "destination_city_seq": 9,
                        "fare": "45.00",
                        "key": 8,
                        "origin_city_seq": 6,
                        "route_id": 23545,
                        "seat_counts": {
                            "is_divided": true,
                            "offline": 2,
                            "online": 3
                        },
                        "trip_id": 8408023,
                        "trip_route_id": 52533021,
                        "type": "SHOVAN",
                        "vat_amount": 0,
                        "vat_percent": 0
                    }
                ],
                "train_model": "767",
                "travel_time": "01h 03m",
                "trip_number": "DOLONCHAPA EXPRESS (767)"
            },
            {
                "arrival_date_time": "20 Mar, 05:37 pm",
                "boarding_points": [
                    {
                        "location_date": "20 Mar 2025",
                        "location_id": 2711,
                        "location_name": "Bonar_Para Station",
                        "location_time": "04:40 PM",
                        "trip_point_id": 107738253
                    }
                ],
                "departure_date_time": "20 Mar, 04:40 pm",
                "departure_date_time_jd": "Thu, 20 Mar 2025, 04:40 PM",
                "departure_full_date": "2025-03-20",
                "destination_city_name": "bamondanga",
                "is_eid_trip": 0,
                "is_from_city_international": false,
                "is_international": 0,
                "is_open_for_all": true,
                "origin_city_name": "bonar_para",
                "parent_route": {
                    "arrival_date": "2025-03-20",
                    "arrival_time": "19:00:00",
                    "departure_date": "2025-03-20",
                    "departure_time": "09:10:00",
                    "destination_city_name": "rangpur",
                    "origin_city_name": "dhaka"
                },
                "seat_types": [
                    {
                        "destination_city_seq": 12,
                        "fare": "55.00",
                        "key": 7,
                        "origin_city_seq": 10,
                        "route_id": 26578,
                        "seat_counts": {
                            "is_divided": true,
                            "offline": 5,
                            "online": 5
                        },
                        "trip_id": 8408867,
                        "trip_route_id": 52562313,
                        "type": "S_CHAIR",
                        "vat_amount": 0,
                        "vat_percent": 0
                    }
                ],
                "train_model": "771",
                "travel_time": "00h 57m",
                "trip_number": "RANGPUR EXPRESS (771)"
            }
        ]
    },
    "extra": {
        "hash": "2913D4E613EE77BA81FCAB988D4D7E11"
    }
}