{
    "data": {
        "recommendations": [],
        "selected_seat_class": "S_CHAIR",
        "trains": [
            {
                "arrival_date_time": "20 Mar, 05:37 am",
                "boarding_points": [
                    {
                        "location_date": "20 Mar 2025",
                        "location_id": 2711,
                        "location_name": "Bonar_Para Station",
                        "location_time": "05:14 AM",
                        "trip_point_id": 107709307
                    }
                ],
                "departure_date_time": "20 Mar, 05:14 am",
                "departure_date_time_jd": "Thu, 20 Mar 2025, 05:14 AM",
                "departure_full_date": "2025-03-20",
                "destination_city_name": "gaibandha",
                "is_eid_trip": 0,
                "is_from_city_international": false,
                "is_international": 0,
                "is_open_for_all": true,
                "origin_city_name": "bonar_para",
                "parent_route": {
                    "arrival_date": "2025-03-20",
                    "arrival_time": "07:20:00",
                    "departure_date": "2025-03-19",
                    "departure_time": "21:45:00",
                    "destination_city_name": "lalmonirhat",
                    "origin_city_name": "dhaka"
                },
                "seat_types": [
                    {
                        "destination_city_seq": 15,
                        "fare": "50.00",
                        "key": 7,
                        "origin_city_seq": 14,
                        "route_id": 24056,
                        "seat_counts": {
                            "is_divided": true,
                            "offline": 5,
                            "online": 5
                        },
                        "trip_id": 8407526,
                        "trip_route_id": 52510572,
                        "type": "S_CHAIR",
                        "vat_amount": 0,
                        "vat_percent": 0
                    }
                ],
                "train_model": "751",
                "travel_time": "00h 23m",
                "trip_number": "LALMONI EXPRESS (751)"
            },
            {
                "arrival_date_time": "20 Mar, 11:59 am",
                "boarding_points": [
                    {
                        "location_date": "20 Mar 2025",
                        "location_id": 2711,
                        "location_name": "Bonar_Para Station",
                        "location_time": "11:20 AM",
                        "trip_point_id": 107720530
                    }
                ],
                "departure_date_time": "20 Mar, 11:20 am",
                "departure_date_time_jd": "Thu, 20 Mar 2025, 11:20 AM",
                "departure_full_date": "2025-03-20",
                "destination_city_name": "gaibandha",
                "is_eid_trip": 0,
                "is_from_city_international": false,
                "is_international": 0,
                "is_open_for_all": true,
                "origin_city_name": "bonar_para",
                "parent_route": {
                    "arrival_date": "2025-03-20",
                    "arrival_time": "16:00:00",
                    "departure_date": "2025-03-20",
                    "departure_time": "09:25:00",
                    "destination_city_name": "burimari",
                    "origin_city_name": "santahar"
                },
                "seat_types": [
                    {
                        "destination_city_seq": 6,
                        "fare": "50.00",
                        "key": 7,
                        "origin_city_seq": 5,
                        "route_id": 21147,
                        "seat_counts": {
                            "is_divided": true,
                            "offline": 20,
                            "online": 20
                        },
                        "trip_id": 8408013,
                        "trip_route_id": 52532279,
                        "type": "S_CHAIR",
                        "vat_amount": 0,
                        "vat_percent": 0
                    }
                ],
                "train_model": "713",
                "travel_time": "00h 39m",
                "trip_number": "KOROTOA EXPRESS (713)"
            },
            {
                "arrival_date_time": "20 Mar, 01:45 pm",
                "boarding_points": [
                    {
                        "location_date": "20 Mar 2025",
                        "location_id": 2711,
                        "location_name": "Bonar_Para Station",
                        "location_time": "01:18 PM",
                        "trip_point_id": 107720663
                    }
                ],
                "departure_date_time": "20 Mar, 01:18 pm",
                "departure_date_time_jd": "Thu, 20 Mar 2025, 01:18 PM",
                "departure_full_date": "2025-03-20",
                "destination_city_name": "gaibandha",
                "is_eid_trip": 0,
                "is_from_city_international": false,
                "is_international": 0,
                "is_open_for_all": true,
                "origin_city_name": "bonar_para",
                "parent_route": {
                    "arrival_date": "2025-03-20",
                    "arrival_time": "20:40:00",
                    "departure_date": "2025-03-20",
                    "departure_time": "11:00:00",
                    "destination_city_name": "panchagarh",
                    "origin_city_name": "santahar"
                },
                "seat_types": [
                    {
                        "destination_city_seq": 8,
                        "fare": "50.00",
                        "key": 7,
                        "origin_city_seq": 6,
                        "route_id": 25959,
                        "seat_counts": {
                            "is_divided": true,
                            "offline": 2,
                            "online": 3
                        },
                        "trip_id": 8408017,
                        "trip_route_id": 52532686,
                        "type": "S_CHAIR",
                        "vat_amount": 0,
                        "vat_percent": 0
                    },
                    {
                        "destination_city_seq": 8,
                        "fare": "45.00",
                        "key": 8,
                        "origin_city_seq": 6,
                        "route_id": 25959,
                        "seat_counts": {
                            "is_divided": true,
                            "offline": 2,
                            "online": 3
                        },
                        "trip_id": 8408023,
                        "trip_route_id": 52533017,
                        "type": "SHOVAN",
                        "vat_amount": 0,
                        "vat_percent": 0
                    }
                ],
                "train_model": "767",
                "travel_time": "00h 27m",
                "trip_number": "DOLONCHAPA EXPRESS (767)"
            },
            {
                "arrival_date_time": "20 Mar, 04:28 pm",
                "boarding_points": [
                    {
                        "location_date": "20 Mar 2025",
                        "location_id": 2711,
                        "location_name": "Bonar_Para Station",
                        "location_time": "04:03 PM",
                        "trip_point_id": 107736949
                    }
                ],
                "departure_date_time": "20 Mar, 04:03 pm",
                "departure_date_time_jd": "Thu, 20 Mar 2025, 04:03 PM",
                "departure_full_date": "2025-03-20",
                "destination_city_name": "gaibandha",
                "is_eid_trip": 0,
                "is_from_city_international": false,
                "is_international": 0,
                "is_open_for_all": true,
                "origin_city_name": "bonar_para",
                "parent_route": {
                    "arrival_date": "2025-03-20",
                    "arrival_time": "18:10:00",
                    "departure_date": "2025-03-20",
                    "departure_time": "08:30:00",
                    "destination_city_name": "lalmonirhat",
                    "origin_city_name": "dhaka"
                },
                "seat_types": [
                    {
                        "destination_city_seq": 9,
                        "fare": "100.00",
                        "key": 3,
                        "origin_city_seq": 8,
                        "route_id": 26185,
                        "seat_counts": {
                            "is_divided": true,
                            "offline": 2,
                            "online": 3
                        },
                        "trip_id": 8408820,
                        "trip_route_id": 52559499,
                        "type": "SNIGDHA",
                        "vat_amount": 15,
                        "vat_percent": 15
                    },
                    {
                        "destination_city_seq": 9,
                        "fare": "50.00",
                        "key": 7,
                        "origin_city_seq": 8,
                        "route_id": 26185,
                        "seat_counts": {
                            "is_divided": true,
                            "offline": 17,
                            "online": 18
                        },
                        "trip_id": 8408825,
                        "trip_route_id": 52559748,
                        "type": "S_CHAIR",
                        "vat_amount": 0,
                        "vat_percent": 0
                    }
                ],
                "train_model": "809",
                "travel_time": "00h 25m",
                "trip_number": "BURIMARI EXPRESS (809)"
            },
            {
                "arrival_date_time": "20 Mar, 05:03 pm",
                "boarding_points": [
                    {
                        "location_date": "20 Mar 2025",
                        "location_id": 2711,
                        "location_name": "Bonar_Para Station",
                        "location_time": "04:40 PM",
                        "trip_point_id": 107738253
                    }
                ],
                "departure_date_time": "20 Mar, 04:40 pm",
                "departure_date_time_jd": "Thu, 20 Mar 2025, 04:40 PM",
                "departure_full_date": "2025-03-20",
                "destination_city_name": "gaibandha",
                "is_eid_trip": 0,
                "is_from_city_international": false,
                "is_international": 0,
                "is_open_for_all": true,
                "origin_city_name": "bonar_para",
                "parent_route": {
                    "arrival_date": "2025-03-20",
                    "arrival_time": "19:00:00",
                    "departure_date": "2025-03-20",
                    "departure_time": "09:10:00",
                    "destination_city_name": "rangpur",
                    "origin_city_name": "dhaka"
                },
                "seat_types": [
                    {
                        "destination_city_seq": 11,
                        "fare": "50.00",
                        "key": 7,
                        "origin_city_seq": 10,
                        "route_id": 26577,
                        "seat_counts": {
                            "is_divided": true,
                            "offline": 7,
                            "online": 8
                        },
                        "trip_id": 8408867,
                        "trip_route_id": 52562312,
                        "type": "S_CHAIR",
                        "vat_amount": 0,
                        "vat_percent": 0
                    }
                ],
                "train_model": "771",
                "travel_time": "00h 23m",
                "trip_number": "RANGPUR EXPRESS (771)"
            }
        ]
    },
    "extra": {
        "hash": "2913D4E613EE77BA81FCAB988D4D7E11"
    }
}