{
    "data": {
        "recommendations": [
            {
                "destination": "Jashore",
                "origin": "Chatmohar"
            },
            {
                "destination": "Mubarakganj",
                "origin": "Boral_bridge"
            }
        ],
        "selected_seat_class": "S_CHAIR",
        "trains": [
            {
                "arrival_date_time": "21 Mar, 03:07 am",
                "boarding_points": [
                    {
                        "location_date": "20 Mar 2025",
                        "location_id": 2706,
                        "location_name": "Boral_Bridge Station",
                        "location_time": "10:50 PM",
                        "trip_point_id": 107719666
                    }
                ],
                "departure_date_time": "20 Mar, 10:50 pm",
                "departure_date_time_jd": "Thu, 20 Mar 2025, 10:50 PM",
                "departure_full_date": "2025-03-20",
                "destination_city_name": "jashore",
                "is_eid_trip": 0,
                "is_from_city_international": false,
                "is_international": 0,
                "is_open_for_all": true,
                "origin_city_name": "boral_bridge",
                "parent_route": {
                    "arrival_date": "2025-03-21",
                    "arrival_time": "04:40:00",
                    "departure_date": "2025-03-20",
                    "departure_time": "19:30:00",
                    "destination_city_name": "khulna",
                    "origin_city_name": "dhaka"
                },
                "seat_types": [
                    {
                        "destination_city_seq": 21,
                        "fare": "445.00",
                        "key": 3,
                        "origin_city_seq": 10,
                        "route_id": 20637,
                        "seat_counts": {
                            "is_divided": true,
                            "offline": 0,
                            "online": 0
                        },
                        "trip_id": 8407982,
                        "trip_route_id": 52530671,
                        "type": "SNIGDHA",
                        "vat_amount": 67,
                        "vat_percent": 15
                    },
                    {
                        "destination_city_seq": 21,
                        "fare": "800.00",
                        "key": 1,
                        "origin_city_seq": 10,
                        "route_id": 20637,
                        "seat_counts": {
                            "is_divided": true,
                            "offline": 0,
                            "online": 0
                        },
                        "trip_id": 8408000,
                        "trip_route_id": 52531503,
                        "type": "AC_B",
                        "vat_amount": 120,
                        "vat_percent": 15
                    },
                    {
                        "destination_city_seq": 21,
                        "fare": "270.00",
                        "key": 7,
                        "origin_city_seq": 10,
                        "route_id": 20637,
                        "seat_counts": {
                            "is_divided": true,
                            "offline": 0,
                            "online": 0
                        },
                        "trip_id": 8408001,
                        "trip_route_id": 52531589,
                        "type": "S_CHAIR",
                        "vat_amount": 0,
                        "vat_percent": 0
                    }
                ],
                "train_model": "764",
                "travel_time": "04h 17m",
                "trip_number": "CHITRA EXPRESS (764)"
            }
        ]
    },
    "extra": {
        "hash": "2913D4E613EE77BA81FCAB988D4D7E11"
    }
}