{
    "data": {
        "recommendations": [],
        "selected_seat_class": "S_CHAIR",
        "trains": [
            {
                "arrival_date_time": "20 Mar, 01:10 pm",
                "boarding_points": [
                    {
                        "location_date": "20 Mar 2025",
                        "location_id": 2706,
                        "location_name": "Boral_Bridge Station",
                        "location_time": "09:17 AM",
                        "trip_point_id": 107718601
                    }
                ],
                "departure_date_time": "20 Mar, 09:17 am",
                "departure_date_time_jd": "Thu, 20 Mar 2025, 09:17 AM",
                "departure_full_date": "2025-03-20",
                "destination_city_name": "dhaka",
                "is_eid_trip": 0,
                "is_from_city_international": false,
                "is_international": 0,
                "is_open_for_all": true,
                "origin_city_name": "boral_bridge",
                "parent_route": {
                    "arrival_date": "2025-03-20",
                    "arrival_time": "13:10:00",
                    "departure_date": "2025-03-20",
                    "departure_time": "07:40:00",
                    "destination_city_name": "dhaka",
                    "origin_city_name": "rajshahi"
                },
                "seat_types": [
                    {
                        "destination_city_seq": 15,
                        "fare": "690.00",
                        "key": 2,
                        "origin_city_seq": 7,
                        "route_id": 19576,
                        "seat_counts": {
                            "is_divided": true,
                            "offline": 2,
                            "online": 2
                        },
                        "trip_id": 8407945,
                        "trip_route_id": 52528801,
                        "type": "AC_S",
                        "vat_amount": 104,
                        "vat_percent": 15
                    },
                    {
                        "destination_city_seq": 15,
                        "fare": "575.00",
                        "key": 3,
                        "origin_city_seq": 7,
                        "route_id": 19576,
                        "seat_counts": {
                            "is_divided": true,
                            "offline": 9,
                            "online": 10
                        },
                        "trip_id": 8407946,
                        "trip_route_id": 52528842,
                        "type": "SNIGDHA",
                        "vat_amount": 87,
                        "vat_percent": 15
                    },
                    {
                        "destination_city_seq": 15,
                        "fare": "345.00",
                        "key": 7,
                        "origin_city_seq": 7,
                        "route_id": 19576,
                        "seat_counts": {
                            "is_divided": true,
                            "offline": 13,
                            "online": 14
                        },
                        "trip_id": 8407947,
                        "trip_route_id": 52528883,
                        "type": "S_CHAIR",
                        "vat_amount": 0,
                        "vat_percent": 0
                    }
                ],
                "train_model": "754",
                "travel_time": "03h 53m",
                "trip_number": "SILKCITY EXPRESS (754)"
            },
            {
                "arrival_date_time": "20 Mar, 06:05 pm",
                "boarding_points": [
                    {
                        "location_date": "20 Mar 2025",
                        "location_id": 2706,
                        "location_name": "Boral_Bridge Station",
                        "location_time": "02:09 PM",
                        "trip_point_id": 107719627
                    }
                ],
                "departure_date_time": "20 Mar, 02:09 pm",
                "departure_date_time_jd": "Thu, 20 Mar 2025, 02:09 PM",
                "departure_full_date": "2025-03-20",
                "destination_city_name": "dhaka",
                "is_eid_trip": 0,
                "is_from_city_international": false,
                "is_international": 0,
                "is_open_for_all": true,
                "origin_city_name": "boral_bridge",
                "parent_route": {
                    "arrival_date": "2025-03-20",
                    "arrival_time": "18:05:00",
                    "departure_date": "2025-03-20",
                    "departure_time": "09:00:00",
                    "destination_city_name": "dhaka",
                    "origin_city_name": "khulna"
                },
                "seat_types": [
                    {
                        "destination_city_seq": 23,
                        "fare": "575.00",
                        "key": 3,
                        "origin_city_seq": 15,
                        "route_id": 20722,
                        "seat_counts": {
                            "is_divided": true,
                            "offline": 2,
                            "online": 3
                        },
                        "trip_id": 8407981,
                        "trip_route_id": 52530582,
                        "type": "SNIGDHA",
                        "vat_amount": 87,
                        "vat_percent": 15
                    },
                    {
                        "destination_city_seq": 23,
                        "fare": "690.00",
                        "key": 2,
                        "origin_city_seq": 15,
                        "route_id": 20722,
                        "seat_counts": {
                            "is_divided": true,
                            "offline": 0,
                            "online": 0
                        },
                        "trip_id": 8407995,
                        "trip_route_id": 52531154,
                        "type": "AC_S",
                        "vat_amount": 104,
                        "vat_percent": 15
                    },
                    {
                        "destination_city_seq": 23,
                        "fare": "345.00",
                        "key": 7,
                        "origin_city_seq": 15,
                        "route_id": 20722,
                        "seat_counts": {
                            "is_divided": true,
                            "offline": 0,
                            "online": 0
                        },
                        "trip_id": 8407998,
                        "trip_route_id": 52531367,
                        "type": "S_CHAIR",
                        "vat_amount": 0,
                        "vat_percent": 0
                    }
                ],
                "train_model": "763",
                "travel_time": "03h 56m",
                "trip_number": "CHITRA EXPRESS (763)"
            },
            {
                "arrival_date_time": "20 Mar, 07:45 pm",
                "boarding_points": [
                    {
                        "location_date": "20 Mar 2025",
                        "location_id": 2706,
                        "location_name": "Boral_Bridge Station",
                        "location_time": "03:39 PM",
                        "trip_point_id": 107718869
                    }
                ],
                "departure_date_time": "20 Mar, 03:39 pm",
                "departure_date_time_jd": "Thu, 20 Mar 2025, 03:39 PM",
                "departure_full_date": "2025-03-20",
                "destination_city_name": "dhaka",
                "is_eid_trip": 0,
                "is_from_city_international": false,
                "is_international": 0,
                "is_open_for_all": true,
                "origin_city_name": "boral_bridge",
                "parent_route": {
                    "arrival_date": "2025-03-20",
                    "arrival_time": "19:45:00",
                    "departure_date": "2025-03-20",
                    "departure_time": "09:50:00",
                    "destination_city_name": "dhaka",
                    "origin_city_name": "lalmonirhat"
                },
                "seat_types": [
                    {
                        "destination_city_seq": 19,
                        "fare": "690.00",
                        "key": 2,
                        "origin_city_seq": 13,
                        "route_id": 19678,
                        "seat_counts": {
                            "is_divided": true,
                            "offline": 0,
                            "online": 0
                        },
                        "trip_id": 8407956,
                        "trip_route_id": 52529203,
                        "type": "AC_S",
                        "vat_amount": 104,
                        "vat_percent": 15
                    },
                    {
                        "destination_city_seq": 19,
                        "fare": "575.00",
                        "key": 3,
                        "origin_city_seq": 13,
                        "route_id": 19678,
                        "seat_counts": {
                            "is_divided": true,
                            "offline": 0,
                            "online": 0
                        },
                        "trip_id": 8407957,
                        "trip_route_id": 52529239,
                        "type": "SNIGDHA",
                        "vat_amount": 87,
                        "vat_percent": 15
                    },
                    {
                        "destination_city_seq": 19,
                        "fare": "345.00",
                        "key": 7,
                        "origin_city_seq": 13,
                        "route_id": 19678,
                        "seat_counts": {
                            "is_divided": true,
                            "offline": 2,
                            "online": 3
                        },
                        "trip_id": 8407958,
                        "trip_route_id": 52529284,
                        "type": "S_CHAIR",
                        "vat_amount": 0,
                        "vat_percent": 0
                    }
                ],
                "train_model": "752",
                "travel_time": "04h 06m",
                "trip_number": "LALMONI EXPRESS (752)"
            },
            {
                "arrival_date_time": "20 Mar, 09:15 pm",
                "boarding_points": [
                    {
                        "location_date": "20 Mar 2025",
                        "location_id": 2706,
                        "location_name": "Boral_Bridge Station",
                        "location_time": "05:40 PM",
                        "trip_point_id": 107718478
                    }
                ],
                "departure_date_time": "20 Mar, 05:40 pm",
                "departure_date_time_jd": "Thu, 20 Mar 2025, 05:40 PM",
                "departure_full_date": "2025-03-20",
                "destination_city_name": "dhaka",
                "is_eid_trip": 0,
                "is_from_city_international": false,
                "is_international": 0,
                "is_open_for_all": true,
                "origin_city_name": "boral_bridge",
                "parent_route": {
                    "arrival_date": "2025-03-20",
                    "arrival_time": "21:15:00",
                    "departure_date": "2025-03-20",
                    "departure_time": "16:00:00",
                    "destination_city_name": "dhaka",
                    "origin_city_name": "rajshahi"
                },
                "seat_types": [
                    {
                        "destination_city_seq": 15,
                        "fare": "575.00",
                        "key": 3,
                        "origin_city_seq": 7,
                        "route_id": 19576,
                        "seat_counts": {
                            "is_divided": true,
                            "offline": 2,
                            "online": 2
                        },
                        "trip_id": 8407940,
                        "trip_route_id": 52528576,
                        "type": "SNIGDHA",
                        "vat_amount": 87,
                        "vat_percent": 15
                    },
                    {
                        "destination_city_seq": 15,
                        "fare": "345.00",
                        "key": 7,
                        "origin_city_seq": 7,
                        "route_id": 19576,
                        "seat_counts": {
                            "is_divided": true,
                            "offline": 10,
                            "online": 10
                        },
                        "trip_id": 8407941,
                        "trip_route_id": 52528615,
                        "type": "S_CHAIR",
                        "vat_amount": 0,
                        "vat_percent": 0
                    },
                    {
                        "destination_city_seq": 15,
                        "fare": "690.00",
                        "key": 2,
                        "origin_city_seq": 7,
                        "route_id": 19576,
                        "seat_counts": {
                            "is_divided": true,
                            "offline": 0,
                            "online": 0
                        },
                        "trip_id": 8408006,
                        "trip_route_id": 52531956,
                        "type": "AC_S",
                        "vat_amount": 104,
                        "vat_percent": 15
                    }
                ],
                "train_model": "760",
                "travel_time": "03h 35m",
                "trip_number": "PADMA EXPRESS (760)"
            }
        ]
    },
    "extra": {
        "hash": "2913D4E613EE77BA81FCAB988D4D7E11"
    }
}