{
    "data": {
        "recommendations": [],
        "selected_seat_class": "S_CHAIR",
        "trains": [
            {
                "arrival_date_time": "20 Mar, 02:48 am",
                "boarding_points": [
                    {
                        "location_date": "20 Mar 2025",
                        "location_id": 2706,
                        "location_name": "Boral_Bridge Station",
                        "location_time": "01:53 AM",
                        "trip_point_id": 107708883
                    }
                ],
                "departure_date_time": "20 Mar, 01:53 am",
                "departure_date_time_jd": "Thu, 20 Mar 2025, 01:53 AM",
                "departure_full_date": "2025-03-20",
                "destination_city_name": "abdulpur",
                "is_eid_trip": 0,
                "is_from_city_international": false,
                "is_international": 0,
                "is_open_for_all": true,
                "origin_city_name": "boral_bridge",
                "parent_route": {
                    "arrival_date": "2025-03-20",
                    "arrival_time": "04:00:00",
                    "departure_date": "2025-03-19",
                    "departure_time": "22:45:00",
                    "destination_city_name": "rajshahi",
                    "origin_city_name": "dhaka"
                },
                "seat_types": [
                    {
                        "destination_city_seq": 13,
                        "fare": "320.00",
                        "key": 1,
                        "origin_city_seq": 10,
                        "route_id": 23358,
                        "seat_counts": {
                            "is_divided": true,
                            "offline": 0,
                            "online": 0
                        },
                        "trip_id": 8407508,
                        "trip_route_id": 52509857,
                        "type": "AC_B",
                        "vat_amount": 48,
                        "vat_percent": 15
                    },
                    {
                        "destination_city_seq": 13,
                        "fare": "180.00",
                        "key": 3,
                        "origin_city_seq": 10,
                        "route_id": 23358,
                        "seat_counts": {
                            "is_divided": true,
                            "offline": 0,
                            "online": 0
                        },
                        "trip_id": 8407509,
                        "trip_route_id": 52509904,
                        "type": "SNIGDHA",
                        "vat_amount": 27,
                        "vat_percent": 15
                    },
                    {
                        "destination_city_seq": 13,
                        "fare": "110.00",
                        "key": 7,
                        "origin_city_seq": 10,
                        "route_id": 23358,
                        "seat_counts": {
                            "is_divided": true,
                            "offline": 0,
                            "online": 0
                        },
                        "trip_id": 8407510,
                        "trip_route_id": 52509951,
                        "type": "S_CHAIR",
                        "vat_amount": 0,
                        "vat_percent": 0
                    }
                ],
                "train_model": "759",
                "travel_time": "00h 55m",
                "trip_number": "PADMA EXPRESS (759)"
            },
            {
                "arrival_date_time": "20 Mar, 07:06 pm",
                "boarding_points": [
                    {
                        "location_date": "20 Mar 2025",
                        "location_id": 2706,
                        "location_name": "Boral_Bridge Station",
                        "location_time": "06:09 PM",
                        "trip_point_id": 107718576
                    }
                ],
                "departure_date_time": "20 Mar, 06:09 pm",
                "departure_date_time_jd": "Thu, 20 Mar 2025, 06:09 PM",
                "departure_full_date": "2025-03-20",
                "destination_city_name": "abdulpur",
                "is_eid_trip": 0,
                "is_from_city_international": false,
                "is_international": 0,
                "is_open_for_all": true,
                "origin_city_name": "boral_bridge",
                "parent_route": {
                    "arrival_date": "2025-03-20",
                    "arrival_time": "20:20:00",
                    "departure_date": "2025-03-20",
                    "departure_time": "14:30:00",
                    "destination_city_name": "rajshahi",
                    "origin_city_name": "dhaka"
                },
                "seat_types": [
                    {
                        "destination_city_seq": 13,
                        "fare": "110.00",
                        "key": 7,
                        "origin_city_seq": 10,
                        "route_id": 23358,
                        "seat_counts": {
                            "is_divided": true,
                            "offline": 5,
                            "online": 5
                        },
                        "trip_id": 8407944,
                        "trip_route_id": 52528766,
                        "type": "S_CHAIR",
                        "vat_amount": 0,
                        "vat_percent": 0
                    }
                ],
                "train_model": "753",
                "travel_time": "00h 57m",
                "trip_number": "SILKCITY EXPRESS (753)"
            }
        ]
    },
    "extra": {
        "hash": "2913D4E613EE77BA81FCAB988D4D7E11"
    }
}