{
    "data": {
        "recommendations": [
            {
                "destination": "Laksam",
                "origin": "Akhaura"
            },
            {
                "destination": "Cumilla",
                "origin": "Brahmanbaria"
            }
        ],
        "selected_seat_class": "S_CHAIR",
        "trains": [
            {
                "arrival_date_time": "20 Mar, 06:04 pm",
                "boarding_points": [
                    {
                        "location_date": "20 Mar 2025",
                        "location_id": 2826,
                        "location_name": "Brahmanbaria Station",
                        "location_time": "04:23 PM",
                        "trip_point_id": 107718136
                    }
                ],
                "departure_date_time": "20 Mar, 04:23 pm",
                "departure_date_time_jd": "Thu, 20 Mar 2025, 04:23 PM",
                "departure_full_date": "2025-03-20",
                "destination_city_name": "laksam",
                "is_eid_trip": 0,
                "is_from_city_international": false,
                "is_international": 0,
                "is_open_for_all": true,
                "origin_city_name": "brahmanbaria",
                "parent_route": {
                    "arrival_date": "2025-03-20",
                    "arrival_time": "20:30:00",
                    "departure_date": "2025-03-20",
                    "departure_time": "14:15:00",
                    "destination_city_name": "chattogram",
                    "origin_city_name": "dhaka"
                },
                "seat_types": [
                    {
                        "destination_city_seq": 11,
                        "fare": "105.00",
                        "key": 7,
                        "origin_city_seq": 6,
                        "route_id": 22969,
                        "seat_counts": {
                            "is_divided": true,
                            "offline": 0,
                            "online": 0
                        },
                        "trip_id": 8407905,
                        "trip_route_id": 52528157,
                        "type": "S_CHAIR",
                        "vat_amount": 0,
                        "vat_percent": 0
                    }
                ],
                "train_model": "802",
                "travel_time": "01h 41m",
                "trip_number": "CHATTALA EXPRESS (802)"
            }
        ]
    },
    "extra": {
        "hash": "2913D4E613EE77BA81FCAB988D4D7E11"
    }
}