{
    "data": {
        "recommendations": [],
        "selected_seat_class": "S_CHAIR",
        "trains": [
            {
                "arrival_date_time": "20 Mar, 09:30 am",
                "boarding_points": [
                    {
                        "location_date": "20 Mar 2025",
                        "location_id": 2826,
                        "location_name": "Brahmanbaria Station",
                        "location_time": "09:15 AM",
                        "trip_point_id": 107715767
                    }
                ],
                "departure_date_time": "20 Mar, 09:15 am",
                "departure_date_time_jd": "Thu, 20 Mar 2025, 09:15 AM",
                "departure_full_date": "2025-03-20",
                "destination_city_name": "ashuganj",
                "is_eid_trip": 0,
                "is_from_city_international": false,
                "is_international": 0,
                "is_open_for_all": true,
                "origin_city_name": "brahmanbaria",
                "parent_route": {
                    "arrival_date": "2025-03-20",
                    "arrival_time": "11:20:00",
                    "departure_date": "2025-03-20",
                    "departure_time": "06:00:00",
                    "destination_city_name": "dhaka",
                    "origin_city_name": "noakhali"
                },
                "seat_types": [
                    {
                        "destination_city_seq": 12,
                        "fare": "100.00",
                        "key": 3,
                        "origin_city_seq": 11,
                        "route_id": 22254,
                        "seat_counts": {
                            "is_divided": true,
                            "offline": 0,
                            "online": 0
                        },
                        "trip_id": 8407771,
                        "trip_route_id": 52524762,
                        "type": "SNIGDHA",
                        "vat_amount": 15,
                        "vat_percent": 15
                    },
                    {
                        "destination_city_seq": 12,
                        "fare": "50.00",
                        "key": 7,
                        "origin_city_seq": 11,
                        "route_id": 22254,
                        "seat_counts": {
                            "is_divided": true,
                            "offline": 5,
                            "online": 5
                        },
                        "trip_id": 8407772,
                        "trip_route_id": 52524833,
                        "type": "S_CHAIR",
                        "vat_amount": 0,
                        "vat_percent": 0
                    }
                ],
                "train_model": "711",
                "travel_time": "00h 15m",
                "trip_number": "UPAKUL EXPRESS (711)"
            }
        ]
    },
    "extra": {
        "hash": "2913D4E613EE77BA81FCAB988D4D7E11"
    }
}