{
    "data": {
        "recommendations": [],
        "selected_seat_class": "S_CHAIR",
        "trains": [
            {
                "arrival_date_time": "20 Mar, 05:15 am",
                "boarding_points": [
                    {
                        "location_date": "20 Mar 2025",
                        "location_id": 2826,
                        "location_name": "Brahmanbaria Station",
                        "location_time": "01:16 AM",
                        "trip_point_id": 107707602
                    }
                ],
                "departure_date_time": "20 Mar, 01:16 am",
                "departure_date_time_jd": "Thu, 20 Mar 2025, 01:16 AM",
                "departure_full_date": "2025-03-20",
                "destination_city_name": "chattogram",
                "is_eid_trip": 0,
                "is_from_city_international": false,
                "is_international": 0,
                "is_open_for_all": true,
                "origin_city_name": "brahmanbaria",
                "parent_route": {
                    "arrival_date": "2025-03-20",
                    "arrival_time": "05:15:00",
                    "departure_date": "2025-03-19",
                    "departure_time": "23:15:00",
                    "destination_city_name": "chattogram",
                    "origin_city_name": "dhaka"
                },
                "seat_types": [
                    {
                        "destination_city_seq": 9,
                        "fare": "260.00",
                        "key": 7,
                        "origin_city_seq": 4,
                        "route_id": 22837,
                        "seat_counts": {
                            "is_divided": true,
                            "offline": 23,
                            "online": 23
                        },
                        "trip_id": 8407421,
                        "trip_route_id": 52508078,
                        "type": "S_CHAIR",
                        "vat_amount": 0,
                        "vat_percent": 0
                    },
                    {
                        "destination_city_seq": 9,
                        "fare": "515.00",
                        "key": 4,
                        "origin_city_seq": 4,
                        "route_id": 22837,
                        "seat_counts": {
                            "is_divided": true,
                            "offline": 0,
                            "online": 0
                        },
                        "trip_id": 8407422,
                        "trip_route_id": 52508092,
                        "type": "F_BERTH",
                        "vat_amount": 78,
                        "vat_percent": 15
                    },
                    {
                        "destination_city_seq": 9,
                        "fare": "775.00",
                        "key": 1,
                        "origin_city_seq": 4,
                        "route_id": 22837,
                        "seat_counts": {
                            "is_divided": true,
                            "offline": 0,
                            "online": 0
                        },
                        "trip_id": 8407423,
                        "trip_route_id": 52508106,
                        "type": "AC_B",
                        "vat_amount": 117,
                        "vat_percent": 15
                    },
                    {
                        "destination_city_seq": 9,
                        "fare": "430.00",
                        "key": 3,
                        "origin_city_seq": 4,
                        "route_id": 22837,
                        "seat_counts": {
                            "is_divided": true,
                            "offline": 2,
                            "online": 3
                        },
                        "trip_id": 8407424,
                        "trip_route_id": 52508121,
                        "type": "SNIGDHA",
                        "vat_amount": 65,
                        "vat_percent": 15
                    }
                ],
                "train_model": "742",
                "travel_time": "03h 59m",
                "trip_number": "TURNA (742)"
            },
            {
                "arrival_date_time": "20 Mar, 01:35 pm",
                "boarding_points": [
                    {
                        "location_date": "20 Mar 2025",
                        "location_id": 2826,
                        "location_name": "Brahmanbaria Station",
                        "location_time": "09:43 AM",
                        "trip_point_id": 107715395
                    }
                ],
                "departure_date_time": "20 Mar, 09:43 am",
                "departure_date_time_jd": "Thu, 20 Mar 2025, 09:43 AM",
                "departure_full_date": "2025-03-20",
                "destination_city_name": "chattogram",
                "is_eid_trip": 0,
                "is_from_city_international": false,
                "is_international": 0,
                "is_open_for_all": true,
                "origin_city_name": "brahmanbaria",
                "parent_route": {
                    "arrival_date": "2025-03-20",
                    "arrival_time": "13:35:00",
                    "departure_date": "2025-03-20",
                    "departure_time": "07:45:00",
                    "destination_city_name": "chattogram",
                    "origin_city_name": "dhaka"
                },
                "seat_types": [
                    {
                        "destination_city_seq": 10,
                        "fare": "260.00",
                        "key": 7,
                        "origin_city_seq": 4,
                        "route_id": 22056,
                        "seat_counts": {
                            "is_divided": true,
                            "offline": 15,
                            "online": 15
                        },
                        "trip_id": 8407751,
                        "trip_route_id": 52524141,
                        "type": "S_CHAIR",
                        "vat_amount": 0,
                        "vat_percent": 0
                    },
                    {
                        "destination_city_seq": 10,
                        "fare": "345.00",
                        "key": 5,
                        "origin_city_seq": 4,
                        "route_id": 22056,
                        "seat_counts": {
                            "is_divided": true,
                            "offline": 0,
                            "online": 0
                        },
                        "trip_id": 8407752,
                        "trip_route_id": 52524166,
                        "type": "F_SEAT",
                        "vat_amount": 52,
                        "vat_percent": 15
                    },
                    {
                        "destination_city_seq": 10,
                        "fare": "515.00",
                        "key": 2,
                        "origin_city_seq": 4,
                        "route_id": 22056,
                        "seat_counts": {
                            "is_divided": true,
                            "offline": 2,
                            "online": 3
                        },
                        "trip_id": 8407753,
                        "trip_route_id": 52524191,
                        "type": "AC_S",
                        "vat_amount": 78,
                        "vat_percent": 15
                    },
                    {
                        "destination_city_seq": 10,
                        "fare": "430.00",
                        "key": 3,
                        "origin_city_seq": 4,
                        "route_id": 22056,
                        "seat_counts": {
                            "is_divided": true,
                            "offline": 3,
                            "online": 4
                        },
                        "trip_id": 8407754,
                        "trip_route_id": 52524216,
                        "type": "SNIGDHA",
                        "vat_amount": 65,
                        "vat_percent": 15
                    }
                ],
                "train_model": "704",
                "travel_time": "03h 52m",
                "trip_number": "MAHANAGAR PROVATI (704)"
            },
            {
                "arrival_date_time": "20 Mar, 08:30 pm",
                "boarding_points": [
                    {
                        "location_date": "20 Mar 2025",
                        "location_id": 2826,
                        "location_name": "Brahmanbaria Station",
                        "location_time": "04:23 PM",
                        "trip_point_id": 107718103
                    }
                ],
                "departure_date_time": "20 Mar, 04:23 pm",
                "departure_date_time_jd": "Thu, 20 Mar 2025, 04:23 PM",
                "departure_full_date": "2025-03-20",
                "destination_city_name": "chattogram",
                "is_eid_trip": 0,
                "is_from_city_international": false,
                "is_international": 0,
                "is_open_for_all": true,
                "origin_city_name": "brahmanbaria",
                "parent_route": {
                    "arrival_date": "2025-03-20",
                    "arrival_time": "20:30:00",
                    "departure_date": "2025-03-20",
                    "departure_time": "14:15:00",
                    "destination_city_name": "chattogram",
                    "origin_city_name": "dhaka"
                },
                "seat_types": [
                    {
                        "destination_city_seq": 16,
                        "fare": "430.00",
                        "key": 3,
                        "origin_city_seq": 6,
                        "route_id": 22971,
                        "seat_counts": {
                            "is_divided": true,
                            "offline": 12,
                            "online": 13
                        },
                        "trip_id": 8407903,
                        "trip_route_id": 52528117,
                        "type": "SNIGDHA",
                        "vat_amount": 65,
                        "vat_percent": 15
                    },
                    {
                        "destination_city_seq": 16,
                        "fare": "515.00",
                        "key": 2,
                        "origin_city_seq": 6,
                        "route_id": 22971,
                        "seat_counts": {
                            "is_divided": true,
                            "offline": 2,
                            "online": 3
                        },
                        "trip_id": 8407904,
                        "trip_route_id": 52528132,
                        "type": "AC_S",
                        "vat_amount": 78,
                        "vat_percent": 15
                    },
                    {
                        "destination_city_seq": 16,
                        "fare": "260.00",
                        "key": 7,
                        "origin_city_seq": 6,
                        "route_id": 22971,
                        "seat_counts": {
                            "is_divided": true,
                            "offline": 6,
                            "online": 6
                        },
                        "trip_id": 8407905,
                        "trip_route_id": 52528154,
                        "type": "S_CHAIR",
                        "vat_amount": 0,
                        "vat_percent": 0
                    }
                ],
                "train_model": "802",
                "travel_time": "04h 07m",
                "trip_number": "CHATTALA EXPRESS (802)"
            },
            {
                "arrival_date_time": "21 Mar, 03:30 am",
                "boarding_points": [
                    {
                        "location_date": "20 Mar 2025",
                        "location_id": 2826,
                        "location_name": "Brahmanbaria Station",
                        "location_time": "11:31 PM",
                        "trip_point_id": 107716209
                    }
                ],
                "departure_date_time": "20 Mar, 11:31 pm",
                "departure_date_time_jd": "Thu, 20 Mar 2025, 11:31 PM",
                "departure_full_date": "2025-03-20",
                "destination_city_name": "chattogram",
                "is_eid_trip": 0,
                "is_from_city_international": false,
                "is_international": 0,
                "is_open_for_all": true,
                "origin_city_name": "brahmanbaria",
                "parent_route": {
                    "arrival_date": "2025-03-21",
                    "arrival_time": "03:30:00",
                    "departure_date": "2025-03-20",
                    "departure_time": "21:20:00",
                    "destination_city_name": "chattogram",
                    "origin_city_name": "dhaka"
                },
                "seat_types": [
                    {
                        "destination_city_seq": 14,
                        "fare": "260.00",
                        "key": 7,
                        "origin_city_seq": 6,
                        "route_id": 22532,
                        "seat_counts": {
                            "is_divided": true,
                            "offline": 30,
                            "online": 31
                        },
                        "trip_id": 8407787,
                        "trip_route_id": 52525430,
                        "type": "S_CHAIR",
                        "vat_amount": 0,
                        "vat_percent": 0
                    },
                    {
                        "destination_city_seq": 14,
                        "fare": "775.00",
                        "key": 1,
                        "origin_city_seq": 6,
                        "route_id": 22532,
                        "seat_counts": {
                            "is_divided": true,
                            "offline": 0,
                            "online": 0
                        },
                        "trip_id": 8407788,
                        "trip_route_id": 52525455,
                        "type": "AC_B",
                        "vat_amount": 117,
                        "vat_percent": 15
                    },
                    {
                        "destination_city_seq": 14,
                        "fare": "430.00",
                        "key": 3,
                        "origin_city_seq": 6,
                        "route_id": 22532,
                        "seat_counts": {
                            "is_divided": true,
                            "offline": 5,
                            "online": 5
                        },
                        "trip_id": 8407789,
                        "trip_route_id": 52525482,
                        "type": "SNIGDHA",
                        "vat_amount": 65,
                        "vat_percent": 15
                    }
                ],
                "train_model": "722",
                "travel_time": "03h 59m",
                "trip_number": "MOHANAGAR EXPRESS (722)"
            }
        ]
    },
    "extra": {
        "hash": "2913D4E613EE77BA81FCAB988D4D7E11"
    }
}