{
    "data": {
        "recommendations": [],
        "selected_seat_class": "S_CHAIR",
        "trains": [
            {
                "arrival_date_time": "20 Mar, 07:28 pm",
                "boarding_points": [
                    {
                        "location_date": "20 Mar 2025",
                        "location_id": 2786,
                        "location_name": "Burimari Station",
                        "location_time": "04:20 PM",
                        "trip_point_id": 107720591
                    }
                ],
                "departure_date_time": "20 Mar, 04:20 pm",
                "departure_date_time_jd": "Thu, 20 Mar 2025, 04:20 PM",
                "departure_full_date": "2025-03-20",
                "destination_city_name": "pirgacha",
                "is_eid_trip": 0,
                "is_from_city_international": false,
                "is_international": 0,
                "is_open_for_all": true,
                "origin_city_name": "burimari",
                "parent_route": {
                    "arrival_date": "2025-03-20",
                    "arrival_time": "22:40:00",
                    "departure_date": "2025-03-20",
                    "departure_time": "16:20:00",
                    "destination_city_name": "santahar",
                    "origin_city_name": "burimari"
                },
                "seat_types": [
                    {
                        "destination_city_seq": 11,
                        "fare": "135.00",
                        "key": 7,
                        "origin_city_seq": 1,
                        "route_id": 21206,
                        "seat_counts": {
                            "is_divided": true,
                            "offline": 7,
                            "online": 8
                        },
                        "trip_id": 8408015,
                        "trip_route_id": 52532451,
                        "type": "S_CHAIR",
                        "vat_amount": 0,
                        "vat_percent": 0
                    }
                ],
                "train_model": "714",
                "travel_time": "03h 08m",
                "trip_number": "KOROTOA EXPRESS (714)"
            }
        ]
    },
    "extra": {
        "hash": "2913D4E613EE77BA81FCAB988D4D7E11"
    }
}