{
    "data": {
        "recommendations": [],
        "selected_seat_class": "S_CHAIR",
        "trains": [
            {
                "arrival_date_time": "20 Mar, 07:03 am",
                "boarding_points": [
                    {
                        "location_date": "20 Mar 2025",
                        "location_id": 2869,
                        "location_name": "Chandpur Station",
                        "location_time": "05:00 AM",
                        "trip_point_id": 107716447
                    }
                ],
                "departure_date_time": "20 Mar, 05:00 am",
                "departure_date_time_jd": "Thu, 20 Mar 2025, 05:00 AM",
                "departure_full_date": "2025-03-20",
                "destination_city_name": "hasanpur",
                "is_eid_trip": 0,
                "is_from_city_international": false,
                "is_international": 0,
                "is_open_for_all": true,
                "origin_city_name": "chandpur",
                "parent_route": {
                    "arrival_date": "2025-03-20",
                    "arrival_time": "09:00:00",
                    "departure_date": "2025-03-20",
                    "departure_time": "05:00:00",
                    "destination_city_name": "chattogram",
                    "origin_city_name": "chandpur"
                },
                "seat_types": [
                    {
                        "destination_city_seq": 12,
                        "fare": "115.00",
                        "key": 6,
                        "origin_city_seq": 1,
                        "route_id": 22649,
                        "seat_counts": {
                            "is_divided": true,
                            "offline": 0,
                            "online": 0
                        },
                        "trip_id": 8407800,
                        "trip_route_id": 52525815,
                        "type": "F_CHAIR",
                        "vat_amount": 18,
                        "vat_percent": 15
                    },
                    {
                        "destination_city_seq": 12,
                        "fare": "75.00",
                        "key": 8,
                        "origin_city_seq": 1,
                        "route_id": 22649,
                        "seat_counts": {
                            "is_divided": true,
                            "offline": 10,
                            "online": 10
                        },
                        "trip_id": 8407801,
                        "trip_route_id": 52525854,
                        "type": "SHOVAN",
                        "vat_amount": 0,
                        "vat_percent": 0
                    },
                    {
                        "destination_city_seq": 12,
                        "fare": "85.00",
                        "key": 7,
                        "origin_city_seq": 1,
                        "route_id": 22649,
                        "seat_counts": {
                            "is_divided": true,
                            "offline": 0,
                            "online": 0
                        },
                        "trip_id": 8407802,
                        "trip_route_id": 52525891,
                        "type": "S_CHAIR",
                        "vat_amount": 0,
                        "vat_percent": 0
                    },
                    {
                        "destination_city_seq": 12,
                        "fare": "115.00",
                        "key": 5,
                        "origin_city_seq": 1,
                        "route_id": 22649,
                        "seat_counts": {
                            "is_divided": true,
                            "offline": 0,
                            "online": 0
                        },
                        "trip_id": 8407803,
                        "trip_route_id": 52525928,
                        "type": "F_SEAT",
                        "vat_amount": 18,
                        "vat_percent": 15
                    }
                ],
                "train_model": "730",
                "travel_time": "02h 03m",
                "trip_number": "MEGHNA EXPRESS (730)"
            }
        ]
    },
    "extra": {
        "hash": "2913D4E613EE77BA81FCAB988D4D7E11"
    }
}