{
    "data": {
        "recommendations": [
            {
                "destination": "Chandpur_court",
                "origin": "Kumira"
            },
            {
                "destination": "Modhu_road",
                "origin": "Chattogram"
            }
        ],
        "selected_seat_class": "S_CHAIR",
        "trains": [
            {
                "arrival_date_time": "20 Mar, 09:08 pm",
                "boarding_points": [
                    {
                        "location_date": "20 Mar 2025",
                        "location_id": 2820,
                        "location_name": "Chattogram Station",
                        "location_time": "05:15 PM",
                        "trip_point_id": 107716369
                    }
                ],
                "departure_date_time": "20 Mar, 05:15 pm",
                "departure_date_time_jd": "Thu, 20 Mar 2025, 05:15 PM",
                "departure_full_date": "2025-03-20",
                "destination_city_name": "chandpur_court",
                "is_eid_trip": 0,
                "is_from_city_international": false,
                "is_international": 0,
                "is_open_for_all": true,
                "origin_city_name": "chattogram",
                "parent_route": {
                    "arrival_date": "2025-03-20",
                    "arrival_time": "21:25:00",
                    "departure_date": "2025-03-20",
                    "departure_time": "17:15:00",
                    "destination_city_name": "chandpur",
                    "origin_city_name": "chattogram"
                },
                "seat_types": [
                    {
                        "destination_city_seq": 15,
                        "fare": "290.00",
                        "key": 6,
                        "origin_city_seq": 1,
                        "route_id": 22614,
                        "seat_counts": {
                            "is_divided": true,
                            "offline": 0,
                            "online": 0
                        },
                        "trip_id": 8407796,
                        "trip_route_id": 52525670,
                        "type": "F_CHAIR",
                        "vat_amount": 44,
                        "vat_percent": 15
                    },
                    {
                        "destination_city_seq": 15,
                        "fare": "220.00",
                        "key": 7,
                        "origin_city_seq": 1,
                        "route_id": 22614,
                        "seat_counts": {
                            "is_divided": true,
                            "offline": 0,
                            "online": 0
                        },
                        "trip_id": 8407797,
                        "trip_route_id": 52525706,
                        "type": "S_CHAIR",
                        "vat_amount": 0,
                        "vat_percent": 0
                    },
                    {
                        "destination_city_seq": 15,
                        "fare": "180.00",
                        "key": 8,
                        "origin_city_seq": 1,
                        "route_id": 22614,
                        "seat_counts": {
                            "is_divided": true,
                            "offline": 0,
                            "online": 0
                        },
                        "trip_id": 8407798,
                        "trip_route_id": 52525743,
                        "type": "SHOVAN",
                        "vat_amount": 0,
                        "vat_percent": 0
                    },
                    {
                        "destination_city_seq": 15,
                        "fare": "290.00",
                        "key": 5,
                        "origin_city_seq": 1,
                        "route_id": 22614,
                        "seat_counts": {
                            "is_divided": true,
                            "offline": 0,
                            "online": 0
                        },
                        "trip_id": 8407799,
                        "trip_route_id": 52525780,
                        "type": "F_SEAT",
                        "vat_amount": 44,
                        "vat_percent": 15
                    }
                ],
                "train_model": "729",
                "travel_time": "03h 53m",
                "trip_number": "MEGHNA EXPRESS (729)"
            }
        ]
    },
    "extra": {
        "hash": "2913D4E613EE77BA81FCAB988D4D7E11"
    }
}