{
    "data": {
        "recommendations": [],
        "selected_seat_class": "S_CHAIR",
        "trains": [
            {
                "arrival_date_time": "20 Mar, 10:50 am",
                "boarding_points": [
                    {
                        "location_date": "20 Mar 2025",
                        "location_id": 2820,
                        "location_name": "Chattogram Station",
                        "location_time": "06:00 AM",
                        "trip_point_id": 107718041
                    }
                ],
                "departure_date_time": "20 Mar, 06:00 am",
                "departure_date_time_jd": "Thu, 20 Mar 2025, 06:00 AM",
                "departure_full_date": "2025-03-20",
                "destination_city_name": "bhairab_bazar",
                "is_eid_trip": 0,
                "is_from_city_international": false,
                "is_international": 0,
                "is_open_for_all": true,
                "origin_city_name": "chattogram",
                "parent_route": {
                    "arrival_date": "2025-03-20",
                    "arrival_time": "12:40:00",
                    "departure_date": "2025-03-20",
                    "departure_time": "06:00:00",
                    "destination_city_name": "dhaka",
                    "origin_city_name": "chattogram"
                },
                "seat_types": [
                    {
                        "destination_city_seq": 12,
                        "fare": "510.00",
                        "key": 3,
                        "origin_city_seq": 1,
                        "route_id": 22873,
                        "seat_counts": {
                            "is_divided": true,
                            "offline": 15,
                            "online": 15
                        },
                        "trip_id": 8407900,
                        "trip_route_id": 52528033,
                        "type": "SNIGDHA",
                        "vat_amount": 77,
                        "vat_percent": 15
                    },
                    {
                        "destination_city_seq": 12,
                        "fare": "310.00",
                        "key": 7,
                        "origin_city_seq": 1,
                        "route_id": 22873,
                        "seat_counts": {
                            "is_divided": true,
                            "offline": 22,
                            "online": 22
                        },
                        "trip_id": 8407902,
                        "trip_route_id": 52528061,
                        "type": "S_CHAIR",
                        "vat_amount": 0,
                        "vat_percent": 0
                    }
                ],
                "train_model": "801",
                "travel_time": "04h 50m",
                "trip_number": "CHATTALA EXPRESS (801)"
            },
            {
                "arrival_date_time": "20 Mar, 01:15 pm",
                "boarding_points": [
                    {
                        "location_date": "20 Mar 2025",
                        "location_id": 2820,
                        "location_name": "Chattogram Station",
                        "location_time": "09:15 AM",
                        "trip_point_id": 107717703
                    }
                ],
                "departure_date_time": "20 Mar, 09:15 am",
                "departure_date_time_jd": "Thu, 20 Mar 2025, 09:15 AM",
                "departure_full_date": "2025-03-20",
                "destination_city_name": "bhairab_bazar",
                "is_eid_trip": 0,
                "is_from_city_international": false,
                "is_international": 0,
                "is_open_for_all": true,
                "origin_city_name": "chattogram",
                "parent_route": {
                    "arrival_date": "2025-03-20",
                    "arrival_time": "18:00:00",
                    "departure_date": "2025-03-20",
                    "departure_time": "09:15:00",
                    "destination_city_name": "jamalpur_town",
                    "origin_city_name": "chattogram"
                },
                "seat_types": [
                    {
                        "destination_city_seq": 7,
                        "fare": "310.00",
                        "key": 7,
                        "origin_city_seq": 1,
                        "route_id": 23087,
                        "seat_counts": {
                            "is_divided": true,
                            "offline": 0,
                            "online": 0
                        },
                        "trip_id": 8407875,
                        "trip_route_id": 52527655,
                        "type": "S_CHAIR",
                        "vat_amount": 0,
                        "vat_percent": 0
                    },
                    {
                        "destination_city_seq": 7,
                        "fare": "615.00",
                        "key": 2,
                        "origin_city_seq": 1,
                        "route_id": 23087,
                        "seat_counts": {
                            "is_divided": true,
                            "offline": 0,
                            "online": 0
                        },
                        "trip_id": 8407876,
                        "trip_route_id": 52527687,
                        "type": "AC_S",
                        "vat_amount": 93,
                        "vat_percent": 15
                    },
                    {
                        "destination_city_seq": 7,
                        "fare": "510.00",
                        "key": 3,
                        "origin_city_seq": 1,
                        "route_id": 23087,
                        "seat_counts": {
                            "is_divided": true,
                            "offline": 0,
                            "online": 0
                        },
                        "trip_id": 8407877,
                        "trip_route_id": 52527709,
                        "type": "SNIGDHA",
                        "vat_amount": 77,
                        "vat_percent": 15
                    }
                ],
                "train_model": "785",
                "travel_time": "04h 00m",
                "trip_number": "BIJOY EXPRESS (785)"
            },
            {
                "arrival_date_time": "20 Mar, 04:55 pm",
                "boarding_points": [
                    {
                        "location_date": "20 Mar 2025",
                        "location_id": 2820,
                        "location_name": "Chattogram Station",
                        "location_time": "12:30 PM",
                        "trip_point_id": 107716115
                    }
                ],
                "departure_date_time": "20 Mar, 12:30 pm",
                "departure_date_time_jd": "Thu, 20 Mar 2025, 12:30 PM",
                "departure_full_date": "2025-03-20",
                "destination_city_name": "bhairab_bazar",
                "is_eid_trip": 0,
                "is_from_city_international": false,
                "is_international": 0,
                "is_open_for_all": true,
                "origin_city_name": "chattogram",
                "parent_route": {
                    "arrival_date": "2025-03-20",
                    "arrival_time": "18:40:00",
                    "departure_date": "2025-03-20",
                    "departure_time": "12:30:00",
                    "destination_city_name": "dhaka",
                    "origin_city_name": "chattogram"
                },
                "seat_types": [
                    {
                        "destination_city_seq": 11,
                        "fare": "310.00",
                        "key": 7,
                        "origin_city_seq": 1,
                        "route_id": 22480,
                        "seat_counts": {
                            "is_divided": true,
                            "offline": 17,
                            "online": 18
                        },
                        "trip_id": 8407784,
                        "trip_route_id": 52525300,
                        "type": "S_CHAIR",
                        "vat_amount": 0,
                        "vat_percent": 0
                    },
                    {
                        "destination_city_seq": 11,
                        "fare": "615.00",
                        "key": 2,
                        "origin_city_seq": 1,
                        "route_id": 22480,
                        "seat_counts": {
                            "is_divided": true,
                            "offline": 3,
                            "online": 3
                        },
                        "trip_id": 8407785,
                        "trip_route_id": 52525341,
                        "type": "AC_S",
                        "vat_amount": 93,
                        "vat_percent": 15
                    },
                    {
                        "destination_city_seq": 11,
                        "fare": "510.00",
                        "key": 3,
                        "origin_city_seq": 1,
                        "route_id": 22480,
                        "seat_counts": {
                            "is_divided": true,
                            "offline": 5,
                            "online": 5
                        },
                        "trip_id": 8407786,
                        "trip_route_id": 52525381,
                        "type": "SNIGDHA",
                        "vat_amount": 77,
                        "vat_percent": 15
                    }
                ],
                "train_model": "721",
                "travel_time": "04h 25m",
                "trip_number": "MOHANAGAR EXPRESS (721)"
            },
            {
                "arrival_date_time": "20 Mar, 07:05 pm",
                "boarding_points": [
                    {
                        "location_date": "20 Mar 2025",
                        "location_id": 2820,
                        "location_name": "Chattogram Station",
                        "location_time": "03:00 PM",
                        "trip_point_id": 107715329
                    }
                ],
                "departure_date_time": "20 Mar, 03:00 pm",
                "departure_date_time_jd": "Thu, 20 Mar 2025, 03:00 PM",
                "departure_full_date": "2025-03-20",
                "destination_city_name": "bhairab_bazar",
                "is_eid_trip": 0,
                "is_from_city_international": false,
                "is_international": 0,
                "is_open_for_all": true,
                "origin_city_name": "chattogram",
                "parent_route": {
                    "arrival_date": "2025-03-20",
                    "arrival_time": "20:45:00",
                    "departure_date": "2025-03-20",
                    "departure_time": "15:00:00",
                    "destination_city_name": "dhaka",
                    "origin_city_name": "chattogram"
                },
                "seat_types": [
                    {
                        "destination_city_seq": 8,
                        "fare": "510.00",
                        "key": 3,
                        "origin_city_seq": 1,
                        "route_id": 22024,
                        "seat_counts": {
                            "is_divided": true,
                            "offline": 5,
                            "online": 6
                        },
                        "trip_id": 8407747,
                        "trip_route_id": 52524053,
                        "type": "SNIGDHA",
                        "vat_amount": 77,
                        "vat_percent": 15
                    },
                    {
                        "destination_city_seq": 8,
                        "fare": "310.00",
                        "key": 7,
                        "origin_city_seq": 1,
                        "route_id": 22024,
                        "seat_counts": {
                            "is_divided": true,
                            "offline": 18,
                            "online": 19
                        },
                        "trip_id": 8407748,
                        "trip_route_id": 52524074,
                        "type": "S_CHAIR",
                        "vat_amount": 0,
                        "vat_percent": 0
                    },
                    {
                        "destination_city_seq": 8,
                        "fare": "410.00",
                        "key": 5,
                        "origin_city_seq": 1,
                        "route_id": 22024,
                        "seat_counts": {
                            "is_divided": true,
                            "offline": 0,
                            "online": 0
                        },
                        "trip_id": 8407749,
                        "trip_route_id": 52524096,
                        "type": "F_SEAT",
                        "vat_amount": 62,
                        "vat_percent": 15
                    },
                    {
                        "destination_city_seq": 8,
                        "fare": "615.00",
                        "key": 2,
                        "origin_city_seq": 1,
                        "route_id": 22024,
                        "seat_counts": {
                            "is_divided": true,
                            "offline": 1,
                            "online": 2
                        },
                        "trip_id": 8407750,
                        "trip_route_id": 52524116,
                        "type": "AC_S",
                        "vat_amount": 93,
                        "vat_percent": 15
                    }
                ],
                "train_model": "703",
                "travel_time": "04h 05m",
                "trip_number": "MAHANAGAR GODHULI (703)"
            },
            {
                "arrival_date_time": "21 Mar, 03:30 am",
                "boarding_points": [
                    {
                        "location_date": "20 Mar 2025",
                        "location_id": 2820,
                        "location_name": "Chattogram Station",
                        "location_time": "11:30 PM",
                        "trip_point_id": 107716888
                    }
                ],
                "departure_date_time": "20 Mar, 11:30 pm",
                "departure_date_time_jd": "Thu, 20 Mar 2025, 11:30 PM",
                "departure_full_date": "2025-03-20",
                "destination_city_name": "bhairab_bazar",
                "is_eid_trip": 0,
                "is_from_city_international": false,
                "is_international": 0,
                "is_open_for_all": true,
                "origin_city_name": "chattogram",
                "parent_route": {
                    "arrival_date": "2025-03-21",
                    "arrival_time": "05:10:00",
                    "departure_date": "2025-03-20",
                    "departure_time": "23:30:00",
                    "destination_city_name": "dhaka",
                    "origin_city_name": "chattogram"
                },
                "seat_types": [
                    {
                        "destination_city_seq": 7,
                        "fare": "310.00",
                        "key": 7,
                        "origin_city_seq": 1,
                        "route_id": 22820,
                        "seat_counts": {
                            "is_divided": true,
                            "offline": 4,
                            "online": 4
                        },
                        "trip_id": 8407826,
                        "trip_route_id": 52526459,
                        "type": "S_CHAIR",
                        "vat_amount": 0,
                        "vat_percent": 0
                    },
                    {
                        "destination_city_seq": 7,
                        "fare": "615.00",
                        "key": 4,
                        "origin_city_seq": 1,
                        "route_id": 22820,
                        "seat_counts": {
                            "is_divided": true,
                            "offline": 0,
                            "online": 0
                        },
                        "trip_id": 8407827,
                        "trip_route_id": 52526472,
                        "type": "F_BERTH",
                        "vat_amount": 93,
                        "vat_percent": 15
                    },
                    {
                        "destination_city_seq": 7,
                        "fare": "920.00",
                        "key": 1,
                        "origin_city_seq": 1,
                        "route_id": 22820,
                        "seat_counts": {
                            "is_divided": true,
                            "offline": 0,
                            "online": 0
                        },
                        "trip_id": 8407828,
                        "trip_route_id": 52526485,
                        "type": "AC_B",
                        "vat_amount": 138,
                        "vat_percent": 15
                    },
                    {
                        "destination_city_seq": 7,
                        "fare": "510.00",
                        "key": 3,
                        "origin_city_seq": 1,
                        "route_id": 22820,
                        "seat_counts": {
                            "is_divided": true,
                            "offline": 1,
                            "online": 2
                        },
                        "trip_id": 8407829,
                        "trip_route_id": 52526498,
                        "type": "SNIGDHA",
                        "vat_amount": 77,
                        "vat_percent": 15
                    }
                ],
                "train_model": "741",
                "travel_time": "04h 00m",
                "trip_number": "TURNA (741)"
            }
        ]
    },
    "extra": {
        "hash": "2913D4E613EE77BA81FCAB988D4D7E11"
    }
}