{
    "data": {
        "recommendations": [],
        "selected_seat_class": "S_CHAIR",
        "trains": [
            {
                "arrival_date_time": "20 Mar, 10:26 am",
                "boarding_points": [
                    {
                        "location_date": "20 Mar 2025",
                        "location_id": 2820,
                        "location_name": "Chattogram Station",
                        "location_time": "06:00 AM",
                        "trip_point_id": 107718041
                    }
                ],
                "departure_date_time": "20 Mar, 06:00 am",
                "departure_date_time_jd": "Thu, 20 Mar 2025, 06:00 AM",
                "departure_full_date": "2025-03-20",
                "destination_city_name": "brahmanbaria",
                "is_eid_trip": 0,
                "is_from_city_international": false,
                "is_international": 0,
                "is_open_for_all": true,
                "origin_city_name": "chattogram",
                "parent_route": {
                    "arrival_date": "2025-03-20",
                    "arrival_time": "12:40:00",
                    "departure_date": "2025-03-20",
                    "departure_time": "06:00:00",
                    "destination_city_name": "dhaka",
                    "origin_city_name": "chattogram"
                },
                "seat_types": [
                    {
                        "destination_city_seq": 11,
                        "fare": "430.00",
                        "key": 3,
                        "origin_city_seq": 1,
                        "route_id": 22872,
                        "seat_counts": {
                            "is_divided": true,
                            "offline": 15,
                            "online": 15
                        },
                        "trip_id": 8407900,
                        "trip_route_id": 52528030,
                        "type": "SNIGDHA",
                        "vat_amount": 65,
                        "vat_percent": 15
                    },
                    {
                        "destination_city_seq": 11,
                        "fare": "260.00",
                        "key": 7,
                        "origin_city_seq": 1,
                        "route_id": 22872,
                        "seat_counts": {
                            "is_divided": true,
                            "offline": 24,
                            "online": 25
                        },
                        "trip_id": 8407902,
                        "trip_route_id": 52528056,
                        "type": "S_CHAIR",
                        "vat_amount": 0,
                        "vat_percent": 0
                    }
                ],
                "train_model": "801",
                "travel_time": "04h 26m",
                "trip_number": "CHATTALA EXPRESS (801)"
            },
            {
                "arrival_date_time": "20 Mar, 04:26 pm",
                "boarding_points": [
                    {
                        "location_date": "20 Mar 2025",
                        "location_id": 2820,
                        "location_name": "Chattogram Station",
                        "location_time": "12:30 PM",
                        "trip_point_id": 107716115
                    }
                ],
                "departure_date_time": "20 Mar, 12:30 pm",
                "departure_date_time_jd": "Thu, 20 Mar 2025, 12:30 PM",
                "departure_full_date": "2025-03-20",
                "destination_city_name": "brahmanbaria",
                "is_eid_trip": 0,
                "is_from_city_international": false,
                "is_international": 0,
                "is_open_for_all": true,
                "origin_city_name": "chattogram",
                "parent_route": {
                    "arrival_date": "2025-03-20",
                    "arrival_time": "18:40:00",
                    "departure_date": "2025-03-20",
                    "departure_time": "12:30:00",
                    "destination_city_name": "dhaka",
                    "origin_city_name": "chattogram"
                },
                "seat_types": [
                    {
                        "destination_city_seq": 9,
                        "fare": "260.00",
                        "key": 7,
                        "origin_city_seq": 1,
                        "route_id": 22478,
                        "seat_counts": {
                            "is_divided": true,
                            "offline": 37,
                            "online": 38
                        },
                        "trip_id": 8407784,
                        "trip_route_id": 52525296,
                        "type": "S_CHAIR",
                        "vat_amount": 0,
                        "vat_percent": 0
                    },
                    {
                        "destination_city_seq": 9,
                        "fare": "515.00",
                        "key": 2,
                        "origin_city_seq": 1,
                        "route_id": 22478,
                        "seat_counts": {
                            "is_divided": true,
                            "offline": 3,
                            "online": 3
                        },
                        "trip_id": 8407785,
                        "trip_route_id": 52525337,
                        "type": "AC_S",
                        "vat_amount": 78,
                        "vat_percent": 15
                    },
                    {
                        "destination_city_seq": 9,
                        "fare": "430.00",
                        "key": 3,
                        "origin_city_seq": 1,
                        "route_id": 22478,
                        "seat_counts": {
                            "is_divided": true,
                            "offline": 0,
                            "online": 0
                        },
                        "trip_id": 8407786,
                        "trip_route_id": 52525377,
                        "type": "SNIGDHA",
                        "vat_amount": 65,
                        "vat_percent": 15
                    }
                ],
                "train_model": "721",
                "travel_time": "03h 56m",
                "trip_number": "MOHANAGAR EXPRESS (721)"
            },
            {
                "arrival_date_time": "20 Mar, 06:41 pm",
                "boarding_points": [
                    {
                        "location_date": "20 Mar 2025",
                        "location_id": 2820,
                        "location_name": "Chattogram Station",
                        "location_time": "03:00 PM",
                        "trip_point_id": 107715329
                    }
                ],
                "departure_date_time": "20 Mar, 03:00 pm",
                "departure_date_time_jd": "Thu, 20 Mar 2025, 03:00 PM",
                "departure_full_date": "2025-03-20",
                "destination_city_name": "brahmanbaria",
                "is_eid_trip": 0,
                "is_from_city_international": false,
                "is_international": 0,
                "is_open_for_all": true,
                "origin_city_name": "chattogram",
                "parent_route": {
                    "arrival_date": "2025-03-20",
                    "arrival_time": "20:45:00",
                    "departure_date": "2025-03-20",
                    "departure_time": "15:00:00",
                    "destination_city_name": "dhaka",
                    "origin_city_name": "chattogram"
                },
                "seat_types": [
                    {
                        "destination_city_seq": 7,
                        "fare": "430.00",
                        "key": 3,
                        "origin_city_seq": 1,
                        "route_id": 22023,
                        "seat_counts": {
                            "is_divided": true,
                            "offline": 6,
                            "online": 6
                        },
                        "trip_id": 8407747,
                        "trip_route_id": 52524049,
                        "type": "SNIGDHA",
                        "vat_amount": 65,
                        "vat_percent": 15
                    },
                    {
                        "destination_city_seq": 7,
                        "fare": "260.00",
                        "key": 7,
                        "origin_city_seq": 1,
                        "route_id": 22023,
                        "seat_counts": {
                            "is_divided": true,
                            "offline": 34,
                            "online": 34
                        },
                        "trip_id": 8407748,
                        "trip_route_id": 52524070,
                        "type": "S_CHAIR",
                        "vat_amount": 0,
                        "vat_percent": 0
                    },
                    {
                        "destination_city_seq": 7,
                        "fare": "345.00",
                        "key": 5,
                        "origin_city_seq": 1,
                        "route_id": 22023,
                        "seat_counts": {
                            "is_divided": true,
                            "offline": 0,
                            "online": 0
                        },
                        "trip_id": 8407749,
                        "trip_route_id": 52524092,
                        "type": "F_SEAT",
                        "vat_amount": 52,
                        "vat_percent": 15
                    },
                    {
                        "destination_city_seq": 7,
                        "fare": "515.00",
                        "key": 2,
                        "origin_city_seq": 1,
                        "route_id": 22023,
                        "seat_counts": {
                            "is_divided": true,
                            "offline": 3,
                            "online": 3
                        },
                        "trip_id": 8407750,
                        "trip_route_id": 52524112,
                        "type": "AC_S",
                        "vat_amount": 78,
                        "vat_percent": 15
                    }
                ],
                "train_model": "703",
                "travel_time": "03h 41m",
                "trip_number": "MAHANAGAR GODHULI (703)"
            },
            {
                "arrival_date_time": "21 Mar, 03:07 am",
                "boarding_points": [
                    {
                        "location_date": "20 Mar 2025",
                        "location_id": 2820,
                        "location_name": "Chattogram Station",
                        "location_time": "11:30 PM",
                        "trip_point_id": 107716888
                    }
                ],
                "departure_date_time": "20 Mar, 11:30 pm",
                "departure_date_time_jd": "Thu, 20 Mar 2025, 11:30 PM",
                "departure_full_date": "2025-03-20",
                "destination_city_name": "brahmanbaria",
                "is_eid_trip": 0,
                "is_from_city_international": false,
                "is_international": 0,
                "is_open_for_all": true,
                "origin_city_name": "chattogram",
                "parent_route": {
                    "arrival_date": "2025-03-21",
                    "arrival_time": "05:10:00",
                    "departure_date": "2025-03-20",
                    "departure_time": "23:30:00",
                    "destination_city_name": "dhaka",
                    "origin_city_name": "chattogram"
                },
                "seat_types": [
                    {
                        "destination_city_seq": 6,
                        "fare": "260.00",
                        "key": 7,
                        "origin_city_seq": 1,
                        "route_id": 22819,
                        "seat_counts": {
                            "is_divided": true,
                            "offline": 4,
                            "online": 4
                        },
                        "trip_id": 8407826,
                        "trip_route_id": 52526456,
                        "type": "S_CHAIR",
                        "vat_amount": 0,
                        "vat_percent": 0
                    },
                    {
                        "destination_city_seq": 6,
                        "fare": "515.00",
                        "key": 4,
                        "origin_city_seq": 1,
                        "route_id": 22819,
                        "seat_counts": {
                            "is_divided": true,
                            "offline": 0,
                            "online": 0
                        },
                        "trip_id": 8407827,
                        "trip_route_id": 52526469,
                        "type": "F_BERTH",
                        "vat_amount": 78,
                        "vat_percent": 15
                    },
                    {
                        "destination_city_seq": 6,
                        "fare": "775.00",
                        "key": 1,
                        "origin_city_seq": 1,
                        "route_id": 22819,
                        "seat_counts": {
                            "is_divided": true,
                            "offline": 0,
                            "online": 0
                        },
                        "trip_id": 8407828,
                        "trip_route_id": 52526482,
                        "type": "AC_B",
                        "vat_amount": 117,
                        "vat_percent": 15
                    },
                    {
                        "destination_city_seq": 6,
                        "fare": "430.00",
                        "key": 3,
                        "origin_city_seq": 1,
                        "route_id": 22819,
                        "seat_counts": {
                            "is_divided": true,
                            "offline": 0,
                            "online": 0
                        },
                        "trip_id": 8407829,
                        "trip_route_id": 52526495,
                        "type": "SNIGDHA",
                        "vat_amount": 65,
                        "vat_percent": 15
                    }
                ],
                "train_model": "741",
                "travel_time": "03h 37m",
                "trip_number": "TURNA (741)"
            }
        ]
    },
    "extra": {
        "hash": "2913D4E613EE77BA81FCAB988D4D7E11"
    }
}