{
    "data": {
        "recommendations": [
            {
                "destination": "Biman_bandar",
                "origin": "Kumira"
            },
            {
                "destination": "Narsingdi",
                "origin": "Chattogram"
            }
        ],
        "selected_seat_class": "S_CHAIR",
        "trains": [
            {
                "arrival_date_time": "20 Mar, 12:10 pm",
                "boarding_points": [
                    {
                        "location_date": "20 Mar 2025",
                        "location_id": 2820,
                        "location_name": "Chattogram Station",
                        "location_time": "06:00 AM",
                        "trip_point_id": 107718068
                    }
                ],
                "departure_date_time": "20 Mar, 06:00 am",
                "departure_date_time_jd": "Thu, 20 Mar 2025, 06:00 AM",
                "departure_full_date": "2025-03-20",
                "destination_city_name": "biman_bandar",
                "is_eid_trip": 0,
                "is_from_city_international": false,
                "is_international": 0,
                "is_open_for_all": true,
                "origin_city_name": "chattogram",
                "parent_route": {
                    "arrival_date": "2025-03-20",
                    "arrival_time": "12:40:00",
                    "departure_date": "2025-03-20",
                    "departure_time": "06:00:00",
                    "destination_city_name": "dhaka",
                    "origin_city_name": "chattogram"
                },
                "seat_types": [
                    {
                        "destination_city_seq": 15,
                        "fare": "405.00",
                        "key": 7,
                        "origin_city_seq": 1,
                        "route_id": 22876,
                        "seat_counts": {
                            "is_divided": true,
                            "offline": 0,
                            "online": 0
                        },
                        "trip_id": 8407902,
                        "trip_route_id": 52528059,
                        "type": "S_CHAIR",
                        "vat_amount": 0,
                        "vat_percent": 0
                    }
                ],
                "train_model": "801",
                "travel_time": "06h 10m",
                "trip_number": "CHATTALA EXPRESS (801)"
            }
        ]
    },
    "extra": {
        "hash": "2913D4E613EE77BA81FCAB988D4D7E11"
    }
}