{
    "data": {
        "recommendations": [],
        "selected_seat_class": "S_CHAIR",
        "trains": [
            {
                "arrival_date_time": "20 Mar, 10:01 am",
                "boarding_points": [
                    {
                        "location_date": "20 Mar 2025",
                        "location_id": 2792,
                        "location_name": "Chatmohar Station",
                        "location_time": "09:01 AM",
                        "trip_point_id": 107718596
                    }
                ],
                "departure_date_time": "20 Mar, 09:01 am",
                "departure_date_time_jd": "Thu, 20 Mar 2025, 09:01 AM",
                "departure_full_date": "2025-03-20",
                "destination_city_name": "sh m monsur ali",
                "is_eid_trip": 0,
                "is_from_city_international": false,
                "is_international": 0,
                "is_open_for_all": true,
                "origin_city_name": "chatmohar",
                "parent_route": {
                    "arrival_date": "2025-03-20",
                    "arrival_time": "13:10:00",
                    "departure_date": "2025-03-20",
                    "departure_time": "07:40:00",
                    "destination_city_name": "dhaka",
                    "origin_city_name": "rajshahi"
                },
                "seat_types": [
                    {
                        "destination_city_seq": 10,
                        "fare": "120.00",
                        "key": 2,
                        "origin_city_seq": 6,
                        "route_id": 19572,
                        "seat_counts": {
                            "is_divided": true,
                            "offline": 0,
                            "online": 0
                        },
                        "trip_id": 8407945,
                        "trip_route_id": 52528792,
                        "type": "AC_S",
                        "vat_amount": 18,
                        "vat_percent": 15
                    },
                    {
                        "destination_city_seq": 10,
                        "fare": "100.00",
                        "key": 3,
                        "origin_city_seq": 6,
                        "route_id": 19572,
                        "seat_counts": {
                            "is_divided": true,
                            "offline": 0,
                            "online": 0
                        },
                        "trip_id": 8407946,
                        "trip_route_id": 52528833,
                        "type": "SNIGDHA",
                        "vat_amount": 15,
                        "vat_percent": 15
                    },
                    {
                        "destination_city_seq": 10,
                        "fare": "60.00",
                        "key": 7,
                        "origin_city_seq": 6,
                        "route_id": 19572,
                        "seat_counts": {
                            "is_divided": true,
                            "offline": 7,
                            "online": 7
                        },
                        "trip_id": 8407947,
                        "trip_route_id": 52528874,
                        "type": "S_CHAIR",
                        "vat_amount": 0,
                        "vat_percent": 0
                    }
                ],
                "train_model": "754",
                "travel_time": "01h 00m",
                "trip_number": "SILKCITY EXPRESS (754)"
            },
            {
                "arrival_date_time": "20 Mar, 02:45 pm",
                "boarding_points": [
                    {
                        "location_date": "20 Mar 2025",
                        "location_id": 2792,
                        "location_name": "Chatmohar Station",
                        "location_time": "01:51 PM",
                        "trip_point_id": 107720053
                    }
                ],
                "departure_date_time": "20 Mar, 01:51 pm",
                "departure_date_time_jd": "Thu, 20 Mar 2025, 01:51 PM",
                "departure_full_date": "2025-03-20",
                "destination_city_name": "sh m monsur ali",
                "is_eid_trip": 0,
                "is_from_city_international": false,
                "is_international": 0,
                "is_open_for_all": true,
                "origin_city_name": "chatmohar",
                "parent_route": {
                    "arrival_date": "2025-03-20",
                    "arrival_time": "18:05:00",
                    "departure_date": "2025-03-20",
                    "departure_time": "09:00:00",
                    "destination_city_name": "dhaka",
                    "origin_city_name": "khulna"
                },
                "seat_types": [
                    {
                        "destination_city_seq": 18,
                        "fare": "60.00",
                        "key": 7,
                        "origin_city_seq": 14,
                        "route_id": 25097,
                        "seat_counts": {
                            "is_divided": true,
                            "offline": 0,
                            "online": 0
                        },
                        "trip_id": 8407998,
                        "trip_route_id": 52531354,
                        "type": "S_CHAIR",
                        "vat_amount": 0,
                        "vat_percent": 0
                    }
                ],
                "train_model": "763",
                "travel_time": "00h 54m",
                "trip_number": "CHITRA EXPRESS (763)"
            },
            {
                "arrival_date_time": "20 Mar, 06:18 pm",
                "boarding_points": [
                    {
                        "location_date": "20 Mar 2025",
                        "location_id": 2792,
                        "location_name": "Chatmohar Station",
                        "location_time": "05:25 PM",
                        "trip_point_id": 107718474
                    }
                ],
                "departure_date_time": "20 Mar, 05:25 pm",
                "departure_date_time_jd": "Thu, 20 Mar 2025, 05:25 PM",
                "departure_full_date": "2025-03-20",
                "destination_city_name": "sh m monsur ali",
                "is_eid_trip": 0,
                "is_from_city_international": false,
                "is_international": 0,
                "is_open_for_all": true,
                "origin_city_name": "chatmohar",
                "parent_route": {
                    "arrival_date": "2025-03-20",
                    "arrival_time": "21:15:00",
                    "departure_date": "2025-03-20",
                    "departure_time": "16:00:00",
                    "destination_city_name": "dhaka",
                    "origin_city_name": "rajshahi"
                },
                "seat_types": [
                    {
                        "destination_city_seq": 10,
                        "fare": "100.00",
                        "key": 3,
                        "origin_city_seq": 6,
                        "route_id": 19572,
                        "seat_counts": {
                            "is_divided": true,
                            "offline": 0,
                            "online": 0
                        },
                        "trip_id": 8407940,
                        "trip_route_id": 52528568,
                        "type": "SNIGDHA",
                        "vat_amount": 15,
                        "vat_percent": 15
                    },
                    {
                        "destination_city_seq": 10,
                        "fare": "60.00",
                        "key": 7,
                        "origin_city_seq": 6,
                        "route_id": 19572,
                        "seat_counts": {
                            "is_divided": true,
                            "offline": 0,
                            "online": 0
                        },
                        "trip_id": 8407941,
                        "trip_route_id": 52528607,
                        "type": "S_CHAIR",
                        "vat_amount": 0,
                        "vat_percent": 0
                    },
                    {
                        "destination_city_seq": 10,
                        "fare": "120.00",
                        "key": 2,
                        "origin_city_seq": 6,
                        "route_id": 19572,
                        "seat_counts": {
                            "is_divided": true,
                            "offline": 0,
                            "online": 0
                        },
                        "trip_id": 8408006,
                        "trip_route_id": 52531948,
                        "type": "AC_S",
                        "vat_amount": 18,
                        "vat_percent": 15
                    }
                ],
                "train_model": "760",
                "travel_time": "00h 53m",
                "trip_number": "PADMA EXPRESS (760)"
            }
        ]
    },
    "extra": {
        "hash": "2913D4E613EE77BA81FCAB988D4D7E11"
    }
}