{
    "data": {
        "recommendations": [],
        "selected_seat_class": "S_CHAIR",
        "trains": [
            {
                "arrival_date_time": "20 Mar, 07:20 am",
                "boarding_points": [
                    {
                        "location_date": "20 Mar 2025",
                        "location_id": 2820,
                        "location_name": "Chattogram Station",
                        "location_time": "04:20 AM",
                        "trip_point_id": 107708652
                    }
                ],
                "departure_date_time": "20 Mar, 04:20 am",
                "departure_date_time_jd": "Thu, 20 Mar 2025, 04:20 AM",
                "departure_full_date": "2025-03-20",
                "destination_city_name": "coxs bazar",
                "is_eid_trip": 0,
                "is_from_city_international": false,
                "is_international": 0,
                "is_open_for_all": true,
                "origin_city_name": "chattogram",
                "parent_route": {
                    "arrival_date": "2025-03-20",
                    "arrival_time": "07:20:00",
                    "departure_date": "2025-03-19",
                    "departure_time": "23:00:00",
                    "destination_city_name": "cox's bazar",
                    "origin_city_name": "dhaka"
                },
                "seat_types": [
                    {
                        "destination_city_seq": 4,
                        "fare": "408.00",
                        "key": 3,
                        "origin_city_seq": 3,
                        "route_id": 25718,
                        "seat_counts": {
                            "is_divided": true,
                            "offline": 27,
                            "online": 28
                        },
                        "trip_id": 8407487,
                        "trip_route_id": 52509541,
                        "type": "SNIGDHA",
                        "vat_amount": 62,
                        "vat_percent": 15
                    },
                    {
                        "destination_city_seq": 4,
                        "fare": "250.00",
                        "key": 7,
                        "origin_city_seq": 3,
                        "route_id": 25718,
                        "seat_counts": {
                            "is_divided": true,
                            "offline": 28,
                            "online": 28
                        },
                        "trip_id": 8407488,
                        "trip_route_id": 52509547,
                        "type": "S_CHAIR",
                        "vat_amount": 0,
                        "vat_percent": 0
                    }
                ],
                "train_model": "814",
                "travel_time": "03h 00m",
                "trip_number": "COXS BAZAR EXPRESS (814)"
            },
            {
                "arrival_date_time": "20 Mar, 09:50 am",
                "boarding_points": [
                    {
                        "location_date": "20 Mar 2025",
                        "location_id": 2820,
                        "location_name": "Chattogram Station",
                        "location_time": "06:15 AM",
                        "trip_point_id": 107718218
                    }
                ],
                "departure_date_time": "20 Mar, 06:15 am",
                "departure_date_time_jd": "Thu, 20 Mar 2025, 06:15 AM",
                "departure_full_date": "2025-03-20",
                "destination_city_name": "coxs bazar",
                "is_eid_trip": 0,
                "is_from_city_international": false,
                "is_international": 0,
                "is_open_for_all": true,
                "origin_city_name": "chattogram",
                "parent_route": {
                    "arrival_date": "2025-03-20",
                    "arrival_time": "09:50:00",
                    "departure_date": "2025-03-20",
                    "departure_time": "06:15:00",
                    "destination_city_name": "coxs bazar",
                    "origin_city_name": "chattogram"
                },
                "seat_types": [
                    {
                        "destination_city_seq": 10,
                        "fare": "185.00",
                        "key": 8,
                        "origin_city_seq": 1,
                        "route_id": 26281,
                        "seat_counts": {
                            "is_divided": true,
                            "offline": 59,
                            "online": 60
                        },
                        "trip_id": 8407918,
                        "trip_route_id": 52528224,
                        "type": "SHOVAN",
                        "vat_amount": 0,
                        "vat_percent": 0
                    },
                    {
                        "destination_city_seq": 10,
                        "fare": "225.00",
                        "key": 7,
                        "origin_city_seq": 1,
                        "route_id": 26281,
                        "seat_counts": {
                            "is_divided": true,
                            "offline": 54,
                            "online": 54
                        },
                        "trip_id": 8407919,
                        "trip_route_id": 52528241,
                        "type": "S_CHAIR",
                        "vat_amount": 0,
                        "vat_percent": 0
                    },
                    {
                        "destination_city_seq": 10,
                        "fare": "295.00",
                        "key": 6,
                        "origin_city_seq": 1,
                        "route_id": 26281,
                        "seat_counts": {
                            "is_divided": true,
                            "offline": 50,
                            "online": 50
                        },
                        "trip_id": 8407920,
                        "trip_route_id": 52528252,
                        "type": "F_CHAIR",
                        "vat_amount": 45,
                        "vat_percent": 15
                    },
                    {
                        "destination_city_seq": 10,
                        "fare": "295.00",
                        "key": 5,
                        "origin_city_seq": 1,
                        "route_id": 26281,
                        "seat_counts": {
                            "is_divided": true,
                            "offline": 32,
                            "online": 32
                        },
                        "trip_id": 8407921,
                        "trip_route_id": 52528253,
                        "type": "F_SEAT",
                        "vat_amount": 45,
                        "vat_percent": 15
                    }
                ],
                "train_model": "821",
                "travel_time": "03h 35m",
                "trip_number": "SHAIKAT EXPRESS (821)"
            },
            {
                "arrival_date_time": "20 Mar, 02:40 pm",
                "boarding_points": [
                    {
                        "location_date": "20 Mar 2025",
                        "location_id": 2820,
                        "location_name": "Chattogram Station",
                        "location_time": "11:40 AM",
                        "trip_point_id": 107718204
                    }
                ],
                "departure_date_time": "20 Mar, 11:40 am",
                "departure_date_time_jd": "Thu, 20 Mar 2025, 11:40 AM",
                "departure_full_date": "2025-03-20",
                "destination_city_name": "coxs bazar",
                "is_eid_trip": 0,
                "is_from_city_international": false,
                "is_international": 0,
                "is_open_for_all": true,
                "origin_city_name": "chattogram",
                "parent_route": {
                    "arrival_date": "2025-03-20",
                    "arrival_time": "14:40:00",
                    "departure_date": "2025-03-20",
                    "departure_time": "06:15:00",
                    "destination_city_name": "cox's bazar",
                    "origin_city_name": "dhaka"
                },
                "seat_types": [
                    {
                        "destination_city_seq": 4,
                        "fare": "250.00",
                        "key": 7,
                        "origin_city_seq": 3,
                        "route_id": 25718,
                        "seat_counts": {
                            "is_divided": true,
                            "offline": 3,
                            "online": 3
                        },
                        "trip_id": 8407915,
                        "trip_route_id": 52528210,
                        "type": "S_CHAIR",
                        "vat_amount": 0,
                        "vat_percent": 0
                    },
                    {
                        "destination_city_seq": 4,
                        "fare": "408.00",
                        "key": 3,
                        "origin_city_seq": 3,
                        "route_id": 25718,
                        "seat_counts": {
                            "is_divided": true,
                            "offline": 4,
                            "online": 5
                        },
                        "trip_id": 8407916,
                        "trip_route_id": 52528216,
                        "type": "SNIGDHA",
                        "vat_amount": 62,
                        "vat_percent": 15
                    },
                    {
                        "destination_city_seq": 4,
                        "fare": "491.00",
                        "key": 2,
                        "origin_city_seq": 3,
                        "route_id": 25718,
                        "seat_counts": {
                            "is_divided": true,
                            "offline": 0,
                            "online": 0
                        },
                        "trip_id": 8407917,
                        "trip_route_id": 52528222,
                        "type": "AC_S",
                        "vat_amount": 74,
                        "vat_percent": 15
                    }
                ],
                "train_model": "816",
                "travel_time": "03h 00m",
                "trip_number": "PARJOTAK EXPRESS (816)"
            },
            {
                "arrival_date_time": "20 Mar, 07:00 pm",
                "boarding_points": [
                    {
                        "location_date": "20 Mar 2025",
                        "location_id": 2820,
                        "location_name": "Chattogram Station",
                        "location_time": "03:10 PM",
                        "trip_point_id": 107718287
                    }
                ],
                "departure_date_time": "20 Mar, 03:10 pm",
                "departure_date_time_jd": "Thu, 20 Mar 2025, 03:10 PM",
                "departure_full_date": "2025-03-20",
                "destination_city_name": "coxs bazar",
                "is_eid_trip": 0,
                "is_from_city_international": false,
                "is_international": 0,
                "is_open_for_all": true,
                "origin_city_name": "chattogram",
                "parent_route": {
                    "arrival_date": "2025-03-20",
                    "arrival_time": "19:00:00",
                    "departure_date": "2025-03-20",
                    "departure_time": "15:10:00",
                    "destination_city_name": "coxs bazar",
                    "origin_city_name": "chattogram"
                },
                "seat_types": [
                    {
                        "destination_city_seq": 13,
                        "fare": "185.00",
                        "key": 8,
                        "origin_city_seq": 1,
                        "route_id": 27060,
                        "seat_counts": {
                            "is_divided": true,
                            "offline": 61,
                            "online": 61
                        },
                        "trip_id": 8407926,
                        "trip_route_id": 52528285,
                        "type": "SHOVAN",
                        "vat_amount": 0,
                        "vat_percent": 0
                    },
                    {
                        "destination_city_seq": 13,
                        "fare": "225.00",
                        "key": 7,
                        "origin_city_seq": 1,
                        "route_id": 27060,
                        "seat_counts": {
                            "is_divided": true,
                            "offline": 81,
                            "online": 82
                        },
                        "trip_id": 8407927,
                        "trip_route_id": 52528308,
                        "type": "S_CHAIR",
                        "vat_amount": 0,
                        "vat_percent": 0
                    },
                    {
                        "destination_city_seq": 13,
                        "fare": "295.00",
                        "key": 6,
                        "origin_city_seq": 1,
                        "route_id": 27060,
                        "seat_counts": {
                            "is_divided": true,
                            "offline": 53,
                            "online": 53
                        },
                        "trip_id": 8407928,
                        "trip_route_id": 52528319,
                        "type": "F_CHAIR",
                        "vat_amount": 45,
                        "vat_percent": 15
                    },
                    {
                        "destination_city_seq": 13,
                        "fare": "295.00",
                        "key": 5,
                        "origin_city_seq": 1,
                        "route_id": 27060,
                        "seat_counts": {
                            "is_divided": true,
                            "offline": 33,
                            "online": 33
                        },
                        "trip_id": 8407929,
                        "trip_route_id": 52528320,
                        "type": "F_SEAT",
                        "vat_amount": 45,
                        "vat_percent": 15
                    }
                ],
                "train_model": "823",
                "travel_time": "03h 50m",
                "trip_number": "PROBAL EXPRESS (823)"
            }
        ]
    },
    "extra": {
        "hash": "2913D4E613EE77BA81FCAB988D4D7E11"
    }
}