{
    "data": {
        "recommendations": [],
        "selected_seat_class": "S_CHAIR",
        "trains": [
            {
                "arrival_date_time": "20 Mar, 08:58 am",
                "boarding_points": [
                    {
                        "location_date": "20 Mar 2025",
                        "location_id": 2820,
                        "location_name": "Chattogram Station",
                        "location_time": "06:15 AM",
                        "trip_point_id": 107718218
                    }
                ],
                "departure_date_time": "20 Mar, 06:15 am",
                "departure_date_time_jd": "Thu, 20 Mar 2025, 06:15 AM",
                "departure_full_date": "2025-03-20",
                "destination_city_name": "dulahazara",
                "is_eid_trip": 0,
                "is_from_city_international": false,
                "is_international": 0,
                "is_open_for_all": true,
                "origin_city_name": "chattogram",
                "parent_route": {
                    "arrival_date": "2025-03-20",
                    "arrival_time": "09:50:00",
                    "departure_date": "2025-03-20",
                    "departure_time": "06:15:00",
                    "destination_city_name": "cox's bazar",
                    "origin_city_name": "chattogram"
                },
                "seat_types": [
                    {
                        "destination_city_seq": 8,
                        "fare": "140.00",
                        "key": 8,
                        "origin_city_seq": 1,
                        "route_id": 26288,
                        "seat_counts": {
                            "is_divided": true,
                            "offline": 2,
                            "online": 2
                        },
                        "trip_id": 8407918,
                        "trip_route_id": 52528229,
                        "type": "SHOVAN",
                        "vat_amount": 0,
                        "vat_percent": 0
                    }
                ],
                "train_model": "821",
                "travel_time": "02h 43m",
                "trip_number": "SHAIKAT EXPRESS (821)"
            },
            {
                "arrival_date_time": "20 Mar, 05:56 pm",
                "boarding_points": [
                    {
                        "location_date": "20 Mar 2025",
                        "location_id": 2820,
                        "location_name": "Chattogram Station",
                        "location_time": "03:10 PM",
                        "trip_point_id": 107718287
                    }
                ],
                "departure_date_time": "20 Mar, 03:10 pm",
                "departure_date_time_jd": "Thu, 20 Mar 2025, 03:10 PM",
                "departure_full_date": "2025-03-20",
                "destination_city_name": "dulahazara",
                "is_eid_trip": 0,
                "is_from_city_international": false,
                "is_international": 0,
                "is_open_for_all": true,
                "origin_city_name": "chattogram",
                "parent_route": {
                    "arrival_date": "2025-03-20",
                    "arrival_time": "19:00:00",
                    "departure_date": "2025-03-20",
                    "departure_time": "15:10:00",
                    "destination_city_name": "cox's bazar",
                    "origin_city_name": "chattogram"
                },
                "seat_types": [
                    {
                        "destination_city_seq": 10,
                        "fare": "140.00",
                        "key": 8,
                        "origin_city_seq": 1,
                        "route_id": 27068,
                        "seat_counts": {
                            "is_divided": true,
                            "offline": 4,
                            "online": 5
                        },
                        "trip_id": 8407926,
                        "trip_route_id": 52528290,
                        "type": "SHOVAN",
                        "vat_amount": 0,
                        "vat_percent": 0
                    }
                ],
                "train_model": "823",
                "travel_time": "02h 46m",
                "trip_number": "PROBAL EXPRESS (823)"
            }
        ]
    },
    "extra": {
        "hash": "2913D4E613EE77BA81FCAB988D4D7E11"
    }
}