{
    "data": {
        "recommendations": [],
        "selected_seat_class": "S_CHAIR",
        "trains": [
            {
                "arrival_date_time": "20 Mar, 08:41 am",
                "boarding_points": [
                    {
                        "location_date": "20 Mar 2025",
                        "location_id": 2820,
                        "location_name": "Chattogram Station",
                        "location_time": "06:00 AM",
                        "trip_point_id": 107718041
                    }
                ],
                "departure_date_time": "20 Mar, 06:00 am",
                "departure_date_time_jd": "Thu, 20 Mar 2025, 06:00 AM",
                "departure_full_date": "2025-03-20",
                "destination_city_name": "cumilla",
                "is_eid_trip": 0,
                "is_from_city_international": false,
                "is_international": 0,
                "is_open_for_all": true,
                "origin_city_name": "chattogram",
                "parent_route": {
                    "arrival_date": "2025-03-20",
                    "arrival_time": "12:40:00",
                    "departure_date": "2025-03-20",
                    "departure_time": "06:00:00",
                    "destination_city_name": "dhaka",
                    "origin_city_name": "chattogram"
                },
                "seat_types": [
                    {
                        "destination_city_seq": 7,
                        "fare": "305.00",
                        "key": 3,
                        "origin_city_seq": 1,
                        "route_id": 22868,
                        "seat_counts": {
                            "is_divided": true,
                            "offline": 15,
                            "online": 15
                        },
                        "trip_id": 8407900,
                        "trip_route_id": 52528027,
                        "type": "SNIGDHA",
                        "vat_amount": 46,
                        "vat_percent": 15
                    },
                    {
                        "destination_city_seq": 7,
                        "fare": "370.00",
                        "key": 2,
                        "origin_city_seq": 1,
                        "route_id": 22868,
                        "seat_counts": {
                            "is_divided": true,
                            "offline": 3,
                            "online": 3
                        },
                        "trip_id": 8407901,
                        "trip_route_id": 52528048,
                        "type": "AC_S",
                        "vat_amount": 56,
                        "vat_percent": 15
                    },
                    {
                        "destination_city_seq": 7,
                        "fare": "185.00",
                        "key": 7,
                        "origin_city_seq": 1,
                        "route_id": 22868,
                        "seat_counts": {
                            "is_divided": true,
                            "offline": 29,
                            "online": 30
                        },
                        "trip_id": 8407902,
                        "trip_route_id": 52528053,
                        "type": "S_CHAIR",
                        "vat_amount": 0,
                        "vat_percent": 0
                    }
                ],
                "train_model": "801",
                "travel_time": "02h 41m",
                "trip_number": "CHATTALA EXPRESS (801)"
            },
            {
                "arrival_date_time": "20 Mar, 10:26 am",
                "boarding_points": [
                    {
                        "location_date": "20 Mar 2025",
                        "location_id": 2820,
                        "location_name": "Chattogram Station",
                        "location_time": "07:50 AM",
                        "trip_point_id": 107715966
                    }
                ],
                "departure_date_time": "20 Mar, 07:50 am",
                "departure_date_time_jd": "Thu, 20 Mar 2025, 07:50 AM",
                "departure_full_date": "2025-03-20",
                "destination_city_name": "cumilla",
                "is_eid_trip": 0,
                "is_from_city_international": false,
                "is_international": 0,
                "is_open_for_all": true,
                "origin_city_name": "chattogram",
                "parent_route": {
                    "arrival_date": "2025-03-20",
                    "arrival_time": "15:55:00",
                    "departure_date": "2025-03-20",
                    "departure_time": "07:50:00",
                    "destination_city_name": "sylhet",
                    "origin_city_name": "chattogram"
                },
                "seat_types": [
                    {
                        "destination_city_seq": 5,
                        "fare": "305.00",
                        "key": 3,
                        "origin_city_seq": 1,
                        "route_id": 22384,
                        "seat_counts": {
                            "is_divided": true,
                            "offline": 3,
                            "online": 4
                        },
                        "trip_id": 8407778,
                        "trip_route_id": 52525057,
                        "type": "SNIGDHA",
                        "vat_amount": 46,
                        "vat_percent": 15
                    },
                    {
                        "destination_city_seq": 5,
                        "fare": "370.00",
                        "key": 2,
                        "origin_city_seq": 1,
                        "route_id": 22384,
                        "seat_counts": {
                            "is_divided": true,
                            "offline": 1,
                            "online": 2
                        },
                        "trip_id": 8407779,
                        "trip_route_id": 52525083,
                        "type": "AC_S",
                        "vat_amount": 56,
                        "vat_percent": 15
                    },
                    {
                        "destination_city_seq": 5,
                        "fare": "185.00",
                        "key": 7,
                        "origin_city_seq": 1,
                        "route_id": 22384,
                        "seat_counts": {
                            "is_divided": true,
                            "offline": 53,
                            "online": 53
                        },
                        "trip_id": 8407780,
                        "trip_route_id": 52525106,
                        "type": "S_CHAIR",
                        "vat_amount": 0,
                        "vat_percent": 0
                    }
                ],
                "train_model": "719",
                "travel_time": "02h 36m",
                "trip_number": "PAHARIKA EXPRESS (719)"
            },
            {
                "arrival_date_time": "20 Mar, 11:42 am",
                "boarding_points": [
                    {
                        "location_date": "20 Mar 2025",
                        "location_id": 2820,
                        "location_name": "Chattogram Station",
                        "location_time": "09:15 AM",
                        "trip_point_id": 107717703
                    }
                ],
                "departure_date_time": "20 Mar, 09:15 am",
                "departure_date_time_jd": "Thu, 20 Mar 2025, 09:15 AM",
                "departure_full_date": "2025-03-20",
                "destination_city_name": "cumilla",
                "is_eid_trip": 0,
                "is_from_city_international": false,
                "is_international": 0,
                "is_open_for_all": true,
                "origin_city_name": "chattogram",
                "parent_route": {
                    "arrival_date": "2025-03-20",
                    "arrival_time": "18:00:00",
                    "departure_date": "2025-03-20",
                    "departure_time": "09:15:00",
                    "destination_city_name": "jamalpur_town",
                    "origin_city_name": "chattogram"
                },
                "seat_types": [
                    {
                        "destination_city_seq": 5,
                        "fare": "185.00",
                        "key": 7,
                        "origin_city_seq": 1,
                        "route_id": 23085,
                        "seat_counts": {
                            "is_divided": true,
                            "offline": 12,
                            "online": 12
                        },
                        "trip_id": 8407875,
                        "trip_route_id": 52527650,
                        "type": "S_CHAIR",
                        "vat_amount": 0,
                        "vat_percent": 0
                    },
                    {
                        "destination_city_seq": 5,
                        "fare": "370.00",
                        "key": 2,
                        "origin_city_seq": 1,
                        "route_id": 23085,
                        "seat_counts": {
                            "is_divided": true,
                            "offline": 0,
                            "online": 0
                        },
                        "trip_id": 8407876,
                        "trip_route_id": 52527682,
                        "type": "AC_S",
                        "vat_amount": 56,
                        "vat_percent": 15
                    },
                    {
                        "destination_city_seq": 5,
                        "fare": "305.00",
                        "key": 3,
                        "origin_city_seq": 1,
                        "route_id": 23085,
                        "seat_counts": {
                            "is_divided": true,
                            "offline": 10,
                            "online": 10
                        },
                        "trip_id": 8407877,
                        "trip_route_id": 52527704,
                        "type": "SNIGDHA",
                        "vat_amount": 46,
                        "vat_percent": 15
                    }
                ],
                "train_model": "785",
                "travel_time": "02h 27m",
                "trip_number": "BIJOY EXPRESS (785)"
            },
            {
                "arrival_date_time": "20 Mar, 03:06 pm",
                "boarding_points": [
                    {
                        "location_date": "20 Mar 2025",
                        "location_id": 2820,
                        "location_name": "Chattogram Station",
                        "location_time": "12:30 PM",
                        "trip_point_id": 107716115
                    }
                ],
                "departure_date_time": "20 Mar, 12:30 pm",
                "departure_date_time_jd": "Thu, 20 Mar 2025, 12:30 PM",
                "departure_full_date": "2025-03-20",
                "destination_city_name": "cumilla",
                "is_eid_trip": 0,
                "is_from_city_international": false,
                "is_international": 0,
                "is_open_for_all": true,
                "origin_city_name": "chattogram",
                "parent_route": {
                    "arrival_date": "2025-03-20",
                    "arrival_time": "18:40:00",
                    "departure_date": "2025-03-20",
                    "departure_time": "12:30:00",
                    "destination_city_name": "dhaka",
                    "origin_city_name": "chattogram"
                },
                "seat_types": [
                    {
                        "destination_city_seq": 6,
                        "fare": "185.00",
                        "key": 7,
                        "origin_city_seq": 1,
                        "route_id": 22475,
                        "seat_counts": {
                            "is_divided": true,
                            "offline": 26,
                            "online": 26
                        },
                        "trip_id": 8407784,
                        "trip_route_id": 52525293,
                        "type": "S_CHAIR",
                        "vat_amount": 0,
                        "vat_percent": 0
                    },
                    {
                        "destination_city_seq": 6,
                        "fare": "370.00",
                        "key": 2,
                        "origin_city_seq": 1,
                        "route_id": 22475,
                        "seat_counts": {
                            "is_divided": true,
                            "offline": 0,
                            "online": 0
                        },
                        "trip_id": 8407785,
                        "trip_route_id": 52525334,
                        "type": "AC_S",
                        "vat_amount": 56,
                        "vat_percent": 15
                    },
                    {
                        "destination_city_seq": 6,
                        "fare": "305.00",
                        "key": 3,
                        "origin_city_seq": 1,
                        "route_id": 22475,
                        "seat_counts": {
                            "is_divided": true,
                            "offline": 28,
                            "online": 28
                        },
                        "trip_id": 8407786,
                        "trip_route_id": 52525374,
                        "type": "SNIGDHA",
                        "vat_amount": 46,
                        "vat_percent": 15
                    }
                ],
                "train_model": "721",
                "travel_time": "02h 36m",
                "trip_number": "MOHANAGAR EXPRESS (721)"
            },
            {
                "arrival_date_time": "20 Mar, 05:27 pm",
                "boarding_points": [
                    {
                        "location_date": "20 Mar 2025",
                        "location_id": 2820,
                        "location_name": "Chattogram Station",
                        "location_time": "03:00 PM",
                        "trip_point_id": 107715329
                    }
                ],
                "departure_date_time": "20 Mar, 03:00 pm",
                "departure_date_time_jd": "Thu, 20 Mar 2025, 03:00 PM",
                "departure_full_date": "2025-03-20",
                "destination_city_name": "cumilla",
                "is_eid_trip": 0,
                "is_from_city_international": false,
                "is_international": 0,
                "is_open_for_all": true,
                "origin_city_name": "chattogram",
                "parent_route": {
                    "arrival_date": "2025-03-20",
                    "arrival_time": "20:45:00",
                    "departure_date": "2025-03-20",
                    "departure_time": "15:00:00",
                    "destination_city_name": "dhaka",
                    "origin_city_name": "chattogram"
                },
                "seat_types": [
                    {
                        "destination_city_seq": 5,
                        "fare": "305.00",
                        "key": 3,
                        "origin_city_seq": 1,
                        "route_id": 22021,
                        "seat_counts": {
                            "is_divided": true,
                            "offline": 5,
                            "online": 5
                        },
                        "trip_id": 8407747,
                        "trip_route_id": 52524047,
                        "type": "SNIGDHA",
                        "vat_amount": 46,
                        "vat_percent": 15
                    },
                    {
                        "destination_city_seq": 5,
                        "fare": "185.00",
                        "key": 7,
                        "origin_city_seq": 1,
                        "route_id": 22021,
                        "seat_counts": {
                            "is_divided": true,
                            "offline": 5,
                            "online": 5
                        },
                        "trip_id": 8407748,
                        "trip_route_id": 52524068,
                        "type": "S_CHAIR",
                        "vat_amount": 0,
                        "vat_percent": 0
                    },
                    {
                        "destination_city_seq": 5,
                        "fare": "245.00",
                        "key": 5,
                        "origin_city_seq": 1,
                        "route_id": 22021,
                        "seat_counts": {
                            "is_divided": true,
                            "offline": 0,
                            "online": 0
                        },
                        "trip_id": 8407749,
                        "trip_route_id": 52524090,
                        "type": "F_SEAT",
                        "vat_amount": 37,
                        "vat_percent": 15
                    },
                    {
                        "destination_city_seq": 5,
                        "fare": "370.00",
                        "key": 2,
                        "origin_city_seq": 1,
                        "route_id": 22021,
                        "seat_counts": {
                            "is_divided": true,
                            "offline": 2,
                            "online": 2
                        },
                        "trip_id": 8407750,
                        "trip_route_id": 52524110,
                        "type": "AC_S",
                        "vat_amount": 56,
                        "vat_percent": 15
                    }
                ],
                "train_model": "703",
                "travel_time": "02h 27m",
                "trip_number": "MAHANAGAR GODHULI (703)"
            },
            {
                "arrival_date_time": "21 Mar, 12:09 am",
                "boarding_points": [
                    {
                        "location_date": "20 Mar 2025",
                        "location_id": 2820,
                        "location_name": "Chattogram Station",
                        "location_time": "09:45 PM",
                        "trip_point_id": 107716255
                    }
                ],
                "departure_date_time": "20 Mar, 09:45 pm",
                "departure_date_time_jd": "Thu, 20 Mar 2025, 09:45 PM",
                "departure_full_date": "2025-03-20",
                "destination_city_name": "cumilla",
                "is_eid_trip": 0,
                "is_from_city_international": false,
                "is_international": 0,
                "is_open_for_all": true,
                "origin_city_name": "chattogram",
                "parent_route": {
                    "arrival_date": "2025-03-21",
                    "arrival_time": "05:45:00",
                    "departure_date": "2025-03-20",
                    "departure_time": "21:45:00",
                    "destination_city_name": "sylhet",
                    "origin_city_name": "chattogram"
                },
                "seat_types": [
                    {
                        "destination_city_seq": 4,
                        "fare": "185.00",
                        "key": 7,
                        "origin_city_seq": 1,
                        "route_id": 22545,
                        "seat_counts": {
                            "is_divided": true,
                            "offline": 37,
                            "online": 38
                        },
                        "trip_id": 8407790,
                        "trip_route_id": 52525497,
                        "type": "S_CHAIR",
                        "vat_amount": 0,
                        "vat_percent": 0
                    },
                    {
                        "destination_city_seq": 4,
                        "fare": "305.00",
                        "key": 3,
                        "origin_city_seq": 1,
                        "route_id": 22545,
                        "seat_counts": {
                            "is_divided": true,
                            "offline": 2,
                            "online": 3
                        },
                        "trip_id": 8407791,
                        "trip_route_id": 52525528,
                        "type": "SNIGDHA",
                        "vat_amount": 46,
                        "vat_percent": 15
                    },
                    {
                        "destination_city_seq": 4,
                        "fare": "550.00",
                        "key": 1,
                        "origin_city_seq": 1,
                        "route_id": 22545,
                        "seat_counts": {
                            "is_divided": true,
                            "offline": 0,
                            "online": 0
                        },
                        "trip_id": 8407792,
                        "trip_route_id": 52525559,
                        "type": "AC_B",
                        "vat_amount": 83,
                        "vat_percent": 15
                    }
                ],
                "train_model": "723",
                "travel_time": "02h 24m",
                "trip_number": "UDAYAN EXPRESS (723)"
            },
            {
                "arrival_date_time": "21 Mar, 01:55 am",
                "boarding_points": [
                    {
                        "location_date": "20 Mar 2025",
                        "location_id": 2820,
                        "location_name": "Chattogram Station",
                        "location_time": "11:30 PM",
                        "trip_point_id": 107716888
                    }
                ],
                "departure_date_time": "20 Mar, 11:30 pm",
                "departure_date_time_jd": "Thu, 20 Mar 2025, 11:30 PM",
                "departure_full_date": "2025-03-20",
                "destination_city_name": "cumilla",
                "is_eid_trip": 0,
                "is_from_city_international": false,
                "is_international": 0,
                "is_open_for_all": true,
                "origin_city_name": "chattogram",
                "parent_route": {
                    "arrival_date": "2025-03-21",
                    "arrival_time": "05:10:00",
                    "departure_date": "2025-03-20",
                    "departure_time": "23:30:00",
                    "destination_city_name": "dhaka",
                    "origin_city_name": "chattogram"
                },
                "seat_types": [
                    {
                        "destination_city_seq": 4,
                        "fare": "185.00",
                        "key": 7,
                        "origin_city_seq": 1,
                        "route_id": 22817,
                        "seat_counts": {
                            "is_divided": true,
                            "offline": 9,
                            "online": 10
                        },
                        "trip_id": 8407826,
                        "trip_route_id": 52526454,
                        "type": "S_CHAIR",
                        "vat_amount": 0,
                        "vat_percent": 0
                    },
                    {
                        "destination_city_seq": 4,
                        "fare": "370.00",
                        "key": 4,
                        "origin_city_seq": 1,
                        "route_id": 22817,
                        "seat_counts": {
                            "is_divided": true,
                            "offline": 0,
                            "online": 0
                        },
                        "trip_id": 8407827,
                        "trip_route_id": 52526467,
                        "type": "F_BERTH",
                        "vat_amount": 56,
                        "vat_percent": 15
                    },
                    {
                        "destination_city_seq": 4,
                        "fare": "550.00",
                        "key": 1,
                        "origin_city_seq": 1,
                        "route_id": 22817,
                        "seat_counts": {
                            "is_divided": true,
                            "offline": 0,
                            "online": 0
                        },
                        "trip_id": 8407828,
                        "trip_route_id": 52526480,
                        "type": "AC_B",
                        "vat_amount": 83,
                        "vat_percent": 15
                    },
                    {
                        "destination_city_seq": 4,
                        "fare": "305.00",
                        "key": 3,
                        "origin_city_seq": 1,
                        "route_id": 22817,
                        "seat_counts": {
                            "is_divided": true,
                            "offline": 10,
                            "online": 10
                        },
                        "trip_id": 8407829,
                        "trip_route_id": 52526493,
                        "type": "SNIGDHA",
                        "vat_amount": 46,
                        "vat_percent": 15
                    }
                ],
                "train_model": "741",
                "travel_time": "02h 25m",
                "trip_number": "TURNA (741)"
            }
        ]
    },
    "extra": {
        "hash": "2913D4E613EE77BA81FCAB988D4D7E11"
    }
}