{
    "data": {
        "trains": [
            {
                "trip_number": "SILKCITY EXPRESS (754)",
                "departure_date_time": "07 Mar, 08:22 am",
                "departure_full_date": "2025-03-07",
                "departure_date_time_jd": "Fri, 07 Mar 2025, 08:22 AM",
                "arrival_date_time": "07 Mar, 08:37 am",
                "travel_time": "00h 15m",
                "origin_city_name": "abdulpur",
                "destination_city_name": "ishwardi bypass",
                "seat_types": [
                    {
                        "key": 2,
                        "type": "AC_S",
                        "trip_id": 8404386,
                        "trip_route_id": 52396663,
                        "route_id": 19560,
                        "fare": "135.00",
                        "vat_percent": 15,
                        "vat_amount": 21,
                        "origin_city_seq": 4,
                        "destination_city_seq": 5,
                        "seat_counts": {
                            "online": 0,
                            "offline": 0,
                            "is_divided": true
                        }
                    },
                    {
                        "key": 3,
                        "type": "SNIGDHA",
                        "trip_id": 8404389,
                        "trip_route_id": 52396786,
                        "route_id": 19560,
                        "fare": "110.00",
                        "vat_percent": 15,
                        "vat_amount": 17,
                        "origin_city_seq": 4,
                        "destination_city_seq": 5,
                        "seat_counts": {
                            "online": 0,
                            "offline": 0,
                            "is_divided": true
                        }
                    },
                    {
                        "key": 7,
                        "type": "S_CHAIR",
                        "trip_id": 8404392,
                        "trip_route_id": 52396909,
                        "route_id": 19560,
                        "fare": "70.00",
                        "vat_percent": 0,
                        "vat_amount": 0,
                        "origin_city_seq": 4,
                        "destination_city_seq": 5,
                        "seat_counts": {
                            "online": 8,
                            "offline": 7,
                            "is_divided": true
                        }
                    }
                ],
                "train_model": "754",
                "is_open_for_all": true,
                "is_eid_trip": 0,
                "parent_route": {
                    "origin_city_name": "rajshahi",
                    "destination_city_name": "dhaka",
                    "departure_date": "2025-03-07",
                    "departure_time": "07:40:00",
                    "arrival_date": "2025-03-07",
                    "arrival_time": "13:20:00"
                },
                "boarding_points": [
                    {
                        "trip_point_id": 107644775,
                        "location_id": 2708,
                        "location_name": "Abdulpur Station",
                        "location_time": "08:22 AM",
                        "location_date": "07 Mar 2025"
                    }
                ],
                "is_international": 0,
                "is_from_city_international": false
            },
            {
                "trip_number": "PADMA EXPRESS (760)",
                "departure_date_time": "07 Mar, 04:48 pm",
                "departure_full_date": "2025-03-07",
                "departure_date_time_jd": "Fri, 07 Mar 2025, 04:48 PM",
                "arrival_date_time": "07 Mar, 05:02 pm",
                "travel_time": "00h 14m",
                "origin_city_name": "abdulpur",
                "destination_city_name": "ishwardi bypass",
                "seat_types": [
                    {
                        "key": 3,
                        "type": "SNIGDHA",
                        "trip_id": 8404369,
                        "trip_route_id": 52395914,
                        "route_id": 19560,
                        "fare": "110.00",
                        "vat_percent": 15,
                        "vat_amount": 17,
                        "origin_city_seq": 4,
                        "destination_city_seq": 5,
                        "seat_counts": {
                            "online": 0,
                            "offline": 0,
                            "is_divided": true
                        }
                    },
                    {
                        "key": 7,
                        "type": "S_CHAIR",
                        "trip_id": 8404373,
                        "trip_route_id": 52396070,
                        "route_id": 19560,
                        "fare": "70.00",
                        "vat_percent": 0,
                        "vat_amount": 0,
                        "origin_city_seq": 4,
                        "destination_city_seq": 5,
                        "seat_counts": {
                            "online": 0,
                            "offline": 0,
                            "is_divided": true
                        }
                    },
                    {
                        "key": 2,
                        "type": "AC_S",
                        "trip_id": 8404657,
                        "trip_route_id": 52414836,
                        "route_id": 19560,
                        "fare": "135.00",
                        "vat_percent": 15,
                        "vat_amount": 21,
                        "origin_city_seq": 4,
                        "destination_city_seq": 5,
                        "seat_counts": {
                            "online": 0,
                            "offline": 0,
                            "is_divided": true
                        }
                    }
                ],
                "train_model": "760",
                "is_open_for_all": true,
                "is_eid_trip": 0,
                "parent_route": {
                    "origin_city_name": "rajshahi",
                    "destination_city_name": "dhaka",
                    "departure_date": "2025-03-07",
                    "departure_time": "16:00:00",
                    "arrival_date": "2025-03-07",
                    "arrival_time": "21:25:00"
                },
                "boarding_points": [
                    {
                        "trip_point_id": 107644364,
                        "location_id": 2708,
                        "location_name": "Abdulpur Station",
                        "location_time": "04:48 PM",
                        "location_date": "07 Mar 2025"
                    }
                ],
                "is_international": 0,
                "is_from_city_international": false
            },
            {
                "trip_number": "DHALARCHAR EXPRESS (780)",
                "departure_date_time": "07 Mar, 06:05 pm",
                "departure_full_date": "2025-03-07",
                "departure_date_time_jd": "Fri, 07 Mar 2025, 06:05 PM",
                "arrival_date_time": "07 Mar, 06:25 pm",
                "travel_time": "00h 20m",
                "origin_city_name": "abdulpur",
                "destination_city_name": "ishwardi bypass",
                "seat_types": [
                    {
                        "key": 8,
                        "type": "SHOVAN",
                        "trip_id": 8404312,
                        "trip_route_id": 52393470,
                        "route_id": 25935,
                        "fare": "55.00",
                        "vat_percent": 0,
                        "vat_amount": 0,
                        "origin_city_seq": 9,
                        "destination_city_seq": 11,
                        "seat_counts": {
                            "online": 3,
                            "offline": 2,
                            "is_divided": true
                        }
                    }
                ],
                "train_model": "780",
                "is_open_for_all": true,
                "is_eid_trip": 0,
                "parent_route": {
                    "origin_city_name": "chapai nawabganj",
                    "destination_city_name": "dhalarchar",
                    "departure_date": "2025-03-07",
                    "departure_time": "15:30:00",
                    "arrival_date": "2025-03-07",
                    "arrival_time": "20:45:00"
                },
                "boarding_points": [
                    {
                        "trip_point_id": 107642698,
                        "location_id": 2708,
                        "location_name": "Abdulpur Station",
                        "location_time": "06:05 PM",
                        "location_date": "07 Mar 2025"
                    }
                ],
                "is_international": 0,
                "is_from_city_international": false
            }
        ],
        "recommendations": [],
        "selected_seat_class": "S_CHAIR"
    },
    "extra": {
        "hash": "FE8AB15B345270CFF53BFA245BE670BC"
    }
}