{
    "data": {
        "trains": [
            {
                "trip_number": "TITUMIR EXPRESS (733)",
                "departure_date_time": "07 Mar, 07:20 am",
                "departure_full_date": "2025-03-07",
                "departure_date_time_jd": "Fri, 07 Mar 2025, 07:20 AM",
                "arrival_date_time": "07 Mar, 12:30 pm",
                "travel_time": "05h 10m",
                "origin_city_name": "abdulpur",
                "destination_city_name": "domar",
                "seat_types": [
                    {
                        "key": 7,
                        "type": "S_CHAIR",
                        "trip_id": 8404693,
                        "trip_route_id": 52417021,
                        "route_id": 20171,
                        "fare": "265.00",
                        "vat_percent": 0,
                        "vat_amount": 0,
                        "origin_city_seq": 2,
                        "destination_city_seq": 18,
                        "seat_counts": {
                            "online": 3,
                            "offline": 2,
                            "is_divided": true
                        }
                    }
                ],
                "train_model": "733",
                "is_open_for_all": true,
                "is_eid_trip": 0,
                "parent_route": {
                    "origin_city_name": "rajshahi",
                    "destination_city_name": "chilahati",
                    "departure_date": "2025-03-07",
                    "departure_time": "06:20:00",
                    "arrival_date": "2025-03-07",
                    "arrival_time": "13:00:00"
                },
                "boarding_points": [
                    {
                        "trip_point_id": 107654234,
                        "location_id": 2708,
                        "location_name": "Abdulpur Station",
                        "location_time": "07:20 AM",
                        "location_date": "07 Mar 2025"
                    }
                ],
                "is_international": 0,
                "is_from_city_international": false
            }
        ],
        "recommendations": [],
        "selected_seat_class": "S_CHAIR"
    },
    "extra": {
        "hash": "FE8AB15B345270CFF53BFA245BE670BC"
    }
}