{
    "data": {
        "trains": [
            {
                "trip_number": "BIJOY EXPRESS (786)",
                "departure_date_time": "07 Mar, 01:30 am",
                "departure_full_date": "2025-03-07",
                "departure_date_time_jd": "Fri, 07 Mar 2025, 01:30 AM",
                "arrival_date_time": "07 Mar, 05:00 am",
                "travel_time": "03h 30m",
                "origin_city_name": "akhaura",
                "destination_city_name": "chattogram",
                "seat_types": [
                    {
                        "key": 7,
                        "type": "S_CHAIR",
                        "trip_id": 8403653,
                        "trip_route_id": 52374674,
                        "route_id": 23118,
                        "fare": "240.00",
                        "vat_percent": 0,
                        "vat_amount": 0,
                        "origin_city_seq": 9,
                        "destination_city_seq": 14,
                        "seat_counts": {
                            "online": 5,
                            "offline": 5,
                            "is_divided": true
                        }
                    },
                    {
                        "key": 3,
                        "type": "SNIGDHA",
                        "trip_id": 8403659,
                        "trip_route_id": 52374900,
                        "route_id": 23118,
                        "fare": "400.00",
                        "vat_percent": 15,
                        "vat_amount": 60,
                        "origin_city_seq": 9,
                        "destination_city_seq": 14,
                        "seat_counts": {
                            "online": 0,
                            "offline": 0,
                            "is_divided": true
                        }
                    },
                    {
                        "key": 1,
                        "type": "AC_B",
                        "trip_id": 8403665,
                        "trip_route_id": 52375063,
                        "route_id": 23118,
                        "fare": "720.00",
                        "vat_percent": 15,
                        "vat_amount": 108,
                        "origin_city_seq": 9,
                        "destination_city_seq": 14,
                        "seat_counts": {
                            "online": 0,
                            "offline": 0,
                            "is_divided": true
                        }
                    }
                ],
                "train_model": "786",
                "is_open_for_all": true,
                "is_eid_trip": 0,
                "parent_route": {
                    "origin_city_name": "jamalpur_town",
                    "destination_city_name": "chattogram",
                    "departure_date": "2025-03-06",
                    "departure_time": "20:10:00",
                    "arrival_date": "2025-03-07",
                    "arrival_time": "05:00:00"
                },
                "boarding_points": [
                    {
                        "trip_point_id": 107631391,
                        "location_id": 2828,
                        "location_name": "Akhaura Station",
                        "location_time": "01:30 AM",
                        "location_date": "07 Mar 2025"
                    }
                ],
                "is_international": 0,
                "is_from_city_international": false
            },
            {
                "trip_number": "TURNA (742)",
                "departure_date_time": "07 Mar, 01:50 am",
                "departure_full_date": "2025-03-07",
                "departure_date_time_jd": "Fri, 07 Mar 2025, 01:50 AM",
                "arrival_date_time": "07 Mar, 05:15 am",
                "travel_time": "03h 25m",
                "origin_city_name": "akhaura",
                "destination_city_name": "chattogram",
                "seat_types": [
                    {
                        "key": 7,
                        "type": "S_CHAIR",
                        "trip_id": 8403377,
                        "trip_route_id": 52367924,
                        "route_id": 22838,
                        "fare": "240.00",
                        "vat_percent": 0,
                        "vat_amount": 0,
                        "origin_city_seq": 5,
                        "destination_city_seq": 9,
                        "seat_counts": {
                            "online": 3,
                            "offline": 2,
                            "is_divided": true
                        }
                    },
                    {
                        "key": 4,
                        "type": "F_BERTH",
                        "trip_id": 8403383,
                        "trip_route_id": 52368012,
                        "route_id": 22838,
                        "fare": "480.00",
                        "vat_percent": 15,
                        "vat_amount": 72,
                        "origin_city_seq": 5,
                        "destination_city_seq": 9,
                        "seat_counts": {
                            "online": 0,
                            "offline": 0,
                            "is_divided": true
                        }
                    },
                    {
                        "key": 1,
                        "type": "AC_B",
                        "trip_id": 8403389,
                        "trip_route_id": 52368096,
                        "route_id": 22838,
                        "fare": "720.00",
                        "vat_percent": 15,
                        "vat_amount": 108,
                        "origin_city_seq": 5,
                        "destination_city_seq": 9,
                        "seat_counts": {
                            "online": 0,
                            "offline": 0,
                            "is_divided": true
                        }
                    },
                    {
                        "key": 3,
                        "type": "SNIGDHA",
                        "trip_id": 8403395,
                        "trip_route_id": 52368182,
                        "route_id": 22838,
                        "fare": "400.00",
                        "vat_percent": 15,
                        "vat_amount": 60,
                        "origin_city_seq": 5,
                        "destination_city_seq": 9,
                        "seat_counts": {
                            "online": 0,
                            "offline": 0,
                            "is_divided": true
                        }
                    }
                ],
                "train_model": "742",
                "is_open_for_all": true,
                "is_eid_trip": 0,
                "parent_route": {
                    "origin_city_name": "dhaka",
                    "destination_city_name": "chattogram",
                    "departure_date": "2025-03-06",
                    "departure_time": "23:15:00",
                    "arrival_date": "2025-03-07",
                    "arrival_time": "05:15:00"
                },
                "boarding_points": [
                    {
                        "trip_point_id": 107626745,
                        "location_id": 2828,
                        "location_name": "Akhaura Station",
                        "location_time": "01:50 AM",
                        "location_date": "07 Mar 2025"
                    }
                ],
                "is_international": 0,
                "is_from_city_international": false
            },
            {
                "trip_number": "UDAYAN EXPRESS (724)",
                "departure_date_time": "07 Mar, 02:30 am",
                "departure_full_date": "2025-03-07",
                "departure_date_time_jd": "Fri, 07 Mar 2025, 02:30 AM",
                "arrival_date_time": "07 Mar, 05:50 am",
                "travel_time": "03h 20m",
                "origin_city_name": "akhaura",
                "destination_city_name": "chattogram",
                "seat_types": [
                    {
                        "key": 1,
                        "type": "AC_B",
                        "trip_id": 8403165,
                        "trip_route_id": 52362823,
                        "route_id": 22601,
                        "fare": "720.00",
                        "vat_percent": 15,
                        "vat_amount": 108,
                        "origin_city_seq": 8,
                        "destination_city_seq": 12,
                        "seat_counts": {
                            "online": 0,
                            "offline": 0,
                            "is_divided": true
                        }
                    },
                    {
                        "key": 7,
                        "type": "S_CHAIR",
                        "trip_id": 8403170,
                        "trip_route_id": 52362948,
                        "route_id": 22601,
                        "fare": "240.00",
                        "vat_percent": 0,
                        "vat_amount": 0,
                        "origin_city_seq": 8,
                        "destination_city_seq": 12,
                        "seat_counts": {
                            "online": 10,
                            "offline": 10,
                            "is_divided": true
                        }
                    },
                    {
                        "key": 3,
                        "type": "SNIGDHA",
                        "trip_id": 8403175,
                        "trip_route_id": 52363088,
                        "route_id": 22601,
                        "fare": "400.00",
                        "vat_percent": 15,
                        "vat_amount": 60,
                        "origin_city_seq": 8,
                        "destination_city_seq": 12,
                        "seat_counts": {
                            "online": 0,
                            "offline": 0,
                            "is_divided": true
                        }
                    }
                ],
                "train_model": "724",
                "is_open_for_all": true,
                "is_eid_trip": 0,
                "parent_route": {
                    "origin_city_name": "sylhet",
                    "destination_city_name": "chattogram",
                    "departure_date": "2025-03-06",
                    "departure_time": "22:00:00",
                    "arrival_date": "2025-03-07",
                    "arrival_time": "05:50:00"
                },
                "boarding_points": [
                    {
                        "trip_point_id": 107623143,
                        "location_id": 2828,
                        "location_name": "Akhaura Station",
                        "location_time": "02:30 AM",
                        "location_date": "07 Mar 2025"
                    }
                ],
                "is_international": 0,
                "is_from_city_international": false
            },
            {
                "trip_number": "MAHANAGAR PROVATI (704)",
                "departure_date_time": "07 Mar, 10:08 am",
                "departure_full_date": "2025-03-07",
                "departure_date_time_jd": "Fri, 07 Mar 2025, 10:08 AM",
                "arrival_date_time": "07 Mar, 01:35 pm",
                "travel_time": "03h 27m",
                "origin_city_name": "akhaura",
                "destination_city_name": "chattogram",
                "seat_types": [
                    {
                        "key": 7,
                        "type": "S_CHAIR",
                        "trip_id": 8402913,
                        "trip_route_id": 52353881,
                        "route_id": 22058,
                        "fare": "240.00",
                        "vat_percent": 0,
                        "vat_amount": 0,
                        "origin_city_seq": 5,
                        "destination_city_seq": 10,
                        "seat_counts": {
                            "online": 2,
                            "offline": 2,
                            "is_divided": true
                        }
                    },
                    {
                        "key": 5,
                        "type": "F_SEAT",
                        "trip_id": 8402919,
                        "trip_route_id": 52354031,
                        "route_id": 22058,
                        "fare": "320.00",
                        "vat_percent": 15,
                        "vat_amount": 48,
                        "origin_city_seq": 5,
                        "destination_city_seq": 10,
                        "seat_counts": {
                            "online": 0,
                            "offline": 0,
                            "is_divided": true
                        }
                    },
                    {
                        "key": 2,
                        "type": "AC_S",
                        "trip_id": 8402925,
                        "trip_route_id": 52354181,
                        "route_id": 22058,
                        "fare": "480.00",
                        "vat_percent": 15,
                        "vat_amount": 72,
                        "origin_city_seq": 5,
                        "destination_city_seq": 10,
                        "seat_counts": {
                            "online": 0,
                            "offline": 0,
                            "is_divided": true
                        }
                    },
                    {
                        "key": 3,
                        "type": "SNIGDHA",
                        "trip_id": 8402931,
                        "trip_route_id": 52354331,
                        "route_id": 22058,
                        "fare": "400.00",
                        "vat_percent": 15,
                        "vat_amount": 60,
                        "origin_city_seq": 5,
                        "destination_city_seq": 10,
                        "seat_counts": {
                            "online": 1,
                            "offline": 1,
                            "is_divided": true
                        }
                    }
                ],
                "train_model": "704",
                "is_open_for_all": true,
                "is_eid_trip": 0,
                "parent_route": {
                    "origin_city_name": "dhaka",
                    "destination_city_name": "chattogram",
                    "departure_date": "2025-03-07",
                    "departure_time": "07:45:00",
                    "arrival_date": "2025-03-07",
                    "arrival_time": "13:35:00"
                },
                "boarding_points": [
                    {
                        "trip_point_id": 107617530,
                        "location_id": 2828,
                        "location_name": "Akhaura Station",
                        "location_time": "10:08 AM",
                        "location_date": "07 Mar 2025"
                    }
                ],
                "is_international": 0,
                "is_from_city_international": false
            },
            {
                "trip_number": "PAHARIKA EXPRESS (720)",
                "departure_date_time": "07 Mar, 03:25 pm",
                "departure_full_date": "2025-03-07",
                "departure_date_time_jd": "Fri, 07 Mar 2025, 03:25 PM",
                "arrival_date_time": "07 Mar, 06:55 pm",
                "travel_time": "03h 30m",
                "origin_city_name": "akhaura",
                "destination_city_name": "chattogram",
                "seat_types": [
                    {
                        "key": 2,
                        "type": "AC_S",
                        "trip_id": 8403105,
                        "trip_route_id": 52360661,
                        "route_id": 22462,
                        "fare": "480.00",
                        "vat_percent": 15,
                        "vat_amount": 72,
                        "origin_city_seq": 10,
                        "destination_city_seq": 16,
                        "seat_counts": {
                            "online": 0,
                            "offline": 0,
                            "is_divided": true
                        }
                    },
                    {
                        "key": 7,
                        "type": "S_CHAIR",
                        "trip_id": 8403110,
                        "trip_route_id": 52360903,
                        "route_id": 22462,
                        "fare": "240.00",
                        "vat_percent": 0,
                        "vat_amount": 0,
                        "origin_city_seq": 10,
                        "destination_city_seq": 16,
                        "seat_counts": {
                            "online": 12,
                            "offline": 12,
                            "is_divided": true
                        }
                    },
                    {
                        "key": 3,
                        "type": "SNIGDHA",
                        "trip_id": 8403115,
                        "trip_route_id": 52361146,
                        "route_id": 22462,
                        "fare": "400.00",
                        "vat_percent": 15,
                        "vat_amount": 60,
                        "origin_city_seq": 10,
                        "destination_city_seq": 16,
                        "seat_counts": {
                            "online": 0,
                            "offline": 0,
                            "is_divided": true
                        }
                    }
                ],
                "train_model": "720",
                "is_open_for_all": true,
                "is_eid_trip": 0,
                "parent_route": {
                    "origin_city_name": "sylhet",
                    "destination_city_name": "chattogram",
                    "departure_date": "2025-03-07",
                    "departure_time": "10:30:00",
                    "arrival_date": "2025-03-07",
                    "arrival_time": "18:55:00"
                },
                "boarding_points": [
                    {
                        "trip_point_id": 107621723,
                        "location_id": 2828,
                        "location_name": "Akhaura Station",
                        "location_time": "03:25 PM",
                        "location_date": "07 Mar 2025"
                    }
                ],
                "is_international": 0,
                "is_from_city_international": false
            },
            {
                "trip_number": "MOHANAGAR EXPRESS (722)",
                "departure_date_time": "07 Mar, 11:58 pm",
                "departure_full_date": "2025-03-07",
                "departure_date_time_jd": "Fri, 07 Mar 2025, 11:58 PM",
                "arrival_date_time": "08 Mar, 03:30 am",
                "travel_time": "03h 32m",
                "origin_city_name": "akhaura",
                "destination_city_name": "chattogram",
                "seat_types": [
                    {
                        "key": 7,
                        "type": "S_CHAIR",
                        "trip_id": 8403136,
                        "trip_route_id": 52361998,
                        "route_id": 22533,
                        "fare": "240.00",
                        "vat_percent": 0,
                        "vat_amount": 0,
                        "origin_city_seq": 7,
                        "destination_city_seq": 14,
                        "seat_counts": {
                            "online": 8,
                            "offline": 7,
                            "is_divided": true
                        }
                    },
                    {
                        "key": 1,
                        "type": "AC_B",
                        "trip_id": 8403141,
                        "trip_route_id": 52362129,
                        "route_id": 22533,
                        "fare": "720.00",
                        "vat_percent": 15,
                        "vat_amount": 108,
                        "origin_city_seq": 7,
                        "destination_city_seq": 14,
                        "seat_counts": {
                            "online": 0,
                            "offline": 0,
                            "is_divided": true
                        }
                    },
                    {
                        "key": 3,
                        "type": "SNIGDHA",
                        "trip_id": 8403146,
                        "trip_route_id": 52362260,
                        "route_id": 22533,
                        "fare": "400.00",
                        "vat_percent": 15,
                        "vat_amount": 60,
                        "origin_city_seq": 7,
                        "destination_city_seq": 14,
                        "seat_counts": {
                            "online": 3,
                            "offline": 2,
                            "is_divided": true
                        }
                    }
                ],
                "train_model": "722",
                "is_open_for_all": true,
                "is_eid_trip": 0,
                "parent_route": {
                    "origin_city_name": "dhaka",
                    "destination_city_name": "chattogram",
                    "departure_date": "2025-03-07",
                    "departure_time": "21:20:00",
                    "arrival_date": "2025-03-08",
                    "arrival_time": "03:30:00"
                },
                "boarding_points": [
                    {
                        "trip_point_id": 107622534,
                        "location_id": 2828,
                        "location_name": "Akhaura Station",
                        "location_time": "11:58 PM",
                        "location_date": "07 Mar 2025"
                    }
                ],
                "is_international": 0,
                "is_from_city_international": false
            }
        ],
        "recommendations": [],
        "selected_seat_class": "S_CHAIR"
    },
    "extra": {
        "hash": "FE8AB15B345270CFF53BFA245BE670BC"
    }
}