{
    "data": {
        "trains": [
            {
                "trip_number": "UDAYAN EXPRESS (724)",
                "departure_date_time": "07 Mar, 02:30 am",
                "departure_full_date": "2025-03-07",
                "departure_date_time_jd": "Fri, 07 Mar 2025, 02:30 AM",
                "arrival_date_time": "07 Mar, 03:37 am",
                "travel_time": "01h 07m",
                "origin_city_name": "akhaura",
                "destination_city_name": "laksam",
                "seat_types": [
                    {
                        "key": 1,
                        "type": "AC_B",
                        "trip_id": 8403165,
                        "trip_route_id": 52362825,
                        "route_id": 22599,
                        "fare": "260.00",
                        "vat_percent": 15,
                        "vat_amount": 39,
                        "origin_city_seq": 8,
                        "destination_city_seq": 10,
                        "seat_counts": {
                            "online": 0,
                            "offline": 0,
                            "is_divided": true
                        }
                    },
                    {
                        "key": 7,
                        "type": "S_CHAIR",
                        "trip_id": 8403170,
                        "trip_route_id": 52362950,
                        "route_id": 22599,
                        "fare": "90.00",
                        "vat_percent": 0,
                        "vat_amount": 0,
                        "origin_city_seq": 8,
                        "destination_city_seq": 10,
                        "seat_counts": {
                            "online": 3,
                            "offline": 2,
                            "is_divided": true
                        }
                    },
                    {
                        "key": 3,
                        "type": "SNIGDHA",
                        "trip_id": 8403175,
                        "trip_route_id": 52363090,
                        "route_id": 22599,
                        "fare": "145.00",
                        "vat_percent": 15,
                        "vat_amount": 22,
                        "origin_city_seq": 8,
                        "destination_city_seq": 10,
                        "seat_counts": {
                            "online": 0,
                            "offline": 0,
                            "is_divided": true
                        }
                    }
                ],
                "train_model": "724",
                "is_open_for_all": true,
                "is_eid_trip": 0,
                "parent_route": {
                    "origin_city_name": "sylhet",
                    "destination_city_name": "chattogram",
                    "departure_date": "2025-03-06",
                    "departure_time": "22:00:00",
                    "arrival_date": "2025-03-07",
                    "arrival_time": "05:50:00"
                },
                "boarding_points": [
                    {
                        "trip_point_id": 107623143,
                        "location_id": 2828,
                        "location_name": "Akhaura Station",
                        "location_time": "02:30 AM",
                        "location_date": "07 Mar 2025"
                    }
                ],
                "is_international": 0,
                "is_from_city_international": false
            },
            {
                "trip_number": "PAHARIKA EXPRESS (720)",
                "departure_date_time": "07 Mar, 03:25 pm",
                "departure_full_date": "2025-03-07",
                "departure_date_time_jd": "Fri, 07 Mar 2025, 03:25 PM",
                "arrival_date_time": "07 Mar, 04:38 pm",
                "travel_time": "01h 13m",
                "origin_city_name": "akhaura",
                "destination_city_name": "laksam",
                "seat_types": [
                    {
                        "key": 2,
                        "type": "AC_S",
                        "trip_id": 8403105,
                        "trip_route_id": 52360663,
                        "route_id": 22461,
                        "fare": "175.00",
                        "vat_percent": 15,
                        "vat_amount": 27,
                        "origin_city_seq": 10,
                        "destination_city_seq": 13,
                        "seat_counts": {
                            "online": 0,
                            "offline": 0,
                            "is_divided": true
                        }
                    },
                    {
                        "key": 7,
                        "type": "S_CHAIR",
                        "trip_id": 8403110,
                        "trip_route_id": 52360905,
                        "route_id": 22461,
                        "fare": "90.00",
                        "vat_percent": 0,
                        "vat_amount": 0,
                        "origin_city_seq": 10,
                        "destination_city_seq": 13,
                        "seat_counts": {
                            "online": 2,
                            "offline": 1,
                            "is_divided": true
                        }
                    },
                    {
                        "key": 3,
                        "type": "SNIGDHA",
                        "trip_id": 8403115,
                        "trip_route_id": 52361148,
                        "route_id": 22461,
                        "fare": "145.00",
                        "vat_percent": 15,
                        "vat_amount": 22,
                        "origin_city_seq": 10,
                        "destination_city_seq": 13,
                        "seat_counts": {
                            "online": 0,
                            "offline": 0,
                            "is_divided": true
                        }
                    }
                ],
                "train_model": "720",
                "is_open_for_all": true,
                "is_eid_trip": 0,
                "parent_route": {
                    "origin_city_name": "sylhet",
                    "destination_city_name": "chattogram",
                    "departure_date": "2025-03-07",
                    "departure_time": "10:30:00",
                    "arrival_date": "2025-03-07",
                    "arrival_time": "18:55:00"
                },
                "boarding_points": [
                    {
                        "trip_point_id": 107621723,
                        "location_id": 2828,
                        "location_name": "Akhaura Station",
                        "location_time": "03:25 PM",
                        "location_date": "07 Mar 2025"
                    }
                ],
                "is_international": 0,
                "is_from_city_international": false
            }
        ],
        "recommendations": [],
        "selected_seat_class": "S_CHAIR"
    },
    "extra": {
        "hash": "FE8AB15B345270CFF53BFA245BE670BC"
    }
}