{
    "data": {
        "trains": [
            {
                "trip_number": "SIMANTA EXPRESS (747)",
                "departure_date_time": "07 Mar, 12:17 am",
                "departure_full_date": "2025-03-07",
                "departure_date_time_jd": "Fri, 07 Mar 2025, 12:17 AM",
                "arrival_date_time": "07 Mar, 05:27 am",
                "travel_time": "05h 10m",
                "origin_city_name": "alamdanga",
                "destination_city_name": "saidpur",
                "seat_types": [
                    {
                        "key": 7,
                        "type": "S_CHAIR",
                        "trip_id": 8404165,
                        "trip_route_id": 52387150,
                        "route_id": 21307,
                        "fare": "330.00",
                        "vat_percent": 0,
                        "vat_amount": 0,
                        "origin_city_seq": 9,
                        "destination_city_seq": 22,
                        "seat_counts": {
                            "online": 5,
                            "offline": 5,
                            "is_divided": true
                        }
                    }
                ],
                "train_model": "747",
                "is_open_for_all": true,
                "is_eid_trip": 0,
                "parent_route": {
                    "origin_city_name": "khulna",
                    "destination_city_name": "chilahati",
                    "departure_date": "2025-03-06",
                    "departure_time": "21:15:00",
                    "arrival_date": "2025-03-07",
                    "arrival_time": "06:45:00"
                },
                "boarding_points": [
                    {
                        "trip_point_id": 107639399,
                        "location_id": 2788,
                        "location_name": "Alamdanga Station",
                        "location_time": "12:17 AM",
                        "location_date": "07 Mar 2025"
                    }
                ],
                "is_international": 0,
                "is_from_city_international": false
            },
            {
                "trip_number": "RUPSHA EXPRESS (727)",
                "departure_date_time": "07 Mar, 10:24 am",
                "departure_full_date": "2025-03-07",
                "departure_date_time_jd": "Fri, 07 Mar 2025, 10:24 AM",
                "arrival_date_time": "07 Mar, 03:32 pm",
                "travel_time": "05h 08m",
                "origin_city_name": "alamdanga",
                "destination_city_name": "saidpur",
                "seat_types": [
                    {
                        "key": 2,
                        "type": "AC_S",
                        "trip_id": 8404557,
                        "trip_route_id": 52406460,
                        "route_id": 21307,
                        "fare": "660.00",
                        "vat_percent": 15,
                        "vat_amount": 99,
                        "origin_city_seq": 9,
                        "destination_city_seq": 22,
                        "seat_counts": {
                            "online": 0,
                            "offline": 0,
                            "is_divided": true
                        }
                    },
                    {
                        "key": 3,
                        "type": "SNIGDHA",
                        "trip_id": 8404613,
                        "trip_route_id": 52410215,
                        "route_id": 21307,
                        "fare": "550.00",
                        "vat_percent": 15,
                        "vat_amount": 83,
                        "origin_city_seq": 9,
                        "destination_city_seq": 22,
                        "seat_counts": {
                            "online": 0,
                            "offline": 0,
                            "is_divided": true
                        }
                    },
                    {
                        "key": 7,
                        "type": "S_CHAIR",
                        "trip_id": 8404617,
                        "trip_route_id": 52410821,
                        "route_id": 21307,
                        "fare": "330.00",
                        "vat_percent": 0,
                        "vat_amount": 0,
                        "origin_city_seq": 9,
                        "destination_city_seq": 22,
                        "seat_counts": {
                            "online": 3,
                            "offline": 2,
                            "is_divided": true
                        }
                    }
                ],
                "train_model": "727",
                "is_open_for_all": true,
                "is_eid_trip": 0,
                "parent_route": {
                    "origin_city_name": "khulna",
                    "destination_city_name": "chilahati",
                    "departure_date": "2025-03-07",
                    "departure_time": "07:15:00",
                    "arrival_date": "2025-03-07",
                    "arrival_time": "17:05:00"
                },
                "boarding_points": [
                    {
                        "trip_point_id": 107649883,
                        "location_id": 2788,
                        "location_name": "Alamdanga Station",
                        "location_time": "10:24 AM",
                        "location_date": "07 Mar 2025"
                    }
                ],
                "is_international": 0,
                "is_from_city_international": false
            }
        ],
        "recommendations": [],
        "selected_seat_class": "S_CHAIR"
    },
    "extra": {
        "hash": "FE8AB15B345270CFF53BFA245BE670BC"
    }
}