{
    "data": {
        "trains": [
            {
                "trip_number": "SIMANTA EXPRESS (748)",
                "departure_date_time": "07 Mar, 12:57 am",
                "departure_full_date": "2025-03-07",
                "departure_date_time_jd": "Fri, 07 Mar 2025, 12:57 AM",
                "arrival_date_time": "07 Mar, 04:20 am",
                "travel_time": "03h 23m",
                "origin_city_name": "alamdanga",
                "destination_city_name": "khulna",
                "seat_types": [
                    {
                        "key": 7,
                        "type": "S_CHAIR",
                        "trip_id": 8404166,
                        "trip_route_id": 52387284,
                        "route_id": 21376,
                        "fare": "185.00",
                        "vat_percent": 0,
                        "vat_amount": 0,
                        "origin_city_seq": 17,
                        "destination_city_seq": 25,
                        "seat_counts": {
                            "online": 3,
                            "offline": 2,
                            "is_divided": true
                        }
                    },
                    {
                        "key": 1,
                        "type": "AC_B",
                        "trip_id": 8404198,
                        "trip_route_id": 52389083,
                        "route_id": 21376,
                        "fare": "545.00",
                        "vat_percent": 15,
                        "vat_amount": 82,
                        "origin_city_seq": 17,
                        "destination_city_seq": 25,
                        "seat_counts": {
                            "online": 0,
                            "offline": 0,
                            "is_divided": true
                        }
                    },
                    {
                        "key": 3,
                        "type": "SNIGDHA",
                        "trip_id": 8404199,
                        "trip_route_id": 52389199,
                        "route_id": 21376,
                        "fare": "305.00",
                        "vat_percent": 15,
                        "vat_amount": 46,
                        "origin_city_seq": 17,
                        "destination_city_seq": 25,
                        "seat_counts": {
                            "online": 0,
                            "offline": 0,
                            "is_divided": true
                        }
                    }
                ],
                "train_model": "748",
                "is_open_for_all": true,
                "is_eid_trip": 0,
                "parent_route": {
                    "origin_city_name": "chilahati",
                    "destination_city_name": "khulna",
                    "departure_date": "2025-03-06",
                    "departure_time": "18:45:00",
                    "arrival_date": "2025-03-07",
                    "arrival_time": "04:20:00"
                },
                "boarding_points": [
                    {
                        "trip_point_id": 107639418,
                        "location_id": 2788,
                        "location_name": "Alamdanga Station",
                        "location_time": "12:57 AM",
                        "location_date": "07 Mar 2025"
                    }
                ],
                "is_international": 0,
                "is_from_city_international": false
            },
            {
                "trip_number": "CHITRA EXPRESS (764)",
                "departure_date_time": "07 Mar, 01:37 am",
                "departure_full_date": "2025-03-07",
                "departure_date_time_jd": "Fri, 07 Mar 2025, 01:37 AM",
                "arrival_date_time": "07 Mar, 05:00 am",
                "travel_time": "03h 23m",
                "origin_city_name": "alamdanga",
                "destination_city_name": "khulna",
                "seat_types": [
                    {
                        "key": 3,
                        "type": "SNIGDHA",
                        "trip_id": 8404184,
                        "trip_route_id": 52388470,
                        "route_id": 20654,
                        "fare": "305.00",
                        "vat_percent": 15,
                        "vat_amount": 46,
                        "origin_city_seq": 16,
                        "destination_city_seq": 24,
                        "seat_counts": {
                            "online": 0,
                            "offline": 0,
                            "is_divided": true
                        }
                    },
                    {
                        "key": 1,
                        "type": "AC_B",
                        "trip_id": 8404205,
                        "trip_route_id": 52389600,
                        "route_id": 20654,
                        "fare": "545.00",
                        "vat_percent": 15,
                        "vat_amount": 82,
                        "origin_city_seq": 16,
                        "destination_city_seq": 24,
                        "seat_counts": {
                            "online": 0,
                            "offline": 0,
                            "is_divided": true
                        }
                    },
                    {
                        "key": 7,
                        "type": "S_CHAIR",
                        "trip_id": 8404206,
                        "trip_route_id": 52389675,
                        "route_id": 20654,
                        "fare": "185.00",
                        "vat_percent": 0,
                        "vat_amount": 0,
                        "origin_city_seq": 16,
                        "destination_city_seq": 24,
                        "seat_counts": {
                            "online": 0,
                            "offline": 0,
                            "is_divided": true
                        }
                    }
                ],
                "train_model": "764",
                "is_open_for_all": true,
                "is_eid_trip": 0,
                "parent_route": {
                    "origin_city_name": "dhaka",
                    "destination_city_name": "khulna",
                    "departure_date": "2025-03-06",
                    "departure_time": "19:30:00",
                    "arrival_date": "2025-03-07",
                    "arrival_time": "05:00:00"
                },
                "boarding_points": [
                    {
                        "trip_point_id": 107640024,
                        "location_id": 2788,
                        "location_name": "Alamdanga Station",
                        "location_time": "01:37 AM",
                        "location_date": "07 Mar 2025"
                    }
                ],
                "is_international": 0,
                "is_from_city_international": false
            },
            {
                "trip_number": "SAGARDARI EXPRESS (762)",
                "departure_date_time": "07 Mar, 08:31 am",
                "departure_full_date": "2025-03-07",
                "departure_date_time_jd": "Fri, 07 Mar 2025, 08:31 AM",
                "arrival_date_time": "07 Mar, 12:10 pm",
                "travel_time": "03h 39m",
                "origin_city_name": "alamdanga",
                "destination_city_name": "khulna",
                "seat_types": [
                    {
                        "key": 7,
                        "type": "S_CHAIR",
                        "trip_id": 8404654,
                        "trip_route_id": 52414635,
                        "route_id": 21503,
                        "fare": "185.00",
                        "vat_percent": 0,
                        "vat_amount": 0,
                        "origin_city_seq": 9,
                        "destination_city_seq": 17,
                        "seat_counts": {
                            "online": 15,
                            "offline": 15,
                            "is_divided": true
                        }
                    }
                ],
                "train_model": "762",
                "is_open_for_all": true,
                "is_eid_trip": 0,
                "parent_route": {
                    "origin_city_name": "rajshahi",
                    "destination_city_name": "khulna",
                    "departure_date": "2025-03-07",
                    "departure_time": "06:00:00",
                    "arrival_date": "2025-03-07",
                    "arrival_time": "12:10:00"
                },
                "boarding_points": [
                    {
                        "trip_point_id": 107653226,
                        "location_id": 2788,
                        "location_name": "Alamdanga Station",
                        "location_time": "08:31 AM",
                        "location_date": "07 Mar 2025"
                    }
                ],
                "is_international": 0,
                "is_from_city_international": false
            },
            {
                "trip_number": "SUNDARBAN EXPRESS (726)",
                "departure_date_time": "07 Mar, 12:09 pm",
                "departure_full_date": "2025-03-07",
                "departure_date_time_jd": "Fri, 07 Mar 2025, 12:09 PM",
                "arrival_date_time": "07 Mar, 03:40 pm",
                "travel_time": "03h 31m",
                "origin_city_name": "alamdanga",
                "destination_city_name": "khulna",
                "seat_types": [
                    {
                        "key": 7,
                        "type": "S_CHAIR",
                        "trip_id": 8404526,
                        "trip_route_id": 52404283,
                        "route_id": 25281,
                        "fare": "185.00",
                        "vat_percent": 0,
                        "vat_amount": 0,
                        "origin_city_seq": 8,
                        "destination_city_seq": 16,
                        "seat_counts": {
                            "online": 0,
                            "offline": 0,
                            "is_divided": true
                        }
                    },
                    {
                        "key": 3,
                        "type": "SNIGDHA",
                        "trip_id": 8404846,
                        "trip_route_id": 52421264,
                        "route_id": 25281,
                        "fare": "305.00",
                        "vat_percent": 15,
                        "vat_amount": 46,
                        "origin_city_seq": 8,
                        "destination_city_seq": 16,
                        "seat_counts": {
                            "online": 5,
                            "offline": 5,
                            "is_divided": true
                        }
                    }
                ],
                "train_model": "726",
                "is_open_for_all": true,
                "is_eid_trip": 0,
                "parent_route": {
                    "origin_city_name": "dhaka",
                    "destination_city_name": "khulna",
                    "departure_date": "2025-03-07",
                    "departure_time": "08:00:00",
                    "arrival_date": "2025-03-07",
                    "arrival_time": "15:40:00"
                },
                "boarding_points": [
                    {
                        "trip_point_id": 107648868,
                        "location_id": 2788,
                        "location_name": "Alamdanga Station",
                        "location_time": "12:09 PM",
                        "location_date": "07 Mar 2025"
                    }
                ],
                "is_international": 0,
                "is_from_city_international": false
            },
            {
                "trip_number": "RUPSHA EXPRESS (728)",
                "departure_date_time": "07 Mar, 03:04 pm",
                "departure_full_date": "2025-03-07",
                "departure_date_time_jd": "Fri, 07 Mar 2025, 03:04 PM",
                "arrival_date_time": "07 Mar, 06:20 pm",
                "travel_time": "03h 16m",
                "origin_city_name": "alamdanga",
                "destination_city_name": "khulna",
                "seat_types": [
                    {
                        "key": 2,
                        "type": "AC_S",
                        "trip_id": 8404585,
                        "trip_route_id": 52407848,
                        "route_id": 21376,
                        "fare": "365.00",
                        "vat_percent": 15,
                        "vat_amount": 55,
                        "origin_city_seq": 17,
                        "destination_city_seq": 25,
                        "seat_counts": {
                            "online": 0,
                            "offline": 0,
                            "is_divided": true
                        }
                    },
                    {
                        "key": 3,
                        "type": "SNIGDHA",
                        "trip_id": 8404621,
                        "trip_route_id": 52411456,
                        "route_id": 21376,
                        "fare": "305.00",
                        "vat_percent": 15,
                        "vat_amount": 46,
                        "origin_city_seq": 17,
                        "destination_city_seq": 25,
                        "seat_counts": {
                            "online": 0,
                            "offline": 0,
                            "is_divided": true
                        }
                    },
                    {
                        "key": 7,
                        "type": "S_CHAIR",
                        "trip_id": 8404625,
                        "trip_route_id": 52412140,
                        "route_id": 21376,
                        "fare": "185.00",
                        "vat_percent": 0,
                        "vat_amount": 0,
                        "origin_city_seq": 17,
                        "destination_city_seq": 25,
                        "seat_counts": {
                            "online": 0,
                            "offline": 0,
                            "is_divided": true
                        }
                    }
                ],
                "train_model": "728",
                "is_open_for_all": true,
                "is_eid_trip": 0,
                "parent_route": {
                    "origin_city_name": "chilahati",
                    "destination_city_name": "khulna",
                    "departure_date": "2025-03-07",
                    "departure_time": "08:30:00",
                    "arrival_date": "2025-03-07",
                    "arrival_time": "18:20:00"
                },
                "boarding_points": [
                    {
                        "trip_point_id": 107650408,
                        "location_id": 2788,
                        "location_name": "Alamdanga Station",
                        "location_time": "03:04 PM",
                        "location_date": "07 Mar 2025"
                    }
                ],
                "is_international": 0,
                "is_from_city_international": false
            }
        ],
        "recommendations": [],
        "selected_seat_class": "S_CHAIR"
    },
    "extra": {
        "hash": "FE8AB15B345270CFF53BFA245BE670BC"
    }
}