{
    "data": {
        "trains": [
            {
                "trip_number": "DHALARCHAR EXPRESS (780)",
                "departure_date_time": "07 Mar, 06:16 pm",
                "departure_full_date": "2025-03-07",
                "departure_date_time_jd": "Fri, 07 Mar 2025, 06:16 PM",
                "arrival_date_time": "07 Mar, 07:10 pm",
                "travel_time": "00h 54m",
                "origin_city_name": "azim nagar",
                "destination_city_name": "pabna",
                "seat_types": [
                    {
                        "key": 8,
                        "type": "SHOVAN",
                        "trip_id": 8404312,
                        "trip_route_id": 52393476,
                        "route_id": 25938,
                        "fare": "45.00",
                        "vat_percent": 0,
                        "vat_amount": 0,
                        "origin_city_seq": 10,
                        "destination_city_seq": 15,
                        "seat_counts": {
                            "online": 3,
                            "offline": 2,
                            "is_divided": true
                        }
                    }
                ],
                "train_model": "780",
                "is_open_for_all": true,
                "is_eid_trip": 0,
                "parent_route": {
                    "origin_city_name": "chapai nawabganj",
                    "destination_city_name": "dhalarchar",
                    "departure_date": "2025-03-07",
                    "departure_time": "15:30:00",
                    "arrival_date": "2025-03-07",
                    "arrival_time": "20:45:00"
                },
                "boarding_points": [
                    {
                        "trip_point_id": 107642721,
                        "location_id": 2755,
                        "location_name": "Azim Nagar Station",
                        "location_time": "06:16 PM",
                        "location_date": "07 Mar 2025"
                    }
                ],
                "is_international": 0,
                "is_from_city_international": false
            }
        ],
        "recommendations": [],
        "selected_seat_class": "S_CHAIR"
    },
    "extra": {
        "hash": "FE8AB15B345270CFF53BFA245BE670BC"
    }
}