{
    "data": {
        "trains": [
            {
                "trip_number": "LALMONI EXPRESS (751)",
                "departure_date_time": "07 Mar, 02:03 am",
                "departure_full_date": "2025-03-07",
                "departure_date_time_jd": "Fri, 07 Mar 2025, 02:03 AM",
                "arrival_date_time": "07 Mar, 02:39 am",
                "travel_time": "00h 36m",
                "origin_city_name": "azim nagar",
                "destination_city_name": "natore",
                "seat_types": [
                    {
                        "key": 7,
                        "type": "S_CHAIR",
                        "trip_id": 8404153,
                        "trip_route_id": 52386501,
                        "route_id": 24048,
                        "fare": "50.00",
                        "vat_percent": 0,
                        "vat_amount": 0,
                        "origin_city_seq": 9,
                        "destination_city_seq": 10,
                        "seat_counts": {
                            "online": 3,
                            "offline": 2,
                            "is_divided": true
                        }
                    }
                ],
                "train_model": "751",
                "is_open_for_all": true,
                "is_eid_trip": 0,
                "parent_route": {
                    "origin_city_name": "dhaka",
                    "destination_city_name": "lalmonirhat",
                    "departure_date": "2025-03-06",
                    "departure_time": "21:45:00",
                    "arrival_date": "2025-03-07",
                    "arrival_time": "07:30:00"
                },
                "boarding_points": [
                    {
                        "trip_point_id": 107639033,
                        "location_id": 2755,
                        "location_name": "Azim Nagar Station",
                        "location_time": "02:03 AM",
                        "location_date": "07 Mar 2025"
                    }
                ],
                "is_international": 0,
                "is_from_city_international": false
            }
        ],
        "recommendations": [],
        "selected_seat_class": "S_CHAIR"
    },
    "extra": {
        "hash": "FE8AB15B345270CFF53BFA245BE670BC"
    }
}