{
    "data": {
        "trains": [
            {
                "trip_number": "RAJSHAHI COMMUTER (57)",
                "departure_date_time": "07 Mar, 07:15 am",
                "departure_full_date": "2025-03-07",
                "departure_date_time_jd": "Fri, 07 Mar 2025, 07:15 AM",
                "arrival_date_time": "07 Mar, 09:00 am",
                "travel_time": "01h 45m",
                "origin_city_name": "azim nagar",
                "destination_city_name": "rajshahi",
                "seat_types": [
                    {
                        "key": 8,
                        "type": "SHOVAN",
                        "trip_id": 8404718,
                        "trip_route_id": 52418668,
                        "route_id": 27197,
                        "fare": "50.00",
                        "vat_percent": 0,
                        "vat_amount": 0,
                        "origin_city_seq": 2,
                        "destination_city_seq": 7,
                        "seat_counts": {
                            "online": 23,
                            "offline": 23,
                            "is_divided": true
                        }
                    }
                ],
                "train_model": "57",
                "is_open_for_all": true,
                "is_eid_trip": 0,
                "parent_route": {
                    "origin_city_name": "ishwardi",
                    "destination_city_name": "rohanpur",
                    "departure_date": "2025-03-07",
                    "departure_time": "07:00:00",
                    "arrival_date": "2025-03-07",
                    "arrival_time": "11:10:00"
                },
                "boarding_points": [
                    {
                        "trip_point_id": 107655036,
                        "location_id": 2755,
                        "location_name": "Azim Nagar Station",
                        "location_time": "07:15 AM",
                        "location_date": "07 Mar 2025"
                    }
                ],
                "is_international": 0,
                "is_from_city_international": false
            },
            {
                "trip_number": "DHALARCHAR EXPRESS (779)",
                "departure_date_time": "07 Mar, 09:19 am",
                "departure_full_date": "2025-03-07",
                "departure_date_time_jd": "Fri, 07 Mar 2025, 09:19 AM",
                "arrival_date_time": "07 Mar, 10:25 am",
                "travel_time": "01h 06m",
                "origin_city_name": "azim nagar",
                "destination_city_name": "rajshahi",
                "seat_types": [
                    {
                        "key": 8,
                        "type": "SHOVAN",
                        "trip_id": 8404306,
                        "trip_route_id": 52393099,
                        "route_id": 20784,
                        "fare": "50.00",
                        "vat_percent": 0,
                        "vat_amount": 0,
                        "origin_city_seq": 13,
                        "destination_city_seq": 17,
                        "seat_counts": {
                            "online": 11,
                            "offline": 11,
                            "is_divided": true
                        }
                    },
                    {
                        "key": 7,
                        "type": "S_CHAIR",
                        "trip_id": 8404309,
                        "trip_route_id": 52393284,
                        "route_id": 20784,
                        "fare": "60.00",
                        "vat_percent": 0,
                        "vat_amount": 0,
                        "origin_city_seq": 13,
                        "destination_city_seq": 17,
                        "seat_counts": {
                            "online": 0,
                            "offline": 0,
                            "is_divided": true
                        }
                    }
                ],
                "train_model": "779",
                "is_open_for_all": true,
                "is_eid_trip": 0,
                "parent_route": {
                    "origin_city_name": "dhalarchar",
                    "destination_city_name": "chapai nawabganj",
                    "departure_date": "2025-03-07",
                    "departure_time": "07:00:00",
                    "arrival_date": "2025-03-07",
                    "arrival_time": "11:50:00"
                },
                "boarding_points": [
                    {
                        "trip_point_id": 107642503,
                        "location_id": 2755,
                        "location_name": "Azim Nagar Station",
                        "location_time": "09:19 AM",
                        "location_date": "07 Mar 2025"
                    }
                ],
                "is_international": 0,
                "is_from_city_international": false
            },
            {
                "trip_number": "SAGARDARI EXPRESS (761)",
                "departure_date_time": "07 Mar, 08:49 pm",
                "departure_full_date": "2025-03-07",
                "departure_date_time_jd": "Fri, 07 Mar 2025, 08:49 PM",
                "arrival_date_time": "07 Mar, 10:00 pm",
                "travel_time": "01h 11m",
                "origin_city_name": "azim nagar",
                "destination_city_name": "rajshahi",
                "seat_types": [
                    {
                        "key": 7,
                        "type": "S_CHAIR",
                        "trip_id": 8404648,
                        "trip_route_id": 52414243,
                        "route_id": 21455,
                        "fare": "60.00",
                        "vat_percent": 0,
                        "vat_amount": 0,
                        "origin_city_seq": 15,
                        "destination_city_seq": 17,
                        "seat_counts": {
                            "online": 10,
                            "offline": 10,
                            "is_divided": true
                        }
                    }
                ],
                "train_model": "761",
                "is_open_for_all": true,
                "is_eid_trip": 0,
                "parent_route": {
                    "origin_city_name": "khulna",
                    "destination_city_name": "rajshahi",
                    "departure_date": "2025-03-07",
                    "departure_time": "16:00:00",
                    "arrival_date": "2025-03-07",
                    "arrival_time": "22:00:00"
                },
                "boarding_points": [
                    {
                        "trip_point_id": 107653044,
                        "location_id": 2755,
                        "location_name": "Azim Nagar Station",
                        "location_time": "08:49 PM",
                        "location_date": "07 Mar 2025"
                    }
                ],
                "is_international": 0,
                "is_from_city_international": false
            }
        ],
        "recommendations": [],
        "selected_seat_class": "S_CHAIR"
    },
    "extra": {
        "hash": "FE8AB15B345270CFF53BFA245BE670BC"
    }
}