{
    "data": {
        "trains": [
            {
                "trip_number": "LALMONI EXPRESS (751)",
                "departure_date_time": "07 Mar, 06:22 am",
                "departure_full_date": "2025-03-07",
                "departure_date_time_jd": "Fri, 07 Mar 2025, 06:22 AM",
                "arrival_date_time": "07 Mar, 07:30 am",
                "travel_time": "01h 08m",
                "origin_city_name": "bamondanga",
                "destination_city_name": "lalmonirhat",
                "seat_types": [
                    {
                        "key": 1,
                        "type": "AC_B",
                        "trip_id": 8404151,
                        "trip_route_id": 52386410,
                        "route_id": 19648,
                        "fare": "165.00",
                        "vat_percent": 15,
                        "vat_amount": 25,
                        "origin_city_seq": 16,
                        "destination_city_seq": 20,
                        "seat_counts": {
                            "online": 0,
                            "offline": 0,
                            "is_divided": true
                        }
                    },
                    {
                        "key": 3,
                        "type": "SNIGDHA",
                        "trip_id": 8404152,
                        "trip_route_id": 52386445,
                        "route_id": 19648,
                        "fare": "100.00",
                        "vat_percent": 15,
                        "vat_amount": 15,
                        "origin_city_seq": 16,
                        "destination_city_seq": 20,
                        "seat_counts": {
                            "online": 0,
                            "offline": 0,
                            "is_divided": true
                        }
                    },
                    {
                        "key": 7,
                        "type": "S_CHAIR",
                        "trip_id": 8404153,
                        "trip_route_id": 52386498,
                        "route_id": 19648,
                        "fare": "55.00",
                        "vat_percent": 0,
                        "vat_amount": 0,
                        "origin_city_seq": 16,
                        "destination_city_seq": 20,
                        "seat_counts": {
                            "online": 10,
                            "offline": 10,
                            "is_divided": true
                        }
                    }
                ],
                "train_model": "751",
                "is_open_for_all": true,
                "is_eid_trip": 0,
                "parent_route": {
                    "origin_city_name": "dhaka",
                    "destination_city_name": "lalmonirhat",
                    "departure_date": "2025-03-06",
                    "departure_time": "21:45:00",
                    "arrival_date": "2025-03-07",
                    "arrival_time": "07:30:00"
                },
                "boarding_points": [
                    {
                        "trip_point_id": 107638960,
                        "location_id": 2717,
                        "location_name": "Bamondanga Station",
                        "location_time": "06:22 AM",
                        "location_date": "07 Mar 2025"
                    }
                ],
                "is_international": 0,
                "is_from_city_international": false
            },
            {
                "trip_number": "KOROTOA EXPRESS (713)",
                "departure_date_time": "07 Mar, 12:12 pm",
                "departure_full_date": "2025-03-07",
                "departure_date_time_jd": "Fri, 07 Mar 2025, 12:12 PM",
                "arrival_date_time": "07 Mar, 01:20 pm",
                "travel_time": "01h 08m",
                "origin_city_name": "bamondanga",
                "destination_city_name": "lalmonirhat",
                "seat_types": [
                    {
                        "key": 7,
                        "type": "S_CHAIR",
                        "trip_id": 8404681,
                        "trip_route_id": 52415848,
                        "route_id": 21162,
                        "fare": "55.00",
                        "vat_percent": 0,
                        "vat_amount": 0,
                        "origin_city_seq": 7,
                        "destination_city_seq": 11,
                        "seat_counts": {
                            "online": 5,
                            "offline": 5,
                            "is_divided": true
                        }
                    }
                ],
                "train_model": "713",
                "is_open_for_all": true,
                "is_eid_trip": 0,
                "parent_route": {
                    "origin_city_name": "santahar",
                    "destination_city_name": "burimari",
                    "departure_date": "2025-03-07",
                    "departure_time": "09:15:00",
                    "arrival_date": "2025-03-07",
                    "arrival_time": "15:45:00"
                },
                "boarding_points": [
                    {
                        "trip_point_id": 107653842,
                        "location_id": 2717,
                        "location_name": "Bamondanga Station",
                        "location_time": "12:12 PM",
                        "location_date": "07 Mar 2025"
                    }
                ],
                "is_international": 0,
                "is_from_city_international": false
            }
        ],
        "recommendations": [],
        "selected_seat_class": "S_CHAIR"
    },
    "extra": {
        "hash": "FE8AB15B345270CFF53BFA245BE670BC"
    }
}