{
    "data": {
        "trains": [
            {
                "trip_number": "DOLONCHAPA EXPRESS (768)",
                "departure_date_time": "07 Mar, 12:13 pm",
                "departure_full_date": "2025-03-07",
                "departure_date_time_jd": "Fri, 07 Mar 2025, 12:13 PM",
                "arrival_date_time": "07 Mar, 12:42 pm",
                "travel_time": "00h 29m",
                "origin_city_name": "bamondanga",
                "destination_city_name": "gaibandha",
                "seat_types": [
                    {
                        "key": 8,
                        "type": "SHOVAN",
                        "trip_id": 8404738,
                        "trip_route_id": 52419736,
                        "route_id": 26546,
                        "fare": "45.00",
                        "vat_percent": 0,
                        "vat_amount": 0,
                        "origin_city_seq": 16,
                        "destination_city_seq": 17,
                        "seat_counts": {
                            "online": 2,
                            "offline": 2,
                            "is_divided": true
                        }
                    }
                ],
                "train_model": "768",
                "is_open_for_all": true,
                "is_eid_trip": 0,
                "parent_route": {
                    "origin_city_name": "panchagarh",
                    "destination_city_name": "santahar",
                    "departure_date": "2025-03-07",
                    "departure_time": "06:00:00",
                    "arrival_date": "2025-03-07",
                    "arrival_time": "16:10:00"
                },
                "boarding_points": [
                    {
                        "trip_point_id": 107655537,
                        "location_id": 2717,
                        "location_name": "Bamondanga Station",
                        "location_time": "12:13 PM",
                        "location_date": "07 Mar 2025"
                    }
                ],
                "is_international": 0,
                "is_from_city_international": false
            },
            {
                "trip_number": "KOROTOA EXPRESS (714)",
                "departure_date_time": "07 Mar, 07:50 pm",
                "departure_full_date": "2025-03-07",
                "departure_date_time_jd": "Fri, 07 Mar 2025, 07:50 PM",
                "arrival_date_time": "07 Mar, 08:20 pm",
                "travel_time": "00h 30m",
                "origin_city_name": "bamondanga",
                "destination_city_name": "gaibandha",
                "seat_types": [
                    {
                        "key": 7,
                        "type": "S_CHAIR",
                        "trip_id": 8404689,
                        "trip_route_id": 52416608,
                        "route_id": 21266,
                        "fare": "50.00",
                        "vat_percent": 0,
                        "vat_amount": 0,
                        "origin_city_seq": 12,
                        "destination_city_seq": 13,
                        "seat_counts": {
                            "online": 5,
                            "offline": 5,
                            "is_divided": true
                        }
                    }
                ],
                "train_model": "714",
                "is_open_for_all": true,
                "is_eid_trip": 0,
                "parent_route": {
                    "origin_city_name": "burimari",
                    "destination_city_name": "santahar",
                    "departure_date": "2025-03-07",
                    "departure_time": "16:10:00",
                    "arrival_date": "2025-03-07",
                    "arrival_time": "22:40:00"
                },
                "boarding_points": [
                    {
                        "trip_point_id": 107654098,
                        "location_id": 2717,
                        "location_name": "Bamondanga Station",
                        "location_time": "07:50 PM",
                        "location_date": "07 Mar 2025"
                    }
                ],
                "is_international": 0,
                "is_from_city_international": false
            }
        ],
        "recommendations": [],
        "selected_seat_class": "S_CHAIR"
    },
    "extra": {
        "hash": "44984BFD06804094A56F94AE02FDF373"
    }
}