{
    "data": {
        "trains": [
            {
                "trip_number": "DOLONCHAPA EXPRESS (767)",
                "departure_date_time": "07 Mar, 02:12 pm",
                "departure_full_date": "2025-03-07",
                "departure_date_time_jd": "Fri, 07 Mar 2025, 02:12 PM",
                "arrival_date_time": "07 Mar, 08:20 pm",
                "travel_time": "06h 08m",
                "origin_city_name": "bamondanga",
                "destination_city_name": "panchagarh",
                "seat_types": [
                    {
                        "key": 7,
                        "type": "S_CHAIR",
                        "trip_id": 8404697,
                        "trip_route_id": 52417456,
                        "route_id": 26541,
                        "fare": "215.00",
                        "vat_percent": 0,
                        "vat_amount": 0,
                        "origin_city_seq": 9,
                        "destination_city_seq": 24,
                        "seat_counts": {
                            "online": 0,
                            "offline": 0,
                            "is_divided": true
                        }
                    },
                    {
                        "key": 8,
                        "type": "SHOVAN",
                        "trip_id": 8404734,
                        "trip_route_id": 52419351,
                        "route_id": 26541,
                        "fare": "215.00",
                        "vat_percent": 0,
                        "vat_amount": 0,
                        "origin_city_seq": 9,
                        "destination_city_seq": 24,
                        "seat_counts": {
                            "online": 3,
                            "offline": 2,
                            "is_divided": true
                        }
                    }
                ],
                "train_model": "767",
                "is_open_for_all": true,
                "is_eid_trip": 0,
                "parent_route": {
                    "origin_city_name": "santahar",
                    "destination_city_name": "panchagarh",
                    "departure_date": "2025-03-07",
                    "departure_time": "11:00:00",
                    "arrival_date": "2025-03-07",
                    "arrival_time": "20:20:00"
                },
                "boarding_points": [
                    {
                        "trip_point_id": 107654384,
                        "location_id": 2717,
                        "location_name": "Bamondanga Station",
                        "location_time": "02:12 PM",
                        "location_date": "07 Mar 2025"
                    }
                ],
                "is_international": 0,
                "is_from_city_international": false
            }
        ],
        "recommendations": [],
        "selected_seat_class": "S_CHAIR"
    },
    "extra": {
        "hash": "FE8AB15B345270CFF53BFA245BE670BC"
    }
}