{
    "data": {
        "trains": [
            {
                "trip_number": "UDAYAN EXPRESS (724)",
                "departure_date_time": "07 Mar, 11:00 pm",
                "departure_full_date": "2025-03-07",
                "departure_date_time_jd": "Fri, 07 Mar 2025, 11:00 PM",
                "arrival_date_time": "08 Mar, 05:50 am",
                "travel_time": "06h 50m",
                "origin_city_name": "baramchal",
                "destination_city_name": "chattogram",
                "seat_types": [
                    {
                        "key": 7,
                        "type": "S_CHAIR",
                        "trip_id": 8403171,
                        "trip_route_id": 52362985,
                        "route_id": 22585,
                        "fare": "405.00",
                        "vat_percent": 0,
                        "vat_amount": 0,
                        "origin_city_seq": 3,
                        "destination_city_seq": 12,
                        "seat_counts": {
                            "online": 3,
                            "offline": 2,
                            "is_divided": true
                        }
                    }
                ],
                "train_model": "724",
                "is_open_for_all": true,
                "is_eid_trip": 0,
                "parent_route": {
                    "origin_city_name": "sylhet",
                    "destination_city_name": "chattogram",
                    "departure_date": "2025-03-07",
                    "departure_time": "22:00:00",
                    "arrival_date": "2025-03-08",
                    "arrival_time": "05:50:00"
                },
                "boarding_points": [
                    {
                        "trip_point_id": 107623255,
                        "location_id": 2863,
                        "location_name": "Baramchal Station",
                        "location_time": "11:00 PM",
                        "location_date": "07 Mar 2025"
                    }
                ],
                "is_international": 0,
                "is_from_city_international": false
            }
        ],
        "recommendations": [],
        "selected_seat_class": "S_CHAIR"
    },
    "extra": {
        "hash": "FE8AB15B345270CFF53BFA245BE670BC"
    }
}