{
    "data": {
        "trains": [
            {
                "trip_number": "HAWR EXPRESS (778)",
                "departure_date_time": "07 Mar, 08:16 am",
                "departure_full_date": "2025-03-07",
                "departure_date_time_jd": "Fri, 07 Mar 2025, 08:16 AM",
                "arrival_date_time": "07 Mar, 01:00 pm",
                "travel_time": "04h 44m",
                "origin_city_name": "barhatta",
                "destination_city_name": "biman_bandar",
                "seat_types": [
                    {
                        "key": 8,
                        "type": "SHOVAN",
                        "trip_id": 8403572,
                        "trip_route_id": 52372496,
                        "route_id": 23183,
                        "fare": "205.00",
                        "vat_percent": 0,
                        "vat_amount": 0,
                        "origin_city_seq": 2,
                        "destination_city_seq": 10,
                        "seat_counts": {
                            "online": 3,
                            "offline": 2,
                            "is_divided": true
                        }
                    }
                ],
                "train_model": "778",
                "is_open_for_all": true,
                "is_eid_trip": 0,
                "parent_route": {
                    "origin_city_name": "mohanganj",
                    "destination_city_name": "dhaka",
                    "departure_date": "2025-03-07",
                    "departure_time": "08:00:00",
                    "arrival_date": "2025-03-07",
                    "arrival_time": "13:40:00"
                },
                "boarding_points": [
                    {
                        "trip_point_id": 107629949,
                        "location_id": 2870,
                        "location_name": "Barhatta Station",
                        "location_time": "08:16 AM",
                        "location_date": "07 Mar 2025"
                    }
                ],
                "is_international": 0,
                "is_from_city_international": false
            }
        ],
        "recommendations": [],
        "selected_seat_class": "S_CHAIR"
    },
    "extra": {
        "hash": "FE8AB15B345270CFF53BFA245BE670BC"
    }
}