{
    "data": {
        "trains": [
            {
                "trip_number": "BIJOY EXPRESS (785)",
                "departure_date_time": "07 Mar, 01:17 pm",
                "departure_full_date": "2025-03-07",
                "departure_date_time_jd": "Fri, 07 Mar 2025, 01:17 PM",
                "arrival_date_time": "07 Mar, 06:10 pm",
                "travel_time": "04h 53m",
                "origin_city_name": "bhairab_bazar",
                "destination_city_name": "jamalpur_town",
                "seat_types": [
                    {
                        "key": 7,
                        "type": "S_CHAIR",
                        "trip_id": 8403630,
                        "trip_route_id": 52374188,
                        "route_id": 25887,
                        "fare": "220.00",
                        "vat_percent": 0,
                        "vat_amount": 0,
                        "origin_city_seq": 7,
                        "destination_city_seq": 14,
                        "seat_counts": {
                            "online": 0,
                            "offline": 0,
                            "is_divided": true
                        }
                    }
                ],
                "train_model": "785",
                "is_open_for_all": true,
                "is_eid_trip": 0,
                "parent_route": {
                    "origin_city_name": "chattogram",
                    "destination_city_name": "jamalpur_town",
                    "departure_date": "2025-03-07",
                    "departure_time": "09:15:00",
                    "arrival_date": "2025-03-07",
                    "arrival_time": "18:10:00"
                },
                "boarding_points": [
                    {
                        "trip_point_id": 107630962,
                        "location_id": 2829,
                        "location_name": "Bhairab_Bazar Station",
                        "location_time": "01:17 PM",
                        "location_date": "07 Mar 2025"
                    }
                ],
                "is_international": 0,
                "is_from_city_international": false
            }
        ],
        "recommendations": [
            {
                "origin": "Sararchar",
                "destination": "Jamalpur_town"
            },
            {
                "origin": "Bhairab_bazar",
                "destination": "Piyarpur"
            }
        ],
        "selected_seat_class": "S_CHAIR"
    },
    "extra": {
        "hash": "FE8AB15B345270CFF53BFA245BE670BC"
    }
}