{
    "data": {
        "trains": [
            {
                "trip_number": "PARABAT EXPRESS (709)",
                "departure_date_time": "07 Mar, 08:06 am",
                "departure_full_date": "2025-03-07",
                "departure_date_time_jd": "Fri, 07 Mar 2025, 08:06 AM",
                "arrival_date_time": "07 Mar, 11:25 am",
                "travel_time": "03h 19m",
                "origin_city_name": "bhairab_bazar",
                "destination_city_name": "kulaura",
                "seat_types": [
                    {
                        "key": 2,
                        "type": "AC_S",
                        "trip_id": 8402985,
                        "trip_route_id": 52355830,
                        "route_id": 22138,
                        "fare": "440.00",
                        "vat_percent": 15,
                        "vat_amount": 66,
                        "origin_city_seq": 3,
                        "destination_city_seq": 10,
                        "seat_counts": {
                            "online": 0,
                            "offline": 0,
                            "is_divided": true
                        }
                    },
                    {
                        "key": 5,
                        "type": "F_SEAT",
                        "trip_id": 8402990,
                        "trip_route_id": 52356005,
                        "route_id": 22138,
                        "fare": "295.00",
                        "vat_percent": 15,
                        "vat_amount": 45,
                        "origin_city_seq": 3,
                        "destination_city_seq": 10,
                        "seat_counts": {
                            "online": 0,
                            "offline": 0,
                            "is_divided": true
                        }
                    },
                    {
                        "key": 7,
                        "type": "S_CHAIR",
                        "trip_id": 8402995,
                        "trip_route_id": 52356188,
                        "route_id": 22138,
                        "fare": "220.00",
                        "vat_percent": 0,
                        "vat_amount": 0,
                        "origin_city_seq": 3,
                        "destination_city_seq": 10,
                        "seat_counts": {
                            "online": 3,
                            "offline": 2,
                            "is_divided": true
                        }
                    },
                    {
                        "key": 3,
                        "type": "SNIGDHA",
                        "trip_id": 8403000,
                        "trip_route_id": 52356375,
                        "route_id": 22138,
                        "fare": "365.00",
                        "vat_percent": 15,
                        "vat_amount": 55,
                        "origin_city_seq": 3,
                        "destination_city_seq": 10,
                        "seat_counts": {
                            "online": 0,
                            "offline": 0,
                            "is_divided": true
                        }
                    }
                ],
                "train_model": "709",
                "is_open_for_all": true,
                "is_eid_trip": 0,
                "parent_route": {
                    "origin_city_name": "dhaka",
                    "destination_city_name": "sylhet",
                    "departure_date": "2025-03-07",
                    "departure_time": "06:30:00",
                    "arrival_date": "2025-03-07",
                    "arrival_time": "13:00:00"
                },
                "boarding_points": [
                    {
                        "trip_point_id": 107618757,
                        "location_id": 2829,
                        "location_name": "Bhairab_Bazar Station",
                        "location_time": "08:06 AM",
                        "location_date": "07 Mar 2025"
                    }
                ],
                "is_international": 0,
                "is_from_city_international": false
            },
            {
                "trip_number": "UPABAN EXPRESS (739)",
                "departure_date_time": "07 Mar, 11:42 pm",
                "departure_full_date": "2025-03-07",
                "departure_date_time_jd": "Fri, 07 Mar 2025, 11:42 PM",
                "arrival_date_time": "08 Mar, 03:08 am",
                "travel_time": "03h 26m",
                "origin_city_name": "bhairab_bazar",
                "destination_city_name": "kulaura",
                "seat_types": [
                    {
                        "key": 7,
                        "type": "S_CHAIR",
                        "trip_id": 8403320,
                        "trip_route_id": 52366896,
                        "route_id": 22777,
                        "fare": "220.00",
                        "vat_percent": 0,
                        "vat_amount": 0,
                        "origin_city_seq": 4,
                        "destination_city_seq": 9,
                        "seat_counts": {
                            "online": 0,
                            "offline": 0,
                            "is_divided": true
                        }
                    },
                    {
                        "key": 1,
                        "type": "AC_B",
                        "trip_id": 8403325,
                        "trip_route_id": 52367019,
                        "route_id": 22777,
                        "fare": "655.00",
                        "vat_percent": 15,
                        "vat_amount": 99,
                        "origin_city_seq": 4,
                        "destination_city_seq": 9,
                        "seat_counts": {
                            "online": 0,
                            "offline": 0,
                            "is_divided": true
                        }
                    },
                    {
                        "key": 3,
                        "type": "SNIGDHA",
                        "trip_id": 8403330,
                        "trip_route_id": 52367111,
                        "route_id": 22777,
                        "fare": "365.00",
                        "vat_percent": 15,
                        "vat_amount": 55,
                        "origin_city_seq": 4,
                        "destination_city_seq": 9,
                        "seat_counts": {
                            "online": 0,
                            "offline": 0,
                            "is_divided": true
                        }
                    }
                ],
                "train_model": "739",
                "is_open_for_all": true,
                "is_eid_trip": 0,
                "parent_route": {
                    "origin_city_name": "dhaka",
                    "destination_city_name": "sylhet",
                    "departure_date": "2025-03-07",
                    "departure_time": "22:00:00",
                    "arrival_date": "2025-03-08",
                    "arrival_time": "05:00:00"
                },
                "boarding_points": [
                    {
                        "trip_point_id": 107625816,
                        "location_id": 2829,
                        "location_name": "Bhairab_Bazar Station",
                        "location_time": "11:42 PM",
                        "location_date": "07 Mar 2025"
                    }
                ],
                "is_international": 0,
                "is_from_city_international": false
            }
        ],
        "recommendations": [],
        "selected_seat_class": "S_CHAIR"
    },
    "extra": {
        "hash": "FE8AB15B345270CFF53BFA245BE670BC"
    }
}