{
    "data": {
        "trains": [
            {
                "trip_number": "UPABAN EXPRESS (740)",
                "departure_date_time": "07 Mar, 04:06 am",
                "departure_full_date": "2025-03-07",
                "departure_date_time_jd": "Fri, 07 Mar 2025, 04:06 AM",
                "arrival_date_time": "07 Mar, 05:12 am",
                "travel_time": "01h 06m",
                "origin_city_name": "bhairab_bazar",
                "destination_city_name": "biman_bandar",
                "seat_types": [
                    {
                        "key": 7,
                        "type": "S_CHAIR",
                        "trip_id": 8403335,
                        "trip_route_id": 52367226,
                        "route_id": 22812,
                        "fare": "105.00",
                        "vat_percent": 0,
                        "vat_amount": 0,
                        "origin_city_seq": 9,
                        "destination_city_seq": 10,
                        "seat_counts": {
                            "online": 0,
                            "offline": 0,
                            "is_divided": true
                        }
                    },
                    {
                        "key": 1,
                        "type": "AC_B",
                        "trip_id": 8403341,
                        "trip_route_id": 52367361,
                        "route_id": 22812,
                        "fare": "305.00",
                        "vat_percent": 15,
                        "vat_amount": 46,
                        "origin_city_seq": 9,
                        "destination_city_seq": 10,
                        "seat_counts": {
                            "online": 0,
                            "offline": 0,
                            "is_divided": true
                        }
                    },
                    {
                        "key": 3,
                        "type": "SNIGDHA",
                        "trip_id": 8403347,
                        "trip_route_id": 52367489,
                        "route_id": 22812,
                        "fare": "170.00",
                        "vat_percent": 15,
                        "vat_amount": 26,
                        "origin_city_seq": 9,
                        "destination_city_seq": 10,
                        "seat_counts": {
                            "online": 0,
                            "offline": 0,
                            "is_divided": true
                        }
                    }
                ],
                "train_model": "740",
                "is_open_for_all": true,
                "is_eid_trip": 0,
                "parent_route": {
                    "origin_city_name": "sylhet",
                    "destination_city_name": "dhaka",
                    "departure_date": "2025-03-06",
                    "departure_time": "23:30:00",
                    "arrival_date": "2025-03-07",
                    "arrival_time": "05:45:00"
                },
                "boarding_points": [
                    {
                        "trip_point_id": 107626086,
                        "location_id": 2829,
                        "location_name": "Bhairab_Bazar Station",
                        "location_time": "04:06 AM",
                        "location_date": "07 Mar 2025"
                    }
                ],
                "is_international": 0,
                "is_from_city_international": false
            },
            {
                "trip_number": "EGAROSINDHUR PROVATI (738)",
                "departure_date_time": "07 Mar, 08:20 am",
                "departure_full_date": "2025-03-07",
                "departure_date_time_jd": "Fri, 07 Mar 2025, 08:20 AM",
                "arrival_date_time": "07 Mar, 09:50 am",
                "travel_time": "01h 30m",
                "origin_city_name": "bhairab_bazar",
                "destination_city_name": "biman_bandar",
                "seat_types": [
                    {
                        "key": 8,
                        "type": "SHOVAN",
                        "trip_id": 8403297,
                        "trip_route_id": 52366324,
                        "route_id": 22755,
                        "fare": "85.00",
                        "vat_percent": 0,
                        "vat_amount": 0,
                        "origin_city_seq": 7,
                        "destination_city_seq": 10,
                        "seat_counts": {
                            "online": 0,
                            "offline": 0,
                            "is_divided": true
                        }
                    },
                    {
                        "key": 7,
                        "type": "S_CHAIR",
                        "trip_id": 8403303,
                        "trip_route_id": 52366472,
                        "route_id": 22755,
                        "fare": "105.00",
                        "vat_percent": 0,
                        "vat_amount": 0,
                        "origin_city_seq": 7,
                        "destination_city_seq": 10,
                        "seat_counts": {
                            "online": 0,
                            "offline": 0,
                            "is_divided": true
                        }
                    },
                    {
                        "key": 6,
                        "type": "F_CHAIR",
                        "trip_id": 8403309,
                        "trip_route_id": 52366616,
                        "route_id": 22755,
                        "fare": "135.00",
                        "vat_percent": 15,
                        "vat_amount": 21,
                        "origin_city_seq": 7,
                        "destination_city_seq": 10,
                        "seat_counts": {
                            "online": 0,
                            "offline": 0,
                            "is_divided": true
                        }
                    },
                    {
                        "key": 5,
                        "type": "F_SEAT",
                        "trip_id": 8403315,
                        "trip_route_id": 52366760,
                        "route_id": 22755,
                        "fare": "135.00",
                        "vat_percent": 15,
                        "vat_amount": 21,
                        "origin_city_seq": 7,
                        "destination_city_seq": 10,
                        "seat_counts": {
                            "online": 0,
                            "offline": 0,
                            "is_divided": true
                        }
                    }
                ],
                "train_model": "738",
                "is_open_for_all": true,
                "is_eid_trip": 0,
                "parent_route": {
                    "origin_city_name": "kishorganj",
                    "destination_city_name": "dhaka",
                    "departure_date": "2025-03-07",
                    "departure_time": "06:30:00",
                    "arrival_date": "2025-03-07",
                    "arrival_time": "10:30:00"
                },
                "boarding_points": [
                    {
                        "trip_point_id": 107625390,
                        "location_id": 2829,
                        "location_name": "Bhairab_Bazar Station",
                        "location_time": "08:20 AM",
                        "location_date": "07 Mar 2025"
                    }
                ],
                "is_international": 0,
                "is_from_city_international": false
            },
            {
                "trip_number": "EGAROSINDHUR GODHULI (750)",
                "departure_date_time": "07 Mar, 02:55 pm",
                "departure_full_date": "2025-03-07",
                "departure_date_time_jd": "Fri, 07 Mar 2025, 02:55 PM",
                "arrival_date_time": "07 Mar, 04:08 pm",
                "travel_time": "01h 13m",
                "origin_city_name": "bhairab_bazar",
                "destination_city_name": "biman_bandar",
                "seat_types": [
                    {
                        "key": 5,
                        "type": "F_SEAT",
                        "trip_id": 8403497,
                        "trip_route_id": 52370595,
                        "route_id": 22755,
                        "fare": "135.00",
                        "vat_percent": 15,
                        "vat_amount": 21,
                        "origin_city_seq": 7,
                        "destination_city_seq": 10,
                        "seat_counts": {
                            "online": 0,
                            "offline": 0,
                            "is_divided": true
                        }
                    },
                    {
                        "key": 6,
                        "type": "F_CHAIR",
                        "trip_id": 8403502,
                        "trip_route_id": 52370710,
                        "route_id": 22755,
                        "fare": "135.00",
                        "vat_percent": 15,
                        "vat_amount": 21,
                        "origin_city_seq": 7,
                        "destination_city_seq": 10,
                        "seat_counts": {
                            "online": 0,
                            "offline": 0,
                            "is_divided": true
                        }
                    },
                    {
                        "key": 7,
                        "type": "S_CHAIR",
                        "trip_id": 8403507,
                        "trip_route_id": 52370825,
                        "route_id": 22755,
                        "fare": "105.00",
                        "vat_percent": 0,
                        "vat_amount": 0,
                        "origin_city_seq": 7,
                        "destination_city_seq": 10,
                        "seat_counts": {
                            "online": 0,
                            "offline": 0,
                            "is_divided": true
                        }
                    },
                    {
                        "key": 8,
                        "type": "SHOVAN",
                        "trip_id": 8403512,
                        "trip_route_id": 52370941,
                        "route_id": 22755,
                        "fare": "85.00",
                        "vat_percent": 0,
                        "vat_amount": 0,
                        "origin_city_seq": 7,
                        "destination_city_seq": 10,
                        "seat_counts": {
                            "online": 0,
                            "offline": 0,
                            "is_divided": true
                        }
                    }
                ],
                "train_model": "750",
                "is_open_for_all": true,
                "is_eid_trip": 0,
                "parent_route": {
                    "origin_city_name": "kishorganj",
                    "destination_city_name": "dhaka",
                    "departure_date": "2025-03-07",
                    "departure_time": "12:50:00",
                    "arrival_date": "2025-03-07",
                    "arrival_time": "16:45:00"
                },
                "boarding_points": [
                    {
                        "trip_point_id": 107628686,
                        "location_id": 2829,
                        "location_name": "Bhairab_Bazar Station",
                        "location_time": "02:55 PM",
                        "location_date": "07 Mar 2025"
                    }
                ],
                "is_international": 0,
                "is_from_city_international": false
            },
            {
                "trip_number": "KISHORGANJ EXPRESS (782)",
                "departure_date_time": "07 Mar, 05:48 pm",
                "departure_full_date": "2025-03-07",
                "departure_date_time_jd": "Fri, 07 Mar 2025, 05:48 PM",
                "arrival_date_time": "07 Mar, 07:15 pm",
                "travel_time": "01h 27m",
                "origin_city_name": "bhairab_bazar",
                "destination_city_name": "biman_bandar",
                "seat_types": [
                    {
                        "key": 3,
                        "type": "SNIGDHA",
                        "trip_id": 8403606,
                        "trip_route_id": 52373672,
                        "route_id": 22755,
                        "fare": "170.00",
                        "vat_percent": 15,
                        "vat_amount": 26,
                        "origin_city_seq": 7,
                        "destination_city_seq": 10,
                        "seat_counts": {
                            "online": 0,
                            "offline": 0,
                            "is_divided": true
                        }
                    },
                    {
                        "key": 2,
                        "type": "AC_S",
                        "trip_id": 8403612,
                        "trip_route_id": 52373817,
                        "route_id": 22755,
                        "fare": "205.00",
                        "vat_percent": 15,
                        "vat_amount": 31,
                        "origin_city_seq": 7,
                        "destination_city_seq": 10,
                        "seat_counts": {
                            "online": 0,
                            "offline": 0,
                            "is_divided": true
                        }
                    },
                    {
                        "key": 7,
                        "type": "S_CHAIR",
                        "trip_id": 8403618,
                        "trip_route_id": 52373966,
                        "route_id": 22755,
                        "fare": "105.00",
                        "vat_percent": 0,
                        "vat_amount": 0,
                        "origin_city_seq": 7,
                        "destination_city_seq": 10,
                        "seat_counts": {
                            "online": 0,
                            "offline": 0,
                            "is_divided": true
                        }
                    }
                ],
                "train_model": "782",
                "is_open_for_all": true,
                "is_eid_trip": 0,
                "parent_route": {
                    "origin_city_name": "kishorganj",
                    "destination_city_name": "dhaka",
                    "departure_date": "2025-03-07",
                    "departure_time": "16:00:00",
                    "arrival_date": "2025-03-07",
                    "arrival_time": "19:55:00"
                },
                "boarding_points": [
                    {
                        "trip_point_id": 107630579,
                        "location_id": 2829,
                        "location_name": "Bhairab_Bazar Station",
                        "location_time": "05:48 PM",
                        "location_date": "07 Mar 2025"
                    }
                ],
                "is_international": 0,
                "is_from_city_international": false
            },
            {
                "trip_number": "PARABAT EXPRESS (710)",
                "departure_date_time": "07 Mar, 08:30 pm",
                "departure_full_date": "2025-03-07",
                "departure_date_time_jd": "Fri, 07 Mar 2025, 08:30 PM",
                "arrival_date_time": "07 Mar, 09:35 pm",
                "travel_time": "01h 05m",
                "origin_city_name": "bhairab_bazar",
                "destination_city_name": "biman_bandar",
                "seat_types": [
                    {
                        "key": 2,
                        "type": "AC_S",
                        "trip_id": 8403009,
                        "trip_route_id": 52356700,
                        "route_id": 22188,
                        "fare": "205.00",
                        "vat_percent": 15,
                        "vat_amount": 31,
                        "origin_city_seq": 10,
                        "destination_city_seq": 11,
                        "seat_counts": {
                            "online": 0,
                            "offline": 0,
                            "is_divided": true
                        }
                    },
                    {
                        "key": 5,
                        "type": "F_SEAT",
                        "trip_id": 8403014,
                        "trip_route_id": 52356883,
                        "route_id": 22188,
                        "fare": "135.00",
                        "vat_percent": 15,
                        "vat_amount": 21,
                        "origin_city_seq": 10,
                        "destination_city_seq": 11,
                        "seat_counts": {
                            "online": 0,
                            "offline": 0,
                            "is_divided": true
                        }
                    },
                    {
                        "key": 7,
                        "type": "S_CHAIR",
                        "trip_id": 8403019,
                        "trip_route_id": 52357077,
                        "route_id": 22188,
                        "fare": "105.00",
                        "vat_percent": 0,
                        "vat_amount": 0,
                        "origin_city_seq": 10,
                        "destination_city_seq": 11,
                        "seat_counts": {
                            "online": 0,
                            "offline": 0,
                            "is_divided": true
                        }
                    },
                    {
                        "key": 3,
                        "type": "SNIGDHA",
                        "trip_id": 8403024,
                        "trip_route_id": 52357286,
                        "route_id": 22188,
                        "fare": "170.00",
                        "vat_percent": 15,
                        "vat_amount": 26,
                        "origin_city_seq": 10,
                        "destination_city_seq": 11,
                        "seat_counts": {
                            "online": 0,
                            "offline": 0,
                            "is_divided": true
                        }
                    }
                ],
                "train_model": "710",
                "is_open_for_all": true,
                "is_eid_trip": 0,
                "parent_route": {
                    "origin_city_name": "sylhet",
                    "destination_city_name": "dhaka",
                    "departure_date": "2025-03-07",
                    "departure_time": "15:30:00",
                    "arrival_date": "2025-03-07",
                    "arrival_time": "22:15:00"
                },
                "boarding_points": [
                    {
                        "trip_point_id": 107619262,
                        "location_id": 2829,
                        "location_name": "Bhairab_Bazar Station",
                        "location_time": "08:30 PM",
                        "location_date": "07 Mar 2025"
                    }
                ],
                "is_international": 0,
                "is_from_city_international": false
            }
        ],
        "recommendations": [
            {
                "origin": "Methikanda",
                "destination": "Biman_bandar"
            },
            {
                "origin": "Bhairab_bazar",
                "destination": "Narsingdi"
            }
        ],
        "selected_seat_class": "S_CHAIR"
    },
    "extra": {
        "hash": "FE8AB15B345270CFF53BFA245BE670BC"
    }
}