{
    "data": {
        "trains": [
            {
                "trip_number": "PAHARIKA EXPRESS (720)",
                "departure_date_time": "07 Mar, 12:34 pm",
                "departure_full_date": "2025-03-07",
                "departure_date_time_jd": "Fri, 07 Mar 2025, 12:34 PM",
                "arrival_date_time": "07 Mar, 06:55 pm",
                "travel_time": "06h 21m",
                "origin_city_name": "bhanugach",
                "destination_city_name": "chattogram",
                "seat_types": [
                    {
                        "key": 7,
                        "type": "S_CHAIR",
                        "trip_id": 8403110,
                        "trip_route_id": 52360908,
                        "route_id": 22447,
                        "fare": "360.00",
                        "vat_percent": 0,
                        "vat_amount": 0,
                        "origin_city_seq": 5,
                        "destination_city_seq": 16,
                        "seat_counts": {
                            "online": 5,
                            "offline": 5,
                            "is_divided": true
                        }
                    }
                ],
                "train_model": "720",
                "is_open_for_all": true,
                "is_eid_trip": 0,
                "parent_route": {
                    "origin_city_name": "sylhet",
                    "destination_city_name": "chattogram",
                    "departure_date": "2025-03-07",
                    "departure_time": "10:30:00",
                    "arrival_date": "2025-03-07",
                    "arrival_time": "18:55:00"
                },
                "boarding_points": [
                    {
                        "trip_point_id": 107621875,
                        "location_id": 2837,
                        "location_name": "Bhanugach Station",
                        "location_time": "12:34 PM",
                        "location_date": "07 Mar 2025"
                    }
                ],
                "is_international": 0,
                "is_from_city_international": false
            }
        ],
        "recommendations": [],
        "selected_seat_class": "S_CHAIR"
    },
    "extra": {
        "hash": "FE8AB15B345270CFF53BFA245BE670BC"
    }
}