{
    "data": {
        "trains": [
            {
                "trip_number": "SUNDARBAN EXPRESS (726)",
                "departure_date_time": "07 Mar, 09:11 am",
                "departure_full_date": "2025-03-07",
                "departure_date_time_jd": "Fri, 07 Mar 2025, 09:11 AM",
                "arrival_date_time": "07 Mar, 02:05 pm",
                "travel_time": "04h 54m",
                "origin_city_name": "bhanga",
                "destination_city_name": "jashore",
                "seat_types": [
                    {
                        "key": 7,
                        "type": "S_CHAIR",
                        "trip_id": 8404526,
                        "trip_route_id": 52404269,
                        "route_id": 25228,
                        "fare": "295.00",
                        "vat_percent": 0,
                        "vat_amount": 0,
                        "origin_city_seq": 2,
                        "destination_city_seq": 13,
                        "seat_counts": {
                            "online": 0,
                            "offline": 0,
                            "is_divided": true
                        }
                    },
                    {
                        "key": 3,
                        "type": "SNIGDHA",
                        "trip_id": 8404846,
                        "trip_route_id": 52421252,
                        "route_id": 25228,
                        "fare": "490.00",
                        "vat_percent": 15,
                        "vat_amount": 74,
                        "origin_city_seq": 2,
                        "destination_city_seq": 13,
                        "seat_counts": {
                            "online": 0,
                            "offline": 0,
                            "is_divided": true
                        }
                    }
                ],
                "train_model": "726",
                "is_open_for_all": true,
                "is_eid_trip": 0,
                "parent_route": {
                    "origin_city_name": "dhaka",
                    "destination_city_name": "khulna",
                    "departure_date": "2025-03-07",
                    "departure_time": "08:00:00",
                    "arrival_date": "2025-03-07",
                    "arrival_time": "15:40:00"
                },
                "boarding_points": [
                    {
                        "trip_point_id": 107648865,
                        "location_id": 2752,
                        "location_name": "Bhanga Station",
                        "location_time": "09:11 AM",
                        "location_date": "07 Mar 2025"
                    }
                ],
                "is_international": 0,
                "is_from_city_international": false
            }
        ],
        "recommendations": [
            {
                "origin": "Faridpur",
                "destination": "Jashore"
            },
            {
                "origin": "Bhanga",
                "destination": "Mubarakganj"
            }
        ],
        "selected_seat_class": "S_CHAIR"
    },
    "extra": {
        "hash": "FE8AB15B345270CFF53BFA245BE670BC"
    }
}