{
    "data": {
        "trains": [
            {
                "trip_number": "JAHANABAD EXPRESS (826)",
                "departure_date_time": "07 Mar, 09:06 pm",
                "departure_full_date": "2025-03-07",
                "departure_date_time_jd": "Fri, 07 Mar 2025, 09:06 PM",
                "arrival_date_time": "07 Mar, 11:45 pm",
                "travel_time": "02h 39m",
                "origin_city_name": "bhanga_junction",
                "destination_city_name": "khulna",
                "seat_types": [
                    {
                        "key": 3,
                        "type": "SNIGDHA",
                        "trip_id": 8404985,
                        "trip_route_id": 52425124,
                        "route_id": 26909,
                        "fare": "305.00",
                        "vat_percent": 15,
                        "vat_amount": 46,
                        "origin_city_seq": 2,
                        "destination_city_seq": 8,
                        "seat_counts": {
                            "online": 3,
                            "offline": 2,
                            "is_divided": true
                        }
                    },
                    {
                        "key": 7,
                        "type": "S_CHAIR",
                        "trip_id": 8404988,
                        "trip_route_id": 52425163,
                        "route_id": 26909,
                        "fare": "185.00",
                        "vat_percent": 0,
                        "vat_amount": 0,
                        "origin_city_seq": 2,
                        "destination_city_seq": 8,
                        "seat_counts": {
                            "online": 5,
                            "offline": 5,
                            "is_divided": true
                        }
                    }
                ],
                "train_model": "826",
                "is_open_for_all": true,
                "is_eid_trip": 0,
                "parent_route": {
                    "origin_city_name": "dhaka",
                    "destination_city_name": "khulna",
                    "departure_date": "2025-03-07",
                    "departure_time": "20:00:00",
                    "arrival_date": "2025-03-07",
                    "arrival_time": "23:45:00"
                },
                "boarding_points": [
                    {
                        "trip_point_id": 107659005,
                        "location_id": 2943,
                        "location_name": "Bhanga_Junction Station",
                        "location_time": "09:06 PM",
                        "location_date": "07 Mar 2025"
                    }
                ],
                "is_international": 0,
                "is_from_city_international": false
            }
        ],
        "recommendations": [],
        "selected_seat_class": "S_CHAIR"
    },
    "extra": {
        "hash": "FE8AB15B345270CFF53BFA245BE670BC"
    }
}