{
    "data": {
        "trains": [
            {
                "trip_number": "BENAPOLE EXPRESS (796)",
                "departure_date_time": "07 Mar, 12:55 am",
                "departure_full_date": "2025-03-07",
                "departure_date_time_jd": "Fri, 07 Mar 2025, 12:55 AM",
                "arrival_date_time": "07 Mar, 04:19 am",
                "travel_time": "03h 24m",
                "origin_city_name": "bhanga",
                "destination_city_name": "chuadanga",
                "seat_types": [
                    {
                        "key": 7,
                        "type": "S_CHAIR",
                        "trip_id": 8404189,
                        "trip_route_id": 52388824,
                        "route_id": 25404,
                        "fare": "200.00",
                        "vat_percent": 0,
                        "vat_amount": 0,
                        "origin_city_seq": 2,
                        "destination_city_seq": 8,
                        "seat_counts": {
                            "online": 4,
                            "offline": 3,
                            "is_divided": true
                        }
                    }
                ],
                "train_model": "796",
                "is_open_for_all": true,
                "is_eid_trip": 0,
                "parent_route": {
                    "origin_city_name": "dhaka",
                    "destination_city_name": "benapole",
                    "departure_date": "2025-03-06",
                    "departure_time": "23:45:00",
                    "arrival_date": "2025-03-07",
                    "arrival_time": "07:20:00"
                },
                "boarding_points": [
                    {
                        "trip_point_id": 107640188,
                        "location_id": 2752,
                        "location_name": "Bhanga Station",
                        "location_time": "12:55 AM",
                        "location_date": "07 Mar 2025"
                    }
                ],
                "is_international": 0,
                "is_from_city_international": false
            },
            {
                "trip_number": "SUNDARBAN EXPRESS (726)",
                "departure_date_time": "07 Mar, 09:11 am",
                "departure_full_date": "2025-03-07",
                "departure_date_time_jd": "Fri, 07 Mar 2025, 09:11 AM",
                "arrival_date_time": "07 Mar, 12:25 pm",
                "travel_time": "03h 14m",
                "origin_city_name": "bhanga",
                "destination_city_name": "chuadanga",
                "seat_types": [
                    {
                        "key": 7,
                        "type": "S_CHAIR",
                        "trip_id": 8404526,
                        "trip_route_id": 52404271,
                        "route_id": 25224,
                        "fare": "200.00",
                        "vat_percent": 0,
                        "vat_amount": 0,
                        "origin_city_seq": 2,
                        "destination_city_seq": 9,
                        "seat_counts": {
                            "online": 4,
                            "offline": 4,
                            "is_divided": true
                        }
                    },
                    {
                        "key": 3,
                        "type": "SNIGDHA",
                        "trip_id": 8404846,
                        "trip_route_id": 52421254,
                        "route_id": 25224,
                        "fare": "330.00",
                        "vat_percent": 15,
                        "vat_amount": 50,
                        "origin_city_seq": 2,
                        "destination_city_seq": 9,
                        "seat_counts": {
                            "online": 0,
                            "offline": 0,
                            "is_divided": true
                        }
                    }
                ],
                "train_model": "726",
                "is_open_for_all": true,
                "is_eid_trip": 0,
                "parent_route": {
                    "origin_city_name": "dhaka",
                    "destination_city_name": "khulna",
                    "departure_date": "2025-03-07",
                    "departure_time": "08:00:00",
                    "arrival_date": "2025-03-07",
                    "arrival_time": "15:40:00"
                },
                "boarding_points": [
                    {
                        "trip_point_id": 107648865,
                        "location_id": 2752,
                        "location_name": "Bhanga Station",
                        "location_time": "09:11 AM",
                        "location_date": "07 Mar 2025"
                    }
                ],
                "is_international": 0,
                "is_from_city_international": false
            }
        ],
        "recommendations": [],
        "selected_seat_class": "S_CHAIR"
    },
    "extra": {
        "hash": "FE8AB15B345270CFF53BFA245BE670BC"
    }
}