{
    "data": {
        "trains": [
            {
                "trip_number": "CHITRA EXPRESS (763)",
                "departure_date_time": "07 Mar, 12:54 pm",
                "departure_full_date": "2025-03-07",
                "departure_date_time_jd": "Fri, 07 Mar 2025, 12:54 PM",
                "arrival_date_time": "07 Mar, 02:27 pm",
                "travel_time": "01h 33m",
                "origin_city_name": "bheramara",
                "destination_city_name": "ullapara",
                "seat_types": [
                    {
                        "key": 7,
                        "type": "S_CHAIR",
                        "trip_id": 8404600,
                        "trip_route_id": 52409168,
                        "route_id": 26987,
                        "fare": "140.00",
                        "vat_percent": 0,
                        "vat_amount": 0,
                        "origin_city_seq": 12,
                        "destination_city_seq": 16,
                        "seat_counts": {
                            "online": 0,
                            "offline": 0,
                            "is_divided": true
                        }
                    }
                ],
                "train_model": "763",
                "is_open_for_all": true,
                "is_eid_trip": 0,
                "parent_route": {
                    "origin_city_name": "khulna",
                    "destination_city_name": "dhaka",
                    "departure_date": "2025-03-07",
                    "departure_time": "09:00:00",
                    "arrival_date": "2025-03-07",
                    "arrival_time": "18:05:00"
                },
                "boarding_points": [
                    {
                        "trip_point_id": 107651041,
                        "location_id": 2779,
                        "location_name": "Bheramara Station",
                        "location_time": "12:54 PM",
                        "location_date": "07 Mar 2025"
                    }
                ],
                "is_international": 0,
                "is_from_city_international": false
            }
        ],
        "recommendations": [
            {
                "origin": "Ishwardi",
                "destination": "Ullapara"
            },
            {
                "origin": "Bheramara",
                "destination": "Boral_bridge"
            }
        ],
        "selected_seat_class": "S_CHAIR"
    },
    "extra": {
        "hash": "FE8AB15B345270CFF53BFA245BE670BC"
    }
}