{
    "data": {
        "trains": [
            {
                "trip_number": "TUNGIPARA EXPRESS (784)",
                "departure_date_time": "07 Mar, 05:04 pm",
                "departure_full_date": "2025-03-07",
                "departure_date_time_jd": "Fri, 07 Mar 2025, 05:04 PM",
                "arrival_date_time": "07 Mar, 09:45 pm",
                "travel_time": "04h 41m",
                "origin_city_name": "bheramara",
                "destination_city_name": "gopalganj",
                "seat_types": [
                    {
                        "key": 7,
                        "type": "S_CHAIR",
                        "trip_id": 8404701,
                        "trip_route_id": 52417723,
                        "route_id": 21962,
                        "fare": "210.00",
                        "vat_percent": 0,
                        "vat_amount": 0,
                        "origin_city_seq": 3,
                        "destination_city_seq": 18,
                        "seat_counts": {
                            "online": 2,
                            "offline": 1,
                            "is_divided": true
                        }
                    },
                    {
                        "key": 8,
                        "type": "SHOVAN",
                        "trip_id": 8404704,
                        "trip_route_id": 52417959,
                        "route_id": 21962,
                        "fare": "175.00",
                        "vat_percent": 0,
                        "vat_amount": 0,
                        "origin_city_seq": 3,
                        "destination_city_seq": 18,
                        "seat_counts": {
                            "online": 4,
                            "offline": 4,
                            "is_divided": true
                        }
                    }
                ],
                "train_model": "784",
                "is_open_for_all": true,
                "is_eid_trip": 0,
                "parent_route": {
                    "origin_city_name": "rajshahi",
                    "destination_city_name": "gobra",
                    "departure_date": "2025-03-07",
                    "departure_time": "15:30:00",
                    "arrival_date": "2025-03-07",
                    "arrival_time": "22:10:00"
                },
                "boarding_points": [
                    {
                        "trip_point_id": 107654536,
                        "location_id": 2779,
                        "location_name": "Bheramara Station",
                        "location_time": "05:04 PM",
                        "location_date": "07 Mar 2025"
                    }
                ],
                "is_international": 0,
                "is_from_city_international": false
            }
        ],
        "recommendations": [],
        "selected_seat_class": "S_CHAIR"
    },
    "extra": {
        "hash": "FE8AB15B345270CFF53BFA245BE670BC"
    }
}