{
    "data": {
        "trains": [
            {
                "trip_number": "CHITRA EXPRESS (764)",
                "departure_date_time": "07 Mar, 12:58 am",
                "departure_full_date": "2025-03-07",
                "departure_date_time_jd": "Fri, 07 Mar 2025, 12:58 AM",
                "arrival_date_time": "07 Mar, 03:03 am",
                "travel_time": "02h 05m",
                "origin_city_name": "bheramara",
                "destination_city_name": "mubarakganj",
                "seat_types": [
                    {
                        "key": 7,
                        "type": "S_CHAIR",
                        "trip_id": 8404206,
                        "trip_route_id": 52389663,
                        "route_id": 26494,
                        "fare": "125.00",
                        "vat_percent": 0,
                        "vat_amount": 0,
                        "origin_city_seq": 13,
                        "destination_city_seq": 20,
                        "seat_counts": {
                            "online": 3,
                            "offline": 2,
                            "is_divided": true
                        }
                    }
                ],
                "train_model": "764",
                "is_open_for_all": true,
                "is_eid_trip": 0,
                "parent_route": {
                    "origin_city_name": "dhaka",
                    "destination_city_name": "khulna",
                    "departure_date": "2025-03-06",
                    "departure_time": "19:30:00",
                    "arrival_date": "2025-03-07",
                    "arrival_time": "05:00:00"
                },
                "boarding_points": [
                    {
                        "trip_point_id": 107640642,
                        "location_id": 2779,
                        "location_name": "Bheramara Station",
                        "location_time": "12:58 AM",
                        "location_date": "07 Mar 2025"
                    }
                ],
                "is_international": 0,
                "is_from_city_international": false
            }
        ],
        "recommendations": [],
        "selected_seat_class": "S_CHAIR"
    },
    "extra": {
        "hash": "FE8AB15B345270CFF53BFA245BE670BC"
    }
}