{
    "data": {
        "trains": [
            {
                "trip_number": "JAMALPUR EXPRESS (800)",
                "departure_date_time": "07 Mar, 04:30 pm",
                "departure_full_date": "2025-03-07",
                "departure_date_time_jd": "Fri, 07 Mar 2025, 04:30 PM",
                "arrival_date_time": "07 Mar, 07:30 pm",
                "travel_time": "03h 00m",
                "origin_city_name": "bhuapur",
                "destination_city_name": "bidyaganj",
                "seat_types": [
                    {
                        "key": 7,
                        "type": "S_CHAIR",
                        "trip_id": 8403756,
                        "trip_route_id": 52427025,
                        "route_id": 24185,
                        "fare": "110.00",
                        "vat_percent": 0,
                        "vat_amount": 0,
                        "origin_city_seq": 1,
                        "destination_city_seq": 10,
                        "seat_counts": {
                            "online": 3,
                            "offline": 2,
                            "is_divided": true
                        }
                    }
                ],
                "train_model": "800",
                "is_open_for_all": true,
                "is_eid_trip": 0,
                "parent_route": {
                    "origin_city_name": "bhuapur",
                    "destination_city_name": "dhaka",
                    "departure_date": "2025-03-07",
                    "departure_time": "16:30:00",
                    "arrival_date": "2025-03-07",
                    "arrival_time": "22:40:00"
                },
                "boarding_points": [
                    {
                        "trip_point_id": 107632568,
                        "location_id": 2852,
                        "location_name": "Bhuapur Station",
                        "location_time": "04:30 PM",
                        "location_date": "07 Mar 2025"
                    }
                ],
                "is_international": 0,
                "is_from_city_international": false
            }
        ],
        "recommendations": [],
        "selected_seat_class": "S_CHAIR"
    },
    "extra": {
        "hash": "FE8AB15B345270CFF53BFA245BE670BC"
    }
}