{
    "data": {
        "trains": [
            {
                "trip_number": "PARJOTAK EXPRESS (816)",
                "departure_date_time": "07 Mar, 06:43 am",
                "departure_full_date": "2025-03-07",
                "departure_date_time_jd": "Fri, 07 Mar 2025, 06:43 AM",
                "arrival_date_time": "07 Mar, 11:20 am",
                "travel_time": "04h 37m",
                "origin_city_name": "biman_bandar",
                "destination_city_name": "chattogram",
                "seat_types": [
                    {
                        "key": 7,
                        "type": "S_CHAIR",
                        "trip_id": 8403847,
                        "trip_route_id": 52377050,
                        "route_id": 25716,
                        "fare": "450.00",
                        "vat_percent": 0,
                        "vat_amount": 0,
                        "origin_city_seq": 2,
                        "destination_city_seq": 3,
                        "seat_counts": {
                            "online": 0,
                            "offline": 0,
                            "is_divided": true
                        }
                    },
                    {
                        "key": 3,
                        "type": "SNIGDHA",
                        "trip_id": 8403852,
                        "trip_route_id": 52377080,
                        "route_id": 25716,
                        "fare": "743.00",
                        "vat_percent": 15,
                        "vat_amount": 112,
                        "origin_city_seq": 2,
                        "destination_city_seq": 3,
                        "seat_counts": {
                            "online": 0,
                            "offline": 0,
                            "is_divided": true
                        }
                    }
                ],
                "train_model": "816",
                "is_open_for_all": true,
                "is_eid_trip": 0,
                "parent_route": {
                    "origin_city_name": "dhaka",
                    "destination_city_name": "cox's bazar",
                    "departure_date": "2025-03-07",
                    "departure_time": "06:15:00",
                    "arrival_date": "2025-03-07",
                    "arrival_time": "15:00:00"
                },
                "boarding_points": [
                    {
                        "trip_point_id": 107633485,
                        "location_id": 2702,
                        "location_name": "Biman_Bandar Station",
                        "location_time": "06:43 AM",
                        "location_date": "07 Mar 2025"
                    }
                ],
                "is_international": 0,
                "is_from_city_international": false
            },
            {
                "trip_number": "SONAR BANGLA EXPRESS (788)",
                "departure_date_time": "07 Mar, 07:27 am",
                "departure_full_date": "2025-03-07",
                "departure_date_time_jd": "Fri, 07 Mar 2025, 07:27 AM",
                "arrival_date_time": "07 Mar, 11:55 am",
                "travel_time": "04h 28m",
                "origin_city_name": "biman_bandar",
                "destination_city_name": "chattogram",
                "seat_types": [
                    {
                        "key": 3,
                        "type": "SNIGDHA",
                        "trip_id": 8403695,
                        "trip_route_id": 52375198,
                        "route_id": 22016,
                        "fare": "743.00",
                        "vat_percent": 15,
                        "vat_amount": 112,
                        "origin_city_seq": 2,
                        "destination_city_seq": 3,
                        "seat_counts": {
                            "online": 55,
                            "offline": 54,
                            "is_divided": true
                        }
                    },
                    {
                        "key": 7,
                        "type": "S_CHAIR",
                        "trip_id": 8403700,
                        "trip_route_id": 52375213,
                        "route_id": 22016,
                        "fare": "450.00",
                        "vat_percent": 0,
                        "vat_amount": 0,
                        "origin_city_seq": 2,
                        "destination_city_seq": 3,
                        "seat_counts": {
                            "online": 60,
                            "offline": 59,
                            "is_divided": true
                        }
                    }
                ],
                "train_model": "788",
                "is_open_for_all": true,
                "is_eid_trip": 0,
                "parent_route": {
                    "origin_city_name": "dhaka",
                    "destination_city_name": "chattogram",
                    "departure_date": "2025-03-07",
                    "departure_time": "07:00:00",
                    "arrival_date": "2025-03-07",
                    "arrival_time": "11:55:00"
                },
                "boarding_points": [
                    {
                        "trip_point_id": 107631804,
                        "location_id": 2702,
                        "location_name": "Biman_Bandar Station",
                        "location_time": "07:27 AM",
                        "location_date": "07 Mar 2025"
                    }
                ],
                "is_international": 0,
                "is_from_city_international": false
            },
            {
                "trip_number": "MAHANAGAR PROVATI (704)",
                "departure_date_time": "07 Mar, 08:12 am",
                "departure_full_date": "2025-03-07",
                "departure_date_time_jd": "Fri, 07 Mar 2025, 08:12 AM",
                "arrival_date_time": "07 Mar, 01:35 pm",
                "travel_time": "05h 23m",
                "origin_city_name": "biman_bandar",
                "destination_city_name": "chattogram",
                "seat_types": [
                    {
                        "key": 7,
                        "type": "S_CHAIR",
                        "trip_id": 8402913,
                        "trip_route_id": 52353876,
                        "route_id": 22050,
                        "fare": "405.00",
                        "vat_percent": 0,
                        "vat_amount": 0,
                        "origin_city_seq": 2,
                        "destination_city_seq": 10,
                        "seat_counts": {
                            "online": 29,
                            "offline": 29,
                            "is_divided": true
                        }
                    },
                    {
                        "key": 5,
                        "type": "F_SEAT",
                        "trip_id": 8402919,
                        "trip_route_id": 52354026,
                        "route_id": 22050,
                        "fare": "540.00",
                        "vat_percent": 15,
                        "vat_amount": 81,
                        "origin_city_seq": 2,
                        "destination_city_seq": 10,
                        "seat_counts": {
                            "online": 0,
                            "offline": 0,
                            "is_divided": true
                        }
                    },
                    {
                        "key": 2,
                        "type": "AC_S",
                        "trip_id": 8402925,
                        "trip_route_id": 52354176,
                        "route_id": 22050,
                        "fare": "810.00",
                        "vat_percent": 15,
                        "vat_amount": 122,
                        "origin_city_seq": 2,
                        "destination_city_seq": 10,
                        "seat_counts": {
                            "online": 5,
                            "offline": 4,
                            "is_divided": true
                        }
                    },
                    {
                        "key": 3,
                        "type": "SNIGDHA",
                        "trip_id": 8402931,
                        "trip_route_id": 52354326,
                        "route_id": 22050,
                        "fare": "675.00",
                        "vat_percent": 15,
                        "vat_amount": 102,
                        "origin_city_seq": 2,
                        "destination_city_seq": 10,
                        "seat_counts": {
                            "online": 0,
                            "offline": 0,
                            "is_divided": true
                        }
                    }
                ],
                "train_model": "704",
                "is_open_for_all": true,
                "is_eid_trip": 0,
                "parent_route": {
                    "origin_city_name": "dhaka",
                    "destination_city_name": "chattogram",
                    "departure_date": "2025-03-07",
                    "departure_time": "07:45:00",
                    "arrival_date": "2025-03-07",
                    "arrival_time": "13:35:00"
                },
                "boarding_points": [
                    {
                        "trip_point_id": 107617528,
                        "location_id": 2702,
                        "location_name": "Biman_Bandar Station",
                        "location_time": "08:12 AM",
                        "location_date": "07 Mar 2025"
                    }
                ],
                "is_international": 0,
                "is_from_city_international": false
            },
            {
                "trip_number": "SUBORNO EXPRESS (702)",
                "departure_date_time": "07 Mar, 04:58 pm",
                "departure_full_date": "2025-03-07",
                "departure_date_time_jd": "Fri, 07 Mar 2025, 04:58 PM",
                "arrival_date_time": "07 Mar, 09:25 pm",
                "travel_time": "04h 27m",
                "origin_city_name": "biman_bandar",
                "destination_city_name": "chattogram",
                "seat_types": [
                    {
                        "key": 2,
                        "type": "AC_S",
                        "trip_id": 8402871,
                        "trip_route_id": 52353261,
                        "route_id": 22016,
                        "fare": "891.00",
                        "vat_percent": 15,
                        "vat_amount": 134,
                        "origin_city_seq": 2,
                        "destination_city_seq": 3,
                        "seat_counts": {
                            "online": 17,
                            "offline": 16,
                            "is_divided": true
                        }
                    },
                    {
                        "key": 7,
                        "type": "S_CHAIR",
                        "trip_id": 8402877,
                        "trip_route_id": 52353279,
                        "route_id": 22016,
                        "fare": "450.00",
                        "vat_percent": 0,
                        "vat_amount": 0,
                        "origin_city_seq": 2,
                        "destination_city_seq": 3,
                        "seat_counts": {
                            "online": 57,
                            "offline": 56,
                            "is_divided": true
                        }
                    },
                    {
                        "key": 3,
                        "type": "SNIGDHA",
                        "trip_id": 8402883,
                        "trip_route_id": 52353297,
                        "route_id": 22016,
                        "fare": "743.00",
                        "vat_percent": 15,
                        "vat_amount": 112,
                        "origin_city_seq": 2,
                        "destination_city_seq": 3,
                        "seat_counts": {
                            "online": 54,
                            "offline": 53,
                            "is_divided": true
                        }
                    }
                ],
                "train_model": "702",
                "is_open_for_all": true,
                "is_eid_trip": 0,
                "parent_route": {
                    "origin_city_name": "dhaka",
                    "destination_city_name": "chattogram",
                    "departure_date": "2025-03-07",
                    "departure_time": "16:30:00",
                    "arrival_date": "2025-03-07",
                    "arrival_time": "21:25:00"
                },
                "boarding_points": [
                    {
                        "trip_point_id": 107617047,
                        "location_id": 2702,
                        "location_name": "Biman_Bandar Station",
                        "location_time": "04:58 PM",
                        "location_date": "07 Mar 2025"
                    }
                ],
                "is_international": 0,
                "is_from_city_international": false
            },
            {
                "trip_number": "MOHANAGAR EXPRESS (722)",
                "departure_date_time": "07 Mar, 09:48 pm",
                "departure_full_date": "2025-03-07",
                "departure_date_time_jd": "Fri, 07 Mar 2025, 09:48 PM",
                "arrival_date_time": "08 Mar, 03:30 am",
                "travel_time": "05h 42m",
                "origin_city_name": "biman_bandar",
                "destination_city_name": "chattogram",
                "seat_types": [
                    {
                        "key": 7,
                        "type": "S_CHAIR",
                        "trip_id": 8403136,
                        "trip_route_id": 52361992,
                        "route_id": 22528,
                        "fare": "405.00",
                        "vat_percent": 0,
                        "vat_amount": 0,
                        "origin_city_seq": 2,
                        "destination_city_seq": 14,
                        "seat_counts": {
                            "online": 10,
                            "offline": 10,
                            "is_divided": true
                        }
                    },
                    {
                        "key": 1,
                        "type": "AC_B",
                        "trip_id": 8403141,
                        "trip_route_id": 52362123,
                        "route_id": 22528,
                        "fare": "1215.00",
                        "vat_percent": 15,
                        "vat_amount": 183,
                        "origin_city_seq": 2,
                        "destination_city_seq": 14,
                        "seat_counts": {
                            "online": 0,
                            "offline": 0,
                            "is_divided": true
                        }
                    },
                    {
                        "key": 3,
                        "type": "SNIGDHA",
                        "trip_id": 8403146,
                        "trip_route_id": 52362254,
                        "route_id": 22528,
                        "fare": "675.00",
                        "vat_percent": 15,
                        "vat_amount": 102,
                        "origin_city_seq": 2,
                        "destination_city_seq": 14,
                        "seat_counts": {
                            "online": 10,
                            "offline": 10,
                            "is_divided": true
                        }
                    }
                ],
                "train_model": "722",
                "is_open_for_all": true,
                "is_eid_trip": 0,
                "parent_route": {
                    "origin_city_name": "dhaka",
                    "destination_city_name": "chattogram",
                    "departure_date": "2025-03-07",
                    "departure_time": "21:20:00",
                    "arrival_date": "2025-03-08",
                    "arrival_time": "03:30:00"
                },
                "boarding_points": [
                    {
                        "trip_point_id": 107622533,
                        "location_id": 2702,
                        "location_name": "Biman_Bandar Station",
                        "location_time": "09:48 PM",
                        "location_date": "07 Mar 2025"
                    }
                ],
                "is_international": 0,
                "is_from_city_international": false
            },
            {
                "trip_number": "COXS BAZAR EXPRESS (814)",
                "departure_date_time": "07 Mar, 10:58 pm",
                "departure_full_date": "2025-03-07",
                "departure_date_time_jd": "Fri, 07 Mar 2025, 10:58 PM",
                "arrival_date_time": "08 Mar, 03:40 am",
                "travel_time": "04h 42m",
                "origin_city_name": "biman_bandar",
                "destination_city_name": "chattogram",
                "seat_types": [
                    {
                        "key": 3,
                        "type": "SNIGDHA",
                        "trip_id": 8403820,
                        "trip_route_id": 52376939,
                        "route_id": 25716,
                        "fare": "743.00",
                        "vat_percent": 15,
                        "vat_amount": 112,
                        "origin_city_seq": 2,
                        "destination_city_seq": 3,
                        "seat_counts": {
                            "online": 0,
                            "offline": 0,
                            "is_divided": true
                        }
                    }
                ],
                "train_model": "814",
                "is_open_for_all": true,
                "is_eid_trip": 0,
                "parent_route": {
                    "origin_city_name": "dhaka",
                    "destination_city_name": "cox's bazar",
                    "departure_date": "2025-03-07",
                    "departure_time": "22:30:00",
                    "arrival_date": "2025-03-08",
                    "arrival_time": "07:20:00"
                },
                "boarding_points": [
                    {
                        "trip_point_id": 107633355,
                        "location_id": 2702,
                        "location_name": "Biman_Bandar Station",
                        "location_time": "10:58 PM",
                        "location_date": "07 Mar 2025"
                    }
                ],
                "is_international": 0,
                "is_from_city_international": false
            },
            {
                "trip_number": "TURNA (742)",
                "departure_date_time": "07 Mar, 11:43 pm",
                "departure_full_date": "2025-03-07",
                "departure_date_time_jd": "Fri, 07 Mar 2025, 11:43 PM",
                "arrival_date_time": "08 Mar, 05:15 am",
                "travel_time": "05h 32m",
                "origin_city_name": "biman_bandar",
                "destination_city_name": "chattogram",
                "seat_types": [
                    {
                        "key": 7,
                        "type": "S_CHAIR",
                        "trip_id": 8403378,
                        "trip_route_id": 52367938,
                        "route_id": 22835,
                        "fare": "405.00",
                        "vat_percent": 0,
                        "vat_amount": 0,
                        "origin_city_seq": 2,
                        "destination_city_seq": 9,
                        "seat_counts": {
                            "online": 39,
                            "offline": 39,
                            "is_divided": true
                        }
                    },
                    {
                        "key": 4,
                        "type": "F_BERTH",
                        "trip_id": 8403384,
                        "trip_route_id": 52368025,
                        "route_id": 22835,
                        "fare": "810.00",
                        "vat_percent": 15,
                        "vat_amount": 122,
                        "origin_city_seq": 2,
                        "destination_city_seq": 9,
                        "seat_counts": {
                            "online": 0,
                            "offline": 0,
                            "is_divided": true
                        }
                    },
                    {
                        "key": 1,
                        "type": "AC_B",
                        "trip_id": 8403390,
                        "trip_route_id": 52368109,
                        "route_id": 22835,
                        "fare": "1215.00",
                        "vat_percent": 15,
                        "vat_amount": 183,
                        "origin_city_seq": 2,
                        "destination_city_seq": 9,
                        "seat_counts": {
                            "online": 0,
                            "offline": 0,
                            "is_divided": true
                        }
                    },
                    {
                        "key": 3,
                        "type": "SNIGDHA",
                        "trip_id": 8403396,
                        "trip_route_id": 52368196,
                        "route_id": 22835,
                        "fare": "675.00",
                        "vat_percent": 15,
                        "vat_amount": 102,
                        "origin_city_seq": 2,
                        "destination_city_seq": 9,
                        "seat_counts": {
                            "online": 10,
                            "offline": 10,
                            "is_divided": true
                        }
                    }
                ],
                "train_model": "742",
                "is_open_for_all": true,
                "is_eid_trip": 0,
                "parent_route": {
                    "origin_city_name": "dhaka",
                    "destination_city_name": "chattogram",
                    "departure_date": "2025-03-07",
                    "departure_time": "23:15:00",
                    "arrival_date": "2025-03-08",
                    "arrival_time": "05:15:00"
                },
                "boarding_points": [
                    {
                        "trip_point_id": 107626760,
                        "location_id": 2702,
                        "location_name": "Biman_Bandar Station",
                        "location_time": "11:43 PM",
                        "location_date": "07 Mar 2025"
                    }
                ],
                "is_international": 0,
                "is_from_city_international": false
            }
        ],
        "recommendations": [],
        "selected_seat_class": "S_CHAIR"
    },
    "extra": {
        "hash": "FE8AB15B345270CFF53BFA245BE670BC"
    }
}