{
    "data": {
        "trains": [
            {
                "trip_number": "BHRAMMAPUTRA EXPRESS (743)",
                "departure_date_time": "07 Mar, 06:43 pm",
                "departure_full_date": "2025-03-07",
                "departure_date_time_jd": "Fri, 07 Mar 2025, 06:43 PM",
                "arrival_date_time": "07 Mar, 10:50 pm",
                "travel_time": "04h 07m",
                "origin_city_name": "biman_bandar",
                "destination_city_name": "melandah_bazar",
                "seat_types": [
                    {
                        "key": 7,
                        "type": "S_CHAIR",
                        "trip_id": 8403402,
                        "trip_route_id": 52368321,
                        "route_id": 23351,
                        "fare": "225.00",
                        "vat_percent": 0,
                        "vat_amount": 0,
                        "origin_city_seq": 2,
                        "destination_city_seq": 9,
                        "seat_counts": {
                            "online": 5,
                            "offline": 5,
                            "is_divided": true
                        }
                    },
                    {
                        "key": 3,
                        "type": "SNIGDHA",
                        "trip_id": 8403408,
                        "trip_route_id": 52368501,
                        "route_id": 23351,
                        "fare": "370.00",
                        "vat_percent": 15,
                        "vat_amount": 56,
                        "origin_city_seq": 2,
                        "destination_city_seq": 9,
                        "seat_counts": {
                            "online": 0,
                            "offline": 0,
                            "is_divided": true
                        }
                    }
                ],
                "train_model": "743",
                "is_open_for_all": true,
                "is_eid_trip": 0,
                "parent_route": {
                    "origin_city_name": "dhaka",
                    "destination_city_name": "dewanganj_bazar",
                    "departure_date": "2025-03-07",
                    "departure_time": "18:15:00",
                    "arrival_date": "2025-03-07",
                    "arrival_time": "23:50:00"
                },
                "boarding_points": [
                    {
                        "trip_point_id": 107627137,
                        "location_id": 2702,
                        "location_name": "Biman_Bandar Station",
                        "location_time": "06:43 PM",
                        "location_date": "07 Mar 2025"
                    }
                ],
                "is_international": 0,
                "is_from_city_international": false
            }
        ],
        "recommendations": [],
        "selected_seat_class": "S_CHAIR"
    },
    "extra": {
        "hash": "FE8AB15B345270CFF53BFA245BE670BC"
    }
}