{
    "data": {
        "trains": [
            {
                "trip_number": "NILSAGAR EXPRESS (765)",
                "departure_date_time": "07 Mar, 07:12 am",
                "departure_full_date": "2025-03-07",
                "departure_date_time_jd": "Fri, 07 Mar 2025, 07:12 AM",
                "arrival_date_time": "07 Mar, 02:42 pm",
                "travel_time": "07h 30m",
                "origin_city_name": "biman_bandar",
                "destination_city_name": "saidpur",
                "seat_types": [
                    {
                        "key": 2,
                        "type": "AC_S",
                        "trip_id": 8404510,
                        "trip_route_id": 52403227,
                        "route_id": 19765,
                        "fare": "1115.00",
                        "vat_percent": 15,
                        "vat_amount": 168,
                        "origin_city_seq": 2,
                        "destination_city_seq": 14,
                        "seat_counts": {
                            "online": 0,
                            "offline": 0,
                            "is_divided": true
                        }
                    },
                    {
                        "key": 3,
                        "type": "SNIGDHA",
                        "trip_id": 8404514,
                        "trip_route_id": 52403495,
                        "route_id": 19765,
                        "fare": "930.00",
                        "vat_percent": 15,
                        "vat_amount": 140,
                        "origin_city_seq": 2,
                        "destination_city_seq": 14,
                        "seat_counts": {
                            "online": 2,
                            "offline": 1,
                            "is_divided": true
                        }
                    },
                    {
                        "key": 7,
                        "type": "S_CHAIR",
                        "trip_id": 8404518,
                        "trip_route_id": 52403772,
                        "route_id": 19765,
                        "fare": "560.00",
                        "vat_percent": 0,
                        "vat_amount": 0,
                        "origin_city_seq": 2,
                        "destination_city_seq": 14,
                        "seat_counts": {
                            "online": 3,
                            "offline": 2,
                            "is_divided": true
                        }
                    }
                ],
                "train_model": "765",
                "is_open_for_all": true,
                "is_eid_trip": 0,
                "parent_route": {
                    "origin_city_name": "dhaka",
                    "destination_city_name": "chilahati",
                    "departure_date": "2025-03-07",
                    "departure_time": "06:45:00",
                    "arrival_date": "2025-03-07",
                    "arrival_time": "16:00:00"
                },
                "boarding_points": [
                    {
                        "trip_point_id": 107648398,
                        "location_id": 2702,
                        "location_name": "Biman_Bandar Station",
                        "location_time": "07:12 AM",
                        "location_date": "07 Mar 2025"
                    }
                ],
                "is_international": 0,
                "is_from_city_international": false
            },
            {
                "trip_number": "CHILAHATI EXPRESS (805)",
                "departure_date_time": "07 Mar, 05:28 pm",
                "departure_full_date": "2025-03-07",
                "departure_date_time_jd": "Fri, 07 Mar 2025, 05:28 PM",
                "arrival_date_time": "08 Mar, 01:37 am",
                "travel_time": "08h 09m",
                "origin_city_name": "biman_bandar",
                "destination_city_name": "saidpur",
                "seat_types": [
                    {
                        "key": 3,
                        "type": "SNIGDHA",
                        "trip_id": 8404773,
                        "trip_route_id": 52420851,
                        "route_id": 24693,
                        "fare": "930.00",
                        "vat_percent": 15,
                        "vat_amount": 140,
                        "origin_city_seq": 2,
                        "destination_city_seq": 11,
                        "seat_counts": {
                            "online": 3,
                            "offline": 2,
                            "is_divided": true
                        }
                    },
                    {
                        "key": 7,
                        "type": "S_CHAIR",
                        "trip_id": 8404779,
                        "trip_route_id": 52421007,
                        "route_id": 24693,
                        "fare": "560.00",
                        "vat_percent": 0,
                        "vat_amount": 0,
                        "origin_city_seq": 2,
                        "destination_city_seq": 11,
                        "seat_counts": {
                            "online": 5,
                            "offline": 5,
                            "is_divided": true
                        }
                    }
                ],
                "train_model": "805",
                "is_open_for_all": true,
                "is_eid_trip": 0,
                "parent_route": {
                    "origin_city_name": "dhaka",
                    "destination_city_name": "chilahati",
                    "departure_date": "2025-03-07",
                    "departure_time": "17:00:00",
                    "arrival_date": "2025-03-08",
                    "arrival_time": "03:00:00"
                },
                "boarding_points": [
                    {
                        "trip_point_id": 107656240,
                        "location_id": 2702,
                        "location_name": "Biman_Bandar Station",
                        "location_time": "05:28 PM",
                        "location_date": "07 Mar 2025"
                    }
                ],
                "is_international": 0,
                "is_from_city_international": false
            }
        ],
        "recommendations": [],
        "selected_seat_class": "S_CHAIR"
    },
    "extra": {
        "hash": "FE8AB15B345270CFF53BFA245BE670BC"
    }
}