{
    "data": {
        "trains": [
            {
                "trip_number": "SIRAJGANJ EXPRESS (776)",
                "departure_date_time": "07 Mar, 04:43 pm",
                "departure_full_date": "2025-03-07",
                "departure_date_time_jd": "Fri, 07 Mar 2025, 04:43 PM",
                "arrival_date_time": "07 Mar, 08:40 pm",
                "travel_time": "03h 57m",
                "origin_city_name": "biman_bandar",
                "destination_city_name": "sirajganj_bazar",
                "seat_types": [
                    {
                        "key": 8,
                        "type": "SHOVAN",
                        "trip_id": 8404469,
                        "trip_route_id": 52400573,
                        "route_id": 19869,
                        "fare": "230.00",
                        "vat_percent": 0,
                        "vat_amount": 0,
                        "origin_city_seq": 2,
                        "destination_city_seq": 10,
                        "seat_counts": {
                            "online": 5,
                            "offline": 5,
                            "is_divided": true
                        }
                    },
                    {
                        "key": 7,
                        "type": "S_CHAIR",
                        "trip_id": 8404672,
                        "trip_route_id": 52415520,
                        "route_id": 19869,
                        "fare": "275.00",
                        "vat_percent": 0,
                        "vat_amount": 0,
                        "origin_city_seq": 2,
                        "destination_city_seq": 10,
                        "seat_counts": {
                            "online": 0,
                            "offline": 0,
                            "is_divided": true
                        }
                    },
                    {
                        "key": 5,
                        "type": "F_SEAT",
                        "trip_id": 8404731,
                        "trip_route_id": 52419196,
                        "route_id": 19869,
                        "fare": "365.00",
                        "vat_percent": 15,
                        "vat_amount": 55,
                        "origin_city_seq": 2,
                        "destination_city_seq": 10,
                        "seat_counts": {
                            "online": 2,
                            "offline": 2,
                            "is_divided": true
                        }
                    }
                ],
                "train_model": "776",
                "is_open_for_all": true,
                "is_eid_trip": 0,
                "parent_route": {
                    "origin_city_name": "dhaka",
                    "destination_city_name": "sirajganj_bazar",
                    "departure_date": "2025-03-07",
                    "departure_time": "16:15:00",
                    "arrival_date": "2025-03-07",
                    "arrival_time": "20:40:00"
                },
                "boarding_points": [
                    {
                        "trip_point_id": 107646934,
                        "location_id": 2702,
                        "location_name": "Biman_Bandar Station",
                        "location_time": "04:43 PM",
                        "location_date": "07 Mar 2025"
                    }
                ],
                "is_international": 0,
                "is_from_city_international": false
            }
        ],
        "recommendations": [],
        "selected_seat_class": "S_CHAIR"
    },
    "extra": {
        "hash": "FE8AB15B345270CFF53BFA245BE670BC"
    }
}