{
    "data": {
        "trains": [
            {
                "trip_number": "CHITRA EXPRESS (764)",
                "departure_date_time": "07 Mar, 07:58 pm",
                "departure_full_date": "2025-03-07",
                "departure_date_time_jd": "Fri, 07 Mar 2025, 07:58 PM",
                "arrival_date_time": "08 Mar, 05:00 am",
                "travel_time": "09h 02m",
                "origin_city_name": "biman_bandar",
                "destination_city_name": "khulna",
                "seat_types": [
                    {
                        "key": 3,
                        "type": "SNIGDHA",
                        "trip_id": 8404533,
                        "trip_route_id": 52404836,
                        "route_id": 20627,
                        "fare": "1050.00",
                        "vat_percent": 15,
                        "vat_amount": 158,
                        "origin_city_seq": 2,
                        "destination_city_seq": 24,
                        "seat_counts": {
                            "online": 3,
                            "offline": 2,
                            "is_divided": true
                        }
                    },
                    {
                        "key": 1,
                        "type": "AC_B",
                        "trip_id": 8404607,
                        "trip_route_id": 52409687,
                        "route_id": 20627,
                        "fare": "1885.00",
                        "vat_percent": 15,
                        "vat_amount": 283,
                        "origin_city_seq": 2,
                        "destination_city_seq": 24,
                        "seat_counts": {
                            "online": 0,
                            "offline": 0,
                            "is_divided": true
                        }
                    },
                    {
                        "key": 7,
                        "type": "S_CHAIR",
                        "trip_id": 8404610,
                        "trip_route_id": 52409877,
                        "route_id": 20627,
                        "fare": "630.00",
                        "vat_percent": 0,
                        "vat_amount": 0,
                        "origin_city_seq": 2,
                        "destination_city_seq": 24,
                        "seat_counts": {
                            "online": 3,
                            "offline": 2,
                            "is_divided": true
                        }
                    }
                ],
                "train_model": "764",
                "is_open_for_all": true,
                "is_eid_trip": 0,
                "parent_route": {
                    "origin_city_name": "dhaka",
                    "destination_city_name": "khulna",
                    "departure_date": "2025-03-07",
                    "departure_time": "19:30:00",
                    "arrival_date": "2025-03-08",
                    "arrival_time": "05:00:00"
                },
                "boarding_points": [
                    {
                        "trip_point_id": 107649108,
                        "location_id": 2702,
                        "location_name": "Biman_Bandar Station",
                        "location_time": "07:58 PM",
                        "location_date": "07 Mar 2025"
                    }
                ],
                "is_international": 0,
                "is_from_city_international": false
            }
        ],
        "recommendations": [],
        "selected_seat_class": "S_CHAIR"
    },
    "extra": {
        "hash": "FE8AB15B345270CFF53BFA245BE670BC"
    }
}