{
    "data": {
        "trains": [
            {
                "trip_number": "KURIGRAM EXPRESS (797)",
                "departure_date_time": "07 Mar, 09:13 pm",
                "departure_full_date": "2025-03-07",
                "departure_date_time_jd": "Fri, 07 Mar 2025, 09:13 PM",
                "arrival_date_time": "08 Mar, 06:15 am",
                "travel_time": "09h 02m",
                "origin_city_name": "biman_bandar",
                "destination_city_name": "kurigram",
                "seat_types": [
                    {
                        "key": 1,
                        "type": "AC_B",
                        "trip_id": 8404433,
                        "trip_route_id": 52398374,
                        "route_id": 19695,
                        "fare": "1910.00",
                        "vat_percent": 15,
                        "vat_amount": 287,
                        "origin_city_seq": 2,
                        "destination_city_seq": 11,
                        "seat_counts": {
                            "online": 2,
                            "offline": 2,
                            "is_divided": true
                        }
                    },
                    {
                        "key": 3,
                        "type": "SNIGDHA",
                        "trip_id": 8404437,
                        "trip_route_id": 52398498,
                        "route_id": 19695,
                        "fare": "1065.00",
                        "vat_percent": 15,
                        "vat_amount": 160,
                        "origin_city_seq": 2,
                        "destination_city_seq": 11,
                        "seat_counts": {
                            "online": 3,
                            "offline": 2,
                            "is_divided": true
                        }
                    },
                    {
                        "key": 7,
                        "type": "S_CHAIR",
                        "trip_id": 8404445,
                        "trip_route_id": 52398739,
                        "route_id": 19695,
                        "fare": "640.00",
                        "vat_percent": 0,
                        "vat_amount": 0,
                        "origin_city_seq": 2,
                        "destination_city_seq": 11,
                        "seat_counts": {
                            "online": 8,
                            "offline": 7,
                            "is_divided": true
                        }
                    }
                ],
                "train_model": "797",
                "is_open_for_all": true,
                "is_eid_trip": 0,
                "parent_route": {
                    "origin_city_name": "dhaka",
                    "destination_city_name": "kurigram",
                    "departure_date": "2025-03-07",
                    "departure_time": "20:45:00",
                    "arrival_date": "2025-03-08",
                    "arrival_time": "06:15:00"
                },
                "boarding_points": [
                    {
                        "trip_point_id": 107645971,
                        "location_id": 2702,
                        "location_name": "Biman_Bandar Station",
                        "location_time": "09:13 PM",
                        "location_date": "07 Mar 2025"
                    }
                ],
                "is_international": 0,
                "is_from_city_international": false
            }
        ],
        "recommendations": [],
        "selected_seat_class": "S_CHAIR"
    },
    "extra": {
        "hash": "FE8AB15B345270CFF53BFA245BE670BC"
    }
}