{
    "data": {
        "trains": [
            {
                "trip_number": "TISTA EXPRESS (707)",
                "departure_date_time": "07 Mar, 07:58 am",
                "departure_full_date": "2025-03-07",
                "departure_date_time_jd": "Fri, 07 Mar 2025, 07:58 AM",
                "arrival_date_time": "07 Mar, 12:30 pm",
                "travel_time": "04h 32m",
                "origin_city_name": "biman_bandar",
                "destination_city_name": "dewanganj_bazar",
                "seat_types": [
                    {
                        "key": 2,
                        "type": "AC_S",
                        "trip_id": 8402937,
                        "trip_route_id": 52354486,
                        "route_id": 22076,
                        "fare": "500.00",
                        "vat_percent": 15,
                        "vat_amount": 75,
                        "origin_city_seq": 2,
                        "destination_city_seq": 11,
                        "seat_counts": {
                            "online": 0,
                            "offline": 0,
                            "is_divided": true
                        }
                    },
                    {
                        "key": 5,
                        "type": "F_SEAT",
                        "trip_id": 8402943,
                        "trip_route_id": 52354660,
                        "route_id": 22076,
                        "fare": "335.00",
                        "vat_percent": 15,
                        "vat_amount": 51,
                        "origin_city_seq": 2,
                        "destination_city_seq": 11,
                        "seat_counts": {
                            "online": 3,
                            "offline": 3,
                            "is_divided": true
                        }
                    },
                    {
                        "key": 7,
                        "type": "S_CHAIR",
                        "trip_id": 8402949,
                        "trip_route_id": 52354834,
                        "route_id": 22076,
                        "fare": "250.00",
                        "vat_percent": 0,
                        "vat_amount": 0,
                        "origin_city_seq": 2,
                        "destination_city_seq": 11,
                        "seat_counts": {
                            "online": 10,
                            "offline": 10,
                            "is_divided": true
                        }
                    },
                    {
                        "key": 3,
                        "type": "SNIGDHA",
                        "trip_id": 8402955,
                        "trip_route_id": 52355008,
                        "route_id": 22076,
                        "fare": "415.00",
                        "vat_percent": 15,
                        "vat_amount": 63,
                        "origin_city_seq": 2,
                        "destination_city_seq": 11,
                        "seat_counts": {
                            "online": 28,
                            "offline": 27,
                            "is_divided": true
                        }
                    }
                ],
                "train_model": "707",
                "is_open_for_all": true,
                "is_eid_trip": 0,
                "parent_route": {
                    "origin_city_name": "dhaka",
                    "destination_city_name": "dewanganj_bazar",
                    "departure_date": "2025-03-07",
                    "departure_time": "07:30:00",
                    "arrival_date": "2025-03-07",
                    "arrival_time": "12:30:00"
                },
                "boarding_points": [
                    {
                        "trip_point_id": 107617957,
                        "location_id": 2702,
                        "location_name": "Biman_Bandar Station",
                        "location_time": "07:58 AM",
                        "location_date": "07 Mar 2025"
                    }
                ],
                "is_international": 0,
                "is_from_city_international": false
            },
            {
                "trip_number": "BHRAMMAPUTRA EXPRESS (743)",
                "departure_date_time": "07 Mar, 06:43 pm",
                "departure_full_date": "2025-03-07",
                "departure_date_time_jd": "Fri, 07 Mar 2025, 06:43 PM",
                "arrival_date_time": "07 Mar, 11:50 pm",
                "travel_time": "05h 07m",
                "origin_city_name": "biman_bandar",
                "destination_city_name": "dewanganj_bazar",
                "seat_types": [
                    {
                        "key": 7,
                        "type": "S_CHAIR",
                        "trip_id": 8403402,
                        "trip_route_id": 52368323,
                        "route_id": 22076,
                        "fare": "250.00",
                        "vat_percent": 0,
                        "vat_amount": 0,
                        "origin_city_seq": 2,
                        "destination_city_seq": 11,
                        "seat_counts": {
                            "online": 8,
                            "offline": 7,
                            "is_divided": true
                        }
                    },
                    {
                        "key": 3,
                        "type": "SNIGDHA",
                        "trip_id": 8403408,
                        "trip_route_id": 52368503,
                        "route_id": 22076,
                        "fare": "415.00",
                        "vat_percent": 15,
                        "vat_amount": 63,
                        "origin_city_seq": 2,
                        "destination_city_seq": 11,
                        "seat_counts": {
                            "online": 3,
                            "offline": 2,
                            "is_divided": true
                        }
                    }
                ],
                "train_model": "743",
                "is_open_for_all": true,
                "is_eid_trip": 0,
                "parent_route": {
                    "origin_city_name": "dhaka",
                    "destination_city_name": "dewanganj_bazar",
                    "departure_date": "2025-03-07",
                    "departure_time": "18:15:00",
                    "arrival_date": "2025-03-07",
                    "arrival_time": "23:50:00"
                },
                "boarding_points": [
                    {
                        "trip_point_id": 107627137,
                        "location_id": 2702,
                        "location_name": "Biman_Bandar Station",
                        "location_time": "06:43 PM",
                        "location_date": "07 Mar 2025"
                    }
                ],
                "is_international": 0,
                "is_from_city_international": false
            }
        ],
        "recommendations": [],
        "selected_seat_class": "S_CHAIR"
    },
    "extra": {
        "hash": "FE8AB15B345270CFF53BFA245BE670BC"
    }
}