{
    "data": {
        "trains": [
            {
                "trip_number": "RUPSHA EXPRESS (728)",
                "departure_date_time": "07 Mar, 10:53 am",
                "departure_full_date": "2025-03-07",
                "departure_date_time_jd": "Fri, 07 Mar 2025, 10:53 AM",
                "arrival_date_time": "07 Mar, 03:51 pm",
                "travel_time": "04h 58m",
                "origin_city_name": "birampur",
                "destination_city_name": "darshana_halt",
                "seat_types": [
                    {
                        "key": 2,
                        "type": "AC_S",
                        "trip_id": 8404585,
                        "trip_route_id": 52407711,
                        "route_id": 21342,
                        "fare": "635.00",
                        "vat_percent": 15,
                        "vat_amount": 96,
                        "origin_city_seq": 7,
                        "destination_city_seq": 19,
                        "seat_counts": {
                            "online": 0,
                            "offline": 0,
                            "is_divided": true
                        }
                    },
                    {
                        "key": 3,
                        "type": "SNIGDHA",
                        "trip_id": 8404621,
                        "trip_route_id": 52411319,
                        "route_id": 21342,
                        "fare": "530.00",
                        "vat_percent": 15,
                        "vat_amount": 80,
                        "origin_city_seq": 7,
                        "destination_city_seq": 19,
                        "seat_counts": {
                            "online": 0,
                            "offline": 0,
                            "is_divided": true
                        }
                    },
                    {
                        "key": 7,
                        "type": "S_CHAIR",
                        "trip_id": 8404625,
                        "trip_route_id": 52412003,
                        "route_id": 21342,
                        "fare": "320.00",
                        "vat_percent": 0,
                        "vat_amount": 0,
                        "origin_city_seq": 7,
                        "destination_city_seq": 19,
                        "seat_counts": {
                            "online": 0,
                            "offline": 0,
                            "is_divided": true
                        }
                    }
                ],
                "train_model": "728",
                "is_open_for_all": true,
                "is_eid_trip": 0,
                "parent_route": {
                    "origin_city_name": "chilahati",
                    "destination_city_name": "khulna",
                    "departure_date": "2025-03-07",
                    "departure_time": "08:30:00",
                    "arrival_date": "2025-03-07",
                    "arrival_time": "18:20:00"
                },
                "boarding_points": [
                    {
                        "trip_point_id": 107650421,
                        "location_id": 2781,
                        "location_name": "Birampur Station",
                        "location_time": "10:53 AM",
                        "location_date": "07 Mar 2025"
                    }
                ],
                "is_international": 0,
                "is_from_city_international": false
            }
        ],
        "recommendations": [
            {
                "origin": "Joypurhat",
                "destination": "Darshana_halt"
            },
            {
                "origin": "Birampur",
                "destination": "Chuadanga"
            }
        ],
        "selected_seat_class": "S_CHAIR"
    },
    "extra": {
        "hash": "FE8AB15B345270CFF53BFA245BE670BC"
    }
}