{
    "data": {
        "trains": [
            {
                "trip_number": "EKOTA EXPRESS (706)",
                "departure_date_time": "07 Mar, 12:48 am",
                "departure_full_date": "2025-03-07",
                "departure_date_time_jd": "Fri, 07 Mar 2025, 12:48 AM",
                "arrival_date_time": "07 Mar, 07:50 am",
                "travel_time": "07h 02m",
                "origin_city_name": "birampur",
                "destination_city_name": "dhaka",
                "seat_types": [
                    {
                        "key": 3,
                        "type": "SNIGDHA",
                        "trip_id": 8404173,
                        "trip_route_id": 52387752,
                        "route_id": 19435,
                        "fare": "840.00",
                        "vat_percent": 15,
                        "vat_amount": 126,
                        "origin_city_seq": 11,
                        "destination_city_seq": 25,
                        "seat_counts": {
                            "online": 3,
                            "offline": 2,
                            "is_divided": true
                        }
                    },
                    {
                        "key": 7,
                        "type": "S_CHAIR",
                        "trip_id": 8404174,
                        "trip_route_id": 52387806,
                        "route_id": 19435,
                        "fare": "505.00",
                        "vat_percent": 0,
                        "vat_amount": 0,
                        "origin_city_seq": 11,
                        "destination_city_seq": 25,
                        "seat_counts": {
                            "online": 5,
                            "offline": 5,
                            "is_divided": true
                        }
                    },
                    {
                        "key": 1,
                        "type": "AC_B",
                        "trip_id": 8404191,
                        "trip_route_id": 52388913,
                        "route_id": 19435,
                        "fare": "1510.00",
                        "vat_percent": 15,
                        "vat_amount": 227,
                        "origin_city_seq": 11,
                        "destination_city_seq": 25,
                        "seat_counts": {
                            "online": 0,
                            "offline": 0,
                            "is_divided": true
                        }
                    }
                ],
                "train_model": "706",
                "is_open_for_all": true,
                "is_eid_trip": 0,
                "parent_route": {
                    "origin_city_name": "panchagarh",
                    "destination_city_name": "dhaka",
                    "departure_date": "2025-03-06",
                    "departure_time": "21:10:00",
                    "arrival_date": "2025-03-07",
                    "arrival_time": "07:50:00"
                },
                "boarding_points": [
                    {
                        "trip_point_id": 107639659,
                        "location_id": 2781,
                        "location_name": "Birampur Station",
                        "location_time": "12:48 AM",
                        "location_date": "07 Mar 2025"
                    }
                ],
                "is_international": 0,
                "is_from_city_international": false
            },
            {
                "trip_number": "CHILAHATI EXPRESS (806)",
                "departure_date_time": "07 Mar, 08:03 am",
                "departure_full_date": "2025-03-07",
                "departure_date_time_jd": "Fri, 07 Mar 2025, 08:03 AM",
                "arrival_date_time": "07 Mar, 02:50 pm",
                "travel_time": "06h 47m",
                "origin_city_name": "birampur",
                "destination_city_name": "dhaka",
                "seat_types": [
                    {
                        "key": 2,
                        "type": "AC_S",
                        "trip_id": 8404764,
                        "trip_route_id": 52420521,
                        "route_id": 24815,
                        "fare": "1010.00",
                        "vat_percent": 15,
                        "vat_amount": 152,
                        "origin_city_seq": 7,
                        "destination_city_seq": 13,
                        "seat_counts": {
                            "online": 2,
                            "offline": 2,
                            "is_divided": true
                        }
                    },
                    {
                        "key": 7,
                        "type": "S_CHAIR",
                        "trip_id": 8404767,
                        "trip_route_id": 52420569,
                        "route_id": 24815,
                        "fare": "505.00",
                        "vat_percent": 0,
                        "vat_amount": 0,
                        "origin_city_seq": 7,
                        "destination_city_seq": 13,
                        "seat_counts": {
                            "online": 10,
                            "offline": 10,
                            "is_divided": true
                        }
                    },
                    {
                        "key": 3,
                        "type": "SNIGDHA",
                        "trip_id": 8404770,
                        "trip_route_id": 52420744,
                        "route_id": 24815,
                        "fare": "840.00",
                        "vat_percent": 15,
                        "vat_amount": 126,
                        "origin_city_seq": 7,
                        "destination_city_seq": 13,
                        "seat_counts": {
                            "online": 5,
                            "offline": 5,
                            "is_divided": true
                        }
                    }
                ],
                "train_model": "806",
                "is_open_for_all": true,
                "is_eid_trip": 0,
                "parent_route": {
                    "origin_city_name": "chilahati",
                    "destination_city_name": "dhaka",
                    "departure_date": "2025-03-07",
                    "departure_time": "06:00:00",
                    "arrival_date": "2025-03-07",
                    "arrival_time": "14:50:00"
                },
                "boarding_points": [
                    {
                        "trip_point_id": 107656041,
                        "location_id": 2781,
                        "location_name": "Birampur Station",
                        "location_time": "08:03 AM",
                        "location_date": "07 Mar 2025"
                    }
                ],
                "is_international": 0,
                "is_from_city_international": false
            },
            {
                "trip_number": "DRUTOJAN EXPRESS (758)",
                "departure_date_time": "07 Mar, 11:21 am",
                "departure_full_date": "2025-03-07",
                "departure_date_time_jd": "Fri, 07 Mar 2025, 11:21 AM",
                "arrival_date_time": "07 Mar, 06:55 pm",
                "travel_time": "07h 34m",
                "origin_city_name": "birampur",
                "destination_city_name": "dhaka",
                "seat_types": [
                    {
                        "key": 3,
                        "type": "SNIGDHA",
                        "trip_id": 8404596,
                        "trip_route_id": 52408882,
                        "route_id": 19435,
                        "fare": "840.00",
                        "vat_percent": 15,
                        "vat_amount": 126,
                        "origin_city_seq": 11,
                        "destination_city_seq": 25,
                        "seat_counts": {
                            "online": 3,
                            "offline": 2,
                            "is_divided": true
                        }
                    },
                    {
                        "key": 7,
                        "type": "S_CHAIR",
                        "trip_id": 8404637,
                        "trip_route_id": 52413405,
                        "route_id": 19435,
                        "fare": "505.00",
                        "vat_percent": 0,
                        "vat_amount": 0,
                        "origin_city_seq": 11,
                        "destination_city_seq": 25,
                        "seat_counts": {
                            "online": 18,
                            "offline": 17,
                            "is_divided": true
                        }
                    },
                    {
                        "key": 2,
                        "type": "AC_S",
                        "trip_id": 8404641,
                        "trip_route_id": 52413776,
                        "route_id": 19435,
                        "fare": "1010.00",
                        "vat_percent": 15,
                        "vat_amount": 152,
                        "origin_city_seq": 11,
                        "destination_city_seq": 25,
                        "seat_counts": {
                            "online": 0,
                            "offline": 0,
                            "is_divided": true
                        }
                    }
                ],
                "train_model": "758",
                "is_open_for_all": true,
                "is_eid_trip": 0,
                "parent_route": {
                    "origin_city_name": "panchagarh",
                    "destination_city_name": "dhaka",
                    "departure_date": "2025-03-07",
                    "departure_time": "07:20:00",
                    "arrival_date": "2025-03-07",
                    "arrival_time": "18:55:00"
                },
                "boarding_points": [
                    {
                        "trip_point_id": 107650860,
                        "location_id": 2781,
                        "location_name": "Birampur Station",
                        "location_time": "11:21 AM",
                        "location_date": "07 Mar 2025"
                    }
                ],
                "is_international": 0,
                "is_from_city_international": false
            },
            {
                "trip_number": "NILSAGAR EXPRESS (766)",
                "departure_date_time": "07 Mar, 10:15 pm",
                "departure_full_date": "2025-03-07",
                "departure_date_time_jd": "Fri, 07 Mar 2025, 10:15 PM",
                "arrival_date_time": "08 Mar, 05:30 am",
                "travel_time": "07h 15m",
                "origin_city_name": "birampur",
                "destination_city_name": "dhaka",
                "seat_types": [
                    {
                        "key": 7,
                        "type": "S_CHAIR",
                        "trip_id": 8404498,
                        "trip_route_id": 52402636,
                        "route_id": 19845,
                        "fare": "505.00",
                        "vat_percent": 0,
                        "vat_amount": 0,
                        "origin_city_seq": 7,
                        "destination_city_seq": 16,
                        "seat_counts": {
                            "online": 8,
                            "offline": 8,
                            "is_divided": true
                        }
                    },
                    {
                        "key": 3,
                        "type": "SNIGDHA",
                        "trip_id": 8404502,
                        "trip_route_id": 52402816,
                        "route_id": 19845,
                        "fare": "840.00",
                        "vat_percent": 15,
                        "vat_amount": 126,
                        "origin_city_seq": 7,
                        "destination_city_seq": 16,
                        "seat_counts": {
                            "online": 3,
                            "offline": 2,
                            "is_divided": true
                        }
                    },
                    {
                        "key": 1,
                        "type": "AC_B",
                        "trip_id": 8404506,
                        "trip_route_id": 52402996,
                        "route_id": 19845,
                        "fare": "1510.00",
                        "vat_percent": 15,
                        "vat_amount": 227,
                        "origin_city_seq": 7,
                        "destination_city_seq": 16,
                        "seat_counts": {
                            "online": 0,
                            "offline": 0,
                            "is_divided": true
                        }
                    }
                ],
                "train_model": "766",
                "is_open_for_all": true,
                "is_eid_trip": 0,
                "parent_route": {
                    "origin_city_name": "chilahati",
                    "destination_city_name": "dhaka",
                    "departure_date": "2025-03-07",
                    "departure_time": "20:00:00",
                    "arrival_date": "2025-03-08",
                    "arrival_time": "05:30:00"
                },
                "boarding_points": [
                    {
                        "trip_point_id": 107648027,
                        "location_id": 2781,
                        "location_name": "Birampur Station",
                        "location_time": "10:15 PM",
                        "location_date": "07 Mar 2025"
                    }
                ],
                "is_international": 0,
                "is_from_city_international": false
            }
        ],
        "recommendations": [],
        "selected_seat_class": "S_CHAIR"
    },
    "extra": {
        "hash": "FE8AB15B345270CFF53BFA245BE670BC"
    }
}