{
    "data": {
        "trains": [
            {
                "trip_number": "BARENDRA EXPRESS (732)",
                "departure_date_time": "07 Mar, 07:30 am",
                "departure_full_date": "2025-03-07",
                "departure_date_time_jd": "Fri, 07 Mar 2025, 07:30 AM",
                "arrival_date_time": "07 Mar, 08:45 am",
                "travel_time": "01h 15m",
                "origin_city_name": "birampur",
                "destination_city_name": "santahar",
                "seat_types": [
                    {
                        "key": 7,
                        "type": "S_CHAIR",
                        "trip_id": 8404475,
                        "trip_route_id": 52400873,
                        "route_id": 20328,
                        "fare": "80.00",
                        "vat_percent": 0,
                        "vat_amount": 0,
                        "origin_city_seq": 8,
                        "destination_city_seq": 14,
                        "seat_counts": {
                            "online": 6,
                            "offline": 6,
                            "is_divided": true
                        }
                    }
                ],
                "train_model": "732",
                "is_open_for_all": true,
                "is_eid_trip": 0,
                "parent_route": {
                    "origin_city_name": "chilahati",
                    "destination_city_name": "rajshahi",
                    "departure_date": "2025-03-07",
                    "departure_time": "05:00:00",
                    "arrival_date": "2025-03-07",
                    "arrival_time": "11:10:00"
                },
                "boarding_points": [
                    {
                        "trip_point_id": 107647070,
                        "location_id": 2781,
                        "location_name": "Birampur Station",
                        "location_time": "07:30 AM",
                        "location_date": "07 Mar 2025"
                    }
                ],
                "is_international": 0,
                "is_from_city_international": false
            },
            {
                "trip_number": "CHILAHATI EXPRESS (806)",
                "departure_date_time": "07 Mar, 08:03 am",
                "departure_full_date": "2025-03-07",
                "departure_date_time_jd": "Fri, 07 Mar 2025, 08:03 AM",
                "arrival_date_time": "07 Mar, 09:15 am",
                "travel_time": "01h 12m",
                "origin_city_name": "birampur",
                "destination_city_name": "santahar",
                "seat_types": [
                    {
                        "key": 7,
                        "type": "S_CHAIR",
                        "trip_id": 8404767,
                        "trip_route_id": 52420571,
                        "route_id": 24811,
                        "fare": "80.00",
                        "vat_percent": 0,
                        "vat_amount": 0,
                        "origin_city_seq": 7,
                        "destination_city_seq": 9,
                        "seat_counts": {
                            "online": 3,
                            "offline": 2,
                            "is_divided": true
                        }
                    }
                ],
                "train_model": "806",
                "is_open_for_all": true,
                "is_eid_trip": 0,
                "parent_route": {
                    "origin_city_name": "chilahati",
                    "destination_city_name": "dhaka",
                    "departure_date": "2025-03-07",
                    "departure_time": "06:00:00",
                    "arrival_date": "2025-03-07",
                    "arrival_time": "14:50:00"
                },
                "boarding_points": [
                    {
                        "trip_point_id": 107656090,
                        "location_id": 2781,
                        "location_name": "Birampur Station",
                        "location_time": "08:03 AM",
                        "location_date": "07 Mar 2025"
                    }
                ],
                "is_international": 0,
                "is_from_city_international": false
            },
            {
                "trip_number": "TITUMIR EXPRESS (734)",
                "departure_date_time": "07 Mar, 05:25 pm",
                "departure_full_date": "2025-03-07",
                "departure_date_time_jd": "Fri, 07 Mar 2025, 05:25 PM",
                "arrival_date_time": "07 Mar, 06:55 pm",
                "travel_time": "01h 30m",
                "origin_city_name": "birampur",
                "destination_city_name": "santahar",
                "seat_types": [
                    {
                        "key": 7,
                        "type": "S_CHAIR",
                        "trip_id": 8404685,
                        "trip_route_id": 52416175,
                        "route_id": 20328,
                        "fare": "80.00",
                        "vat_percent": 0,
                        "vat_amount": 0,
                        "origin_city_seq": 8,
                        "destination_city_seq": 14,
                        "seat_counts": {
                            "online": 5,
                            "offline": 5,
                            "is_divided": true
                        }
                    }
                ],
                "train_model": "734",
                "is_open_for_all": true,
                "is_eid_trip": 0,
                "parent_route": {
                    "origin_city_name": "chilahati",
                    "destination_city_name": "rajshahi",
                    "departure_date": "2025-03-07",
                    "departure_time": "15:00:00",
                    "arrival_date": "2025-03-07",
                    "arrival_time": "21:30:00"
                },
                "boarding_points": [
                    {
                        "trip_point_id": 107653973,
                        "location_id": 2781,
                        "location_name": "Birampur Station",
                        "location_time": "05:25 PM",
                        "location_date": "07 Mar 2025"
                    }
                ],
                "is_international": 0,
                "is_from_city_international": false
            }
        ],
        "recommendations": [],
        "selected_seat_class": "S_CHAIR"
    },
    "extra": {
        "hash": "FE8AB15B345270CFF53BFA245BE670BC"
    }
}