{
    "data": {
        "trains": [
            {
                "trip_number": "RUPSHA EXPRESS (728)",
                "departure_date_time": "07 Mar, 10:53 am",
                "departure_full_date": "2025-03-07",
                "departure_date_time_jd": "Fri, 07 Mar 2025, 10:53 AM",
                "arrival_date_time": "07 Mar, 05:07 pm",
                "travel_time": "06h 14m",
                "origin_city_name": "birampur",
                "destination_city_name": "jashore",
                "seat_types": [
                    {
                        "key": 2,
                        "type": "AC_S",
                        "trip_id": 8404585,
                        "trip_route_id": 52407706,
                        "route_id": 20099,
                        "fare": "790.00",
                        "vat_percent": 15,
                        "vat_amount": 119,
                        "origin_city_seq": 7,
                        "destination_city_seq": 22,
                        "seat_counts": {
                            "online": 0,
                            "offline": 0,
                            "is_divided": true
                        }
                    },
                    {
                        "key": 3,
                        "type": "SNIGDHA",
                        "trip_id": 8404621,
                        "trip_route_id": 52411314,
                        "route_id": 20099,
                        "fare": "660.00",
                        "vat_percent": 15,
                        "vat_amount": 99,
                        "origin_city_seq": 7,
                        "destination_city_seq": 22,
                        "seat_counts": {
                            "online": 0,
                            "offline": 0,
                            "is_divided": true
                        }
                    },
                    {
                        "key": 7,
                        "type": "S_CHAIR",
                        "trip_id": 8404625,
                        "trip_route_id": 52411998,
                        "route_id": 20099,
                        "fare": "395.00",
                        "vat_percent": 0,
                        "vat_amount": 0,
                        "origin_city_seq": 7,
                        "destination_city_seq": 22,
                        "seat_counts": {
                            "online": 5,
                            "offline": 5,
                            "is_divided": true
                        }
                    }
                ],
                "train_model": "728",
                "is_open_for_all": true,
                "is_eid_trip": 0,
                "parent_route": {
                    "origin_city_name": "chilahati",
                    "destination_city_name": "khulna",
                    "departure_date": "2025-03-07",
                    "departure_time": "08:30:00",
                    "arrival_date": "2025-03-07",
                    "arrival_time": "18:20:00"
                },
                "boarding_points": [
                    {
                        "trip_point_id": 107650421,
                        "location_id": 2781,
                        "location_name": "Birampur Station",
                        "location_time": "10:53 AM",
                        "location_date": "07 Mar 2025"
                    }
                ],
                "is_international": 0,
                "is_from_city_international": false
            },
            {
                "trip_number": "SIMANTA EXPRESS (748)",
                "departure_date_time": "07 Mar, 09:00 pm",
                "departure_full_date": "2025-03-07",
                "departure_date_time_jd": "Fri, 07 Mar 2025, 09:00 PM",
                "arrival_date_time": "08 Mar, 02:55 am",
                "travel_time": "05h 55m",
                "origin_city_name": "birampur",
                "destination_city_name": "jashore",
                "seat_types": [
                    {
                        "key": 7,
                        "type": "S_CHAIR",
                        "trip_id": 8404466,
                        "trip_route_id": 52400172,
                        "route_id": 20099,
                        "fare": "395.00",
                        "vat_percent": 0,
                        "vat_amount": 0,
                        "origin_city_seq": 7,
                        "destination_city_seq": 22,
                        "seat_counts": {
                            "online": 5,
                            "offline": 5,
                            "is_divided": true
                        }
                    },
                    {
                        "key": 1,
                        "type": "AC_B",
                        "trip_id": 8404579,
                        "trip_route_id": 52407018,
                        "route_id": 20099,
                        "fare": "1185.00",
                        "vat_percent": 15,
                        "vat_amount": 178,
                        "origin_city_seq": 7,
                        "destination_city_seq": 22,
                        "seat_counts": {
                            "online": 0,
                            "offline": 0,
                            "is_divided": true
                        }
                    },
                    {
                        "key": 3,
                        "type": "SNIGDHA",
                        "trip_id": 8404582,
                        "trip_route_id": 52407357,
                        "route_id": 20099,
                        "fare": "660.00",
                        "vat_percent": 15,
                        "vat_amount": 99,
                        "origin_city_seq": 7,
                        "destination_city_seq": 22,
                        "seat_counts": {
                            "online": 0,
                            "offline": 0,
                            "is_divided": true
                        }
                    }
                ],
                "train_model": "748",
                "is_open_for_all": true,
                "is_eid_trip": 0,
                "parent_route": {
                    "origin_city_name": "chilahati",
                    "destination_city_name": "khulna",
                    "departure_date": "2025-03-07",
                    "departure_time": "18:45:00",
                    "arrival_date": "2025-03-08",
                    "arrival_time": "04:20:00"
                },
                "boarding_points": [
                    {
                        "trip_point_id": 107646801,
                        "location_id": 2781,
                        "location_name": "Birampur Station",
                        "location_time": "09:00 PM",
                        "location_date": "07 Mar 2025"
                    }
                ],
                "is_international": 0,
                "is_from_city_international": false
            }
        ],
        "recommendations": [],
        "selected_seat_class": "S_CHAIR"
    },
    "extra": {
        "hash": "FE8AB15B345270CFF53BFA245BE670BC"
    }
}