{
    "data": {
        "trains": [
            {
                "trip_number": "LALMONI EXPRESS (751)",
                "departure_date_time": "07 Mar, 04:33 am",
                "departure_full_date": "2025-03-07",
                "departure_date_time_jd": "Fri, 07 Mar 2025, 04:33 AM",
                "arrival_date_time": "07 Mar, 07:00 am",
                "travel_time": "02h 27m",
                "origin_city_name": "bogura",
                "destination_city_name": "kaunia",
                "seat_types": [
                    {
                        "key": 7,
                        "type": "S_CHAIR",
                        "trip_id": 8404153,
                        "trip_route_id": 52386469,
                        "route_id": 24672,
                        "fare": "160.00",
                        "vat_percent": 0,
                        "vat_amount": 0,
                        "origin_city_seq": 12,
                        "destination_city_seq": 18,
                        "seat_counts": {
                            "online": 3,
                            "offline": 2,
                            "is_divided": true
                        }
                    }
                ],
                "train_model": "751",
                "is_open_for_all": true,
                "is_eid_trip": 0,
                "parent_route": {
                    "origin_city_name": "dhaka",
                    "destination_city_name": "lalmonirhat",
                    "departure_date": "2025-03-06",
                    "departure_time": "21:45:00",
                    "arrival_date": "2025-03-07",
                    "arrival_time": "07:30:00"
                },
                "boarding_points": [
                    {
                        "trip_point_id": 107639017,
                        "location_id": 2726,
                        "location_name": "Bogura Station",
                        "location_time": "04:33 AM",
                        "location_date": "07 Mar 2025"
                    }
                ],
                "is_international": 0,
                "is_from_city_international": false
            },
            {
                "trip_number": "DOLONCHAPA EXPRESS (767)",
                "departure_date_time": "07 Mar, 11:54 am",
                "departure_full_date": "2025-03-07",
                "departure_date_time_jd": "Fri, 07 Mar 2025, 11:54 AM",
                "arrival_date_time": "07 Mar, 02:55 pm",
                "travel_time": "03h 01m",
                "origin_city_name": "bogura",
                "destination_city_name": "kaunia",
                "seat_types": [
                    {
                        "key": 7,
                        "type": "S_CHAIR",
                        "trip_id": 8404697,
                        "trip_route_id": 52417400,
                        "route_id": 24663,
                        "fare": "160.00",
                        "vat_percent": 0,
                        "vat_amount": 0,
                        "origin_city_seq": 3,
                        "destination_city_seq": 11,
                        "seat_counts": {
                            "online": 3,
                            "offline": 2,
                            "is_divided": true
                        }
                    },
                    {
                        "key": 8,
                        "type": "SHOVAN",
                        "trip_id": 8404734,
                        "trip_route_id": 52419278,
                        "route_id": 24663,
                        "fare": "135.00",
                        "vat_percent": 0,
                        "vat_amount": 0,
                        "origin_city_seq": 3,
                        "destination_city_seq": 11,
                        "seat_counts": {
                            "online": 3,
                            "offline": 2,
                            "is_divided": true
                        }
                    }
                ],
                "train_model": "767",
                "is_open_for_all": true,
                "is_eid_trip": 0,
                "parent_route": {
                    "origin_city_name": "santahar",
                    "destination_city_name": "panchagarh",
                    "departure_date": "2025-03-07",
                    "departure_time": "11:00:00",
                    "arrival_date": "2025-03-07",
                    "arrival_time": "20:20:00"
                },
                "boarding_points": [
                    {
                        "trip_point_id": 107654358,
                        "location_id": 2726,
                        "location_name": "Bogura Station",
                        "location_time": "11:54 AM",
                        "location_date": "07 Mar 2025"
                    }
                ],
                "is_international": 0,
                "is_from_city_international": false
            },
            {
                "trip_number": "BURIMARI EXPRESS (809)",
                "departure_date_time": "07 Mar, 03:05 pm",
                "departure_full_date": "2025-03-07",
                "departure_date_time_jd": "Fri, 07 Mar 2025, 03:05 PM",
                "arrival_date_time": "07 Mar, 05:36 pm",
                "travel_time": "02h 31m",
                "origin_city_name": "bogura",
                "destination_city_name": "kaunia",
                "seat_types": [
                    {
                        "key": 7,
                        "type": "S_CHAIR",
                        "trip_id": 8404937,
                        "trip_route_id": 52424199,
                        "route_id": 26183,
                        "fare": "160.00",
                        "vat_percent": 0,
                        "vat_amount": 0,
                        "origin_city_seq": 6,
                        "destination_city_seq": 9,
                        "seat_counts": {
                            "online": 8,
                            "offline": 7,
                            "is_divided": true
                        }
                    }
                ],
                "train_model": "809",
                "is_open_for_all": true,
                "is_eid_trip": 0,
                "parent_route": {
                    "origin_city_name": "dhaka",
                    "destination_city_name": "burimari",
                    "departure_date": "2025-03-07",
                    "departure_time": "08:30:00",
                    "arrival_date": "2025-03-07",
                    "arrival_time": "21:40:00"
                },
                "boarding_points": [
                    {
                        "trip_point_id": 107658309,
                        "location_id": 2726,
                        "location_name": "Bogura Station",
                        "location_time": "03:05 PM",
                        "location_date": "07 Mar 2025"
                    }
                ],
                "is_international": 0,
                "is_from_city_international": false
            }
        ],
        "recommendations": [],
        "selected_seat_class": "S_CHAIR"
    },
    "extra": {
        "hash": "FE8AB15B345270CFF53BFA245BE670BC"
    }
}