{
    "data": {
        "trains": [
            {
                "trip_number": "DOLONCHAPA EXPRESS (768)",
                "departure_date_time": "07 Mar, 01:39 pm",
                "departure_full_date": "2025-03-07",
                "departure_date_time_jd": "Fri, 07 Mar 2025, 01:39 PM",
                "arrival_date_time": "07 Mar, 02:40 pm",
                "travel_time": "01h 01m",
                "origin_city_name": "bonar_para",
                "destination_city_name": "bogura",
                "seat_types": [
                    {
                        "key": 7,
                        "type": "S_CHAIR",
                        "trip_id": 8404603,
                        "trip_route_id": 52409411,
                        "route_id": 23688,
                        "fare": "55.00",
                        "vat_percent": 0,
                        "vat_amount": 0,
                        "origin_city_seq": 19,
                        "destination_city_seq": 22,
                        "seat_counts": {
                            "online": 5,
                            "offline": 5,
                            "is_divided": true
                        }
                    },
                    {
                        "key": 8,
                        "type": "SHOVAN",
                        "trip_id": 8404738,
                        "trip_route_id": 52419709,
                        "route_id": 23688,
                        "fare": "45.00",
                        "vat_percent": 0,
                        "vat_amount": 0,
                        "origin_city_seq": 19,
                        "destination_city_seq": 22,
                        "seat_counts": {
                            "online": 9,
                            "offline": 9,
                            "is_divided": true
                        }
                    }
                ],
                "train_model": "768",
                "is_open_for_all": true,
                "is_eid_trip": 0,
                "parent_route": {
                    "origin_city_name": "panchagarh",
                    "destination_city_name": "santahar",
                    "departure_date": "2025-03-07",
                    "departure_time": "06:00:00",
                    "arrival_date": "2025-03-07",
                    "arrival_time": "16:10:00"
                },
                "boarding_points": [
                    {
                        "trip_point_id": 107651162,
                        "location_id": 2711,
                        "location_name": "Bonar_Para Station",
                        "location_time": "01:39 PM",
                        "location_date": "07 Mar 2025"
                    }
                ],
                "is_international": 0,
                "is_from_city_international": false
            },
            {
                "trip_number": "KOROTOA EXPRESS (714)",
                "departure_date_time": "07 Mar, 08:50 pm",
                "departure_full_date": "2025-03-07",
                "departure_date_time_jd": "Fri, 07 Mar 2025, 08:50 PM",
                "arrival_date_time": "07 Mar, 09:45 pm",
                "travel_time": "00h 55m",
                "origin_city_name": "bonar_para",
                "destination_city_name": "bogura",
                "seat_types": [
                    {
                        "key": 7,
                        "type": "S_CHAIR",
                        "trip_id": 8404689,
                        "trip_route_id": 52416601,
                        "route_id": 21276,
                        "fare": "55.00",
                        "vat_percent": 0,
                        "vat_amount": 0,
                        "origin_city_seq": 14,
                        "destination_city_seq": 17,
                        "seat_counts": {
                            "online": 25,
                            "offline": 25,
                            "is_divided": true
                        }
                    }
                ],
                "train_model": "714",
                "is_open_for_all": true,
                "is_eid_trip": 0,
                "parent_route": {
                    "origin_city_name": "burimari",
                    "destination_city_name": "santahar",
                    "departure_date": "2025-03-07",
                    "departure_time": "16:10:00",
                    "arrival_date": "2025-03-07",
                    "arrival_time": "22:40:00"
                },
                "boarding_points": [
                    {
                        "trip_point_id": 107654096,
                        "location_id": 2711,
                        "location_name": "Bonar_Para Station",
                        "location_time": "08:50 PM",
                        "location_date": "07 Mar 2025"
                    }
                ],
                "is_international": 0,
                "is_from_city_international": false
            }
        ],
        "recommendations": [],
        "selected_seat_class": "S_CHAIR"
    },
    "extra": {
        "hash": "FE8AB15B345270CFF53BFA245BE670BC"
    }
}