{
    "data": {
        "trains": [
            {
                "trip_number": "RANGPUR EXPRESS (772)",
                "departure_date_time": "07 Mar, 10:30 pm",
                "departure_full_date": "2025-03-07",
                "departure_date_time_jd": "Fri, 07 Mar 2025, 10:30 PM",
                "arrival_date_time": "08 Mar, 06:05 am",
                "travel_time": "07h 35m",
                "origin_city_name": "bonar_para",
                "destination_city_name": "dhaka",
                "seat_types": [
                    {
                        "key": 3,
                        "type": "SNIGDHA",
                        "trip_id": 8404327,
                        "trip_route_id": 52394310,
                        "route_id": 19492,
                        "fare": "875.00",
                        "vat_percent": 15,
                        "vat_amount": 132,
                        "origin_city_seq": 7,
                        "destination_city_seq": 14,
                        "seat_counts": {
                            "online": 5,
                            "offline": 5,
                            "is_divided": true
                        }
                    },
                    {
                        "key": 7,
                        "type": "S_CHAIR",
                        "trip_id": 8404330,
                        "trip_route_id": 52394392,
                        "route_id": 19492,
                        "fare": "525.00",
                        "vat_percent": 0,
                        "vat_amount": 0,
                        "origin_city_seq": 7,
                        "destination_city_seq": 14,
                        "seat_counts": {
                            "online": 19,
                            "offline": 19,
                            "is_divided": true
                        }
                    },
                    {
                        "key": 1,
                        "type": "AC_B",
                        "trip_id": 8404715,
                        "trip_route_id": 52418585,
                        "route_id": 19492,
                        "fare": "1575.00",
                        "vat_percent": 15,
                        "vat_amount": 237,
                        "origin_city_seq": 7,
                        "destination_city_seq": 14,
                        "seat_counts": {
                            "online": 1,
                            "offline": 1,
                            "is_divided": true
                        }
                    }
                ],
                "train_model": "772",
                "is_open_for_all": true,
                "is_eid_trip": 0,
                "parent_route": {
                    "origin_city_name": "rangpur",
                    "destination_city_name": "dhaka",
                    "departure_date": "2025-03-07",
                    "departure_time": "20:10:00",
                    "arrival_date": "2025-03-08",
                    "arrival_time": "06:05:00"
                },
                "boarding_points": [
                    {
                        "trip_point_id": 107643424,
                        "location_id": 2711,
                        "location_name": "Bonar_Para Station",
                        "location_time": "10:30 PM",
                        "location_date": "07 Mar 2025"
                    }
                ],
                "is_international": 0,
                "is_from_city_international": false
            },
            {
                "trip_number": "BURIMARI EXPRESS (810)",
                "departure_date_time": "07 Mar, 11:14 pm",
                "departure_full_date": "2025-03-07",
                "departure_date_time_jd": "Fri, 07 Mar 2025, 11:14 PM",
                "arrival_date_time": "08 Mar, 07:00 am",
                "travel_time": "07h 46m",
                "origin_city_name": "bonar_para",
                "destination_city_name": "dhaka",
                "seat_types": [
                    {
                        "key": 7,
                        "type": "S_CHAIR",
                        "trip_id": 8404941,
                        "trip_route_id": 52424459,
                        "route_id": 26212,
                        "fare": "525.00",
                        "vat_percent": 0,
                        "vat_amount": 0,
                        "origin_city_seq": 9,
                        "destination_city_seq": 13,
                        "seat_counts": {
                            "online": 15,
                            "offline": 15,
                            "is_divided": true
                        }
                    },
                    {
                        "key": 3,
                        "type": "SNIGDHA",
                        "trip_id": 8404944,
                        "trip_route_id": 52424519,
                        "route_id": 26212,
                        "fare": "875.00",
                        "vat_percent": 15,
                        "vat_amount": 132,
                        "origin_city_seq": 9,
                        "destination_city_seq": 13,
                        "seat_counts": {
                            "online": 5,
                            "offline": 5,
                            "is_divided": true
                        }
                    }
                ],
                "train_model": "810",
                "is_open_for_all": true,
                "is_eid_trip": 0,
                "parent_route": {
                    "origin_city_name": "lalmonirhat",
                    "destination_city_name": "dhaka",
                    "departure_date": "2025-03-07",
                    "departure_time": "21:10:00",
                    "arrival_date": "2025-03-08",
                    "arrival_time": "07:00:00"
                },
                "boarding_points": [
                    {
                        "trip_point_id": 107658422,
                        "location_id": 2711,
                        "location_name": "Bonar_Para Station",
                        "location_time": "11:14 PM",
                        "location_date": "07 Mar 2025"
                    }
                ],
                "is_international": 0,
                "is_from_city_international": false
            }
        ],
        "recommendations": [],
        "selected_seat_class": "S_CHAIR"
    },
    "extra": {
        "hash": "FE8AB15B345270CFF53BFA245BE670BC"
    }
}