{
    "data": {
        "trains": [
            {
                "trip_number": "LALMONI EXPRESS (751)",
                "departure_date_time": "07 Mar, 05:25 am",
                "departure_full_date": "2025-03-07",
                "departure_date_time_jd": "Fri, 07 Mar 2025, 05:25 AM",
                "arrival_date_time": "07 Mar, 07:00 am",
                "travel_time": "01h 35m",
                "origin_city_name": "bonar_para",
                "destination_city_name": "kaunia",
                "seat_types": [
                    {
                        "key": 7,
                        "type": "S_CHAIR",
                        "trip_id": 8404153,
                        "trip_route_id": 52386494,
                        "route_id": 24058,
                        "fare": "110.00",
                        "vat_percent": 0,
                        "vat_amount": 0,
                        "origin_city_seq": 14,
                        "destination_city_seq": 18,
                        "seat_counts": {
                            "online": 3,
                            "offline": 2,
                            "is_divided": true
                        }
                    }
                ],
                "train_model": "751",
                "is_open_for_all": true,
                "is_eid_trip": 0,
                "parent_route": {
                    "origin_city_name": "dhaka",
                    "destination_city_name": "lalmonirhat",
                    "departure_date": "2025-03-06",
                    "departure_time": "21:45:00",
                    "arrival_date": "2025-03-07",
                    "arrival_time": "07:30:00"
                },
                "boarding_points": [
                    {
                        "trip_point_id": 107639029,
                        "location_id": 2711,
                        "location_name": "Bonar_Para Station",
                        "location_time": "05:25 AM",
                        "location_date": "07 Mar 2025"
                    }
                ],
                "is_international": 0,
                "is_from_city_international": false
            },
            {
                "trip_number": "KOROTOA EXPRESS (713)",
                "departure_date_time": "07 Mar, 11:06 am",
                "departure_full_date": "2025-03-07",
                "departure_date_time_jd": "Fri, 07 Mar 2025, 11:06 AM",
                "arrival_date_time": "07 Mar, 12:50 pm",
                "travel_time": "01h 44m",
                "origin_city_name": "bonar_para",
                "destination_city_name": "kaunia",
                "seat_types": [
                    {
                        "key": 7,
                        "type": "S_CHAIR",
                        "trip_id": 8404681,
                        "trip_route_id": 52415836,
                        "route_id": 21150,
                        "fare": "110.00",
                        "vat_percent": 0,
                        "vat_amount": 0,
                        "origin_city_seq": 5,
                        "destination_city_seq": 9,
                        "seat_counts": {
                            "online": 5,
                            "offline": 5,
                            "is_divided": true
                        }
                    }
                ],
                "train_model": "713",
                "is_open_for_all": true,
                "is_eid_trip": 0,
                "parent_route": {
                    "origin_city_name": "santahar",
                    "destination_city_name": "burimari",
                    "departure_date": "2025-03-07",
                    "departure_time": "09:15:00",
                    "arrival_date": "2025-03-07",
                    "arrival_time": "15:45:00"
                },
                "boarding_points": [
                    {
                        "trip_point_id": 107653840,
                        "location_id": 2711,
                        "location_name": "Bonar_Para Station",
                        "location_time": "11:06 AM",
                        "location_date": "07 Mar 2025"
                    }
                ],
                "is_international": 0,
                "is_from_city_international": false
            },
            {
                "trip_number": "DOLONCHAPA EXPRESS (767)",
                "departure_date_time": "07 Mar, 01:09 pm",
                "departure_full_date": "2025-03-07",
                "departure_date_time_jd": "Fri, 07 Mar 2025, 01:09 PM",
                "arrival_date_time": "07 Mar, 02:55 pm",
                "travel_time": "01h 46m",
                "origin_city_name": "bonar_para",
                "destination_city_name": "kaunia",
                "seat_types": [
                    {
                        "key": 8,
                        "type": "SHOVAN",
                        "trip_id": 8404734,
                        "trip_route_id": 52419343,
                        "route_id": 23547,
                        "fare": "90.00",
                        "vat_percent": 0,
                        "vat_amount": 0,
                        "origin_city_seq": 6,
                        "destination_city_seq": 11,
                        "seat_counts": {
                            "online": 3,
                            "offline": 2,
                            "is_divided": true
                        }
                    }
                ],
                "train_model": "767",
                "is_open_for_all": true,
                "is_eid_trip": 0,
                "parent_route": {
                    "origin_city_name": "santahar",
                    "destination_city_name": "panchagarh",
                    "departure_date": "2025-03-07",
                    "departure_time": "11:00:00",
                    "arrival_date": "2025-03-07",
                    "arrival_time": "20:20:00"
                },
                "boarding_points": [
                    {
                        "trip_point_id": 107655350,
                        "location_id": 2711,
                        "location_name": "Bonar_Para Station",
                        "location_time": "01:09 PM",
                        "location_date": "07 Mar 2025"
                    }
                ],
                "is_international": 0,
                "is_from_city_international": false
            },
            {
                "trip_number": "BURIMARI EXPRESS (809)",
                "departure_date_time": "07 Mar, 04:00 pm",
                "departure_full_date": "2025-03-07",
                "departure_date_time_jd": "Fri, 07 Mar 2025, 04:00 PM",
                "arrival_date_time": "07 Mar, 05:36 pm",
                "travel_time": "01h 36m",
                "origin_city_name": "bonar_para",
                "destination_city_name": "kaunia",
                "seat_types": [
                    {
                        "key": 3,
                        "type": "SNIGDHA",
                        "trip_id": 8404933,
                        "trip_route_id": 52424085,
                        "route_id": 26186,
                        "fare": "180.00",
                        "vat_percent": 15,
                        "vat_amount": 27,
                        "origin_city_seq": 7,
                        "destination_city_seq": 9,
                        "seat_counts": {
                            "online": 3,
                            "offline": 2,
                            "is_divided": true
                        }
                    },
                    {
                        "key": 7,
                        "type": "S_CHAIR",
                        "trip_id": 8404937,
                        "trip_route_id": 52424234,
                        "route_id": 26186,
                        "fare": "110.00",
                        "vat_percent": 0,
                        "vat_amount": 0,
                        "origin_city_seq": 7,
                        "destination_city_seq": 9,
                        "seat_counts": {
                            "online": 8,
                            "offline": 7,
                            "is_divided": true
                        }
                    }
                ],
                "train_model": "809",
                "is_open_for_all": true,
                "is_eid_trip": 0,
                "parent_route": {
                    "origin_city_name": "dhaka",
                    "destination_city_name": "lalmonirhat",
                    "departure_date": "2025-03-07",
                    "departure_time": "08:30:00",
                    "arrival_date": "2025-03-07",
                    "arrival_time": "18:10:00"
                },
                "boarding_points": [
                    {
                        "trip_point_id": 107658244,
                        "location_id": 2711,
                        "location_name": "Bonar_Para Station",
                        "location_time": "04:00 PM",
                        "location_date": "07 Mar 2025"
                    }
                ],
                "is_international": 0,
                "is_from_city_international": false
            }
        ],
        "recommendations": [],
        "selected_seat_class": "S_CHAIR"
    },
    "extra": {
        "hash": "FE8AB15B345270CFF53BFA245BE670BC"
    }
}