{
    "data": {
        "trains": [
            {
                "trip_number": "KOROTOA EXPRESS (713)",
                "departure_date_time": "07 Mar, 11:06 am",
                "departure_full_date": "2025-03-07",
                "departure_date_time_jd": "Fri, 07 Mar 2025, 11:06 AM",
                "arrival_date_time": "07 Mar, 03:45 pm",
                "travel_time": "04h 39m",
                "origin_city_name": "bonar_para",
                "destination_city_name": "burimari",
                "seat_types": [
                    {
                        "key": 7,
                        "type": "S_CHAIR",
                        "trip_id": 8404681,
                        "trip_route_id": 52415834,
                        "route_id": 21152,
                        "fare": "205.00",
                        "vat_percent": 0,
                        "vat_amount": 0,
                        "origin_city_seq": 5,
                        "destination_city_seq": 18,
                        "seat_counts": {
                            "online": 4,
                            "offline": 3,
                            "is_divided": true
                        }
                    }
                ],
                "train_model": "713",
                "is_open_for_all": true,
                "is_eid_trip": 0,
                "parent_route": {
                    "origin_city_name": "santahar",
                    "destination_city_name": "burimari",
                    "departure_date": "2025-03-07",
                    "departure_time": "09:15:00",
                    "arrival_date": "2025-03-07",
                    "arrival_time": "15:45:00"
                },
                "boarding_points": [
                    {
                        "trip_point_id": 107653840,
                        "location_id": 2711,
                        "location_name": "Bonar_Para Station",
                        "location_time": "11:06 AM",
                        "location_date": "07 Mar 2025"
                    }
                ],
                "is_international": 0,
                "is_from_city_international": false
            },
            {
                "trip_number": "BURIMARI EXPRESS (809)",
                "departure_date_time": "07 Mar, 04:00 pm",
                "departure_full_date": "2025-03-07",
                "departure_date_time_jd": "Fri, 07 Mar 2025, 04:00 PM",
                "arrival_date_time": "07 Mar, 09:40 pm",
                "travel_time": "05h 40m",
                "origin_city_name": "bonar_para",
                "destination_city_name": "burimari",
                "seat_types": [
                    {
                        "key": 7,
                        "type": "S_CHAIR",
                        "trip_id": 8404937,
                        "trip_route_id": 52424232,
                        "route_id": 26445,
                        "fare": "205.00",
                        "vat_percent": 0,
                        "vat_amount": 0,
                        "origin_city_seq": 7,
                        "destination_city_seq": 15,
                        "seat_counts": {
                            "online": 3,
                            "offline": 2,
                            "is_divided": true
                        }
                    }
                ],
                "train_model": "809",
                "is_open_for_all": true,
                "is_eid_trip": 0,
                "parent_route": {
                    "origin_city_name": "dhaka",
                    "destination_city_name": "burimari",
                    "departure_date": "2025-03-07",
                    "departure_time": "08:30:00",
                    "arrival_date": "2025-03-07",
                    "arrival_time": "21:40:00"
                },
                "boarding_points": [
                    {
                        "trip_point_id": 107658315,
                        "location_id": 2711,
                        "location_name": "Bonar_Para Station",
                        "location_time": "04:00 PM",
                        "location_date": "07 Mar 2025"
                    }
                ],
                "is_international": 0,
                "is_from_city_international": false
            }
        ],
        "recommendations": [],
        "selected_seat_class": "S_CHAIR"
    },
    "extra": {
        "hash": "FE8AB15B345270CFF53BFA245BE670BC"
    }
}