{
    "data": {
        "trains": [
            {
                "trip_number": "KOROTOA EXPRESS (713)",
                "departure_date_time": "07 Mar, 11:06 am",
                "departure_full_date": "2025-03-07",
                "departure_date_time_jd": "Fri, 07 Mar 2025, 11:06 AM",
                "arrival_date_time": "07 Mar, 12:30 pm",
                "travel_time": "01h 24m",
                "origin_city_name": "bonar_para",
                "destination_city_name": "pirgacha",
                "seat_types": [
                    {
                        "key": 7,
                        "type": "S_CHAIR",
                        "trip_id": 8404681,
                        "trip_route_id": 52415838,
                        "route_id": 21149,
                        "fare": "75.00",
                        "vat_percent": 0,
                        "vat_amount": 0,
                        "origin_city_seq": 5,
                        "destination_city_seq": 8,
                        "seat_counts": {
                            "online": 5,
                            "offline": 5,
                            "is_divided": true
                        }
                    }
                ],
                "train_model": "713",
                "is_open_for_all": true,
                "is_eid_trip": 0,
                "parent_route": {
                    "origin_city_name": "santahar",
                    "destination_city_name": "burimari",
                    "departure_date": "2025-03-07",
                    "departure_time": "09:15:00",
                    "arrival_date": "2025-03-07",
                    "arrival_time": "15:45:00"
                },
                "boarding_points": [
                    {
                        "trip_point_id": 107653840,
                        "location_id": 2711,
                        "location_name": "Bonar_Para Station",
                        "location_time": "11:06 AM",
                        "location_date": "07 Mar 2025"
                    }
                ],
                "is_international": 0,
                "is_from_city_international": false
            },
            {
                "trip_number": "RANGPUR EXPRESS (771)",
                "departure_date_time": "07 Mar, 04:50 pm",
                "departure_full_date": "2025-03-07",
                "departure_date_time_jd": "Fri, 07 Mar 2025, 04:50 PM",
                "arrival_date_time": "07 Mar, 06:11 pm",
                "travel_time": "01h 21m",
                "origin_city_name": "bonar_para",
                "destination_city_name": "pirgacha",
                "seat_types": [
                    {
                        "key": 7,
                        "type": "S_CHAIR",
                        "trip_id": 8404324,
                        "trip_route_id": 52394174,
                        "route_id": 26579,
                        "fare": "75.00",
                        "vat_percent": 0,
                        "vat_amount": 0,
                        "origin_city_seq": 10,
                        "destination_city_seq": 13,
                        "seat_counts": {
                            "online": 5,
                            "offline": 5,
                            "is_divided": true
                        }
                    }
                ],
                "train_model": "771",
                "is_open_for_all": true,
                "is_eid_trip": 0,
                "parent_route": {
                    "origin_city_name": "dhaka",
                    "destination_city_name": "rangpur",
                    "departure_date": "2025-03-07",
                    "departure_time": "09:10:00",
                    "arrival_date": "2025-03-07",
                    "arrival_time": "19:10:00"
                },
                "boarding_points": [
                    {
                        "trip_point_id": 107643335,
                        "location_id": 2711,
                        "location_name": "Bonar_Para Station",
                        "location_time": "04:50 PM",
                        "location_date": "07 Mar 2025"
                    }
                ],
                "is_international": 0,
                "is_from_city_international": false
            }
        ],
        "recommendations": [],
        "selected_seat_class": "S_CHAIR"
    },
    "extra": {
        "hash": "FE8AB15B345270CFF53BFA245BE670BC"
    }
}