{
    "data": {
        "trains": [
            {
                "trip_number": "PADMA EXPRESS (759)",
                "departure_date_time": "07 Mar, 02:17 am",
                "departure_full_date": "2025-03-07",
                "departure_date_time_jd": "Fri, 07 Mar 2025, 02:17 AM",
                "arrival_date_time": "07 Mar, 02:37 am",
                "travel_time": "00h 20m",
                "origin_city_name": "boral_bridge",
                "destination_city_name": "chatmohar",
                "seat_types": [
                    {
                        "key": 1,
                        "type": "AC_B",
                        "trip_id": 8404135,
                        "trip_route_id": 52385777,
                        "route_id": 23357,
                        "fare": "130.00",
                        "vat_percent": 15,
                        "vat_amount": 20,
                        "origin_city_seq": 10,
                        "destination_city_seq": 11,
                        "seat_counts": {
                            "online": 0,
                            "offline": 0,
                            "is_divided": true
                        }
                    },
                    {
                        "key": 3,
                        "type": "SNIGDHA",
                        "trip_id": 8404136,
                        "trip_route_id": 52385824,
                        "route_id": 23357,
                        "fare": "100.00",
                        "vat_percent": 15,
                        "vat_amount": 15,
                        "origin_city_seq": 10,
                        "destination_city_seq": 11,
                        "seat_counts": {
                            "online": 0,
                            "offline": 0,
                            "is_divided": true
                        }
                    },
                    {
                        "key": 7,
                        "type": "S_CHAIR",
                        "trip_id": 8404137,
                        "trip_route_id": 52385871,
                        "route_id": 23357,
                        "fare": "50.00",
                        "vat_percent": 0,
                        "vat_amount": 0,
                        "origin_city_seq": 10,
                        "destination_city_seq": 11,
                        "seat_counts": {
                            "online": 0,
                            "offline": 0,
                            "is_divided": true
                        }
                    }
                ],
                "train_model": "759",
                "is_open_for_all": true,
                "is_eid_trip": 0,
                "parent_route": {
                    "origin_city_name": "dhaka",
                    "destination_city_name": "rajshahi",
                    "departure_date": "2025-03-06",
                    "departure_time": "22:45:00",
                    "arrival_date": "2025-03-07",
                    "arrival_time": "04:25:00"
                },
                "boarding_points": [
                    {
                        "trip_point_id": 107638605,
                        "location_id": 2706,
                        "location_name": "Boral_Bridge Station",
                        "location_time": "02:17 AM",
                        "location_date": "07 Mar 2025"
                    }
                ],
                "is_international": 0,
                "is_from_city_international": false
            },
            {
                "trip_number": "DHUMKETU EXPRESS (769)",
                "departure_date_time": "07 Mar, 09:48 am",
                "departure_full_date": "2025-03-07",
                "departure_date_time_jd": "Fri, 07 Mar 2025, 09:48 AM",
                "arrival_date_time": "07 Mar, 10:01 am",
                "travel_time": "00h 13m",
                "origin_city_name": "boral_bridge",
                "destination_city_name": "chatmohar",
                "seat_types": [
                    {
                        "key": 7,
                        "type": "S_CHAIR",
                        "trip_id": 8404333,
                        "trip_route_id": 52394500,
                        "route_id": 23357,
                        "fare": "50.00",
                        "vat_percent": 0,
                        "vat_amount": 0,
                        "origin_city_seq": 10,
                        "destination_city_seq": 11,
                        "seat_counts": {
                            "online": 0,
                            "offline": 0,
                            "is_divided": true
                        }
                    },
                    {
                        "key": 3,
                        "type": "SNIGDHA",
                        "trip_id": 8404337,
                        "trip_route_id": 52394695,
                        "route_id": 23357,
                        "fare": "100.00",
                        "vat_percent": 15,
                        "vat_amount": 15,
                        "origin_city_seq": 10,
                        "destination_city_seq": 11,
                        "seat_counts": {
                            "online": 0,
                            "offline": 0,
                            "is_divided": true
                        }
                    },
                    {
                        "key": 2,
                        "type": "AC_S",
                        "trip_id": 8404341,
                        "trip_route_id": 52394896,
                        "route_id": 23357,
                        "fare": "110.00",
                        "vat_percent": 15,
                        "vat_amount": 17,
                        "origin_city_seq": 10,
                        "destination_city_seq": 11,
                        "seat_counts": {
                            "online": 0,
                            "offline": 0,
                            "is_divided": true
                        }
                    }
                ],
                "train_model": "769",
                "is_open_for_all": true,
                "is_eid_trip": 0,
                "parent_route": {
                    "origin_city_name": "dhaka",
                    "destination_city_name": "rajshahi",
                    "departure_date": "2025-03-07",
                    "departure_time": "06:00:00",
                    "arrival_date": "2025-03-07",
                    "arrival_time": "11:40:00"
                },
                "boarding_points": [
                    {
                        "trip_point_id": 107643580,
                        "location_id": 2706,
                        "location_name": "Boral_Bridge Station",
                        "location_time": "09:48 AM",
                        "location_date": "07 Mar 2025"
                    }
                ],
                "is_international": 0,
                "is_from_city_international": false
            },
            {
                "trip_number": "SILKCITY EXPRESS (753)",
                "departure_date_time": "07 Mar, 06:27 pm",
                "departure_full_date": "2025-03-07",
                "departure_date_time_jd": "Fri, 07 Mar 2025, 06:27 PM",
                "arrival_date_time": "07 Mar, 06:47 pm",
                "travel_time": "00h 20m",
                "origin_city_name": "boral_bridge",
                "destination_city_name": "chatmohar",
                "seat_types": [
                    {
                        "key": 7,
                        "type": "S_CHAIR",
                        "trip_id": 8404383,
                        "trip_route_id": 52396513,
                        "route_id": 23357,
                        "fare": "50.00",
                        "vat_percent": 0,
                        "vat_amount": 0,
                        "origin_city_seq": 10,
                        "destination_city_seq": 11,
                        "seat_counts": {
                            "online": 5,
                            "offline": 5,
                            "is_divided": true
                        }
                    }
                ],
                "train_model": "753",
                "is_open_for_all": true,
                "is_eid_trip": 0,
                "parent_route": {
                    "origin_city_name": "dhaka",
                    "destination_city_name": "rajshahi",
                    "departure_date": "2025-03-07",
                    "departure_time": "14:40:00",
                    "arrival_date": "2025-03-07",
                    "arrival_time": "20:30:00"
                },
                "boarding_points": [
                    {
                        "trip_point_id": 107644697,
                        "location_id": 2706,
                        "location_name": "Boral_Bridge Station",
                        "location_time": "06:27 PM",
                        "location_date": "07 Mar 2025"
                    }
                ],
                "is_international": 0,
                "is_from_city_international": false
            }
        ],
        "recommendations": [],
        "selected_seat_class": "S_CHAIR"
    },
    "extra": {
        "hash": "FE8AB15B345270CFF53BFA245BE670BC"
    }
}