{
    "data": {
        "trains": [
            {
                "trip_number": "MAHANAGAR PROVATI (704)",
                "departure_date_time": "07 Mar, 09:43 am",
                "departure_full_date": "2025-03-07",
                "departure_date_time_jd": "Fri, 07 Mar 2025, 09:43 AM",
                "arrival_date_time": "07 Mar, 12:00 pm",
                "travel_time": "02h 17m",
                "origin_city_name": "brahmanbaria",
                "destination_city_name": "feni",
                "seat_types": [
                    {
                        "key": 7,
                        "type": "S_CHAIR",
                        "trip_id": 8402913,
                        "trip_route_id": 52353874,
                        "route_id": 22055,
                        "fare": "155.00",
                        "vat_percent": 0,
                        "vat_amount": 0,
                        "origin_city_seq": 4,
                        "destination_city_seq": 9,
                        "seat_counts": {
                            "online": 1,
                            "offline": 1,
                            "is_divided": true
                        }
                    },
                    {
                        "key": 5,
                        "type": "F_SEAT",
                        "trip_id": 8402919,
                        "trip_route_id": 52354024,
                        "route_id": 22055,
                        "fare": "205.00",
                        "vat_percent": 15,
                        "vat_amount": 31,
                        "origin_city_seq": 4,
                        "destination_city_seq": 9,
                        "seat_counts": {
                            "online": 0,
                            "offline": 0,
                            "is_divided": true
                        }
                    },
                    {
                        "key": 2,
                        "type": "AC_S",
                        "trip_id": 8402925,
                        "trip_route_id": 52354174,
                        "route_id": 22055,
                        "fare": "305.00",
                        "vat_percent": 15,
                        "vat_amount": 46,
                        "origin_city_seq": 4,
                        "destination_city_seq": 9,
                        "seat_counts": {
                            "online": 0,
                            "offline": 0,
                            "is_divided": true
                        }
                    },
                    {
                        "key": 3,
                        "type": "SNIGDHA",
                        "trip_id": 8402931,
                        "trip_route_id": 52354324,
                        "route_id": 22055,
                        "fare": "255.00",
                        "vat_percent": 15,
                        "vat_amount": 39,
                        "origin_city_seq": 4,
                        "destination_city_seq": 9,
                        "seat_counts": {
                            "online": 0,
                            "offline": 0,
                            "is_divided": true
                        }
                    }
                ],
                "train_model": "704",
                "is_open_for_all": true,
                "is_eid_trip": 0,
                "parent_route": {
                    "origin_city_name": "dhaka",
                    "destination_city_name": "chattogram",
                    "departure_date": "2025-03-07",
                    "departure_time": "07:45:00",
                    "arrival_date": "2025-03-07",
                    "arrival_time": "13:35:00"
                },
                "boarding_points": [
                    {
                        "trip_point_id": 107617526,
                        "location_id": 2826,
                        "location_name": "Brahmanbaria Station",
                        "location_time": "09:43 AM",
                        "location_date": "07 Mar 2025"
                    }
                ],
                "is_international": 0,
                "is_from_city_international": false
            }
        ],
        "recommendations": [],
        "selected_seat_class": "S_CHAIR"
    },
    "extra": {
        "hash": "FE8AB15B345270CFF53BFA245BE670BC"
    }
}