{
    "data": {
        "trains": [
            {
                "trip_number": "MOHANAGAR EXPRESS (721)",
                "departure_date_time": "07 Mar, 04:30 pm",
                "departure_full_date": "2025-03-07",
                "departure_date_time_jd": "Fri, 07 Mar 2025, 04:30 PM",
                "arrival_date_time": "07 Mar, 05:28 pm",
                "travel_time": "00h 58m",
                "origin_city_name": "brahmanbaria",
                "destination_city_name": "narsingdi",
                "seat_types": [
                    {
                        "key": 7,
                        "type": "S_CHAIR",
                        "trip_id": 8403121,
                        "trip_route_id": 52361413,
                        "route_id": 22505,
                        "fare": "85.00",
                        "vat_percent": 0,
                        "vat_amount": 0,
                        "origin_city_seq": 9,
                        "destination_city_seq": 12,
                        "seat_counts": {
                            "online": 1,
                            "offline": 1,
                            "is_divided": true
                        }
                    },
                    {
                        "key": 2,
                        "type": "AC_S",
                        "trip_id": 8403126,
                        "trip_route_id": 52361615,
                        "route_id": 22505,
                        "fare": "165.00",
                        "vat_percent": 15,
                        "vat_amount": 25,
                        "origin_city_seq": 9,
                        "destination_city_seq": 12,
                        "seat_counts": {
                            "online": 0,
                            "offline": 0,
                            "is_divided": true
                        }
                    },
                    {
                        "key": 3,
                        "type": "SNIGDHA",
                        "trip_id": 8403131,
                        "trip_route_id": 52361818,
                        "route_id": 22505,
                        "fare": "140.00",
                        "vat_percent": 15,
                        "vat_amount": 21,
                        "origin_city_seq": 9,
                        "destination_city_seq": 12,
                        "seat_counts": {
                            "online": 0,
                            "offline": 0,
                            "is_divided": true
                        }
                    }
                ],
                "train_model": "721",
                "is_open_for_all": true,
                "is_eid_trip": 0,
                "parent_route": {
                    "origin_city_name": "chattogram",
                    "destination_city_name": "dhaka",
                    "departure_date": "2025-03-07",
                    "departure_time": "12:30:00",
                    "arrival_date": "2025-03-07",
                    "arrival_time": "18:40:00"
                },
                "boarding_points": [
                    {
                        "trip_point_id": 107622174,
                        "location_id": 2826,
                        "location_name": "Brahmanbaria Station",
                        "location_time": "04:30 PM",
                        "location_date": "07 Mar 2025"
                    }
                ],
                "is_international": 0,
                "is_from_city_international": false
            }
        ],
        "recommendations": [],
        "selected_seat_class": "S_CHAIR"
    },
    "extra": {
        "hash": "FE8AB15B345270CFF53BFA245BE670BC"
    }
}