{
    "data": {
        "trains": [
            {
                "trip_number": "PAHARIKA EXPRESS (719)",
                "departure_date_time": "07 Mar, 07:50 am",
                "departure_full_date": "2025-03-07",
                "departure_date_time_jd": "Fri, 07 Mar 2025, 07:50 AM",
                "arrival_date_time": "07 Mar, 01:55 pm",
                "travel_time": "06h 05m",
                "origin_city_name": "chattogram",
                "destination_city_name": "bhanugach",
                "seat_types": [
                    {
                        "key": 7,
                        "type": "S_CHAIR",
                        "trip_id": 8403088,
                        "trip_route_id": 52360123,
                        "route_id": 22391,
                        "fare": "360.00",
                        "vat_percent": 0,
                        "vat_amount": 0,
                        "origin_city_seq": 1,
                        "destination_city_seq": 12,
                        "seat_counts": {
                            "online": 5,
                            "offline": 4,
                            "is_divided": true
                        }
                    }
                ],
                "train_model": "719",
                "is_open_for_all": true,
                "is_eid_trip": 0,
                "parent_route": {
                    "origin_city_name": "chattogram",
                    "destination_city_name": "sylhet",
                    "departure_date": "2025-03-07",
                    "departure_time": "07:50:00",
                    "arrival_date": "2025-03-07",
                    "arrival_time": "16:30:00"
                },
                "boarding_points": [
                    {
                        "trip_point_id": 107621322,
                        "location_id": 2820,
                        "location_name": "Chattogram Station",
                        "location_time": "07:50 AM",
                        "location_date": "07 Mar 2025"
                    }
                ],
                "is_international": 0,
                "is_from_city_international": false
            }
        ],
        "recommendations": [],
        "selected_seat_class": "S_CHAIR"
    },
    "extra": {
        "hash": "FE8AB15B345270CFF53BFA245BE670BC"
    }
}